date,store_id,product_id,split,actual_stockout_7d,stockout_probability,predicted_class,risk_tier
2026-08-11,S01,P102,test,0.0,0.2044,0,LOW
2026-08-12,S01,P102,test,0.0,0.2112,0,LOW
2026-08-13,S01,P102,test,0.0,0.2149,0,LOW
2026-08-14,S01,P102,test,0.0,0.2252,0,LOW
2026-08-15,S01,P102,test,0.0,0.2467,0,LOW
2026-08-16,S01,P102,test,0.0,0.2447,0,LOW
2026-08-17,S01,P102,test,0.0,0.2514,0,LOW
2026-08-18,S01,P102,test,0.0,0.2548,0,LOW
2026-08-19,S01,P102,test,0.0,0.2415,0,LOW
2026-08-20,S01,P102,test,0.0,0.2742,0,LOW
2026-08-21,S01,P102,test,0.0,0.2637,0,LOW
2026-08-22,S01,P102,test,0.0,0.2336,0,LOW
2026-08-23,S01,P102,test,0.0,0.2594,0,LOW
2026-08-24,S01,P102,test,0.0,0.1637,0,LOW
2026-08-11,S01,P103,test,1.0,0.7842,1,HIGH
2026-08-12,S01,P103,test,1.0,0.8984,1,HIGH
2026-08-13,S01,P103,test,1.0,0.8457,1,HIGH
2026-08-14,S01,P103,test,1.0,0.797,1,HIGH
2026-08-15,S01,P103,test,1.0,0.8732,1,HIGH
2026-08-16,S01,P103,test,1.0,0.7083,1,HIGH
2026-08-17,S01,P103,test,1.0,0.6234,1,MEDIUM
2026-08-18,S01,P103,test,1.0,0.7106,1,HIGH
2026-08-19,S01,P103,test,1.0,0.6229,1,MEDIUM
2026-08-20,S01,P103,test,1.0,0.6658,1,MEDIUM
2026-08-21,S01,P103,test,1.0,0.7647,1,HIGH
2026-08-22,S01,P103,test,1.0,0.6964,1,MEDIUM
2026-08-23,S01,P103,test,1.0,0.6378,1,MEDIUM
2026-08-24,S01,P103,test,1.0,0.6965,1,MEDIUM
2026-08-11,S01,P104,test,0.0,0.1668,0,LOW
2026-08-12,S01,P104,test,0.0,0.1584,0,LOW
2026-08-13,S01,P104,test,0.0,0.1668,0,LOW
2026-08-14,S01,P104,test,0.0,0.1668,0,LOW
2026-08-15,S01,P104,test,0.0,0.236,0,LOW
2026-08-16,S01,P104,test,0.0,0.2512,0,LOW
2026-08-17,S01,P104,test,0.0,0.2825,0,LOW
2026-08-18,S01,P104,test,0.0,0.2593,0,LOW
2026-08-19,S01,P104,test,0.0,0.2847,0,LOW
2026-08-20,S01,P104,test,0.0,0.2593,0,LOW
2026-08-21,S01,P104,test,0.0,0.2525,0,LOW
2026-08-22,S01,P104,test,0.0,0.266,0,LOW
2026-08-23,S01,P104,test,0.0,0.2272,0,LOW
2026-08-24,S01,P104,test,0.0,0.2272,0,LOW
2026-08-11,S01,P105,test,0.0,0.2688,0,LOW
2026-08-12,S01,P105,test,0.0,0.1327,0,LOW
2026-08-13,S01,P105,test,0.0,0.1405,0,LOW
2026-08-14,S01,P105,test,0.0,0.1775,0,LOW
2026-08-15,S01,P105,test,1.0,0.3858,0,LOW
2026-08-16,S01,P105,test,1.0,0.5813,1,MEDIUM
2026-08-17,S01,P105,test,1.0,0.5826,1,MEDIUM
2026-08-18,S01,P105,test,1.0,0.6605,1,MEDIUM
2026-08-19,S01,P105,test,1.0,0.7018,1,HIGH
2026-08-20,S01,P105,test,1.0,0.6806,1,MEDIUM
2026-08-21,S01,P105,test,1.0,0.6437,1,MEDIUM
2026-08-22,S01,P105,test,0.0,0.5865,1,MEDIUM
2026-08-23,S01,P105,test,0.0,0.3876,0,LOW
2026-08-24,S01,P105,test,0.0,0.4045,0,MEDIUM
2026-08-11,S01,P205,test,0.0,0.3016,0,LOW
2026-08-12,S01,P205,test,0.0,0.1843,0,LOW
2026-08-13,S01,P205,test,0.0,0.2306,0,LOW
2026-08-14,S01,P205,test,0.0,0.3228,0,LOW
2026-08-15,S01,P205,test,0.0,0.3438,0,LOW
2026-08-16,S01,P205,test,0.0,0.3673,0,LOW
2026-08-17,S01,P205,test,0.0,0.3659,0,LOW
2026-08-18,S01,P205,test,0.0,0.2947,0,LOW
2026-08-19,S01,P205,test,0.0,0.3083,0,LOW
2026-08-20,S01,P205,test,0.0,0.2736,0,LOW
2026-08-21,S01,P205,test,0.0,0.2665,0,LOW
2026-08-22,S01,P205,test,1.0,0.3236,0,LOW
2026-08-23,S01,P205,test,1.0,0.3501,0,LOW
2026-08-24,S01,P205,test,1.0,0.3992,0,LOW
2026-08-11,S01,P206,test,0.0,0.2178,0,LOW
2026-08-12,S01,P206,test,0.0,0.3439,0,LOW
2026-08-13,S01,P206,test,0.0,0.301,0,LOW
2026-08-14,S01,P206,test,0.0,0.5451,1,MEDIUM
2026-08-15,S01,P206,test,1.0,0.623,1,MEDIUM
2026-08-16,S01,P206,test,1.0,0.6847,1,MEDIUM
2026-08-17,S01,P206,test,1.0,0.6433,1,MEDIUM
2026-08-18,S01,P206,test,1.0,0.6776,1,MEDIUM
2026-08-19,S01,P206,test,1.0,0.7972,1,HIGH
2026-08-20,S01,P206,test,1.0,0.6643,1,MEDIUM
2026-08-21,S01,P206,test,1.0,0.5882,1,MEDIUM
2026-08-22,S01,P206,test,0.0,0.3542,0,LOW
2026-08-23,S01,P206,test,0.0,0.2569,0,LOW
2026-08-24,S01,P206,test,0.0,0.3331,0,LOW
2026-08-11,S01,P207,test,0.0,0.3544,0,LOW
2026-08-12,S01,P207,test,0.0,0.2911,0,LOW
2026-08-13,S01,P207,test,0.0,0.2306,0,LOW
2026-08-14,S01,P207,test,0.0,0.3243,0,LOW
2026-08-15,S01,P207,test,1.0,0.3331,0,LOW
2026-08-16,S01,P207,test,1.0,0.3549,0,LOW
2026-08-17,S01,P207,test,1.0,0.3411,0,LOW
2026-08-18,S01,P207,test,1.0,0.3622,0,LOW
2026-08-19,S01,P207,test,1.0,0.3754,0,LOW
2026-08-20,S01,P207,test,1.0,0.4315,0,MEDIUM
2026-08-21,S01,P207,test,1.0,0.5755,1,MEDIUM
2026-08-22,S01,P207,test,0.0,0.5894,1,MEDIUM
2026-08-23,S01,P207,test,0.0,0.6974,1,MEDIUM
2026-08-24,S01,P207,test,1.0,0.8582,1,HIGH
2026-08-11,S01,P208,test,1.0,0.5202,1,MEDIUM
2026-08-12,S01,P208,test,1.0,0.565,1,MEDIUM
2026-08-13,S01,P208,test,1.0,0.4624,0,MEDIUM
2026-08-14,S01,P208,test,1.0,0.6502,1,MEDIUM
2026-08-15,S01,P208,test,1.0,0.6029,1,MEDIUM
2026-08-16,S01,P208,test,1.0,0.6572,1,MEDIUM
2026-08-17,S01,P208,test,1.0,0.6461,1,MEDIUM
2026-08-18,S01,P208,test,1.0,0.5805,1,MEDIUM
2026-08-19,S01,P208,test,1.0,0.7988,1,HIGH
2026-08-20,S01,P208,test,1.0,0.8237,1,HIGH
2026-08-21,S01,P208,test,1.0,0.6549,1,MEDIUM
2026-08-22,S01,P208,test,1.0,0.8413,1,HIGH
2026-08-23,S01,P208,test,1.0,0.8361,1,HIGH
2026-08-24,S01,P208,test,1.0,0.8361,1,HIGH
2026-08-11,S01,P330,test,1.0,0.6154,1,MEDIUM
2026-08-12,S01,P330,test,1.0,0.7743,1,HIGH
2026-08-13,S01,P330,test,1.0,0.7034,1,HIGH
2026-08-14,S01,P330,test,1.0,0.5667,1,MEDIUM
2026-08-15,S01,P330,test,1.0,0.6389,1,MEDIUM
2026-08-16,S01,P330,test,1.0,0.5858,1,MEDIUM
2026-08-17,S01,P330,test,1.0,0.5362,1,MEDIUM
2026-08-18,S01,P330,test,1.0,0.5639,1,MEDIUM
2026-08-19,S01,P330,test,1.0,0.7344,1,HIGH
2026-08-20,S01,P330,test,1.0,0.7344,1,HIGH
2026-08-21,S01,P330,test,1.0,0.8921,1,HIGH
2026-08-22,S01,P330,test,1.0,0.8658,1,HIGH
2026-08-23,S01,P330,test,1.0,0.8882,1,HIGH
2026-08-24,S01,P330,test,1.0,0.8674,1,HIGH
2026-08-11,S01,P331,test,0.0,0.6448,1,MEDIUM
2026-08-12,S01,P331,test,1.0,0.7631,1,HIGH
2026-08-13,S01,P331,test,1.0,0.7669,1,HIGH
2026-08-14,S01,P331,test,1.0,0.7513,1,HIGH
2026-08-15,S01,P331,test,1.0,0.8433,1,HIGH
2026-08-16,S01,P331,test,1.0,0.8012,1,HIGH
2026-08-17,S01,P331,test,1.0,0.7513,1,HIGH
2026-08-18,S01,P331,test,1.0,0.8091,1,HIGH
2026-08-19,S01,P331,test,0.0,0.7593,1,HIGH
2026-08-20,S01,P331,test,0.0,0.6975,1,MEDIUM
2026-08-21,S01,P331,test,0.0,0.7231,1,HIGH
2026-08-22,S01,P331,test,1.0,0.7022,1,HIGH
2026-08-23,S01,P331,test,1.0,0.5199,1,MEDIUM
2026-08-24,S01,P331,test,1.0,0.3002,0,LOW
2026-08-11,S01,P332,test,1.0,0.6204,1,MEDIUM
2026-08-12,S01,P332,test,1.0,0.7619,1,HIGH
2026-08-13,S01,P332,test,1.0,0.643,1,MEDIUM
2026-08-14,S01,P332,test,1.0,0.5268,1,MEDIUM
2026-08-15,S01,P332,test,0.0,0.3767,0,LOW
2026-08-16,S01,P332,test,0.0,0.3537,0,LOW
2026-08-17,S01,P332,test,1.0,0.6901,1,MEDIUM
2026-08-18,S01,P332,test,1.0,0.871,1,HIGH
2026-08-19,S01,P332,test,1.0,0.9244,1,HIGH
2026-08-20,S01,P332,test,1.0,0.9244,1,HIGH
2026-08-21,S01,P332,test,1.0,0.9244,1,HIGH
2026-08-22,S01,P332,test,1.0,0.9244,1,HIGH
2026-08-23,S01,P332,test,1.0,0.9664,1,HIGH
2026-08-24,S01,P332,test,1.0,0.8161,1,HIGH
2026-08-11,S01,P333,test,1.0,0.5907,1,MEDIUM
2026-08-12,S01,P333,test,1.0,0.6414,1,MEDIUM
2026-08-13,S01,P333,test,1.0,0.5869,1,MEDIUM
2026-08-14,S01,P333,test,1.0,0.6508,1,MEDIUM
2026-08-15,S01,P333,test,1.0,0.5796,1,MEDIUM
2026-08-16,S01,P333,test,0.0,0.3872,0,LOW
2026-08-17,S01,P333,test,0.0,0.2183,0,LOW
2026-08-18,S01,P333,test,0.0,0.1668,0,LOW
2026-08-19,S01,P333,test,0.0,0.1459,0,LOW
2026-08-20,S01,P333,test,0.0,0.1543,0,LOW
2026-08-21,S01,P333,test,0.0,0.1543,0,LOW
2026-08-22,S01,P333,test,0.0,0.1799,0,LOW
2026-08-23,S01,P333,test,0.0,0.1752,0,LOW
2026-08-24,S01,P333,test,0.0,0.1797,0,LOW
2026-08-11,S01,P334,test,0.0,0.5023,1,MEDIUM
2026-08-12,S01,P334,test,0.0,0.368,0,LOW
2026-08-13,S01,P334,test,0.0,0.368,0,LOW
2026-08-14,S01,P334,test,0.0,0.3484,0,LOW
2026-08-15,S01,P334,test,0.0,0.2637,0,LOW
2026-08-16,S01,P334,test,0.0,0.4192,0,MEDIUM
2026-08-17,S01,P334,test,0.0,0.4459,0,MEDIUM
2026-08-18,S01,P334,test,0.0,0.5998,1,MEDIUM
2026-08-19,S01,P334,test,0.0,0.7294,1,HIGH
2026-08-20,S01,P334,test,1.0,0.7759,1,HIGH
2026-08-21,S01,P334,test,1.0,0.7884,1,HIGH
2026-08-22,S01,P334,test,1.0,0.8039,1,HIGH
2026-08-23,S01,P334,test,1.0,0.9077,1,HIGH
2026-08-24,S01,P334,test,1.0,0.8713,1,HIGH
2026-08-11,S01,P442,test,1.0,0.75,1,HIGH
2026-08-12,S01,P442,test,1.0,0.7444,1,HIGH
2026-08-13,S01,P442,test,1.0,0.6984,1,MEDIUM
2026-08-14,S01,P442,test,1.0,0.7309,1,HIGH
2026-08-15,S01,P442,test,1.0,0.7208,1,HIGH
2026-08-16,S01,P442,test,1.0,0.7481,1,HIGH
2026-08-17,S01,P442,test,1.0,0.8259,1,HIGH
2026-08-18,S01,P442,test,1.0,0.8705,1,HIGH
2026-08-19,S01,P442,test,1.0,0.8705,1,HIGH
2026-08-20,S01,P442,test,1.0,0.8913,1,HIGH
2026-08-21,S01,P442,test,1.0,0.862,1,HIGH
2026-08-22,S01,P442,test,1.0,0.8826,1,HIGH
2026-08-23,S01,P442,test,1.0,0.904,1,HIGH
2026-08-24,S01,P442,test,1.0,0.904,1,HIGH
2026-08-11,S01,P443,test,1.0,0.6632,1,MEDIUM
2026-08-12,S01,P443,test,1.0,0.7101,1,HIGH
2026-08-13,S01,P443,test,0.0,0.5875,1,MEDIUM
2026-08-14,S01,P443,test,0.0,0.5433,1,MEDIUM
2026-08-15,S01,P443,test,1.0,0.7583,1,HIGH
2026-08-16,S01,P443,test,1.0,0.8087,1,HIGH
2026-08-17,S01,P443,test,1.0,0.8355,1,HIGH
2026-08-18,S01,P443,test,1.0,0.8913,1,HIGH
2026-08-19,S01,P443,test,1.0,0.8814,1,HIGH
2026-08-20,S01,P443,test,1.0,0.8234,1,HIGH
2026-08-21,S01,P443,test,1.0,0.862,1,HIGH
2026-08-22,S01,P443,test,0.0,0.7656,1,HIGH
2026-08-23,S01,P443,test,0.0,0.7927,1,HIGH
2026-08-24,S01,P443,test,0.0,0.7797,1,HIGH
2026-08-11,S01,P444,test,1.0,0.5879,1,MEDIUM
2026-08-12,S01,P444,test,1.0,0.5804,1,MEDIUM
2026-08-13,S01,P444,test,1.0,0.5492,1,MEDIUM
2026-08-14,S01,P444,test,1.0,0.5108,1,MEDIUM
2026-08-15,S01,P444,test,1.0,0.7162,1,HIGH
2026-08-16,S01,P444,test,1.0,0.9008,1,HIGH
2026-08-17,S01,P444,test,1.0,0.904,1,HIGH
2026-08-18,S01,P444,test,1.0,0.9294,1,HIGH
2026-08-19,S01,P444,test,1.0,0.9557,1,HIGH
2026-08-20,S01,P444,test,1.0,0.9294,1,HIGH
2026-08-21,S01,P444,test,1.0,0.9294,1,HIGH
2026-08-22,S01,P444,test,1.0,0.9294,1,HIGH
2026-08-23,S01,P444,test,1.0,0.8782,1,HIGH
2026-08-24,S01,P444,test,1.0,0.8656,1,HIGH
2026-08-11,S01,P445,test,1.0,0.6119,1,MEDIUM
2026-08-12,S01,P445,test,1.0,0.5718,1,MEDIUM
2026-08-13,S01,P445,test,1.0,0.4246,0,MEDIUM
2026-08-14,S01,P445,test,1.0,0.5559,1,MEDIUM
2026-08-15,S01,P445,test,1.0,0.6841,1,MEDIUM
2026-08-16,S01,P445,test,1.0,0.7442,1,HIGH
2026-08-17,S01,P445,test,1.0,0.8122,1,HIGH
2026-08-18,S01,P445,test,1.0,0.7632,1,HIGH
2026-08-19,S01,P445,test,1.0,0.8072,1,HIGH
2026-08-20,S01,P445,test,1.0,0.8234,1,HIGH
2026-08-21,S01,P445,test,1.0,0.7867,1,HIGH
2026-08-22,S01,P445,test,1.0,0.8342,1,HIGH
2026-08-23,S01,P445,test,1.0,0.7817,1,HIGH
2026-08-24,S01,P445,test,1.0,0.7698,1,HIGH
2026-08-11,S01,P446,test,1.0,0.8247,1,HIGH
2026-08-12,S01,P446,test,1.0,0.8846,1,HIGH
2026-08-13,S01,P446,test,1.0,0.8757,1,HIGH
2026-08-14,S01,P446,test,1.0,0.7823,1,HIGH
2026-08-15,S01,P446,test,1.0,0.7533,1,HIGH
2026-08-16,S01,P446,test,1.0,0.8094,1,HIGH
2026-08-17,S01,P446,test,0.0,0.741,1,HIGH
2026-08-18,S01,P446,test,1.0,0.8244,1,HIGH
2026-08-19,S01,P446,test,1.0,0.8467,1,HIGH
2026-08-20,S01,P446,test,1.0,0.8705,1,HIGH
2026-08-21,S01,P446,test,1.0,0.8718,1,HIGH
2026-08-22,S01,P446,test,1.0,0.8588,1,HIGH
2026-08-23,S01,P446,test,1.0,0.8814,1,HIGH
2026-08-24,S01,P446,test,1.0,0.8342,1,HIGH
2026-08-24,S01,P447,test,1.0,0.5136,1,MEDIUM
2026-08-11,S01,P501,test,0.0,0.3404,0,LOW
2026-08-12,S01,P501,test,0.0,0.24,0,LOW
2026-08-13,S01,P501,test,0.0,0.261,0,LOW
2026-08-14,S01,P501,test,0.0,0.3616,0,LOW
2026-08-15,S01,P501,test,0.0,0.4524,0,MEDIUM
2026-08-16,S01,P501,test,1.0,0.5995,1,MEDIUM
2026-08-17,S01,P501,test,1.0,0.6967,1,MEDIUM
2026-08-18,S01,P501,test,1.0,0.6956,1,MEDIUM
2026-08-19,S01,P501,test,1.0,0.7416,1,HIGH
2026-08-20,S01,P501,test,1.0,0.743,1,HIGH
2026-08-21,S01,P501,test,1.0,0.8026,1,HIGH
2026-08-22,S01,P501,test,1.0,0.8039,1,HIGH
2026-08-23,S01,P501,test,1.0,0.7988,1,HIGH
2026-08-24,S01,P501,test,1.0,0.8604,1,HIGH
2026-08-11,S01,P502,test,1.0,0.9902,1,HIGH
2026-08-12,S01,P502,test,1.0,0.9395,1,HIGH
2026-08-13,S01,P502,test,1.0,0.8996,1,HIGH
2026-08-14,S01,P502,test,1.0,0.8885,1,HIGH
2026-08-15,S01,P502,test,1.0,0.8221,1,HIGH
2026-08-16,S01,P502,test,1.0,0.6555,1,MEDIUM
2026-08-17,S01,P502,test,1.0,0.6316,1,MEDIUM
2026-08-18,S01,P502,test,1.0,0.7772,1,HIGH
2026-08-19,S01,P502,test,1.0,0.7976,1,HIGH
2026-08-20,S01,P502,test,1.0,0.8234,1,HIGH
2026-08-21,S01,P502,test,1.0,0.8288,1,HIGH
2026-08-22,S01,P502,test,1.0,0.7391,1,HIGH
2026-08-23,S01,P502,test,1.0,0.6854,1,MEDIUM
2026-08-24,S01,P502,test,1.0,0.7194,1,HIGH
2026-08-11,S01,P503,test,0.0,0.2368,0,LOW
2026-08-12,S01,P503,test,0.0,0.2267,0,LOW
2026-08-13,S01,P503,test,0.0,0.268,0,LOW
2026-08-14,S01,P503,test,0.0,0.3742,0,LOW
2026-08-15,S01,P503,test,1.0,0.75,1,HIGH
2026-08-16,S01,P503,test,1.0,0.8591,1,HIGH
2026-08-17,S01,P503,test,1.0,0.8913,1,HIGH
2026-08-18,S01,P503,test,1.0,0.904,1,HIGH
2026-08-19,S01,P503,test,1.0,0.9339,1,HIGH
2026-08-20,S01,P503,test,1.0,0.9557,1,HIGH
2026-08-21,S01,P503,test,1.0,0.9205,1,HIGH
2026-08-22,S01,P503,test,1.0,0.8786,1,HIGH
2026-08-23,S01,P503,test,1.0,0.8718,1,HIGH
2026-08-24,S01,P503,test,1.0,0.8234,1,HIGH
2026-08-11,S01,P504,test,0.0,0.2812,0,LOW
2026-08-12,S01,P504,test,0.0,0.3016,0,LOW
2026-08-13,S01,P504,test,0.0,0.2447,0,LOW
2026-08-14,S01,P504,test,0.0,0.3115,0,LOW
2026-08-15,S01,P504,test,0.0,0.4272,0,MEDIUM
2026-08-16,S01,P504,test,1.0,0.5661,1,MEDIUM
2026-08-17,S01,P504,test,1.0,0.6587,1,MEDIUM
2026-08-18,S01,P504,test,1.0,0.6967,1,MEDIUM
2026-08-19,S01,P504,test,1.0,0.7153,1,HIGH
2026-08-20,S01,P504,test,1.0,0.6715,1,MEDIUM
2026-08-21,S01,P504,test,1.0,0.766,1,HIGH
2026-08-22,S01,P504,test,1.0,0.7555,1,HIGH
2026-08-23,S01,P504,test,1.0,0.6888,1,MEDIUM
2026-08-24,S01,P504,test,1.0,0.6232,1,MEDIUM
2026-08-11,S01,P505,test,1.0,0.8476,1,HIGH
2026-08-12,S01,P505,test,0.0,0.6984,1,MEDIUM
2026-08-13,S01,P505,test,0.0,0.4682,0,MEDIUM
2026-08-14,S01,P505,test,0.0,0.4966,0,MEDIUM
2026-08-15,S01,P505,test,1.0,0.6981,1,MEDIUM
2026-08-16,S01,P505,test,1.0,0.7685,1,HIGH
2026-08-17,S01,P505,test,1.0,0.7616,1,HIGH
2026-08-18,S01,P505,test,1.0,0.7712,1,HIGH
2026-08-19,S01,P505,test,1.0,0.9676,1,HIGH
2026-08-20,S01,P505,test,1.0,0.9557,1,HIGH
2026-08-21,S01,P505,test,1.0,0.984,1,HIGH
2026-08-22,S01,P505,test,1.0,0.9557,1,HIGH
2026-08-23,S01,P505,test,1.0,0.9294,1,HIGH
2026-08-24,S01,P505,test,1.0,0.9658,1,HIGH
2026-08-11,S01,P506,test,0.0,0.1718,0,LOW
2026-08-12,S01,P506,test,0.0,0.1789,0,LOW
2026-08-13,S01,P506,test,0.0,0.1742,0,LOW
2026-08-14,S01,P506,test,1.0,0.2753,0,LOW
2026-08-15,S01,P506,test,1.0,0.3396,0,LOW
2026-08-16,S01,P506,test,1.0,0.373,0,LOW
2026-08-17,S01,P506,test,1.0,0.3913,0,LOW
2026-08-18,S01,P506,test,1.0,0.5107,1,MEDIUM
2026-08-19,S01,P506,test,1.0,0.4551,0,MEDIUM
2026-08-20,S01,P506,test,1.0,0.5156,1,MEDIUM
2026-08-21,S01,P506,test,0.0,0.2659,0,LOW
2026-08-22,S01,P506,test,0.0,0.2308,0,LOW
2026-08-23,S01,P506,test,0.0,0.2319,0,LOW
2026-08-24,S01,P506,test,0.0,0.2059,0,LOW
2026-08-11,S01,P601,test,1.0,0.6521,1,MEDIUM
2026-08-12,S01,P601,test,1.0,0.8511,1,HIGH
2026-08-13,S01,P601,test,1.0,0.9097,1,HIGH
2026-08-14,S01,P601,test,1.0,0.9103,1,HIGH
2026-08-15,S01,P601,test,1.0,0.9401,1,HIGH
2026-08-16,S01,P601,test,1.0,0.9395,1,HIGH
2026-08-17,S01,P601,test,1.0,0.9401,1,HIGH
2026-08-18,S01,P601,test,1.0,0.9664,1,HIGH
2026-08-19,S01,P601,test,1.0,0.9664,1,HIGH
2026-08-20,S01,P601,test,1.0,0.9097,1,HIGH
2026-08-21,S01,P601,test,1.0,0.7947,1,HIGH
2026-08-22,S01,P601,test,0.0,0.409,0,MEDIUM
2026-08-23,S01,P601,test,0.0,0.3935,0,LOW
2026-08-24,S01,P601,test,0.0,0.3256,0,LOW
2026-08-11,S01,P602,test,0.0,0.2939,0,LOW
2026-08-12,S01,P602,test,0.0,0.2978,0,LOW
2026-08-13,S01,P602,test,0.0,0.2833,0,LOW
2026-08-14,S01,P602,test,0.0,0.2701,0,LOW
2026-08-15,S01,P602,test,0.0,0.3949,0,LOW
2026-08-16,S01,P602,test,0.0,0.2799,0,LOW
2026-08-17,S01,P602,test,0.0,0.3047,0,LOW
2026-08-18,S01,P602,test,0.0,0.2898,0,LOW
2026-08-19,S01,P602,test,0.0,0.2637,0,LOW
2026-08-20,S01,P602,test,0.0,0.268,0,LOW
2026-08-21,S01,P602,test,0.0,0.2728,0,LOW
2026-08-22,S01,P602,test,0.0,0.3605,0,LOW
2026-08-23,S01,P602,test,0.0,0.2774,0,LOW
2026-08-24,S01,P602,test,0.0,0.3002,0,LOW
2026-08-11,S01,P603,test,1.0,0.5968,1,MEDIUM
2026-08-12,S01,P603,test,1.0,0.5968,1,MEDIUM
2026-08-13,S01,P603,test,1.0,0.6896,1,MEDIUM
2026-08-14,S01,P603,test,1.0,0.6934,1,MEDIUM
2026-08-15,S01,P603,test,0.0,0.417,0,MEDIUM
2026-08-16,S01,P603,test,0.0,0.4098,0,MEDIUM
2026-08-17,S01,P603,test,0.0,0.357,0,LOW
2026-08-18,S01,P603,test,0.0,0.3451,0,LOW
2026-08-19,S01,P603,test,0.0,0.2343,0,LOW
2026-08-20,S01,P603,test,0.0,0.2565,0,LOW
2026-08-21,S01,P603,test,0.0,0.2114,0,LOW
2026-08-22,S01,P603,test,0.0,0.2612,0,LOW
2026-08-23,S01,P603,test,0.0,0.2637,0,LOW
2026-08-24,S01,P603,test,0.0,0.2287,0,LOW
2026-08-11,S01,P604,test,0.0,0.2742,0,LOW
2026-08-12,S01,P604,test,0.0,0.3333,0,LOW
2026-08-13,S01,P604,test,0.0,0.355,0,LOW
2026-08-14,S01,P604,test,0.0,0.4095,0,MEDIUM
2026-08-15,S01,P604,test,0.0,0.3002,0,LOW
2026-08-16,S01,P604,test,0.0,0.4004,0,MEDIUM
2026-08-17,S01,P604,test,0.0,0.3425,0,LOW
2026-08-18,S01,P604,test,0.0,0.5075,1,MEDIUM
2026-08-19,S01,P604,test,0.0,0.6006,1,MEDIUM
2026-08-20,S01,P604,test,0.0,0.8636,1,HIGH
2026-08-21,S01,P604,test,1.0,0.832,1,HIGH
2026-08-22,S01,P604,test,1.0,0.905,1,HIGH
2026-08-23,S01,P604,test,1.0,0.8897,1,HIGH
2026-08-24,S01,P604,test,1.0,0.8897,1,HIGH
2026-08-11,S01,P701,test,0.0,0.2327,0,LOW
2026-08-12,S01,P701,test,0.0,0.1765,0,LOW
2026-08-13,S01,P701,test,0.0,0.2342,0,LOW
2026-08-14,S01,P701,test,0.0,0.2165,0,LOW
2026-08-15,S01,P701,test,0.0,0.2541,0,LOW
2026-08-16,S01,P701,test,0.0,0.2652,0,LOW
2026-08-17,S01,P701,test,0.0,0.2612,0,LOW
2026-08-18,S01,P701,test,1.0,0.3816,0,LOW
2026-08-19,S01,P701,test,1.0,0.3402,0,LOW
2026-08-20,S01,P701,test,1.0,0.4305,0,MEDIUM
2026-08-21,S01,P701,test,1.0,0.3723,0,LOW
2026-08-22,S01,P701,test,1.0,0.3723,0,LOW
2026-08-23,S01,P701,test,1.0,0.358,0,LOW
2026-08-24,S01,P701,test,1.0,0.4965,0,MEDIUM
2026-08-11,S01,P702,test,1.0,0.2612,0,LOW
2026-08-12,S01,P702,test,1.0,0.3747,0,LOW
2026-08-13,S01,P702,test,1.0,0.437,0,MEDIUM
2026-08-14,S01,P702,test,1.0,0.4511,0,MEDIUM
2026-08-15,S01,P702,test,1.0,0.588,1,MEDIUM
2026-08-16,S01,P702,test,1.0,0.6763,1,MEDIUM
2026-08-17,S01,P702,test,1.0,0.659,1,MEDIUM
2026-08-18,S01,P702,test,1.0,0.6571,1,MEDIUM
2026-08-19,S01,P702,test,1.0,0.6678,1,MEDIUM
2026-08-20,S01,P702,test,0.0,0.5031,1,MEDIUM
2026-08-21,S01,P702,test,0.0,0.3909,0,LOW
2026-08-22,S01,P702,test,0.0,0.4051,0,MEDIUM
2026-08-23,S01,P702,test,0.0,0.4581,0,MEDIUM
2026-08-24,S01,P702,test,0.0,0.3868,0,LOW
2026-08-11,S01,P703,test,0.0,0.3292,0,LOW
2026-08-12,S01,P703,test,1.0,0.6149,1,MEDIUM
2026-08-13,S01,P703,test,1.0,0.6681,1,MEDIUM
2026-08-14,S01,P703,test,1.0,0.6934,1,MEDIUM
2026-08-15,S01,P703,test,1.0,0.6433,1,MEDIUM
2026-08-16,S01,P703,test,1.0,0.7533,1,HIGH
2026-08-17,S01,P703,test,1.0,0.7194,1,HIGH
2026-08-18,S01,P703,test,1.0,0.7404,1,HIGH
2026-08-19,S01,P703,test,1.0,0.7848,1,HIGH
2026-08-20,S01,P703,test,1.0,0.6959,1,MEDIUM
2026-08-21,S01,P703,test,1.0,0.6871,1,MEDIUM
2026-08-22,S01,P703,test,1.0,0.6217,1,MEDIUM
2026-08-23,S01,P703,test,0.0,0.4409,0,MEDIUM
2026-08-24,S01,P703,test,0.0,0.291,0,LOW
2026-08-20,S01,P705,test,0.0,0.2538,0,LOW
2026-08-21,S01,P705,test,0.0,0.2769,0,LOW
2026-08-22,S01,P705,test,0.0,0.3085,0,LOW
2026-08-23,S01,P705,test,0.0,0.3257,0,LOW
2026-08-24,S01,P705,test,0.0,0.2637,0,LOW
2026-08-11,S02,P101,test,0.0,0.2646,0,LOW
2026-08-12,S02,P101,test,0.0,0.2618,0,LOW
2026-08-13,S02,P101,test,0.0,0.2833,0,LOW
2026-08-14,S02,P101,test,0.0,0.2774,0,LOW
2026-08-15,S02,P101,test,1.0,0.3929,0,LOW
2026-08-16,S02,P101,test,1.0,0.4151,0,MEDIUM
2026-08-17,S02,P101,test,1.0,0.3895,0,LOW
2026-08-18,S02,P101,test,1.0,0.4634,0,MEDIUM
2026-08-19,S02,P101,test,1.0,0.4309,0,MEDIUM
2026-08-20,S02,P101,test,1.0,0.44,0,MEDIUM
2026-08-21,S02,P101,test,1.0,0.4037,0,MEDIUM
2026-08-22,S02,P101,test,0.0,0.2602,0,LOW
2026-08-23,S02,P101,test,0.0,0.232,0,LOW
2026-08-24,S02,P101,test,0.0,0.1904,0,LOW
2026-08-11,S02,P102,test,0.0,0.2382,0,LOW
2026-08-12,S02,P102,test,0.0,0.1843,0,LOW
2026-08-13,S02,P102,test,0.0,0.2192,0,LOW
2026-08-14,S02,P102,test,0.0,0.2097,0,LOW
2026-08-15,S02,P102,test,0.0,0.1671,0,LOW
2026-08-16,S02,P102,test,0.0,0.1991,0,LOW
2026-08-17,S02,P102,test,0.0,0.232,0,LOW
2026-08-18,S02,P102,test,0.0,0.1992,0,LOW
2026-08-19,S02,P102,test,0.0,0.2161,0,LOW
2026-08-20,S02,P102,test,0.0,0.2319,0,LOW
2026-08-21,S02,P102,test,0.0,0.2751,0,LOW
2026-08-22,S02,P102,test,0.0,0.2487,0,LOW
2026-08-23,S02,P102,test,0.0,0.2192,0,LOW
2026-08-24,S02,P102,test,0.0,0.232,0,LOW
2026-08-11,S02,P103,test,0.0,0.5169,1,MEDIUM
2026-08-12,S02,P103,test,0.0,0.5134,1,MEDIUM
2026-08-13,S02,P103,test,0.0,0.5354,1,MEDIUM
2026-08-14,S02,P103,test,0.0,0.5759,1,MEDIUM
2026-08-15,S02,P103,test,0.0,0.5752,1,MEDIUM
2026-08-16,S02,P103,test,0.0,0.5121,1,MEDIUM
2026-08-17,S02,P103,test,0.0,0.561,1,MEDIUM
2026-08-18,S02,P103,test,0.0,0.5081,1,MEDIUM
2026-08-19,S02,P103,test,0.0,0.4145,0,MEDIUM
2026-08-20,S02,P103,test,0.0,0.3969,0,LOW
2026-08-21,S02,P103,test,0.0,0.3962,0,LOW
2026-08-22,S02,P103,test,0.0,0.4306,0,MEDIUM
2026-08-23,S02,P103,test,0.0,0.401,0,MEDIUM
2026-08-24,S02,P103,test,0.0,0.3608,0,LOW
2026-08-11,S02,P104,test,0.0,0.3472,0,LOW
2026-08-12,S02,P104,test,0.0,0.45,0,MEDIUM
2026-08-13,S02,P104,test,1.0,0.52,1,MEDIUM
2026-08-14,S02,P104,test,1.0,0.4895,0,MEDIUM
2026-08-15,S02,P104,test,1.0,0.6123,1,MEDIUM
2026-08-16,S02,P104,test,1.0,0.659,1,MEDIUM
2026-08-17,S02,P104,test,1.0,0.6842,1,MEDIUM
2026-08-18,S02,P104,test,1.0,0.6888,1,MEDIUM
2026-08-19,S02,P104,test,1.0,0.6881,1,MEDIUM
2026-08-20,S02,P104,test,0.0,0.4073,0,MEDIUM
2026-08-21,S02,P104,test,0.0,0.4276,0,MEDIUM
2026-08-22,S02,P104,test,0.0,0.2889,0,LOW
2026-08-23,S02,P104,test,0.0,0.233,0,LOW
2026-08-24,S02,P104,test,0.0,0.2275,0,LOW
2026-08-11,S02,P105,test,0.0,0.2339,0,LOW
2026-08-12,S02,P105,test,0.0,0.2878,0,LOW
2026-08-13,S02,P105,test,0.0,0.3422,0,LOW
2026-08-14,S02,P105,test,1.0,0.5117,1,MEDIUM
2026-08-15,S02,P105,test,1.0,0.4547,0,MEDIUM
2026-08-16,S02,P105,test,1.0,0.4979,0,MEDIUM
2026-08-17,S02,P105,test,1.0,0.4709,0,MEDIUM
2026-08-18,S02,P105,test,1.0,0.5919,1,MEDIUM
2026-08-19,S02,P105,test,1.0,0.6243,1,MEDIUM
2026-08-20,S02,P105,test,1.0,0.7186,1,HIGH
2026-08-21,S02,P105,test,1.0,0.6674,1,MEDIUM
2026-08-22,S02,P105,test,1.0,0.515,1,MEDIUM
2026-08-23,S02,P105,test,1.0,0.6338,1,MEDIUM
2026-08-24,S02,P105,test,0.0,0.3878,0,LOW
2026-08-11,S02,P205,test,0.0,0.1671,0,LOW
2026-08-12,S02,P205,test,0.0,0.1797,0,LOW
2026-08-13,S02,P205,test,0.0,0.2002,0,LOW
2026-08-14,S02,P205,test,0.0,0.2372,0,LOW
2026-08-15,S02,P205,test,0.0,0.2167,0,LOW
2026-08-16,S02,P205,test,0.0,0.2317,0,LOW
2026-08-17,S02,P205,test,0.0,0.2317,0,LOW
2026-08-18,S02,P205,test,0.0,0.2774,0,LOW
2026-08-19,S02,P205,test,0.0,0.2555,0,LOW
2026-08-20,S02,P205,test,0.0,0.3009,0,LOW
2026-08-21,S02,P205,test,0.0,0.3009,0,LOW
2026-08-22,S02,P205,test,0.0,0.2386,0,LOW
2026-08-23,S02,P205,test,0.0,0.266,0,LOW
2026-08-24,S02,P205,test,0.0,0.2945,0,LOW
2026-08-11,S02,P206,test,0.0,0.17,0,LOW
2026-08-12,S02,P206,test,0.0,0.17,0,LOW
2026-08-13,S02,P206,test,0.0,0.1784,0,LOW
2026-08-14,S02,P206,test,0.0,0.1784,0,LOW
2026-08-15,S02,P206,test,0.0,0.1584,0,LOW
2026-08-16,S02,P206,test,0.0,0.197,0,LOW
2026-08-17,S02,P206,test,0.0,0.1784,0,LOW
2026-08-18,S02,P206,test,0.0,0.1973,0,LOW
2026-08-19,S02,P206,test,0.0,0.17,0,LOW
2026-08-20,S02,P206,test,0.0,0.17,0,LOW
2026-08-21,S02,P206,test,0.0,0.1971,0,LOW
2026-08-22,S02,P206,test,0.0,0.2186,0,LOW
2026-08-23,S02,P206,test,0.0,0.2577,0,LOW
2026-08-24,S02,P206,test,0.0,0.197,0,LOW
2026-08-11,S02,P207,test,0.0,0.1668,0,LOW
2026-08-12,S02,P207,test,0.0,0.1716,0,LOW
2026-08-13,S02,P207,test,0.0,0.1668,0,LOW
2026-08-14,S02,P207,test,0.0,0.195,0,LOW
2026-08-15,S02,P207,test,0.0,0.2487,0,LOW
2026-08-16,S02,P207,test,0.0,0.3903,0,LOW
2026-08-17,S02,P207,test,1.0,0.5355,1,MEDIUM
2026-08-18,S02,P207,test,1.0,0.6203,1,MEDIUM
2026-08-19,S02,P207,test,1.0,0.612,1,MEDIUM
2026-08-20,S02,P207,test,1.0,0.6226,1,MEDIUM
2026-08-21,S02,P207,test,1.0,0.7683,1,HIGH
2026-08-22,S02,P207,test,1.0,0.7587,1,HIGH
2026-08-23,S02,P207,test,1.0,0.7753,1,HIGH
2026-08-24,S02,P207,test,1.0,0.5753,1,MEDIUM
2026-08-11,S02,P208,test,0.0,0.3242,0,LOW
2026-08-12,S02,P208,test,0.0,0.2159,0,LOW
2026-08-13,S02,P208,test,0.0,0.2727,0,LOW
2026-08-14,S02,P208,test,0.0,0.3225,0,LOW
2026-08-15,S02,P208,test,0.0,0.3425,0,LOW
2026-08-16,S02,P208,test,1.0,0.5327,1,MEDIUM
2026-08-17,S02,P208,test,1.0,0.5659,1,MEDIUM
2026-08-18,S02,P208,test,1.0,0.7564,1,HIGH
2026-08-19,S02,P208,test,1.0,0.739,1,HIGH
2026-08-20,S02,P208,test,1.0,0.7924,1,HIGH
2026-08-21,S02,P208,test,1.0,0.7624,1,HIGH
2026-08-22,S02,P208,test,1.0,0.684,1,MEDIUM
2026-08-23,S02,P208,test,1.0,0.5144,1,MEDIUM
2026-08-24,S02,P208,test,0.0,0.4364,0,MEDIUM
2026-08-11,S02,P330,test,1.0,0.6655,1,MEDIUM
2026-08-12,S02,P330,test,1.0,0.6599,1,MEDIUM
2026-08-13,S02,P330,test,1.0,0.6726,1,MEDIUM
2026-08-14,S02,P330,test,1.0,0.4989,0,MEDIUM
2026-08-15,S02,P330,test,1.0,0.5046,1,MEDIUM
2026-08-16,S02,P330,test,1.0,0.4639,0,MEDIUM
2026-08-17,S02,P330,test,0.0,0.299,0,LOW
2026-08-18,S02,P330,test,0.0,0.2291,0,LOW
2026-08-19,S02,P330,test,0.0,0.2447,0,LOW
2026-08-20,S02,P330,test,0.0,0.249,0,LOW
2026-08-21,S02,P330,test,0.0,0.2273,0,LOW
2026-08-22,S02,P330,test,0.0,0.2769,0,LOW
2026-08-23,S02,P330,test,0.0,0.2654,0,LOW
2026-08-24,S02,P330,test,0.0,0.284,0,LOW
2026-08-11,S02,P331,test,1.0,0.4384,0,MEDIUM
2026-08-12,S02,P331,test,1.0,0.3667,0,LOW
2026-08-13,S02,P331,test,1.0,0.3714,0,LOW
2026-08-14,S02,P331,test,1.0,0.3925,0,LOW
2026-08-15,S02,P331,test,0.0,0.3108,0,LOW
2026-08-16,S02,P331,test,1.0,0.3065,0,LOW
2026-08-17,S02,P331,test,1.0,0.326,0,LOW
2026-08-18,S02,P331,test,1.0,0.3665,0,LOW
2026-08-19,S02,P331,test,1.0,0.3051,0,LOW
2026-08-20,S02,P331,test,1.0,0.3495,0,LOW
2026-08-21,S02,P331,test,1.0,0.3551,0,LOW
2026-08-22,S02,P331,test,1.0,0.5587,1,MEDIUM
2026-08-23,S02,P331,test,0.0,0.4571,0,MEDIUM
2026-08-24,S02,P331,test,0.0,0.4026,0,MEDIUM
2026-08-11,S02,P332,test,1.0,0.7475,1,HIGH
2026-08-12,S02,P332,test,1.0,0.7728,1,HIGH
2026-08-13,S02,P332,test,0.0,0.5587,1,MEDIUM
2026-08-14,S02,P332,test,0.0,0.3393,0,LOW
2026-08-15,S02,P332,test,0.0,0.4151,0,MEDIUM
2026-08-16,S02,P332,test,0.0,0.3945,0,LOW
2026-08-17,S02,P332,test,0.0,0.3009,0,LOW
2026-08-18,S02,P332,test,0.0,0.4142,0,MEDIUM
2026-08-19,S02,P332,test,1.0,0.7144,1,HIGH
2026-08-20,S02,P332,test,1.0,0.8174,1,HIGH
2026-08-21,S02,P332,test,1.0,0.8026,1,HIGH
2026-08-22,S02,P332,test,1.0,0.8121,1,HIGH
2026-08-23,S02,P332,test,1.0,0.7919,1,HIGH
2026-08-24,S02,P332,test,1.0,0.7861,1,HIGH
2026-08-11,S02,P333,test,0.0,0.3503,0,LOW
2026-08-12,S02,P333,test,0.0,0.3433,0,LOW
2026-08-13,S02,P333,test,0.0,0.2932,0,LOW
2026-08-14,S02,P333,test,0.0,0.3183,0,LOW
2026-08-15,S02,P333,test,0.0,0.2717,0,LOW
2026-08-16,S02,P333,test,0.0,0.2918,0,LOW
2026-08-17,S02,P333,test,0.0,0.2447,0,LOW
2026-08-18,S02,P333,test,0.0,0.2466,0,LOW
2026-08-19,S02,P333,test,0.0,0.2058,0,LOW
2026-08-20,S02,P333,test,0.0,0.1715,0,LOW
2026-08-21,S02,P333,test,0.0,0.1668,0,LOW
2026-08-22,S02,P333,test,0.0,0.1668,0,LOW
2026-08-23,S02,P333,test,0.0,0.1938,0,LOW
2026-08-24,S02,P333,test,0.0,0.1671,0,LOW
2026-08-11,S02,P334,test,1.0,0.6597,1,MEDIUM
2026-08-12,S02,P334,test,1.0,0.7271,1,HIGH
2026-08-13,S02,P334,test,1.0,0.7497,1,HIGH
2026-08-14,S02,P334,test,1.0,0.7321,1,HIGH
2026-08-15,S02,P334,test,1.0,0.6682,1,MEDIUM
2026-08-16,S02,P334,test,1.0,0.5637,1,MEDIUM
2026-08-17,S02,P334,test,0.0,0.3112,0,LOW
2026-08-18,S02,P334,test,0.0,0.1715,0,LOW
2026-08-19,S02,P334,test,0.0,0.1784,0,LOW
2026-08-20,S02,P334,test,0.0,0.2423,0,LOW
2026-08-21,S02,P334,test,0.0,0.1668,0,LOW
2026-08-22,S02,P334,test,0.0,0.1938,0,LOW
2026-08-23,S02,P334,test,0.0,0.1997,0,LOW
2026-08-24,S02,P334,test,0.0,0.2058,0,LOW
2026-08-11,S02,P442,test,0.0,0.4458,0,MEDIUM
2026-08-12,S02,P442,test,0.0,0.4911,0,MEDIUM
2026-08-13,S02,P442,test,0.0,0.3875,0,LOW
2026-08-14,S02,P442,test,0.0,0.3649,0,LOW
2026-08-15,S02,P442,test,0.0,0.4684,0,MEDIUM
2026-08-16,S02,P442,test,0.0,0.451,0,MEDIUM
2026-08-17,S02,P442,test,1.0,0.612,1,MEDIUM
2026-08-18,S02,P442,test,1.0,0.6891,1,MEDIUM
2026-08-19,S02,P442,test,1.0,0.6929,1,MEDIUM
2026-08-20,S02,P442,test,1.0,0.7578,1,HIGH
2026-08-21,S02,P442,test,1.0,0.8026,1,HIGH
2026-08-22,S02,P442,test,1.0,0.731,1,HIGH
2026-08-23,S02,P442,test,1.0,0.7271,1,HIGH
2026-08-24,S02,P442,test,1.0,0.5896,1,MEDIUM
2026-08-11,S02,P443,test,1.0,0.5157,1,MEDIUM
2026-08-12,S02,P443,test,1.0,0.6031,1,MEDIUM
2026-08-13,S02,P443,test,1.0,0.5763,1,MEDIUM
2026-08-14,S02,P443,test,1.0,0.584,1,MEDIUM
2026-08-15,S02,P443,test,1.0,0.5633,1,MEDIUM
2026-08-16,S02,P443,test,0.0,0.5439,1,MEDIUM
2026-08-17,S02,P443,test,1.0,0.6381,1,MEDIUM
2026-08-18,S02,P443,test,1.0,0.6854,1,MEDIUM
2026-08-19,S02,P443,test,1.0,0.7307,1,HIGH
2026-08-20,S02,P443,test,1.0,0.7611,1,HIGH
2026-08-21,S02,P443,test,1.0,0.8026,1,HIGH
2026-08-22,S02,P443,test,1.0,0.7919,1,HIGH
2026-08-23,S02,P443,test,1.0,0.7973,1,HIGH
2026-08-24,S02,P443,test,0.0,0.7127,1,HIGH
2026-08-11,S02,P444,test,0.0,0.4155,0,MEDIUM
2026-08-12,S02,P444,test,0.0,0.5076,1,MEDIUM
2026-08-13,S02,P444,test,0.0,0.5076,1,MEDIUM
2026-08-14,S02,P444,test,1.0,0.6809,1,MEDIUM
2026-08-15,S02,P444,test,1.0,0.7189,1,HIGH
2026-08-16,S02,P444,test,1.0,0.7422,1,HIGH
2026-08-17,S02,P444,test,1.0,0.762,1,HIGH
2026-08-18,S02,P444,test,1.0,0.7594,1,HIGH
2026-08-19,S02,P444,test,1.0,0.7632,1,HIGH
2026-08-20,S02,P444,test,1.0,0.7421,1,HIGH
2026-08-21,S02,P444,test,1.0,0.6994,1,MEDIUM
2026-08-22,S02,P444,test,1.0,0.6704,1,MEDIUM
2026-08-23,S02,P444,test,0.0,0.512,1,MEDIUM
2026-08-24,S02,P444,test,0.0,0.4718,0,MEDIUM
2026-08-11,S02,P445,test,0.0,0.5557,1,MEDIUM
2026-08-12,S02,P445,test,0.0,0.4465,0,MEDIUM
2026-08-13,S02,P445,test,0.0,0.2701,0,LOW
2026-08-14,S02,P445,test,0.0,0.3461,0,LOW
2026-08-15,S02,P445,test,1.0,0.4483,0,MEDIUM
2026-08-16,S02,P445,test,1.0,0.3563,0,LOW
2026-08-17,S02,P445,test,1.0,0.4969,0,MEDIUM
2026-08-18,S02,P445,test,1.0,0.614,1,MEDIUM
2026-08-19,S02,P445,test,1.0,0.669,1,MEDIUM
2026-08-20,S02,P445,test,1.0,0.5832,1,MEDIUM
2026-08-21,S02,P445,test,1.0,0.7461,1,HIGH
2026-08-22,S02,P445,test,1.0,0.731,1,HIGH
2026-08-23,S02,P445,test,1.0,0.7144,1,HIGH
2026-08-24,S02,P445,test,1.0,0.731,1,HIGH
2026-08-11,S02,P446,test,0.0,0.5387,1,MEDIUM
2026-08-12,S02,P446,test,0.0,0.5742,1,MEDIUM
2026-08-13,S02,P446,test,0.0,0.3318,0,LOW
2026-08-14,S02,P446,test,0.0,0.35,0,LOW
2026-08-15,S02,P446,test,0.0,0.5316,1,MEDIUM
2026-08-16,S02,P446,test,1.0,0.6474,1,MEDIUM
2026-08-17,S02,P446,test,1.0,0.7144,1,HIGH
2026-08-18,S02,P446,test,1.0,0.7482,1,HIGH
2026-08-19,S02,P446,test,1.0,0.7466,1,HIGH
2026-08-20,S02,P446,test,1.0,0.7182,1,HIGH
2026-08-21,S02,P446,test,1.0,0.7461,1,HIGH
2026-08-22,S02,P446,test,1.0,0.7919,1,HIGH
2026-08-23,S02,P446,test,1.0,0.6574,1,MEDIUM
2026-08-24,S02,P446,test,1.0,0.5316,1,MEDIUM
2026-08-24,S02,P447,test,0.0,0.3213,0,LOW
2026-08-11,S02,P501,test,0.0,0.1755,0,LOW
2026-08-12,S02,P501,test,0.0,0.194,0,LOW
2026-08-13,S02,P501,test,0.0,0.1782,0,LOW
2026-08-14,S02,P501,test,0.0,0.2315,0,LOW
2026-08-15,S02,P501,test,0.0,0.3108,0,LOW
2026-08-16,S02,P501,test,0.0,0.4691,0,MEDIUM
2026-08-17,S02,P501,test,0.0,0.5574,1,MEDIUM
2026-08-18,S02,P501,test,0.0,0.5846,1,MEDIUM
2026-08-19,S02,P501,test,1.0,0.6892,1,MEDIUM
2026-08-20,S02,P501,test,1.0,0.739,1,HIGH
2026-08-21,S02,P501,test,1.0,0.7461,1,HIGH
2026-08-22,S02,P501,test,1.0,0.7416,1,HIGH
2026-08-23,S02,P501,test,1.0,0.7859,1,HIGH
2026-08-24,S02,P501,test,1.0,0.7182,1,HIGH
2026-08-11,S02,P502,test,1.0,0.4835,0,MEDIUM
2026-08-12,S02,P502,test,1.0,0.5485,1,MEDIUM
2026-08-13,S02,P502,test,1.0,0.4647,0,MEDIUM
2026-08-14,S02,P502,test,1.0,0.6356,1,MEDIUM
2026-08-15,S02,P502,test,1.0,0.6353,1,MEDIUM
2026-08-16,S02,P502,test,1.0,0.7253,1,HIGH
2026-08-17,S02,P502,test,1.0,0.7043,1,HIGH
2026-08-18,S02,P502,test,1.0,0.7584,1,HIGH
2026-08-19,S02,P502,test,1.0,0.8425,1,HIGH
2026-08-20,S02,P502,test,1.0,0.7772,1,HIGH
2026-08-21,S02,P502,test,1.0,0.7876,1,HIGH
2026-08-22,S02,P502,test,1.0,0.8088,1,HIGH
2026-08-23,S02,P502,test,0.0,0.7688,1,HIGH
2026-08-24,S02,P502,test,1.0,0.8364,1,HIGH
2026-08-11,S02,P503,test,0.0,0.3137,0,LOW
2026-08-12,S02,P503,test,0.0,0.1659,0,LOW
2026-08-13,S02,P503,test,0.0,0.1099,0,LOW
2026-08-14,S02,P503,test,0.0,0.1668,0,LOW
2026-08-15,S02,P503,test,0.0,0.2327,0,LOW
2026-08-16,S02,P503,test,0.0,0.2613,0,LOW
2026-08-17,S02,P503,test,0.0,0.3713,0,LOW
2026-08-18,S02,P503,test,1.0,0.6809,1,MEDIUM
2026-08-19,S02,P503,test,1.0,0.6644,1,MEDIUM
2026-08-20,S02,P503,test,1.0,0.6495,1,MEDIUM
2026-08-21,S02,P503,test,1.0,0.8011,1,HIGH
2026-08-22,S02,P503,test,1.0,0.7666,1,HIGH
2026-08-23,S02,P503,test,1.0,0.6078,1,MEDIUM
2026-08-24,S02,P503,test,1.0,0.6025,1,MEDIUM
2026-08-11,S02,P504,test,0.0,0.1805,0,LOW
2026-08-12,S02,P504,test,0.0,0.2061,0,LOW
2026-08-13,S02,P504,test,0.0,0.1943,0,LOW
2026-08-14,S02,P504,test,0.0,0.2115,0,LOW
2026-08-15,S02,P504,test,0.0,0.2629,0,LOW
2026-08-16,S02,P504,test,0.0,0.3446,0,LOW
2026-08-17,S02,P504,test,0.0,0.3552,0,LOW
2026-08-18,S02,P504,test,0.0,0.3442,0,LOW
2026-08-19,S02,P504,test,0.0,0.3726,0,LOW
2026-08-20,S02,P504,test,0.0,0.3813,0,LOW
2026-08-21,S02,P504,test,0.0,0.497,0,MEDIUM
2026-08-22,S02,P504,test,0.0,0.5355,1,MEDIUM
2026-08-23,S02,P504,test,0.0,0.4868,0,MEDIUM
2026-08-24,S02,P504,test,0.0,0.4435,0,MEDIUM
2026-08-11,S02,P505,test,0.0,0.1799,0,LOW
2026-08-12,S02,P505,test,0.0,0.184,0,LOW
2026-08-13,S02,P505,test,0.0,0.1943,0,LOW
2026-08-14,S02,P505,test,0.0,0.2451,0,LOW
2026-08-15,S02,P505,test,0.0,0.3044,0,LOW
2026-08-16,S02,P505,test,1.0,0.4055,0,MEDIUM
2026-08-17,S02,P505,test,1.0,0.4384,0,MEDIUM
2026-08-18,S02,P505,test,1.0,0.5381,1,MEDIUM
2026-08-19,S02,P505,test,1.0,0.7566,1,HIGH
2026-08-20,S02,P505,test,1.0,0.6711,1,MEDIUM
2026-08-21,S02,P505,test,1.0,0.7875,1,HIGH
2026-08-22,S02,P505,test,1.0,0.7961,1,HIGH
2026-08-23,S02,P505,test,0.0,0.6822,1,MEDIUM
2026-08-24,S02,P505,test,0.0,0.7031,1,HIGH
2026-08-11,S02,P506,test,1.0,0.1843,0,LOW
2026-08-12,S02,P506,test,0.0,0.259,0,LOW
2026-08-13,S02,P506,test,0.0,0.1668,0,LOW
2026-08-14,S02,P506,test,0.0,0.1943,0,LOW
2026-08-15,S02,P506,test,0.0,0.194,0,LOW
2026-08-16,S02,P506,test,0.0,0.1995,0,LOW
2026-08-17,S02,P506,test,0.0,0.2088,0,LOW
2026-08-18,S02,P506,test,0.0,0.2262,0,LOW
2026-08-19,S02,P506,test,0.0,0.2234,0,LOW
2026-08-20,S02,P506,test,0.0,0.2263,0,LOW
2026-08-21,S02,P506,test,0.0,0.231,0,LOW
2026-08-22,S02,P506,test,0.0,0.2239,0,LOW
2026-08-23,S02,P506,test,0.0,0.2335,0,LOW
2026-08-24,S02,P506,test,0.0,0.212,0,LOW
2026-08-11,S02,P601,test,0.0,0.2724,0,LOW
2026-08-12,S02,P601,test,0.0,0.3299,0,LOW
2026-08-13,S02,P601,test,0.0,0.2848,0,LOW
2026-08-14,S02,P601,test,0.0,0.318,0,LOW
2026-08-15,S02,P601,test,0.0,0.3404,0,LOW
2026-08-16,S02,P601,test,0.0,0.3038,0,LOW
2026-08-17,S02,P601,test,0.0,0.3949,0,LOW
2026-08-18,S02,P601,test,0.0,0.5216,1,MEDIUM
2026-08-19,S02,P601,test,1.0,0.5994,1,MEDIUM
2026-08-20,S02,P601,test,1.0,0.6641,1,MEDIUM
2026-08-21,S02,P601,test,1.0,0.7346,1,HIGH
2026-08-22,S02,P601,test,1.0,0.7652,1,HIGH
2026-08-23,S02,P601,test,1.0,0.7716,1,HIGH
2026-08-24,S02,P601,test,1.0,0.7919,1,HIGH
2026-08-11,S02,P602,test,0.0,0.1843,0,LOW
2026-08-12,S02,P602,test,0.0,0.2145,0,LOW
2026-08-13,S02,P602,test,0.0,0.268,0,LOW
2026-08-14,S02,P602,test,0.0,0.1913,0,LOW
2026-08-15,S02,P602,test,0.0,0.2574,0,LOW
2026-08-16,S02,P602,test,0.0,0.3211,0,LOW
2026-08-17,S02,P602,test,0.0,0.3112,0,LOW
2026-08-18,S02,P602,test,1.0,0.52,1,MEDIUM
2026-08-19,S02,P602,test,1.0,0.6704,1,MEDIUM
2026-08-20,S02,P602,test,1.0,0.5421,1,MEDIUM
2026-08-21,S02,P602,test,1.0,0.5791,1,MEDIUM
2026-08-22,S02,P602,test,1.0,0.6602,1,MEDIUM
2026-08-23,S02,P602,test,1.0,0.5889,1,MEDIUM
2026-08-24,S02,P602,test,1.0,0.5933,1,MEDIUM
2026-08-11,S02,P603,test,0.0,0.3087,0,LOW
2026-08-12,S02,P603,test,0.0,0.1459,0,LOW
2026-08-13,S02,P603,test,0.0,0.1459,0,LOW
2026-08-14,S02,P603,test,0.0,0.1715,0,LOW
2026-08-15,S02,P603,test,0.0,0.153,0,LOW
2026-08-16,S02,P603,test,0.0,0.1631,0,LOW
2026-08-17,S02,P603,test,0.0,0.1715,0,LOW
2026-08-18,S02,P603,test,0.0,0.17,0,LOW
2026-08-19,S02,P603,test,0.0,0.1718,0,LOW
2026-08-20,S02,P603,test,0.0,0.1718,0,LOW
2026-08-21,S02,P603,test,0.0,0.203,0,LOW
2026-08-22,S02,P603,test,0.0,0.2514,0,LOW
2026-08-23,S02,P603,test,0.0,0.2538,0,LOW
2026-08-24,S02,P603,test,0.0,0.2514,0,LOW
2026-08-11,S02,P604,test,0.0,0.17,0,LOW
2026-08-12,S02,P604,test,0.0,0.1784,0,LOW
2026-08-13,S02,P604,test,0.0,0.1784,0,LOW
2026-08-14,S02,P604,test,0.0,0.2507,0,LOW
2026-08-15,S02,P604,test,0.0,0.2715,0,LOW
2026-08-16,S02,P604,test,0.0,0.3839,0,LOW
2026-08-17,S02,P604,test,0.0,0.5063,1,MEDIUM
2026-08-18,S02,P604,test,0.0,0.5543,1,MEDIUM
2026-08-19,S02,P604,test,0.0,0.6024,1,MEDIUM
2026-08-20,S02,P604,test,0.0,0.5601,1,MEDIUM
2026-08-21,S02,P604,test,0.0,0.5408,1,MEDIUM
2026-08-22,S02,P604,test,0.0,0.5499,1,MEDIUM
2026-08-23,S02,P604,test,0.0,0.5369,1,MEDIUM
2026-08-24,S02,P604,test,0.0,0.3379,0,LOW
2026-08-11,S02,P701,test,0.0,0.2097,0,LOW
2026-08-12,S02,P701,test,0.0,0.2439,0,LOW
2026-08-13,S02,P701,test,0.0,0.3108,0,LOW
2026-08-14,S02,P701,test,0.0,0.3286,0,LOW
2026-08-15,S02,P701,test,1.0,0.4532,0,MEDIUM
2026-08-16,S02,P701,test,1.0,0.5173,1,MEDIUM
2026-08-17,S02,P701,test,1.0,0.4518,0,MEDIUM
2026-08-18,S02,P701,test,1.0,0.4482,0,MEDIUM
2026-08-19,S02,P701,test,1.0,0.5795,1,MEDIUM
2026-08-20,S02,P701,test,1.0,0.4447,0,MEDIUM
2026-08-21,S02,P701,test,1.0,0.3921,0,LOW
2026-08-22,S02,P701,test,0.0,0.4251,0,MEDIUM
2026-08-23,S02,P701,test,0.0,0.2514,0,LOW
2026-08-24,S02,P701,test,0.0,0.284,0,LOW
2026-08-11,S02,P702,test,0.0,0.3713,0,LOW
2026-08-12,S02,P702,test,0.0,0.4052,0,MEDIUM
2026-08-13,S02,P702,test,0.0,0.3438,0,LOW
2026-08-14,S02,P702,test,0.0,0.3301,0,LOW
2026-08-15,S02,P702,test,0.0,0.3752,0,LOW
2026-08-16,S02,P702,test,0.0,0.4052,0,MEDIUM
2026-08-17,S02,P702,test,0.0,0.3649,0,LOW
2026-08-18,S02,P702,test,0.0,0.2863,0,LOW
2026-08-19,S02,P702,test,0.0,0.2455,0,LOW
2026-08-20,S02,P702,test,0.0,0.2498,0,LOW
2026-08-21,S02,P702,test,0.0,0.231,0,LOW
2026-08-22,S02,P702,test,0.0,0.2195,0,LOW
2026-08-23,S02,P702,test,0.0,0.257,0,LOW
2026-08-24,S02,P702,test,0.0,0.2244,0,LOW
2026-08-11,S02,P703,test,0.0,0.1996,0,LOW
2026-08-12,S02,P703,test,0.0,0.2742,0,LOW
2026-08-13,S02,P703,test,0.0,0.2044,0,LOW
2026-08-14,S02,P703,test,0.0,0.2339,0,LOW
2026-08-15,S02,P703,test,0.0,0.2352,0,LOW
2026-08-16,S02,P703,test,0.0,0.2478,0,LOW
2026-08-17,S02,P703,test,0.0,0.2555,0,LOW
2026-08-18,S02,P703,test,0.0,0.295,0,LOW
2026-08-19,S02,P703,test,0.0,0.2833,0,LOW
2026-08-20,S02,P703,test,0.0,0.2363,0,LOW
2026-08-21,S02,P703,test,1.0,0.4318,0,MEDIUM
2026-08-22,S02,P703,test,1.0,0.731,1,HIGH
2026-08-23,S02,P703,test,1.0,0.7973,1,HIGH
2026-08-24,S02,P703,test,1.0,0.7651,1,HIGH
2026-08-11,S02,P704,test,1.0,0.4029,0,MEDIUM
2026-08-12,S02,P704,test,0.0,0.2833,0,LOW
2026-08-13,S02,P704,test,0.0,0.2352,0,LOW
2026-08-14,S02,P704,test,0.0,0.2382,0,LOW
2026-08-15,S02,P704,test,0.0,0.2904,0,LOW
2026-08-16,S02,P704,test,0.0,0.2816,0,LOW
2026-08-17,S02,P704,test,1.0,0.4155,0,MEDIUM
2026-08-18,S02,P704,test,1.0,0.3915,0,LOW
2026-08-19,S02,P704,test,1.0,0.4124,0,MEDIUM
2026-08-20,S02,P704,test,1.0,0.3892,0,LOW
2026-08-21,S02,P704,test,1.0,0.5104,1,MEDIUM
2026-08-22,S02,P704,test,1.0,0.4818,0,MEDIUM
2026-08-23,S02,P704,test,1.0,0.483,0,MEDIUM
2026-08-24,S02,P704,test,1.0,0.4082,0,MEDIUM
2026-08-20,S02,P705,test,0.0,0.2183,0,LOW
2026-08-21,S02,P705,test,0.0,0.2555,0,LOW
2026-08-22,S02,P705,test,0.0,0.2945,0,LOW
2026-08-23,S02,P705,test,1.0,0.444,0,MEDIUM
2026-08-24,S02,P705,test,1.0,0.4001,0,MEDIUM
2026-08-11,S03,P101,test,0.0,0.4045,0,MEDIUM
2026-08-12,S03,P101,test,0.0,0.2408,0,LOW
2026-08-13,S03,P101,test,0.0,0.1989,0,LOW
2026-08-14,S03,P101,test,0.0,0.2466,0,LOW
2026-08-15,S03,P101,test,1.0,0.3156,0,LOW
2026-08-16,S03,P101,test,1.0,0.473,0,MEDIUM
2026-08-17,S03,P101,test,1.0,0.5821,1,MEDIUM
2026-08-18,S03,P101,test,1.0,0.602,1,MEDIUM
2026-08-19,S03,P101,test,1.0,0.606,1,MEDIUM
2026-08-20,S03,P101,test,1.0,0.6197,1,MEDIUM
2026-08-21,S03,P101,test,1.0,0.657,1,MEDIUM
2026-08-22,S03,P101,test,0.0,0.4268,0,MEDIUM
2026-08-23,S03,P101,test,0.0,0.3988,0,LOW
2026-08-24,S03,P101,test,0.0,0.4037,0,MEDIUM
2026-08-11,S03,P103,test,0.0,0.2868,0,LOW
2026-08-12,S03,P103,test,0.0,0.3453,0,LOW
2026-08-13,S03,P103,test,1.0,0.2904,0,LOW
2026-08-14,S03,P103,test,1.0,0.4425,0,MEDIUM
2026-08-15,S03,P103,test,1.0,0.585,1,MEDIUM
2026-08-16,S03,P103,test,1.0,0.703,1,HIGH
2026-08-17,S03,P103,test,1.0,0.8031,1,HIGH
2026-08-18,S03,P103,test,1.0,0.8307,1,HIGH
2026-08-19,S03,P103,test,1.0,0.8211,1,HIGH
2026-08-20,S03,P103,test,0.0,0.7158,1,HIGH
2026-08-21,S03,P103,test,0.0,0.6759,1,MEDIUM
2026-08-22,S03,P103,test,0.0,0.6897,1,MEDIUM
2026-08-23,S03,P103,test,1.0,0.6858,1,MEDIUM
2026-08-24,S03,P103,test,1.0,0.5755,1,MEDIUM
2026-08-11,S03,P104,test,0.0,0.2352,0,LOW
2026-08-12,S03,P104,test,0.0,0.2555,0,LOW
2026-08-13,S03,P104,test,0.0,0.2478,0,LOW
2026-08-14,S03,P104,test,1.0,0.355,0,LOW
2026-08-15,S03,P104,test,1.0,0.485,0,MEDIUM
2026-08-16,S03,P104,test,1.0,0.6657,1,MEDIUM
2026-08-17,S03,P104,test,1.0,0.7238,1,HIGH
2026-08-18,S03,P104,test,1.0,0.8001,1,HIGH
2026-08-19,S03,P104,test,1.0,0.7519,1,HIGH
2026-08-20,S03,P104,test,1.0,0.7694,1,HIGH
2026-08-21,S03,P104,test,1.0,0.7691,1,HIGH
2026-08-22,S03,P104,test,1.0,0.7806,1,HIGH
2026-08-23,S03,P104,test,1.0,0.7304,1,HIGH
2026-08-24,S03,P104,test,1.0,0.6043,1,MEDIUM
2026-08-11,S03,P105,test,0.0,0.2057,0,LOW
2026-08-12,S03,P105,test,0.0,0.2212,0,LOW
2026-08-13,S03,P105,test,0.0,0.1996,0,LOW
2026-08-14,S03,P105,test,0.0,0.2805,0,LOW
2026-08-15,S03,P105,test,0.0,0.3292,0,LOW
2026-08-16,S03,P105,test,1.0,0.5774,1,MEDIUM
2026-08-17,S03,P105,test,1.0,0.6986,1,MEDIUM
2026-08-18,S03,P105,test,1.0,0.7765,1,HIGH
2026-08-19,S03,P105,test,1.0,0.8182,1,HIGH
2026-08-20,S03,P105,test,1.0,0.8358,1,HIGH
2026-08-21,S03,P105,test,1.0,0.7271,1,HIGH
2026-08-22,S03,P105,test,1.0,0.8035,1,HIGH
2026-08-23,S03,P105,test,1.0,0.6442,1,MEDIUM
2026-08-24,S03,P105,test,1.0,0.4287,0,MEDIUM
2026-08-11,S03,P205,test,1.0,0.5206,1,MEDIUM
2026-08-12,S03,P205,test,1.0,0.5604,1,MEDIUM
2026-08-13,S03,P205,test,1.0,0.4354,0,MEDIUM
2026-08-14,S03,P205,test,1.0,0.4301,0,MEDIUM
2026-08-15,S03,P205,test,1.0,0.5622,1,MEDIUM
2026-08-16,S03,P205,test,0.0,0.4383,0,MEDIUM
2026-08-17,S03,P205,test,0.0,0.3895,0,LOW
2026-08-18,S03,P205,test,0.0,0.4859,0,MEDIUM
2026-08-19,S03,P205,test,1.0,0.6155,1,MEDIUM
2026-08-20,S03,P205,test,1.0,0.5537,1,MEDIUM
2026-08-21,S03,P205,test,1.0,0.6006,1,MEDIUM
2026-08-22,S03,P205,test,1.0,0.6809,1,MEDIUM
2026-08-23,S03,P205,test,1.0,0.8106,1,HIGH
2026-08-24,S03,P205,test,1.0,0.7883,1,HIGH
2026-08-11,S03,P206,test,0.0,0.3343,0,LOW
2026-08-12,S03,P206,test,0.0,0.3343,0,LOW
2026-08-13,S03,P206,test,0.0,0.2885,0,LOW
2026-08-14,S03,P206,test,0.0,0.2585,0,LOW
2026-08-15,S03,P206,test,0.0,0.288,0,LOW
2026-08-16,S03,P206,test,0.0,0.3123,0,LOW
2026-08-17,S03,P206,test,0.0,0.3333,0,LOW
2026-08-18,S03,P206,test,0.0,0.3305,0,LOW
2026-08-19,S03,P206,test,0.0,0.3687,0,LOW
2026-08-20,S03,P206,test,0.0,0.383,0,LOW
2026-08-21,S03,P206,test,1.0,0.6321,1,MEDIUM
2026-08-22,S03,P206,test,1.0,0.7395,1,HIGH
2026-08-23,S03,P206,test,1.0,0.658,1,MEDIUM
2026-08-24,S03,P206,test,1.0,0.8024,1,HIGH
2026-08-11,S03,P207,test,0.0,0.2884,0,LOW
2026-08-12,S03,P207,test,0.0,0.257,0,LOW
2026-08-13,S03,P207,test,0.0,0.2507,0,LOW
2026-08-14,S03,P207,test,0.0,0.2796,0,LOW
2026-08-15,S03,P207,test,0.0,0.3404,0,LOW
2026-08-16,S03,P207,test,0.0,0.2346,0,LOW
2026-08-17,S03,P207,test,0.0,0.2494,0,LOW
2026-08-18,S03,P207,test,0.0,0.2819,0,LOW
2026-08-19,S03,P207,test,0.0,0.3094,0,LOW
2026-08-20,S03,P207,test,0.0,0.2423,0,LOW
2026-08-21,S03,P207,test,0.0,0.2633,0,LOW
2026-08-22,S03,P207,test,0.0,0.322,0,LOW
2026-08-23,S03,P207,test,0.0,0.367,0,LOW
2026-08-24,S03,P207,test,0.0,0.3992,0,LOW
2026-08-11,S03,P208,test,1.0,0.8807,1,HIGH
2026-08-12,S03,P208,test,1.0,0.9291,1,HIGH
2026-08-13,S03,P208,test,1.0,0.7954,1,HIGH
2026-08-14,S03,P208,test,1.0,0.8768,1,HIGH
2026-08-15,S03,P208,test,1.0,0.8328,1,HIGH
2026-08-16,S03,P208,test,1.0,0.5991,1,MEDIUM
2026-08-17,S03,P208,test,0.0,0.44,0,MEDIUM
2026-08-18,S03,P208,test,0.0,0.3883,0,LOW
2026-08-19,S03,P208,test,0.0,0.3056,0,LOW
2026-08-20,S03,P208,test,0.0,0.2805,0,LOW
2026-08-21,S03,P208,test,0.0,0.3509,0,LOW
2026-08-22,S03,P208,test,1.0,0.4318,0,MEDIUM
2026-08-23,S03,P208,test,1.0,0.5147,1,MEDIUM
2026-08-24,S03,P208,test,1.0,0.5157,1,MEDIUM
2026-08-11,S03,P330,test,1.0,0.619,1,MEDIUM
2026-08-12,S03,P330,test,1.0,0.7002,1,HIGH
2026-08-13,S03,P330,test,1.0,0.6979,1,MEDIUM
2026-08-14,S03,P330,test,1.0,0.5537,1,MEDIUM
2026-08-15,S03,P330,test,1.0,0.698,1,MEDIUM
2026-08-16,S03,P330,test,1.0,0.7295,1,HIGH
2026-08-17,S03,P330,test,0.0,0.7248,1,HIGH
2026-08-18,S03,P330,test,0.0,0.7513,1,HIGH
2026-08-19,S03,P330,test,1.0,0.7885,1,HIGH
2026-08-20,S03,P330,test,1.0,0.8136,1,HIGH
2026-08-21,S03,P330,test,1.0,0.8621,1,HIGH
2026-08-22,S03,P330,test,1.0,0.8621,1,HIGH
2026-08-23,S03,P330,test,1.0,0.8566,1,HIGH
2026-08-24,S03,P330,test,1.0,0.8023,1,HIGH
2026-08-11,S03,P331,test,1.0,0.654,1,MEDIUM
2026-08-12,S03,P331,test,1.0,0.6502,1,MEDIUM
2026-08-13,S03,P331,test,0.0,0.5128,1,MEDIUM
2026-08-14,S03,P331,test,0.0,0.3791,0,LOW
2026-08-15,S03,P331,test,0.0,0.4857,0,MEDIUM
2026-08-16,S03,P331,test,0.0,0.322,0,LOW
2026-08-17,S03,P331,test,0.0,0.3791,0,LOW
2026-08-18,S03,P331,test,0.0,0.5215,1,MEDIUM
2026-08-19,S03,P331,test,1.0,0.7545,1,HIGH
2026-08-20,S03,P331,test,1.0,0.796,1,HIGH
2026-08-21,S03,P331,test,1.0,0.796,1,HIGH
2026-08-22,S03,P331,test,1.0,0.8395,1,HIGH
2026-08-23,S03,P331,test,1.0,0.846,1,HIGH
2026-08-24,S03,P331,test,1.0,0.801,1,HIGH
2026-08-11,S03,P333,test,1.0,0.7404,1,HIGH
2026-08-12,S03,P333,test,1.0,0.6955,1,MEDIUM
2026-08-13,S03,P333,test,1.0,0.6245,1,MEDIUM
2026-08-14,S03,P333,test,1.0,0.4875,0,MEDIUM
2026-08-15,S03,P333,test,1.0,0.4507,0,MEDIUM
2026-08-16,S03,P333,test,0.0,0.3355,0,LOW
2026-08-17,S03,P333,test,0.0,0.2537,0,LOW
2026-08-18,S03,P333,test,0.0,0.2742,0,LOW
2026-08-19,S03,P333,test,0.0,0.3868,0,LOW
2026-08-20,S03,P333,test,0.0,0.3051,0,LOW
2026-08-21,S03,P333,test,0.0,0.3446,0,LOW
2026-08-22,S03,P333,test,0.0,0.3509,0,LOW
2026-08-23,S03,P333,test,0.0,0.3446,0,LOW
2026-08-24,S03,P333,test,0.0,0.3088,0,LOW
2026-08-11,S03,P334,test,0.0,0.4425,0,MEDIUM
2026-08-12,S03,P334,test,0.0,0.6055,1,MEDIUM
2026-08-13,S03,P334,test,0.0,0.5504,1,MEDIUM
2026-08-14,S03,P334,test,0.0,0.51,1,MEDIUM
2026-08-15,S03,P334,test,0.0,0.3625,0,LOW
2026-08-16,S03,P334,test,0.0,0.3503,0,LOW
2026-08-17,S03,P334,test,0.0,0.4119,0,MEDIUM
2026-08-18,S03,P334,test,0.0,0.325,0,LOW
2026-08-19,S03,P334,test,1.0,0.5178,1,MEDIUM
2026-08-20,S03,P334,test,1.0,0.5269,1,MEDIUM
2026-08-21,S03,P334,test,1.0,0.4524,0,MEDIUM
2026-08-22,S03,P334,test,1.0,0.5159,1,MEDIUM
2026-08-23,S03,P334,test,1.0,0.5305,1,MEDIUM
2026-08-24,S03,P334,test,1.0,0.5343,1,MEDIUM
2026-08-11,S03,P442,test,0.0,0.6423,1,MEDIUM
2026-08-12,S03,P442,test,0.0,0.6004,1,MEDIUM
2026-08-13,S03,P442,test,0.0,0.4579,0,MEDIUM
2026-08-14,S03,P442,test,0.0,0.5755,1,MEDIUM
2026-08-15,S03,P442,test,0.0,0.5789,1,MEDIUM
2026-08-16,S03,P442,test,0.0,0.7117,1,HIGH
2026-08-17,S03,P442,test,0.0,0.7642,1,HIGH
2026-08-18,S03,P442,test,1.0,0.8289,1,HIGH
2026-08-19,S03,P442,test,1.0,0.8136,1,HIGH
2026-08-20,S03,P442,test,1.0,0.8138,1,HIGH
2026-08-21,S03,P442,test,1.0,0.8556,1,HIGH
2026-08-22,S03,P442,test,1.0,0.834,1,HIGH
2026-08-23,S03,P442,test,1.0,0.7637,1,HIGH
2026-08-24,S03,P442,test,1.0,0.7248,1,HIGH
2026-08-11,S03,P443,test,1.0,0.7588,1,HIGH
2026-08-12,S03,P443,test,1.0,0.8328,1,HIGH
2026-08-13,S03,P443,test,1.0,0.7379,1,HIGH
2026-08-14,S03,P443,test,1.0,0.7341,1,HIGH
2026-08-15,S03,P443,test,1.0,0.7595,1,HIGH
2026-08-16,S03,P443,test,1.0,0.7682,1,HIGH
2026-08-17,S03,P443,test,1.0,0.7848,1,HIGH
2026-08-18,S03,P443,test,1.0,0.8882,1,HIGH
2026-08-19,S03,P443,test,1.0,0.902,1,HIGH
2026-08-20,S03,P443,test,1.0,0.9291,1,HIGH
2026-08-21,S03,P443,test,1.0,0.9401,1,HIGH
2026-08-22,S03,P443,test,1.0,0.9192,1,HIGH
2026-08-23,S03,P443,test,1.0,0.8435,1,HIGH
2026-08-24,S03,P443,test,1.0,0.9097,1,HIGH
2026-08-11,S03,P444,test,1.0,0.7577,1,HIGH
2026-08-12,S03,P444,test,1.0,0.7884,1,HIGH
2026-08-13,S03,P444,test,1.0,0.7884,1,HIGH
2026-08-14,S03,P444,test,0.0,0.7275,1,HIGH
2026-08-15,S03,P444,test,1.0,0.8315,1,HIGH
2026-08-16,S03,P444,test,1.0,0.8713,1,HIGH
2026-08-17,S03,P444,test,1.0,0.8885,1,HIGH
2026-08-18,S03,P444,test,1.0,0.9088,1,HIGH
2026-08-19,S03,P444,test,1.0,0.9244,1,HIGH
2026-08-20,S03,P444,test,1.0,0.9252,1,HIGH
2026-08-21,S03,P444,test,1.0,0.9291,1,HIGH
2026-08-22,S03,P444,test,1.0,0.8882,1,HIGH
2026-08-23,S03,P444,test,1.0,0.8691,1,HIGH
2026-08-24,S03,P444,test,1.0,0.8047,1,HIGH
2026-08-11,S03,P445,test,1.0,0.7551,1,HIGH
2026-08-12,S03,P445,test,1.0,0.8882,1,HIGH
2026-08-13,S03,P445,test,1.0,0.6184,1,MEDIUM
2026-08-14,S03,P445,test,1.0,0.6961,1,MEDIUM
2026-08-15,S03,P445,test,1.0,0.6101,1,MEDIUM
2026-08-16,S03,P445,test,0.0,0.4728,0,MEDIUM
2026-08-17,S03,P445,test,0.0,0.5477,1,MEDIUM
2026-08-18,S03,P445,test,0.0,0.5498,1,MEDIUM
2026-08-19,S03,P445,test,0.0,0.5581,1,MEDIUM
2026-08-20,S03,P445,test,0.0,0.546,1,MEDIUM
2026-08-21,S03,P445,test,0.0,0.6773,1,MEDIUM
2026-08-22,S03,P445,test,0.0,0.6691,1,MEDIUM
2026-08-23,S03,P445,test,0.0,0.6056,1,MEDIUM
2026-08-24,S03,P445,test,0.0,0.6728,1,MEDIUM
2026-08-11,S03,P446,test,1.0,0.7656,1,HIGH
2026-08-12,S03,P446,test,1.0,0.8515,1,HIGH
2026-08-13,S03,P446,test,1.0,0.7988,1,HIGH
2026-08-14,S03,P446,test,1.0,0.8996,1,HIGH
2026-08-15,S03,P446,test,1.0,0.9291,1,HIGH
2026-08-16,S03,P446,test,1.0,0.9244,1,HIGH
2026-08-17,S03,P446,test,1.0,0.8598,1,HIGH
2026-08-18,S03,P446,test,1.0,0.8113,1,HIGH
2026-08-19,S03,P446,test,1.0,0.8901,1,HIGH
2026-08-20,S03,P446,test,1.0,0.8215,1,HIGH
2026-08-21,S03,P446,test,1.0,0.9398,1,HIGH
2026-08-22,S03,P446,test,1.0,0.9401,1,HIGH
2026-08-23,S03,P446,test,1.0,0.9291,1,HIGH
2026-08-24,S03,P446,test,1.0,0.9297,1,HIGH
2026-08-24,S03,P447,test,0.0,0.447,0,MEDIUM
2026-08-11,S03,P501,test,0.0,0.3362,0,LOW
2026-08-12,S03,P501,test,0.0,0.3404,0,LOW
2026-08-13,S03,P501,test,0.0,0.2987,0,LOW
2026-08-14,S03,P501,test,0.0,0.4166,0,MEDIUM
2026-08-15,S03,P501,test,0.0,0.5927,1,MEDIUM
2026-08-16,S03,P501,test,0.0,0.6879,1,MEDIUM
2026-08-17,S03,P501,test,1.0,0.7842,1,HIGH
2026-08-18,S03,P501,test,1.0,0.8747,1,HIGH
2026-08-19,S03,P501,test,1.0,0.812,1,HIGH
2026-08-20,S03,P501,test,1.0,0.8527,1,HIGH
2026-08-21,S03,P501,test,1.0,0.919,1,HIGH
2026-08-22,S03,P501,test,1.0,0.9244,1,HIGH
2026-08-23,S03,P501,test,1.0,0.905,1,HIGH
2026-08-24,S03,P501,test,0.0,0.7759,1,HIGH
2026-08-11,S03,P502,test,0.0,0.3301,0,LOW
2026-08-12,S03,P502,test,0.0,0.216,0,LOW
2026-08-13,S03,P502,test,0.0,0.2447,0,LOW
2026-08-14,S03,P502,test,0.0,0.27,0,LOW
2026-08-15,S03,P502,test,0.0,0.4236,0,MEDIUM
2026-08-16,S03,P502,test,0.0,0.5206,1,MEDIUM
2026-08-17,S03,P502,test,1.0,0.7556,1,HIGH
2026-08-18,S03,P502,test,1.0,0.7863,1,HIGH
2026-08-19,S03,P502,test,1.0,0.8192,1,HIGH
2026-08-20,S03,P502,test,1.0,0.8575,1,HIGH
2026-08-21,S03,P502,test,1.0,0.8208,1,HIGH
2026-08-22,S03,P502,test,1.0,0.8147,1,HIGH
2026-08-23,S03,P502,test,1.0,0.791,1,HIGH
2026-08-24,S03,P502,test,1.0,0.7044,1,HIGH
2026-08-11,S03,P504,test,1.0,0.6923,1,MEDIUM
2026-08-12,S03,P504,test,1.0,0.6932,1,MEDIUM
2026-08-13,S03,P504,test,1.0,0.6639,1,MEDIUM
2026-08-14,S03,P504,test,1.0,0.7493,1,HIGH
2026-08-15,S03,P504,test,1.0,0.8126,1,HIGH
2026-08-16,S03,P504,test,1.0,0.8423,1,HIGH
2026-08-17,S03,P504,test,1.0,0.8767,1,HIGH
2026-08-18,S03,P504,test,1.0,0.8755,1,HIGH
2026-08-19,S03,P504,test,1.0,0.8767,1,HIGH
2026-08-20,S03,P504,test,1.0,0.8335,1,HIGH
2026-08-21,S03,P504,test,1.0,0.7966,1,HIGH
2026-08-22,S03,P504,test,1.0,0.7932,1,HIGH
2026-08-23,S03,P504,test,1.0,0.7327,1,HIGH
2026-08-24,S03,P504,test,1.0,0.7177,1,HIGH
2026-08-11,S03,P505,test,0.0,0.7652,1,HIGH
2026-08-12,S03,P505,test,0.0,0.6245,1,MEDIUM
2026-08-13,S03,P505,test,0.0,0.7365,1,HIGH
2026-08-14,S03,P505,test,0.0,0.8086,1,HIGH
2026-08-15,S03,P505,test,1.0,0.8186,1,HIGH
2026-08-16,S03,P505,test,1.0,0.8219,1,HIGH
2026-08-17,S03,P505,test,1.0,0.8008,1,HIGH
2026-08-18,S03,P505,test,1.0,0.8805,1,HIGH
2026-08-19,S03,P505,test,1.0,0.8156,1,HIGH
2026-08-20,S03,P505,test,1.0,0.8065,1,HIGH
2026-08-21,S03,P505,test,1.0,0.91,1,HIGH
2026-08-22,S03,P505,test,1.0,0.8339,1,HIGH
2026-08-23,S03,P505,test,1.0,0.7797,1,HIGH
2026-08-24,S03,P505,test,1.0,0.7506,1,HIGH
2026-08-11,S03,P506,test,0.0,0.3066,0,LOW
2026-08-12,S03,P506,test,0.0,0.3066,0,LOW
2026-08-13,S03,P506,test,0.0,0.3253,0,LOW
2026-08-14,S03,P506,test,1.0,0.3911,0,LOW
2026-08-15,S03,P506,test,1.0,0.6192,1,MEDIUM
2026-08-16,S03,P506,test,1.0,0.6206,1,MEDIUM
2026-08-17,S03,P506,test,1.0,0.6582,1,MEDIUM
2026-08-18,S03,P506,test,1.0,0.7678,1,HIGH
2026-08-19,S03,P506,test,1.0,0.7023,1,HIGH
2026-08-20,S03,P506,test,1.0,0.8171,1,HIGH
2026-08-21,S03,P506,test,1.0,0.6467,1,MEDIUM
2026-08-22,S03,P506,test,1.0,0.601,1,MEDIUM
2026-08-23,S03,P506,test,1.0,0.6303,1,MEDIUM
2026-08-24,S03,P506,test,1.0,0.5848,1,MEDIUM
2026-08-11,S03,P601,test,0.0,0.2757,0,LOW
2026-08-12,S03,P601,test,0.0,0.2574,0,LOW
2026-08-13,S03,P601,test,0.0,0.2589,0,LOW
2026-08-14,S03,P601,test,0.0,0.2495,0,LOW
2026-08-15,S03,P601,test,0.0,0.2728,0,LOW
2026-08-16,S03,P601,test,0.0,0.4003,0,MEDIUM
2026-08-17,S03,P601,test,0.0,0.4727,0,MEDIUM
2026-08-18,S03,P601,test,1.0,0.4485,0,MEDIUM
2026-08-19,S03,P601,test,1.0,0.4416,0,MEDIUM
2026-08-20,S03,P601,test,1.0,0.485,0,MEDIUM
2026-08-21,S03,P601,test,1.0,0.4374,0,MEDIUM
2026-08-22,S03,P601,test,1.0,0.4993,0,MEDIUM
2026-08-23,S03,P601,test,1.0,0.7239,1,HIGH
2026-08-24,S03,P601,test,1.0,0.8577,1,HIGH
2026-08-11,S03,P602,test,0.0,0.4291,0,MEDIUM
2026-08-12,S03,P602,test,0.0,0.3335,0,LOW
2026-08-13,S03,P602,test,0.0,0.3481,0,LOW
2026-08-14,S03,P602,test,0.0,0.2805,0,LOW
2026-08-15,S03,P602,test,0.0,0.3002,0,LOW
2026-08-16,S03,P602,test,0.0,0.3421,0,LOW
2026-08-17,S03,P602,test,0.0,0.4176,0,MEDIUM
2026-08-18,S03,P602,test,0.0,0.4232,0,MEDIUM
2026-08-19,S03,P602,test,1.0,0.4168,0,MEDIUM
2026-08-20,S03,P602,test,1.0,0.4393,0,MEDIUM
2026-08-21,S03,P602,test,1.0,0.473,0,MEDIUM
2026-08-22,S03,P602,test,1.0,0.4234,0,MEDIUM
2026-08-23,S03,P602,test,1.0,0.6238,1,MEDIUM
2026-08-24,S03,P602,test,1.0,0.7045,1,HIGH
2026-08-11,S03,P603,test,0.0,0.1842,0,LOW
2026-08-12,S03,P603,test,0.0,0.1775,0,LOW
2026-08-13,S03,P603,test,0.0,0.218,0,LOW
2026-08-14,S03,P603,test,0.0,0.208,0,LOW
2026-08-15,S03,P603,test,0.0,0.191,0,LOW
2026-08-16,S03,P603,test,0.0,0.2086,0,LOW
2026-08-17,S03,P603,test,0.0,0.2017,0,LOW
2026-08-18,S03,P603,test,0.0,0.2278,0,LOW
2026-08-19,S03,P603,test,0.0,0.259,0,LOW
2026-08-20,S03,P603,test,0.0,0.2206,0,LOW
2026-08-21,S03,P603,test,0.0,0.2078,0,LOW
2026-08-22,S03,P603,test,0.0,0.2007,0,LOW
2026-08-23,S03,P603,test,0.0,0.2054,0,LOW
2026-08-24,S03,P603,test,0.0,0.2056,0,LOW
2026-08-11,S03,P604,test,0.0,0.383,0,LOW
2026-08-12,S03,P604,test,1.0,0.5443,1,MEDIUM
2026-08-13,S03,P604,test,1.0,0.4544,0,MEDIUM
2026-08-14,S03,P604,test,1.0,0.4584,0,MEDIUM
2026-08-15,S03,P604,test,1.0,0.5457,1,MEDIUM
2026-08-16,S03,P604,test,1.0,0.5085,1,MEDIUM
2026-08-17,S03,P604,test,1.0,0.5142,1,MEDIUM
2026-08-18,S03,P604,test,1.0,0.5784,1,MEDIUM
2026-08-19,S03,P604,test,0.0,0.4784,0,MEDIUM
2026-08-20,S03,P604,test,0.0,0.4307,0,MEDIUM
2026-08-21,S03,P604,test,0.0,0.5711,1,MEDIUM
2026-08-22,S03,P604,test,0.0,0.6009,1,MEDIUM
2026-08-23,S03,P604,test,1.0,0.6183,1,MEDIUM
2026-08-24,S03,P604,test,1.0,0.7712,1,HIGH
2026-08-11,S03,P701,test,1.0,0.7974,1,HIGH
2026-08-12,S03,P701,test,1.0,0.7835,1,HIGH
2026-08-13,S03,P701,test,0.0,0.5253,1,MEDIUM
2026-08-14,S03,P701,test,0.0,0.3906,0,LOW
2026-08-15,S03,P701,test,0.0,0.4063,0,MEDIUM
2026-08-16,S03,P701,test,0.0,0.4602,0,MEDIUM
2026-08-17,S03,P701,test,0.0,0.3002,0,LOW
2026-08-18,S03,P701,test,0.0,0.3791,0,LOW
2026-08-19,S03,P701,test,0.0,0.3608,0,LOW
2026-08-20,S03,P701,test,0.0,0.2904,0,LOW
2026-08-21,S03,P701,test,0.0,0.3816,0,LOW
2026-08-22,S03,P701,test,0.0,0.4469,0,MEDIUM
2026-08-23,S03,P701,test,0.0,0.3326,0,LOW
2026-08-24,S03,P701,test,0.0,0.3649,0,LOW
2026-08-11,S03,P702,test,0.0,0.5142,1,MEDIUM
2026-08-12,S03,P702,test,0.0,0.4839,0,MEDIUM
2026-08-13,S03,P702,test,0.0,0.4839,0,MEDIUM
2026-08-14,S03,P702,test,0.0,0.5507,1,MEDIUM
2026-08-15,S03,P702,test,0.0,0.6767,1,MEDIUM
2026-08-16,S03,P702,test,0.0,0.666,1,MEDIUM
2026-08-17,S03,P702,test,0.0,0.4853,0,MEDIUM
2026-08-18,S03,P702,test,0.0,0.3949,0,LOW
2026-08-19,S03,P702,test,0.0,0.3574,0,LOW
2026-08-20,S03,P702,test,0.0,0.334,0,LOW
2026-08-21,S03,P702,test,0.0,0.3602,0,LOW
2026-08-22,S03,P702,test,0.0,0.3617,0,LOW
2026-08-23,S03,P702,test,1.0,0.3806,0,LOW
2026-08-24,S03,P702,test,1.0,0.4066,0,MEDIUM
2026-08-11,S03,P703,test,0.0,0.2879,0,LOW
2026-08-12,S03,P703,test,0.0,0.2404,0,LOW
2026-08-13,S03,P703,test,0.0,0.2742,0,LOW
2026-08-14,S03,P703,test,0.0,0.2292,0,LOW
2026-08-15,S03,P703,test,0.0,0.259,0,LOW
2026-08-16,S03,P703,test,0.0,0.2262,0,LOW
2026-08-17,S03,P703,test,0.0,0.218,0,LOW
2026-08-18,S03,P703,test,0.0,0.2517,0,LOW
2026-08-19,S03,P703,test,0.0,0.3088,0,LOW
2026-08-20,S03,P703,test,0.0,0.3269,0,LOW
2026-08-21,S03,P703,test,0.0,0.3446,0,LOW
2026-08-22,S03,P703,test,0.0,0.4809,0,MEDIUM
2026-08-23,S03,P703,test,0.0,0.5707,1,MEDIUM
2026-08-24,S03,P703,test,0.0,0.746,1,HIGH
2026-08-11,S03,P704,test,1.0,0.7721,1,HIGH
2026-08-12,S03,P704,test,1.0,0.8065,1,HIGH
2026-08-13,S03,P704,test,1.0,0.7986,1,HIGH
2026-08-14,S03,P704,test,1.0,0.871,1,HIGH
2026-08-15,S03,P704,test,1.0,0.7899,1,HIGH
2026-08-16,S03,P704,test,1.0,0.8988,1,HIGH
2026-08-17,S03,P704,test,1.0,0.8897,1,HIGH
2026-08-18,S03,P704,test,1.0,0.8897,1,HIGH
2026-08-19,S03,P704,test,1.0,0.8882,1,HIGH
2026-08-20,S03,P704,test,1.0,0.8075,1,HIGH
2026-08-21,S03,P704,test,1.0,0.8177,1,HIGH
2026-08-22,S03,P704,test,0.0,0.5794,1,MEDIUM
2026-08-23,S03,P704,test,0.0,0.5062,1,MEDIUM
2026-08-24,S03,P704,test,0.0,0.533,1,MEDIUM
2026-08-20,S03,P705,test,1.0,0.4847,0,MEDIUM
2026-08-21,S03,P705,test,1.0,0.5489,1,MEDIUM
2026-08-22,S03,P705,test,1.0,0.7645,1,HIGH
2026-08-23,S03,P705,test,1.0,0.8079,1,HIGH
2026-08-24,S03,P705,test,1.0,0.8741,1,HIGH
2026-08-11,S04,P101,test,0.0,0.1038,0,LOW
2026-08-12,S04,P101,test,0.0,0.1038,0,LOW
2026-08-13,S04,P101,test,0.0,0.1038,0,LOW
2026-08-14,S04,P101,test,0.0,0.1327,0,LOW
2026-08-15,S04,P101,test,0.0,0.1459,0,LOW
2026-08-16,S04,P101,test,0.0,0.2053,0,LOW
2026-08-17,S04,P101,test,0.0,0.2314,0,LOW
2026-08-18,S04,P101,test,0.0,0.249,0,LOW
2026-08-19,S04,P101,test,0.0,0.2334,0,LOW
2026-08-20,S04,P101,test,0.0,0.2309,0,LOW
2026-08-21,S04,P101,test,0.0,0.2147,0,LOW
2026-08-22,S04,P101,test,0.0,0.2006,0,LOW
2026-08-23,S04,P101,test,0.0,0.2174,0,LOW
2026-08-24,S04,P101,test,0.0,0.2311,0,LOW
2026-08-11,S04,P102,test,0.0,0.0578,0,LOW
2026-08-12,S04,P102,test,0.0,0.0578,0,LOW
2026-08-13,S04,P102,test,0.0,0.0578,0,LOW
2026-08-14,S04,P102,test,0.0,0.081,0,LOW
2026-08-15,S04,P102,test,0.0,0.1038,0,LOW
2026-08-16,S04,P102,test,0.0,0.1405,0,LOW
2026-08-17,S04,P102,test,0.0,0.1405,0,LOW
2026-08-18,S04,P102,test,0.0,0.189,0,LOW
2026-08-19,S04,P102,test,0.0,0.1668,0,LOW
2026-08-20,S04,P102,test,0.0,0.194,0,LOW
2026-08-21,S04,P102,test,0.0,0.1799,0,LOW
2026-08-22,S04,P102,test,0.0,0.189,0,LOW
2026-08-23,S04,P102,test,0.0,0.1847,0,LOW
2026-08-24,S04,P102,test,0.0,0.1671,0,LOW
2026-08-11,S04,P104,test,0.0,0.1405,0,LOW
2026-08-12,S04,P104,test,0.0,0.1405,0,LOW
2026-08-13,S04,P104,test,0.0,0.1038,0,LOW
2026-08-14,S04,P104,test,0.0,0.1116,0,LOW
2026-08-15,S04,P104,test,0.0,0.1535,0,LOW
2026-08-16,S04,P104,test,0.0,0.1728,0,LOW
2026-08-17,S04,P104,test,0.0,0.153,0,LOW
2026-08-18,S04,P104,test,0.0,0.1533,0,LOW
2026-08-19,S04,P104,test,0.0,0.1875,0,LOW
2026-08-20,S04,P104,test,0.0,0.1875,0,LOW
2026-08-21,S04,P104,test,0.0,0.1875,0,LOW
2026-08-22,S04,P104,test,0.0,0.1875,0,LOW
2026-08-23,S04,P104,test,0.0,0.153,0,LOW
2026-08-24,S04,P104,test,0.0,0.153,0,LOW
2026-08-11,S04,P105,test,0.0,0.1381,0,LOW
2026-08-12,S04,P105,test,0.0,0.1459,0,LOW
2026-08-13,S04,P105,test,0.0,0.1543,0,LOW
2026-08-14,S04,P105,test,0.0,0.1668,0,LOW
2026-08-15,S04,P105,test,0.0,0.218,0,LOW
2026-08-16,S04,P105,test,0.0,0.2665,0,LOW
2026-08-17,S04,P105,test,0.0,0.2637,0,LOW
2026-08-18,S04,P105,test,0.0,0.2742,0,LOW
2026-08-19,S04,P105,test,0.0,0.2742,0,LOW
2026-08-20,S04,P105,test,0.0,0.2742,0,LOW
2026-08-21,S04,P105,test,0.0,0.2805,0,LOW
2026-08-22,S04,P105,test,0.0,0.3149,0,LOW
2026-08-23,S04,P105,test,0.0,0.2847,0,LOW
2026-08-24,S04,P105,test,0.0,0.257,0,LOW
2026-08-11,S04,P205,test,0.0,0.3038,0,LOW
2026-08-12,S04,P205,test,0.0,0.4463,0,MEDIUM
2026-08-13,S04,P205,test,0.0,0.2193,0,LOW
2026-08-14,S04,P205,test,0.0,0.1668,0,LOW
2026-08-15,S04,P205,test,0.0,0.1728,0,LOW
2026-08-16,S04,P205,test,0.0,0.2574,0,LOW
2026-08-17,S04,P205,test,0.0,0.2285,0,LOW
2026-08-18,S04,P205,test,0.0,0.1997,0,LOW
2026-08-19,S04,P205,test,0.0,0.1997,0,LOW
2026-08-20,S04,P205,test,0.0,0.1903,0,LOW
2026-08-21,S04,P205,test,1.0,0.2736,0,LOW
2026-08-22,S04,P205,test,1.0,0.2915,0,LOW
2026-08-23,S04,P205,test,1.0,0.295,0,LOW
2026-08-24,S04,P205,test,1.0,0.2439,0,LOW
2026-08-11,S04,P206,test,0.0,0.153,0,LOW
2026-08-12,S04,P206,test,0.0,0.153,0,LOW
2026-08-13,S04,P206,test,0.0,0.1533,0,LOW
2026-08-14,S04,P206,test,0.0,0.1389,0,LOW
2026-08-15,S04,P206,test,0.0,0.153,0,LOW
2026-08-16,S04,P206,test,0.0,0.159,0,LOW
2026-08-17,S04,P206,test,0.0,0.1737,0,LOW
2026-08-18,S04,P206,test,0.0,0.1791,0,LOW
2026-08-19,S04,P206,test,0.0,0.159,0,LOW
2026-08-20,S04,P206,test,0.0,0.1627,0,LOW
2026-08-21,S04,P206,test,0.0,0.159,0,LOW
2026-08-22,S04,P206,test,0.0,0.1791,0,LOW
2026-08-23,S04,P206,test,0.0,0.1737,0,LOW
2026-08-24,S04,P206,test,0.0,0.2001,0,LOW
2026-08-11,S04,P207,test,0.0,0.1584,0,LOW
2026-08-12,S04,P207,test,0.0,0.1587,0,LOW
2026-08-13,S04,P207,test,0.0,0.1668,0,LOW
2026-08-14,S04,P207,test,0.0,0.2058,0,LOW
2026-08-15,S04,P207,test,0.0,0.2136,0,LOW
2026-08-16,S04,P207,test,0.0,0.2451,0,LOW
2026-08-17,S04,P207,test,0.0,0.2701,0,LOW
2026-08-18,S04,P207,test,0.0,0.2805,0,LOW
2026-08-19,S04,P207,test,0.0,0.257,0,LOW
2026-08-20,S04,P207,test,0.0,0.2555,0,LOW
2026-08-21,S04,P207,test,0.0,0.257,0,LOW
2026-08-22,S04,P207,test,0.0,0.2595,0,LOW
2026-08-23,S04,P207,test,0.0,0.2068,0,LOW
2026-08-24,S04,P207,test,0.0,0.1904,0,LOW
2026-08-11,S04,P208,test,1.0,0.2742,0,LOW
2026-08-12,S04,P208,test,0.0,0.2548,0,LOW
2026-08-13,S04,P208,test,0.0,0.23,0,LOW
2026-08-14,S04,P208,test,0.0,0.2323,0,LOW
2026-08-15,S04,P208,test,0.0,0.3035,0,LOW
2026-08-16,S04,P208,test,0.0,0.3063,0,LOW
2026-08-17,S04,P208,test,0.0,0.3447,0,LOW
2026-08-18,S04,P208,test,0.0,0.4211,0,MEDIUM
2026-08-19,S04,P208,test,0.0,0.3615,0,LOW
2026-08-20,S04,P208,test,0.0,0.3187,0,LOW
2026-08-21,S04,P208,test,0.0,0.2797,0,LOW
2026-08-22,S04,P208,test,0.0,0.2159,0,LOW
2026-08-23,S04,P208,test,0.0,0.2379,0,LOW
2026-08-24,S04,P208,test,0.0,0.3087,0,LOW
2026-08-11,S04,P330,test,0.0,0.3088,0,LOW
2026-08-12,S04,P330,test,0.0,0.3792,0,LOW
2026-08-13,S04,P330,test,0.0,0.2904,0,LOW
2026-08-14,S04,P330,test,0.0,0.2161,0,LOW
2026-08-15,S04,P330,test,0.0,0.2164,0,LOW
2026-08-16,S04,P330,test,0.0,0.1899,0,LOW
2026-08-17,S04,P330,test,0.0,0.2135,0,LOW
2026-08-18,S04,P330,test,0.0,0.1728,0,LOW
2026-08-19,S04,P330,test,0.0,0.1985,0,LOW
2026-08-20,S04,P330,test,0.0,0.2189,0,LOW
2026-08-21,S04,P330,test,0.0,0.2122,0,LOW
2026-08-22,S04,P330,test,0.0,0.2144,0,LOW
2026-08-23,S04,P330,test,0.0,0.2097,0,LOW
2026-08-24,S04,P330,test,0.0,0.2255,0,LOW
2026-08-11,S04,P331,test,0.0,0.3142,0,LOW
2026-08-12,S04,P331,test,0.0,0.2833,0,LOW
2026-08-13,S04,P331,test,0.0,0.2319,0,LOW
2026-08-14,S04,P331,test,0.0,0.1728,0,LOW
2026-08-15,S04,P331,test,0.0,0.1673,0,LOW
2026-08-16,S04,P331,test,0.0,0.1775,0,LOW
2026-08-17,S04,P331,test,0.0,0.1875,0,LOW
2026-08-18,S04,P331,test,0.0,0.1728,0,LOW
2026-08-19,S04,P331,test,0.0,0.1957,0,LOW
2026-08-20,S04,P331,test,0.0,0.2142,0,LOW
2026-08-21,S04,P331,test,0.0,0.2097,0,LOW
2026-08-22,S04,P331,test,0.0,0.2004,0,LOW
2026-08-23,S04,P331,test,0.0,0.205,0,LOW
2026-08-24,S04,P331,test,0.0,0.2045,0,LOW
2026-08-11,S04,P332,test,1.0,0.5458,1,MEDIUM
2026-08-12,S04,P332,test,1.0,0.5689,1,MEDIUM
2026-08-13,S04,P332,test,1.0,0.4428,0,MEDIUM
2026-08-14,S04,P332,test,1.0,0.3265,0,LOW
2026-08-15,S04,P332,test,1.0,0.3193,0,LOW
2026-08-16,S04,P332,test,0.0,0.3711,0,LOW
2026-08-17,S04,P332,test,0.0,0.2478,0,LOW
2026-08-18,S04,P332,test,0.0,0.2287,0,LOW
2026-08-19,S04,P332,test,0.0,0.2742,0,LOW
2026-08-20,S04,P332,test,0.0,0.2387,0,LOW
2026-08-21,S04,P332,test,0.0,0.3051,0,LOW
2026-08-22,S04,P332,test,0.0,0.2904,0,LOW
2026-08-23,S04,P332,test,0.0,0.3509,0,LOW
2026-08-24,S04,P332,test,0.0,0.284,0,LOW
2026-08-11,S04,P333,test,0.0,0.2097,0,LOW
2026-08-12,S04,P333,test,0.0,0.2097,0,LOW
2026-08-13,S04,P333,test,0.0,0.1998,0,LOW
2026-08-14,S04,P333,test,0.0,0.1875,0,LOW
2026-08-15,S04,P333,test,0.0,0.1535,0,LOW
2026-08-16,S04,P333,test,0.0,0.1459,0,LOW
2026-08-17,S04,P333,test,0.0,0.1116,0,LOW
2026-08-18,S04,P333,test,0.0,0.1038,0,LOW
2026-08-19,S04,P333,test,0.0,0.1038,0,LOW
2026-08-20,S04,P333,test,0.0,0.1038,0,LOW
2026-08-21,S04,P333,test,0.0,0.1038,0,LOW
2026-08-22,S04,P333,test,0.0,0.1092,0,LOW
2026-08-23,S04,P333,test,0.0,0.1038,0,LOW
2026-08-24,S04,P333,test,0.0,0.1543,0,LOW
2026-08-11,S04,P334,test,0.0,0.2847,0,LOW
2026-08-12,S04,P334,test,0.0,0.3509,0,LOW
2026-08-13,S04,P334,test,0.0,0.2303,0,LOW
2026-08-14,S04,P334,test,0.0,0.2384,0,LOW
2026-08-15,S04,P334,test,0.0,0.2805,0,LOW
2026-08-16,S04,P334,test,0.0,0.1844,0,LOW
2026-08-17,S04,P334,test,0.0,0.2574,0,LOW
2026-08-18,S04,P334,test,1.0,0.3569,0,LOW
2026-08-19,S04,P334,test,1.0,0.4109,0,MEDIUM
2026-08-20,S04,P334,test,1.0,0.4626,0,MEDIUM
2026-08-21,S04,P334,test,1.0,0.5417,1,MEDIUM
2026-08-22,S04,P334,test,1.0,0.5382,1,MEDIUM
2026-08-23,S04,P334,test,1.0,0.476,0,MEDIUM
2026-08-24,S04,P334,test,1.0,0.4752,0,MEDIUM
2026-08-11,S04,P442,test,0.0,0.3986,0,LOW
2026-08-12,S04,P442,test,0.0,0.3404,0,LOW
2026-08-13,S04,P442,test,0.0,0.3251,0,LOW
2026-08-14,S04,P442,test,0.0,0.3375,0,LOW
2026-08-15,S04,P442,test,0.0,0.2842,0,LOW
2026-08-16,S04,P442,test,0.0,0.3548,0,LOW
2026-08-17,S04,P442,test,0.0,0.3858,0,LOW
2026-08-18,S04,P442,test,1.0,0.5572,1,MEDIUM
2026-08-19,S04,P442,test,1.0,0.5799,1,MEDIUM
2026-08-20,S04,P442,test,1.0,0.5991,1,MEDIUM
2026-08-21,S04,P442,test,1.0,0.559,1,MEDIUM
2026-08-22,S04,P442,test,1.0,0.5219,1,MEDIUM
2026-08-23,S04,P442,test,1.0,0.5539,1,MEDIUM
2026-08-24,S04,P442,test,1.0,0.5603,1,MEDIUM
2026-08-11,S04,P443,test,0.0,0.1904,0,LOW
2026-08-12,S04,P443,test,0.0,0.3906,0,LOW
2026-08-13,S04,P443,test,0.0,0.3752,0,LOW
2026-08-14,S04,P443,test,0.0,0.3895,0,LOW
2026-08-15,S04,P443,test,0.0,0.5469,1,MEDIUM
2026-08-16,S04,P443,test,1.0,0.6385,1,MEDIUM
2026-08-17,S04,P443,test,1.0,0.67,1,MEDIUM
2026-08-18,S04,P443,test,1.0,0.6741,1,MEDIUM
2026-08-19,S04,P443,test,1.0,0.8132,1,HIGH
2026-08-20,S04,P443,test,1.0,0.8722,1,HIGH
2026-08-21,S04,P443,test,1.0,0.847,1,HIGH
2026-08-22,S04,P443,test,1.0,0.4775,0,MEDIUM
2026-08-23,S04,P443,test,0.0,0.3404,0,LOW
2026-08-24,S04,P443,test,0.0,0.2538,0,LOW
2026-08-11,S04,P446,test,0.0,0.2313,0,LOW
2026-08-12,S04,P446,test,0.0,0.1673,0,LOW
2026-08-13,S04,P446,test,0.0,0.1728,0,LOW
2026-08-14,S04,P446,test,0.0,0.1671,0,LOW
2026-08-15,S04,P446,test,0.0,0.1668,0,LOW
2026-08-16,S04,P446,test,0.0,0.1797,0,LOW
2026-08-17,S04,P446,test,0.0,0.2161,0,LOW
2026-08-18,S04,P446,test,0.0,0.2538,0,LOW
2026-08-19,S04,P446,test,0.0,0.2303,0,LOW
2026-08-20,S04,P446,test,0.0,0.2588,0,LOW
2026-08-21,S04,P446,test,0.0,0.3319,0,LOW
2026-08-22,S04,P446,test,0.0,0.2467,0,LOW
2026-08-23,S04,P446,test,0.0,0.2179,0,LOW
2026-08-24,S04,P446,test,0.0,0.2213,0,LOW
2026-08-24,S04,P447,test,0.0,0.2351,0,LOW
2026-08-11,S04,P501,test,0.0,0.1838,0,LOW
2026-08-12,S04,P501,test,0.0,0.1668,0,LOW
2026-08-13,S04,P501,test,0.0,0.189,0,LOW
2026-08-14,S04,P501,test,0.0,0.2742,0,LOW
2026-08-15,S04,P501,test,0.0,0.2669,0,LOW
2026-08-16,S04,P501,test,0.0,0.2862,0,LOW
2026-08-17,S04,P501,test,0.0,0.3151,0,LOW
2026-08-18,S04,P501,test,0.0,0.3605,0,LOW
2026-08-19,S04,P501,test,0.0,0.3355,0,LOW
2026-08-20,S04,P501,test,0.0,0.3503,0,LOW
2026-08-21,S04,P501,test,0.0,0.3811,0,LOW
2026-08-22,S04,P501,test,0.0,0.3509,0,LOW
2026-08-23,S04,P501,test,0.0,0.3446,0,LOW
2026-08-24,S04,P501,test,0.0,0.3088,0,LOW
2026-08-11,S04,P502,test,0.0,0.1668,0,LOW
2026-08-12,S04,P502,test,0.0,0.1673,0,LOW
2026-08-13,S04,P502,test,0.0,0.2283,0,LOW
2026-08-14,S04,P502,test,0.0,0.2103,0,LOW
2026-08-15,S04,P502,test,0.0,0.2736,0,LOW
2026-08-16,S04,P502,test,0.0,0.4463,0,MEDIUM
2026-08-17,S04,P502,test,1.0,0.4839,0,MEDIUM
2026-08-18,S04,P502,test,1.0,0.5372,1,MEDIUM
2026-08-19,S04,P502,test,1.0,0.5797,1,MEDIUM
2026-08-20,S04,P502,test,1.0,0.6362,1,MEDIUM
2026-08-21,S04,P502,test,1.0,0.6649,1,MEDIUM
2026-08-22,S04,P502,test,1.0,0.6507,1,MEDIUM
2026-08-23,S04,P502,test,1.0,0.703,1,HIGH
2026-08-24,S04,P502,test,0.0,0.4578,0,MEDIUM
2026-08-11,S04,P503,test,0.0,0.414,0,MEDIUM
2026-08-12,S04,P503,test,0.0,0.3873,0,LOW
2026-08-13,S04,P503,test,0.0,0.3395,0,LOW
2026-08-14,S04,P503,test,0.0,0.3323,0,LOW
2026-08-15,S04,P503,test,0.0,0.2665,0,LOW
2026-08-16,S04,P503,test,1.0,0.3895,0,LOW
2026-08-17,S04,P503,test,1.0,0.5326,1,MEDIUM
2026-08-18,S04,P503,test,1.0,0.5889,1,MEDIUM
2026-08-19,S04,P503,test,1.0,0.609,1,MEDIUM
2026-08-20,S04,P503,test,1.0,0.6126,1,MEDIUM
2026-08-21,S04,P503,test,1.0,0.6196,1,MEDIUM
2026-08-22,S04,P503,test,1.0,0.6127,1,MEDIUM
2026-08-23,S04,P503,test,1.0,0.6617,1,MEDIUM
2026-08-24,S04,P503,test,1.0,0.5244,1,MEDIUM
2026-08-11,S04,P504,test,0.0,0.1584,0,LOW
2026-08-12,S04,P504,test,0.0,0.1584,0,LOW
2026-08-13,S04,P504,test,0.0,0.1405,0,LOW
2026-08-14,S04,P504,test,0.0,0.1718,0,LOW
2026-08-15,S04,P504,test,0.0,0.1668,0,LOW
2026-08-16,S04,P504,test,0.0,0.1849,0,LOW
2026-08-17,S04,P504,test,0.0,0.209,0,LOW
2026-08-18,S04,P504,test,0.0,0.3227,0,LOW
2026-08-19,S04,P504,test,0.0,0.3552,0,LOW
2026-08-20,S04,P504,test,0.0,0.1995,0,LOW
2026-08-21,S04,P504,test,0.0,0.1918,0,LOW
2026-08-22,S04,P504,test,0.0,0.2438,0,LOW
2026-08-23,S04,P504,test,0.0,0.283,0,LOW
2026-08-24,S04,P504,test,0.0,0.2737,0,LOW
2026-08-11,S04,P505,test,0.0,0.2665,0,LOW
2026-08-12,S04,P505,test,0.0,0.3509,0,LOW
2026-08-13,S04,P505,test,1.0,0.6043,1,MEDIUM
2026-08-14,S04,P505,test,1.0,0.5988,1,MEDIUM
2026-08-15,S04,P505,test,1.0,0.7821,1,HIGH
2026-08-16,S04,P505,test,1.0,0.8226,1,HIGH
2026-08-17,S04,P505,test,1.0,0.7694,1,HIGH
2026-08-18,S04,P505,test,1.0,0.91,1,HIGH
2026-08-19,S04,P505,test,1.0,0.9294,1,HIGH
2026-08-20,S04,P505,test,1.0,0.8626,1,HIGH
2026-08-21,S04,P505,test,1.0,0.905,1,HIGH
2026-08-22,S04,P505,test,1.0,0.7217,1,HIGH
2026-08-23,S04,P505,test,1.0,0.5972,1,MEDIUM
2026-08-24,S04,P505,test,1.0,0.477,0,MEDIUM
2026-08-11,S04,P506,test,0.0,0.1038,0,LOW
2026-08-12,S04,P506,test,0.0,0.0926,0,LOW
2026-08-13,S04,P506,test,0.0,0.1038,0,LOW
2026-08-14,S04,P506,test,0.0,0.1038,0,LOW
2026-08-15,S04,P506,test,0.0,0.1405,0,LOW
2026-08-16,S04,P506,test,0.0,0.153,0,LOW
2026-08-17,S04,P506,test,0.0,0.1867,0,LOW
2026-08-18,S04,P506,test,0.0,0.1716,0,LOW
2026-08-19,S04,P506,test,0.0,0.1881,0,LOW
2026-08-20,S04,P506,test,0.0,0.1721,0,LOW
2026-08-21,S04,P506,test,0.0,0.2114,0,LOW
2026-08-22,S04,P506,test,0.0,0.1716,0,LOW
2026-08-23,S04,P506,test,0.0,0.1584,0,LOW
2026-08-24,S04,P506,test,0.0,0.1631,0,LOW
2026-08-11,S04,P601,test,0.0,0.1459,0,LOW
2026-08-12,S04,P601,test,0.0,0.1405,0,LOW
2026-08-13,S04,P601,test,0.0,0.1668,0,LOW
2026-08-14,S04,P601,test,0.0,0.1668,0,LOW
2026-08-15,S04,P601,test,0.0,0.1543,0,LOW
2026-08-16,S04,P601,test,0.0,0.1668,0,LOW
2026-08-17,S04,P601,test,0.0,0.1668,0,LOW
2026-08-18,S04,P601,test,0.0,0.1915,0,LOW
2026-08-19,S04,P601,test,0.0,0.1671,0,LOW
2026-08-20,S04,P601,test,0.0,0.1918,0,LOW
2026-08-21,S04,P601,test,0.0,0.2637,0,LOW
2026-08-22,S04,P601,test,0.0,0.3081,0,LOW
2026-08-23,S04,P601,test,0.0,0.4342,0,MEDIUM
2026-08-24,S04,P601,test,0.0,0.5612,1,MEDIUM
2026-08-11,S04,P603,test,0.0,0.1797,0,LOW
2026-08-12,S04,P603,test,0.0,0.1584,0,LOW
2026-08-13,S04,P603,test,0.0,0.1405,0,LOW
2026-08-14,S04,P603,test,0.0,0.153,0,LOW
2026-08-15,S04,P603,test,0.0,0.153,0,LOW
2026-08-16,S04,P603,test,0.0,0.1543,0,LOW
2026-08-17,S04,P603,test,0.0,0.1543,0,LOW
2026-08-18,S04,P603,test,0.0,0.1668,0,LOW
2026-08-19,S04,P603,test,0.0,0.1668,0,LOW
2026-08-20,S04,P603,test,0.0,0.2837,0,LOW
2026-08-21,S04,P603,test,0.0,0.3509,0,LOW
2026-08-22,S04,P603,test,1.0,0.6527,1,MEDIUM
2026-08-23,S04,P603,test,1.0,0.6804,1,MEDIUM
2026-08-24,S04,P603,test,1.0,0.8275,1,HIGH
2026-08-11,S04,P604,test,0.0,0.2875,0,LOW
2026-08-12,S04,P604,test,0.0,0.2742,0,LOW
2026-08-13,S04,P604,test,0.0,0.3058,0,LOW
2026-08-14,S04,P604,test,0.0,0.3192,0,LOW
2026-08-15,S04,P604,test,0.0,0.343,0,LOW
2026-08-16,S04,P604,test,0.0,0.3713,0,LOW
2026-08-17,S04,P604,test,0.0,0.4134,0,MEDIUM
2026-08-18,S04,P604,test,0.0,0.5417,1,MEDIUM
2026-08-19,S04,P604,test,1.0,0.5918,1,MEDIUM
2026-08-20,S04,P604,test,1.0,0.6104,1,MEDIUM
2026-08-21,S04,P604,test,1.0,0.6359,1,MEDIUM
2026-08-22,S04,P604,test,1.0,0.6339,1,MEDIUM
2026-08-23,S04,P604,test,1.0,0.6087,1,MEDIUM
2026-08-24,S04,P604,test,1.0,0.5697,1,MEDIUM
2026-08-11,S04,P701,test,0.0,0.1799,0,LOW
2026-08-12,S04,P701,test,0.0,0.2408,0,LOW
2026-08-13,S04,P701,test,0.0,0.1668,0,LOW
2026-08-14,S04,P701,test,0.0,0.1668,0,LOW
2026-08-15,S04,P701,test,0.0,0.1893,0,LOW
2026-08-16,S04,P701,test,0.0,0.1668,0,LOW
2026-08-17,S04,P701,test,0.0,0.1673,0,LOW
2026-08-18,S04,P701,test,0.0,0.1856,0,LOW
2026-08-19,S04,P701,test,0.0,0.195,0,LOW
2026-08-20,S04,P701,test,0.0,0.236,0,LOW
2026-08-21,S04,P701,test,0.0,0.2226,0,LOW
2026-08-22,S04,P701,test,0.0,0.224,0,LOW
2026-08-23,S04,P701,test,0.0,0.2327,0,LOW
2026-08-24,S04,P701,test,0.0,0.4052,0,MEDIUM
2026-08-11,S04,P702,test,0.0,0.1786,0,LOW
2026-08-12,S04,P702,test,0.0,0.1847,0,LOW
2026-08-13,S04,P702,test,0.0,0.1671,0,LOW
2026-08-14,S04,P702,test,0.0,0.2182,0,LOW
2026-08-15,S04,P702,test,0.0,0.2549,0,LOW
2026-08-16,S04,P702,test,0.0,0.2327,0,LOW
2026-08-17,S04,P702,test,0.0,0.211,0,LOW
2026-08-18,S04,P702,test,0.0,0.2174,0,LOW
2026-08-19,S04,P702,test,0.0,0.3063,0,LOW
2026-08-20,S04,P702,test,0.0,0.2527,0,LOW
2026-08-21,S04,P702,test,0.0,0.3151,0,LOW
2026-08-22,S04,P702,test,1.0,0.3883,0,LOW
2026-08-23,S04,P702,test,1.0,0.5777,1,MEDIUM
2026-08-24,S04,P702,test,1.0,0.5444,1,MEDIUM
2026-08-11,S04,P703,test,0.0,0.1668,0,LOW
2026-08-12,S04,P703,test,0.0,0.2527,0,LOW
2026-08-13,S04,P703,test,0.0,0.1937,0,LOW
2026-08-14,S04,P703,test,0.0,0.1913,0,LOW
2026-08-15,S04,P703,test,0.0,0.2118,0,LOW
2026-08-16,S04,P703,test,0.0,0.2659,0,LOW
2026-08-17,S04,P703,test,0.0,0.2423,0,LOW
2026-08-18,S04,P703,test,0.0,0.1916,0,LOW
2026-08-19,S04,P703,test,0.0,0.2333,0,LOW
2026-08-20,S04,P703,test,0.0,0.1668,0,LOW
2026-08-21,S04,P703,test,0.0,0.1668,0,LOW
2026-08-22,S04,P703,test,0.0,0.1668,0,LOW
2026-08-23,S04,P703,test,0.0,0.1668,0,LOW
2026-08-24,S04,P703,test,0.0,0.1668,0,LOW
2026-08-11,S04,P704,test,0.0,0.2539,0,LOW
2026-08-12,S04,P704,test,0.0,0.2079,0,LOW
2026-08-13,S04,P704,test,0.0,0.189,0,LOW
2026-08-14,S04,P704,test,0.0,0.2353,0,LOW
2026-08-15,S04,P704,test,0.0,0.2423,0,LOW
2026-08-16,S04,P704,test,0.0,0.2945,0,LOW
2026-08-17,S04,P704,test,0.0,0.2319,0,LOW
2026-08-18,S04,P704,test,0.0,0.2492,0,LOW
2026-08-19,S04,P704,test,0.0,0.3017,0,LOW
2026-08-20,S04,P704,test,0.0,0.335,0,LOW
2026-08-21,S04,P704,test,0.0,0.3424,0,LOW
2026-08-22,S04,P704,test,0.0,0.3634,0,LOW
2026-08-23,S04,P704,test,0.0,0.3255,0,LOW
2026-08-24,S04,P704,test,0.0,0.2984,0,LOW
2026-08-20,S04,P705,test,0.0,0.2005,0,LOW
2026-08-21,S04,P705,test,0.0,0.2159,0,LOW
2026-08-22,S04,P705,test,0.0,0.2408,0,LOW
2026-08-23,S04,P705,test,0.0,0.2742,0,LOW
2026-08-24,S04,P705,test,0.0,0.2098,0,LOW
2026-08-11,S05,P101,test,0.0,0.1023,0,LOW
2026-08-12,S05,P101,test,0.0,0.1084,0,LOW
2026-08-13,S05,P101,test,0.0,0.1023,0,LOW
2026-08-14,S05,P101,test,0.0,0.1208,0,LOW
2026-08-15,S05,P101,test,0.0,0.1792,0,LOW
2026-08-16,S05,P101,test,0.0,0.228,0,LOW
2026-08-17,S05,P101,test,0.0,0.2425,0,LOW
2026-08-18,S05,P101,test,0.0,0.218,0,LOW
2026-08-19,S05,P101,test,0.0,0.2401,0,LOW
2026-08-20,S05,P101,test,0.0,0.2327,0,LOW
2026-08-21,S05,P101,test,0.0,0.2078,0,LOW
2026-08-22,S05,P101,test,0.0,0.2064,0,LOW
2026-08-23,S05,P101,test,0.0,0.2111,0,LOW
2026-08-24,S05,P101,test,0.0,0.2005,0,LOW
2026-08-11,S05,P102,test,0.0,0.0885,0,LOW
2026-08-12,S05,P102,test,0.0,0.1327,0,LOW
2026-08-13,S05,P102,test,0.0,0.1615,0,LOW
2026-08-14,S05,P102,test,0.0,0.228,0,LOW
2026-08-15,S05,P102,test,0.0,0.239,0,LOW
2026-08-16,S05,P102,test,0.0,0.27,0,LOW
2026-08-17,S05,P102,test,0.0,0.2664,0,LOW
2026-08-18,S05,P102,test,0.0,0.239,0,LOW
2026-08-19,S05,P102,test,0.0,0.2577,0,LOW
2026-08-20,S05,P102,test,0.0,0.2514,0,LOW
2026-08-21,S05,P102,test,0.0,0.2347,0,LOW
2026-08-22,S05,P102,test,0.0,0.2447,0,LOW
2026-08-23,S05,P102,test,0.0,0.1881,0,LOW
2026-08-24,S05,P102,test,0.0,0.172,0,LOW
2026-08-11,S05,P103,test,0.0,0.186,0,LOW
2026-08-12,S05,P103,test,0.0,0.1688,0,LOW
2026-08-13,S05,P103,test,0.0,0.2053,0,LOW
2026-08-14,S05,P103,test,1.0,0.3803,0,LOW
2026-08-15,S05,P103,test,1.0,0.4095,0,MEDIUM
2026-08-16,S05,P103,test,1.0,0.4368,0,MEDIUM
2026-08-17,S05,P103,test,1.0,0.5939,1,MEDIUM
2026-08-18,S05,P103,test,1.0,0.6387,1,MEDIUM
2026-08-19,S05,P103,test,1.0,0.5675,1,MEDIUM
2026-08-20,S05,P103,test,1.0,0.5893,1,MEDIUM
2026-08-21,S05,P103,test,1.0,0.6401,1,MEDIUM
2026-08-22,S05,P103,test,0.0,0.6225,1,MEDIUM
2026-08-23,S05,P103,test,0.0,0.4955,0,MEDIUM
2026-08-24,S05,P103,test,0.0,0.4853,0,MEDIUM
2026-08-11,S05,P104,test,1.0,0.5714,1,MEDIUM
2026-08-12,S05,P104,test,1.0,0.5386,1,MEDIUM
2026-08-13,S05,P104,test,1.0,0.4577,0,MEDIUM
2026-08-14,S05,P104,test,0.0,0.4402,0,MEDIUM
2026-08-15,S05,P104,test,0.0,0.2399,0,LOW
2026-08-16,S05,P104,test,0.0,0.1977,0,LOW
2026-08-17,S05,P104,test,0.0,0.174,0,LOW
2026-08-18,S05,P104,test,0.0,0.2307,0,LOW
2026-08-19,S05,P104,test,0.0,0.2374,0,LOW
2026-08-20,S05,P104,test,0.0,0.2695,0,LOW
2026-08-21,S05,P104,test,0.0,0.291,0,LOW
2026-08-22,S05,P104,test,0.0,0.2495,0,LOW
2026-08-23,S05,P104,test,0.0,0.3037,0,LOW
2026-08-24,S05,P104,test,0.0,0.2331,0,LOW
2026-08-11,S05,P105,test,0.0,0.1465,0,LOW
2026-08-12,S05,P105,test,0.0,0.1668,0,LOW
2026-08-13,S05,P105,test,0.0,0.1752,0,LOW
2026-08-14,S05,P105,test,0.0,0.2303,0,LOW
2026-08-15,S05,P105,test,0.0,0.2736,0,LOW
2026-08-16,S05,P105,test,0.0,0.2855,0,LOW
2026-08-17,S05,P105,test,0.0,0.2451,0,LOW
2026-08-18,S05,P105,test,0.0,0.2637,0,LOW
2026-08-19,S05,P105,test,0.0,0.2751,0,LOW
2026-08-20,S05,P105,test,0.0,0.3066,0,LOW
2026-08-21,S05,P105,test,0.0,0.3095,0,LOW
2026-08-22,S05,P105,test,0.0,0.2848,0,LOW
2026-08-23,S05,P105,test,0.0,0.3649,0,LOW
2026-08-24,S05,P105,test,0.0,0.3009,0,LOW
2026-08-11,S05,P205,test,0.0,0.121,0,LOW
2026-08-12,S05,P205,test,0.0,0.1025,0,LOW
2026-08-13,S05,P205,test,0.0,0.1299,0,LOW
2026-08-14,S05,P205,test,0.0,0.238,0,LOW
2026-08-15,S05,P205,test,0.0,0.3155,0,LOW
2026-08-16,S05,P205,test,0.0,0.2644,0,LOW
2026-08-17,S05,P205,test,0.0,0.2757,0,LOW
2026-08-18,S05,P205,test,0.0,0.3657,0,LOW
2026-08-19,S05,P205,test,0.0,0.3457,0,LOW
2026-08-20,S05,P205,test,0.0,0.3009,0,LOW
2026-08-21,S05,P205,test,0.0,0.289,0,LOW
2026-08-22,S05,P205,test,0.0,0.2872,0,LOW
2026-08-23,S05,P205,test,0.0,0.3318,0,LOW
2026-08-24,S05,P205,test,0.0,0.2505,0,LOW
2026-08-11,S05,P206,test,1.0,0.6145,1,MEDIUM
2026-08-12,S05,P206,test,1.0,0.6596,1,MEDIUM
2026-08-13,S05,P206,test,1.0,0.6582,1,MEDIUM
2026-08-14,S05,P206,test,1.0,0.5587,1,MEDIUM
2026-08-15,S05,P206,test,0.0,0.338,0,LOW
2026-08-16,S05,P206,test,0.0,0.256,0,LOW
2026-08-17,S05,P206,test,0.0,0.3071,0,LOW
2026-08-18,S05,P206,test,0.0,0.3574,0,LOW
2026-08-19,S05,P206,test,0.0,0.2465,0,LOW
2026-08-20,S05,P206,test,0.0,0.2637,0,LOW
2026-08-21,S05,P206,test,0.0,0.3398,0,LOW
2026-08-22,S05,P206,test,0.0,0.322,0,LOW
2026-08-23,S05,P206,test,0.0,0.2567,0,LOW
2026-08-24,S05,P206,test,0.0,0.3068,0,LOW
2026-08-11,S05,P207,test,0.0,0.4983,0,MEDIUM
2026-08-12,S05,P207,test,0.0,0.3678,0,LOW
2026-08-13,S05,P207,test,0.0,0.3564,0,LOW
2026-08-14,S05,P207,test,0.0,0.2721,0,LOW
2026-08-15,S05,P207,test,0.0,0.2239,0,LOW
2026-08-16,S05,P207,test,0.0,0.2302,0,LOW
2026-08-17,S05,P207,test,0.0,0.2679,0,LOW
2026-08-18,S05,P207,test,0.0,0.3027,0,LOW
2026-08-19,S05,P207,test,0.0,0.2342,0,LOW
2026-08-20,S05,P207,test,0.0,0.2572,0,LOW
2026-08-21,S05,P207,test,0.0,0.2655,0,LOW
2026-08-22,S05,P207,test,0.0,0.2996,0,LOW
2026-08-23,S05,P207,test,0.0,0.2688,0,LOW
2026-08-24,S05,P207,test,0.0,0.2728,0,LOW
2026-08-11,S05,P208,test,0.0,0.3385,0,LOW
2026-08-12,S05,P208,test,0.0,0.3531,0,LOW
2026-08-13,S05,P208,test,0.0,0.3378,0,LOW
2026-08-14,S05,P208,test,1.0,0.3713,0,LOW
2026-08-15,S05,P208,test,1.0,0.4091,0,MEDIUM
2026-08-16,S05,P208,test,1.0,0.3687,0,LOW
2026-08-17,S05,P208,test,1.0,0.4617,0,MEDIUM
2026-08-18,S05,P208,test,1.0,0.439,0,MEDIUM
2026-08-19,S05,P208,test,1.0,0.4506,0,MEDIUM
2026-08-20,S05,P208,test,1.0,0.4367,0,MEDIUM
2026-08-21,S05,P208,test,0.0,0.468,0,MEDIUM
2026-08-22,S05,P208,test,0.0,0.5843,1,MEDIUM
2026-08-23,S05,P208,test,1.0,0.5783,1,MEDIUM
2026-08-24,S05,P208,test,1.0,0.5609,1,MEDIUM
2026-08-11,S05,P330,test,0.0,0.6064,1,MEDIUM
2026-08-12,S05,P330,test,0.0,0.5114,1,MEDIUM
2026-08-13,S05,P330,test,0.0,0.5587,1,MEDIUM
2026-08-14,S05,P330,test,0.0,0.58,1,MEDIUM
2026-08-15,S05,P330,test,0.0,0.3249,0,LOW
2026-08-16,S05,P330,test,1.0,0.5742,1,MEDIUM
2026-08-17,S05,P330,test,1.0,0.6599,1,MEDIUM
2026-08-18,S05,P330,test,1.0,0.7093,1,HIGH
2026-08-19,S05,P330,test,1.0,0.7491,1,HIGH
2026-08-20,S05,P330,test,1.0,0.8224,1,HIGH
2026-08-21,S05,P330,test,1.0,0.7291,1,HIGH
2026-08-22,S05,P330,test,1.0,0.7853,1,HIGH
2026-08-23,S05,P330,test,1.0,0.7377,1,HIGH
2026-08-24,S05,P330,test,1.0,0.7326,1,HIGH
2026-08-11,S05,P331,test,1.0,0.5651,1,MEDIUM
2026-08-12,S05,P331,test,1.0,0.6056,1,MEDIUM
2026-08-13,S05,P331,test,1.0,0.6506,1,MEDIUM
2026-08-14,S05,P331,test,1.0,0.594,1,MEDIUM
2026-08-15,S05,P331,test,1.0,0.6023,1,MEDIUM
2026-08-16,S05,P331,test,1.0,0.5259,1,MEDIUM
2026-08-17,S05,P331,test,1.0,0.5862,1,MEDIUM
2026-08-18,S05,P331,test,0.0,0.463,0,MEDIUM
2026-08-19,S05,P331,test,0.0,0.4109,0,MEDIUM
2026-08-20,S05,P331,test,0.0,0.3789,0,LOW
2026-08-21,S05,P331,test,0.0,0.4691,0,MEDIUM
2026-08-22,S05,P331,test,0.0,0.3193,0,LOW
2026-08-23,S05,P331,test,0.0,0.3797,0,LOW
2026-08-24,S05,P331,test,0.0,0.3395,0,LOW
2026-08-11,S05,P332,test,0.0,0.5461,1,MEDIUM
2026-08-12,S05,P332,test,0.0,0.5474,1,MEDIUM
2026-08-13,S05,P332,test,0.0,0.4237,0,MEDIUM
2026-08-14,S05,P332,test,0.0,0.4853,0,MEDIUM
2026-08-15,S05,P332,test,0.0,0.5945,1,MEDIUM
2026-08-16,S05,P332,test,1.0,0.7326,1,HIGH
2026-08-17,S05,P332,test,1.0,0.778,1,HIGH
2026-08-18,S05,P332,test,1.0,0.7862,1,HIGH
2026-08-19,S05,P332,test,1.0,0.8062,1,HIGH
2026-08-20,S05,P332,test,1.0,0.8062,1,HIGH
2026-08-21,S05,P332,test,1.0,0.8166,1,HIGH
2026-08-22,S05,P332,test,1.0,0.7862,1,HIGH
2026-08-23,S05,P332,test,0.0,0.4876,0,MEDIUM
2026-08-24,S05,P332,test,0.0,0.3806,0,LOW
2026-08-11,S05,P333,test,0.0,0.2328,0,LOW
2026-08-12,S05,P333,test,0.0,0.2701,0,LOW
2026-08-13,S05,P333,test,0.0,0.226,0,LOW
2026-08-14,S05,P333,test,0.0,0.1837,0,LOW
2026-08-15,S05,P333,test,0.0,0.2267,0,LOW
2026-08-16,S05,P333,test,0.0,0.1208,0,LOW
2026-08-17,S05,P333,test,0.0,0.1208,0,LOW
2026-08-18,S05,P333,test,0.0,0.1686,0,LOW
2026-08-19,S05,P333,test,0.0,0.1468,0,LOW
2026-08-20,S05,P333,test,0.0,0.1556,0,LOW
2026-08-21,S05,P333,test,0.0,0.1873,0,LOW
2026-08-22,S05,P333,test,0.0,0.1856,0,LOW
2026-08-23,S05,P333,test,0.0,0.195,0,LOW
2026-08-24,S05,P333,test,0.0,0.2145,0,LOW
2026-08-11,S05,P334,test,0.0,0.4699,0,MEDIUM
2026-08-12,S05,P334,test,0.0,0.3997,0,LOW
2026-08-13,S05,P334,test,0.0,0.4659,0,MEDIUM
2026-08-14,S05,P334,test,0.0,0.3355,0,LOW
2026-08-15,S05,P334,test,0.0,0.2387,0,LOW
2026-08-16,S05,P334,test,0.0,0.1942,0,LOW
2026-08-17,S05,P334,test,0.0,0.2338,0,LOW
2026-08-18,S05,P334,test,0.0,0.2366,0,LOW
2026-08-19,S05,P334,test,0.0,0.1947,0,LOW
2026-08-20,S05,P334,test,0.0,0.3154,0,LOW
2026-08-21,S05,P334,test,0.0,0.284,0,LOW
2026-08-22,S05,P334,test,0.0,0.3156,0,LOW
2026-08-23,S05,P334,test,0.0,0.3056,0,LOW
2026-08-24,S05,P334,test,0.0,0.3404,0,LOW
2026-08-11,S05,P443,test,1.0,0.5576,1,MEDIUM
2026-08-12,S05,P443,test,1.0,0.5961,1,MEDIUM
2026-08-13,S05,P443,test,1.0,0.4247,0,MEDIUM
2026-08-14,S05,P443,test,1.0,0.585,1,MEDIUM
2026-08-15,S05,P443,test,0.0,0.4507,0,MEDIUM
2026-08-16,S05,P443,test,1.0,0.5352,1,MEDIUM
2026-08-17,S05,P443,test,1.0,0.6264,1,MEDIUM
2026-08-18,S05,P443,test,1.0,0.6908,1,MEDIUM
2026-08-19,S05,P443,test,1.0,0.6899,1,MEDIUM
2026-08-20,S05,P443,test,1.0,0.6532,1,MEDIUM
2026-08-21,S05,P443,test,1.0,0.6126,1,MEDIUM
2026-08-22,S05,P443,test,1.0,0.7104,1,HIGH
2026-08-23,S05,P443,test,0.0,0.6359,1,MEDIUM
2026-08-24,S05,P443,test,0.0,0.6148,1,MEDIUM
2026-08-11,S05,P444,test,1.0,0.4546,0,MEDIUM
2026-08-12,S05,P444,test,1.0,0.5399,1,MEDIUM
2026-08-13,S05,P444,test,1.0,0.5186,1,MEDIUM
2026-08-14,S05,P444,test,1.0,0.5186,1,MEDIUM
2026-08-15,S05,P444,test,1.0,0.6388,1,MEDIUM
2026-08-16,S05,P444,test,1.0,0.6073,1,MEDIUM
2026-08-17,S05,P444,test,1.0,0.6314,1,MEDIUM
2026-08-18,S05,P444,test,1.0,0.6941,1,MEDIUM
2026-08-19,S05,P444,test,1.0,0.7084,1,HIGH
2026-08-20,S05,P444,test,1.0,0.7135,1,HIGH
2026-08-21,S05,P444,test,1.0,0.7862,1,HIGH
2026-08-22,S05,P444,test,1.0,0.7732,1,HIGH
2026-08-23,S05,P444,test,1.0,0.6915,1,MEDIUM
2026-08-24,S05,P444,test,1.0,0.7835,1,HIGH
2026-08-11,S05,P446,test,1.0,0.534,1,MEDIUM
2026-08-12,S05,P446,test,1.0,0.5338,1,MEDIUM
2026-08-13,S05,P446,test,1.0,0.5186,1,MEDIUM
2026-08-14,S05,P446,test,1.0,0.5287,1,MEDIUM
2026-08-15,S05,P446,test,0.0,0.4955,0,MEDIUM
2026-08-16,S05,P446,test,0.0,0.4608,0,MEDIUM
2026-08-17,S05,P446,test,0.0,0.5129,1,MEDIUM
2026-08-18,S05,P446,test,0.0,0.4974,0,MEDIUM
2026-08-19,S05,P446,test,0.0,0.4507,0,MEDIUM
2026-08-20,S05,P446,test,0.0,0.5796,1,MEDIUM
2026-08-21,S05,P446,test,0.0,0.5862,1,MEDIUM
2026-08-22,S05,P446,test,0.0,0.5445,1,MEDIUM
2026-08-23,S05,P446,test,0.0,0.5876,1,MEDIUM
2026-08-24,S05,P446,test,0.0,0.5557,1,MEDIUM
2026-08-11,S05,P501,test,0.0,0.1766,0,LOW
2026-08-12,S05,P501,test,0.0,0.1894,0,LOW
2026-08-13,S05,P501,test,0.0,0.1629,0,LOW
2026-08-14,S05,P501,test,0.0,0.2187,0,LOW
2026-08-15,S05,P501,test,0.0,0.3256,0,LOW
2026-08-16,S05,P501,test,0.0,0.4261,0,MEDIUM
2026-08-17,S05,P501,test,0.0,0.3952,0,LOW
2026-08-18,S05,P501,test,0.0,0.4261,0,MEDIUM
2026-08-19,S05,P501,test,1.0,0.5175,1,MEDIUM
2026-08-20,S05,P501,test,1.0,0.6002,1,MEDIUM
2026-08-21,S05,P501,test,1.0,0.5163,1,MEDIUM
2026-08-22,S05,P501,test,1.0,0.5949,1,MEDIUM
2026-08-23,S05,P501,test,1.0,0.5385,1,MEDIUM
2026-08-24,S05,P501,test,1.0,0.4089,0,MEDIUM
2026-08-11,S05,P502,test,1.0,0.8695,1,HIGH
2026-08-12,S05,P502,test,1.0,0.8166,1,HIGH
2026-08-13,S05,P502,test,1.0,0.6841,1,MEDIUM
2026-08-14,S05,P502,test,1.0,0.8172,1,HIGH
2026-08-15,S05,P502,test,1.0,0.8119,1,HIGH
2026-08-16,S05,P502,test,1.0,0.8065,1,HIGH
2026-08-17,S05,P502,test,1.0,0.7389,1,HIGH
2026-08-18,S05,P502,test,1.0,0.7721,1,HIGH
2026-08-19,S05,P502,test,1.0,0.8053,1,HIGH
2026-08-20,S05,P502,test,1.0,0.7579,1,HIGH
2026-08-21,S05,P502,test,1.0,0.759,1,HIGH
2026-08-22,S05,P502,test,1.0,0.7252,1,HIGH
2026-08-23,S05,P502,test,1.0,0.6957,1,MEDIUM
2026-08-24,S05,P502,test,1.0,0.7011,1,HIGH
2026-08-11,S05,P503,test,1.0,0.6514,1,MEDIUM
2026-08-12,S05,P503,test,1.0,0.6305,1,MEDIUM
2026-08-13,S05,P503,test,1.0,0.7341,1,HIGH
2026-08-14,S05,P503,test,1.0,0.7341,1,HIGH
2026-08-15,S05,P503,test,1.0,0.7722,1,HIGH
2026-08-16,S05,P503,test,1.0,0.8053,1,HIGH
2026-08-17,S05,P503,test,1.0,0.7826,1,HIGH
2026-08-18,S05,P503,test,1.0,0.7759,1,HIGH
2026-08-19,S05,P503,test,1.0,0.8065,1,HIGH
2026-08-20,S05,P503,test,1.0,0.8065,1,HIGH
2026-08-21,S05,P503,test,1.0,0.8065,1,HIGH
2026-08-22,S05,P503,test,1.0,0.8065,1,HIGH
2026-08-23,S05,P503,test,1.0,0.776,1,HIGH
2026-08-24,S05,P503,test,1.0,0.762,1,HIGH
2026-08-11,S05,P504,test,0.0,0.2419,0,LOW
2026-08-12,S05,P504,test,0.0,0.2728,0,LOW
2026-08-13,S05,P504,test,0.0,0.2624,0,LOW
2026-08-14,S05,P504,test,0.0,0.2222,0,LOW
2026-08-15,S05,P504,test,0.0,0.2941,0,LOW
2026-08-16,S05,P504,test,1.0,0.511,1,MEDIUM
2026-08-17,S05,P504,test,1.0,0.4298,0,MEDIUM
2026-08-18,S05,P504,test,1.0,0.4673,0,MEDIUM
2026-08-19,S05,P504,test,1.0,0.5496,1,MEDIUM
2026-08-20,S05,P504,test,1.0,0.5449,1,MEDIUM
2026-08-21,S05,P504,test,1.0,0.5963,1,MEDIUM
2026-08-22,S05,P504,test,1.0,0.6188,1,MEDIUM
2026-08-23,S05,P504,test,0.0,0.7249,1,HIGH
2026-08-24,S05,P504,test,1.0,0.6925,1,MEDIUM
2026-08-11,S05,P505,test,0.0,0.3253,0,LOW
2026-08-12,S05,P505,test,0.0,0.3649,0,LOW
2026-08-13,S05,P505,test,0.0,0.2726,0,LOW
2026-08-14,S05,P505,test,0.0,0.3734,0,LOW
2026-08-15,S05,P505,test,0.0,0.3792,0,LOW
2026-08-16,S05,P505,test,0.0,0.4403,0,MEDIUM
2026-08-17,S05,P505,test,0.0,0.4496,0,MEDIUM
2026-08-18,S05,P505,test,0.0,0.4672,0,MEDIUM
2026-08-19,S05,P505,test,0.0,0.5048,1,MEDIUM
2026-08-20,S05,P505,test,0.0,0.5048,1,MEDIUM
2026-08-21,S05,P505,test,0.0,0.6001,1,MEDIUM
2026-08-22,S05,P505,test,0.0,0.5669,1,MEDIUM
2026-08-23,S05,P505,test,0.0,0.4463,0,MEDIUM
2026-08-24,S05,P505,test,0.0,0.4578,0,MEDIUM
2026-08-11,S05,P506,test,0.0,0.2091,0,LOW
2026-08-12,S05,P506,test,0.0,0.2445,0,LOW
2026-08-13,S05,P506,test,0.0,0.401,0,MEDIUM
2026-08-14,S05,P506,test,1.0,0.4876,0,MEDIUM
2026-08-15,S05,P506,test,1.0,0.6135,1,MEDIUM
2026-08-16,S05,P506,test,1.0,0.6135,1,MEDIUM
2026-08-17,S05,P506,test,1.0,0.6224,1,MEDIUM
2026-08-18,S05,P506,test,1.0,0.7011,1,HIGH
2026-08-19,S05,P506,test,1.0,0.6655,1,MEDIUM
2026-08-20,S05,P506,test,1.0,0.67,1,MEDIUM
2026-08-21,S05,P506,test,0.0,0.4789,0,MEDIUM
2026-08-22,S05,P506,test,0.0,0.2718,0,LOW
2026-08-23,S05,P506,test,1.0,0.3023,0,LOW
2026-08-24,S05,P506,test,1.0,0.3026,0,LOW
2026-08-11,S05,P601,test,0.0,0.3528,0,LOW
2026-08-12,S05,P601,test,0.0,0.2961,0,LOW
2026-08-13,S05,P601,test,0.0,0.3325,0,LOW
2026-08-14,S05,P601,test,0.0,0.3635,0,LOW
2026-08-15,S05,P601,test,0.0,0.3812,0,LOW
2026-08-16,S05,P601,test,0.0,0.3896,0,LOW
2026-08-17,S05,P601,test,1.0,0.4648,0,MEDIUM
2026-08-18,S05,P601,test,1.0,0.3763,0,LOW
2026-08-19,S05,P601,test,1.0,0.3832,0,LOW
2026-08-20,S05,P601,test,1.0,0.3683,0,LOW
2026-08-21,S05,P601,test,1.0,0.3382,0,LOW
2026-08-22,S05,P601,test,1.0,0.602,1,MEDIUM
2026-08-23,S05,P601,test,1.0,0.6432,1,MEDIUM
2026-08-24,S05,P601,test,1.0,0.6768,1,MEDIUM
2026-08-11,S05,P602,test,1.0,0.6108,1,MEDIUM
2026-08-12,S05,P602,test,1.0,0.6112,1,MEDIUM
2026-08-13,S05,P602,test,1.0,0.6902,1,MEDIUM
2026-08-14,S05,P602,test,1.0,0.7071,1,HIGH
2026-08-15,S05,P602,test,1.0,0.7046,1,HIGH
2026-08-16,S05,P602,test,1.0,0.7949,1,HIGH
2026-08-17,S05,P602,test,0.0,0.4578,0,MEDIUM
2026-08-18,S05,P602,test,0.0,0.2643,0,LOW
2026-08-19,S05,P602,test,0.0,0.3713,0,LOW
2026-08-20,S05,P602,test,0.0,0.2879,0,LOW
2026-08-21,S05,P602,test,0.0,0.2626,0,LOW
2026-08-22,S05,P602,test,0.0,0.3094,0,LOW
2026-08-23,S05,P602,test,0.0,0.3004,0,LOW
2026-08-24,S05,P602,test,0.0,0.3935,0,LOW
2026-08-11,S05,P603,test,1.0,0.8428,1,HIGH
2026-08-12,S05,P603,test,1.0,0.7949,1,HIGH
2026-08-13,S05,P603,test,1.0,0.7291,1,HIGH
2026-08-14,S05,P603,test,0.0,0.4175,0,MEDIUM
2026-08-15,S05,P603,test,0.0,0.1104,0,LOW
2026-08-16,S05,P603,test,0.0,0.0925,0,LOW
2026-08-17,S05,P603,test,0.0,0.1289,0,LOW
2026-08-18,S05,P603,test,0.0,0.1373,0,LOW
2026-08-19,S05,P603,test,0.0,0.1188,0,LOW
2026-08-20,S05,P603,test,0.0,0.1476,0,LOW
2026-08-21,S05,P603,test,0.0,0.1676,0,LOW
2026-08-22,S05,P603,test,0.0,0.1476,0,LOW
2026-08-23,S05,P603,test,0.0,0.1709,0,LOW
2026-08-24,S05,P603,test,0.0,0.2217,0,LOW
2026-08-11,S05,P604,test,1.0,0.4316,0,MEDIUM
2026-08-12,S05,P604,test,1.0,0.4144,0,MEDIUM
2026-08-13,S05,P604,test,0.0,0.4652,0,MEDIUM
2026-08-14,S05,P604,test,0.0,0.3161,0,LOW
2026-08-15,S05,P604,test,0.0,0.3992,0,LOW
2026-08-16,S05,P604,test,0.0,0.3431,0,LOW
2026-08-17,S05,P604,test,1.0,0.4214,0,MEDIUM
2026-08-18,S05,P604,test,1.0,0.517,1,MEDIUM
2026-08-19,S05,P604,test,1.0,0.5782,1,MEDIUM
2026-08-20,S05,P604,test,1.0,0.4298,0,MEDIUM
2026-08-21,S05,P604,test,1.0,0.5782,1,MEDIUM
2026-08-22,S05,P604,test,1.0,0.6616,1,MEDIUM
2026-08-23,S05,P604,test,1.0,0.6371,1,MEDIUM
2026-08-24,S05,P604,test,0.0,0.6105,1,MEDIUM
2026-08-11,S05,P701,test,1.0,0.4954,0,MEDIUM
2026-08-12,S05,P701,test,1.0,0.4368,0,MEDIUM
2026-08-13,S05,P701,test,0.0,0.2579,0,LOW
2026-08-14,S05,P701,test,0.0,0.1628,0,LOW
2026-08-15,S05,P701,test,0.0,0.2271,0,LOW
2026-08-16,S05,P701,test,0.0,0.1757,0,LOW
2026-08-17,S05,P701,test,0.0,0.2261,0,LOW
2026-08-18,S05,P701,test,0.0,0.2322,0,LOW
2026-08-19,S05,P701,test,1.0,0.3329,0,LOW
2026-08-20,S05,P701,test,1.0,0.4071,0,MEDIUM
2026-08-21,S05,P701,test,1.0,0.3867,0,LOW
2026-08-22,S05,P701,test,1.0,0.4434,0,MEDIUM
2026-08-23,S05,P701,test,1.0,0.583,1,MEDIUM
2026-08-24,S05,P701,test,1.0,0.5557,1,MEDIUM
2026-08-11,S05,P702,test,1.0,0.676,1,MEDIUM
2026-08-12,S05,P702,test,1.0,0.456,0,MEDIUM
2026-08-13,S05,P702,test,1.0,0.4397,0,MEDIUM
2026-08-14,S05,P702,test,1.0,0.3367,0,LOW
2026-08-15,S05,P702,test,1.0,0.499,0,MEDIUM
2026-08-16,S05,P702,test,0.0,0.448,0,MEDIUM
2026-08-17,S05,P702,test,0.0,0.2964,0,LOW
2026-08-18,S05,P702,test,0.0,0.3333,0,LOW
2026-08-19,S05,P702,test,0.0,0.4706,0,MEDIUM
2026-08-20,S05,P702,test,1.0,0.5851,1,MEDIUM
2026-08-21,S05,P702,test,1.0,0.4559,0,MEDIUM
2026-08-22,S05,P702,test,1.0,0.5087,1,MEDIUM
2026-08-23,S05,P702,test,1.0,0.6257,1,MEDIUM
2026-08-24,S05,P702,test,1.0,0.459,0,MEDIUM
2026-08-11,S05,P704,test,0.0,0.3393,0,LOW
2026-08-12,S05,P704,test,0.0,0.3911,0,LOW
2026-08-13,S05,P704,test,0.0,0.3911,0,LOW
2026-08-14,S05,P704,test,0.0,0.3695,0,LOW
2026-08-15,S05,P704,test,0.0,0.3514,0,LOW
2026-08-16,S05,P704,test,0.0,0.428,0,MEDIUM
2026-08-17,S05,P704,test,0.0,0.3039,0,LOW
2026-08-18,S05,P704,test,0.0,0.3342,0,LOW
2026-08-19,S05,P704,test,0.0,0.2783,0,LOW
2026-08-20,S05,P704,test,0.0,0.3054,0,LOW
2026-08-21,S05,P704,test,0.0,0.4009,0,MEDIUM
2026-08-22,S05,P704,test,0.0,0.4896,0,MEDIUM
2026-08-23,S05,P704,test,0.0,0.5233,1,MEDIUM
2026-08-24,S05,P704,test,0.0,0.351,0,LOW
2026-08-20,S05,P705,test,1.0,0.7117,1,HIGH
2026-08-21,S05,P705,test,1.0,0.8706,1,HIGH
2026-08-22,S05,P705,test,1.0,0.9138,1,HIGH
2026-08-23,S05,P705,test,1.0,0.7948,1,HIGH
2026-08-24,S05,P705,test,1.0,0.7782,1,HIGH
2026-08-11,S06,P101,test,1.0,0.7103,1,HIGH
2026-08-12,S06,P101,test,1.0,0.8488,1,HIGH
2026-08-13,S06,P101,test,1.0,0.81,1,HIGH
2026-08-14,S06,P101,test,1.0,0.767,1,HIGH
2026-08-15,S06,P101,test,0.0,0.7378,1,HIGH
2026-08-16,S06,P101,test,0.0,0.4214,0,MEDIUM
2026-08-17,S06,P101,test,0.0,0.292,0,LOW
2026-08-18,S06,P101,test,0.0,0.295,0,LOW
2026-08-19,S06,P101,test,0.0,0.3305,0,LOW
2026-08-20,S06,P101,test,0.0,0.3305,0,LOW
2026-08-21,S06,P101,test,0.0,0.429,0,MEDIUM
2026-08-22,S06,P101,test,0.0,0.4212,0,MEDIUM
2026-08-23,S06,P101,test,0.0,0.3112,0,LOW
2026-08-24,S06,P101,test,0.0,0.3786,0,LOW
2026-08-11,S06,P102,test,0.0,0.1668,0,LOW
2026-08-12,S06,P102,test,0.0,0.1668,0,LOW
2026-08-13,S06,P102,test,0.0,0.1668,0,LOW
2026-08-14,S06,P102,test,0.0,0.2103,0,LOW
2026-08-15,S06,P102,test,0.0,0.2637,0,LOW
2026-08-16,S06,P102,test,0.0,0.3329,0,LOW
2026-08-17,S06,P102,test,0.0,0.3649,0,LOW
2026-08-18,S06,P102,test,0.0,0.3946,0,LOW
2026-08-19,S06,P102,test,1.0,0.5744,1,MEDIUM
2026-08-20,S06,P102,test,1.0,0.4672,0,MEDIUM
2026-08-21,S06,P102,test,1.0,0.5255,1,MEDIUM
2026-08-22,S06,P102,test,1.0,0.5953,1,MEDIUM
2026-08-23,S06,P102,test,1.0,0.513,1,MEDIUM
2026-08-24,S06,P102,test,1.0,0.513,1,MEDIUM
2026-08-11,S06,P103,test,0.0,0.294,0,LOW
2026-08-12,S06,P103,test,0.0,0.2676,0,LOW
2026-08-13,S06,P103,test,0.0,0.2612,0,LOW
2026-08-14,S06,P103,test,0.0,0.3736,0,LOW
2026-08-15,S06,P103,test,0.0,0.4344,0,MEDIUM
2026-08-16,S06,P103,test,1.0,0.6525,1,MEDIUM
2026-08-17,S06,P103,test,1.0,0.6947,1,MEDIUM
2026-08-18,S06,P103,test,1.0,0.7797,1,HIGH
2026-08-19,S06,P103,test,1.0,0.8175,1,HIGH
2026-08-20,S06,P103,test,1.0,0.7988,1,HIGH
2026-08-21,S06,P103,test,1.0,0.8189,1,HIGH
2026-08-22,S06,P103,test,1.0,0.9199,1,HIGH
2026-08-23,S06,P103,test,1.0,0.8613,1,HIGH
2026-08-24,S06,P103,test,1.0,0.9177,1,HIGH
2026-08-11,S06,P104,test,0.0,0.2833,0,LOW
2026-08-12,S06,P104,test,0.0,0.2932,0,LOW
2026-08-13,S06,P104,test,0.0,0.2652,0,LOW
2026-08-14,S06,P104,test,0.0,0.3713,0,LOW
2026-08-15,S06,P104,test,0.0,0.4738,0,MEDIUM
2026-08-16,S06,P104,test,1.0,0.5208,1,MEDIUM
2026-08-17,S06,P104,test,1.0,0.5828,1,MEDIUM
2026-08-18,S06,P104,test,1.0,0.6289,1,MEDIUM
2026-08-19,S06,P104,test,1.0,0.6328,1,MEDIUM
2026-08-20,S06,P104,test,1.0,0.6995,1,MEDIUM
2026-08-21,S06,P104,test,1.0,0.6637,1,MEDIUM
2026-08-22,S06,P104,test,1.0,0.678,1,MEDIUM
2026-08-23,S06,P104,test,0.0,0.496,0,MEDIUM
2026-08-24,S06,P104,test,0.0,0.4606,0,MEDIUM
2026-08-11,S06,P105,test,0.0,0.2312,0,LOW
2026-08-12,S06,P105,test,0.0,0.2159,0,LOW
2026-08-13,S06,P105,test,0.0,0.1957,0,LOW
2026-08-14,S06,P105,test,0.0,0.3447,0,LOW
2026-08-15,S06,P105,test,0.0,0.4229,0,MEDIUM
2026-08-16,S06,P105,test,0.0,0.5011,1,MEDIUM
2026-08-17,S06,P105,test,0.0,0.4714,0,MEDIUM
2026-08-18,S06,P105,test,1.0,0.6213,1,MEDIUM
2026-08-19,S06,P105,test,1.0,0.6809,1,MEDIUM
2026-08-20,S06,P105,test,1.0,0.7467,1,HIGH
2026-08-21,S06,P105,test,1.0,0.5919,1,MEDIUM
2026-08-22,S06,P105,test,1.0,0.6031,1,MEDIUM
2026-08-23,S06,P105,test,1.0,0.5967,1,MEDIUM
2026-08-24,S06,P105,test,1.0,0.4269,0,MEDIUM
2026-08-11,S06,P205,test,1.0,0.3713,0,LOW
2026-08-12,S06,P205,test,1.0,0.3792,0,LOW
2026-08-13,S06,P205,test,1.0,0.4269,0,MEDIUM
2026-08-14,S06,P205,test,1.0,0.4812,0,MEDIUM
2026-08-15,S06,P205,test,0.0,0.3957,0,LOW
2026-08-16,S06,P205,test,0.0,0.4107,0,MEDIUM
2026-08-17,S06,P205,test,0.0,0.4051,0,MEDIUM
2026-08-18,S06,P205,test,0.0,0.4707,0,MEDIUM
2026-08-19,S06,P205,test,0.0,0.3711,0,LOW
2026-08-20,S06,P205,test,0.0,0.3254,0,LOW
2026-08-21,S06,P205,test,0.0,0.4566,0,MEDIUM
2026-08-22,S06,P205,test,0.0,0.4628,0,MEDIUM
2026-08-23,S06,P205,test,0.0,0.4276,0,MEDIUM
2026-08-24,S06,P205,test,0.0,0.5708,1,MEDIUM
2026-08-11,S06,P206,test,1.0,0.3954,0,LOW
2026-08-12,S06,P206,test,1.0,0.5586,1,MEDIUM
2026-08-13,S06,P206,test,1.0,0.5706,1,MEDIUM
2026-08-14,S06,P206,test,1.0,0.3721,0,LOW
2026-08-15,S06,P206,test,1.0,0.3578,0,LOW
2026-08-16,S06,P206,test,1.0,0.5213,1,MEDIUM
2026-08-17,S06,P206,test,0.0,0.4147,0,MEDIUM
2026-08-18,S06,P206,test,0.0,0.3503,0,LOW
2026-08-19,S06,P206,test,0.0,0.383,0,LOW
2026-08-20,S06,P206,test,0.0,0.4276,0,MEDIUM
2026-08-21,S06,P206,test,1.0,0.3649,0,LOW
2026-08-22,S06,P206,test,1.0,0.3649,0,LOW
2026-08-23,S06,P206,test,1.0,0.3713,0,LOW
2026-08-24,S06,P206,test,1.0,0.5556,1,MEDIUM
2026-08-11,S06,P207,test,1.0,0.5328,1,MEDIUM
2026-08-12,S06,P207,test,1.0,0.4712,0,MEDIUM
2026-08-13,S06,P207,test,0.0,0.4311,0,MEDIUM
2026-08-14,S06,P207,test,0.0,0.4386,0,MEDIUM
2026-08-15,S06,P207,test,0.0,0.6181,1,MEDIUM
2026-08-16,S06,P207,test,0.0,0.7115,1,HIGH
2026-08-17,S06,P207,test,0.0,0.6445,1,MEDIUM
2026-08-18,S06,P207,test,1.0,0.7271,1,HIGH
2026-08-19,S06,P207,test,1.0,0.8658,1,HIGH
2026-08-20,S06,P207,test,1.0,0.8012,1,HIGH
2026-08-21,S06,P207,test,1.0,0.7783,1,HIGH
2026-08-22,S06,P207,test,1.0,0.4012,0,MEDIUM
2026-08-23,S06,P207,test,1.0,0.4009,0,MEDIUM
2026-08-24,S06,P207,test,1.0,0.545,1,MEDIUM
2026-08-11,S06,P208,test,1.0,0.6073,1,MEDIUM
2026-08-12,S06,P208,test,1.0,0.6256,1,MEDIUM
2026-08-13,S06,P208,test,1.0,0.7161,1,HIGH
2026-08-14,S06,P208,test,1.0,0.6111,1,MEDIUM
2026-08-15,S06,P208,test,1.0,0.5495,1,MEDIUM
2026-08-16,S06,P208,test,1.0,0.5977,1,MEDIUM
2026-08-17,S06,P208,test,0.0,0.414,0,MEDIUM
2026-08-18,S06,P208,test,0.0,0.3552,0,LOW
2026-08-19,S06,P208,test,0.0,0.376,0,LOW
2026-08-20,S06,P208,test,0.0,0.3496,0,LOW
2026-08-21,S06,P208,test,0.0,0.3312,0,LOW
2026-08-22,S06,P208,test,0.0,0.4604,0,MEDIUM
2026-08-23,S06,P208,test,0.0,0.5601,1,MEDIUM
2026-08-24,S06,P208,test,0.0,0.6065,1,MEDIUM
2026-08-11,S06,P332,test,1.0,0.6636,1,MEDIUM
2026-08-12,S06,P332,test,1.0,0.7128,1,HIGH
2026-08-13,S06,P332,test,0.0,0.5674,1,MEDIUM
2026-08-14,S06,P332,test,0.0,0.4153,0,MEDIUM
2026-08-15,S06,P332,test,0.0,0.3764,0,LOW
2026-08-16,S06,P332,test,1.0,0.5844,1,MEDIUM
2026-08-17,S06,P332,test,1.0,0.5408,1,MEDIUM
2026-08-18,S06,P332,test,1.0,0.7783,1,HIGH
2026-08-19,S06,P332,test,1.0,0.8138,1,HIGH
2026-08-20,S06,P332,test,1.0,0.7275,1,HIGH
2026-08-21,S06,P332,test,1.0,0.7617,1,HIGH
2026-08-22,S06,P332,test,1.0,0.7833,1,HIGH
2026-08-23,S06,P332,test,0.0,0.6916,1,MEDIUM
2026-08-24,S06,P332,test,0.0,0.7468,1,HIGH
2026-08-11,S06,P333,test,1.0,0.772,1,HIGH
2026-08-12,S06,P333,test,1.0,0.721,1,HIGH
2026-08-13,S06,P333,test,1.0,0.5841,1,MEDIUM
2026-08-14,S06,P333,test,1.0,0.5491,1,MEDIUM
2026-08-15,S06,P333,test,0.0,0.3589,0,LOW
2026-08-16,S06,P333,test,0.0,0.2058,0,LOW
2026-08-17,S06,P333,test,0.0,0.2245,0,LOW
2026-08-18,S06,P333,test,0.0,0.1673,0,LOW
2026-08-19,S06,P333,test,0.0,0.1971,0,LOW
2026-08-20,S06,P333,test,0.0,0.196,0,LOW
2026-08-21,S06,P333,test,0.0,0.224,0,LOW
2026-08-22,S06,P333,test,0.0,0.284,0,LOW
2026-08-23,S06,P333,test,0.0,0.2607,0,LOW
2026-08-24,S06,P333,test,0.0,0.3006,0,LOW
2026-08-11,S06,P334,test,1.0,0.7008,1,HIGH
2026-08-12,S06,P334,test,1.0,0.775,1,HIGH
2026-08-13,S06,P334,test,1.0,0.876,1,HIGH
2026-08-14,S06,P334,test,0.0,0.5554,1,MEDIUM
2026-08-15,S06,P334,test,0.0,0.3316,0,LOW
2026-08-16,S06,P334,test,0.0,0.3322,0,LOW
2026-08-17,S06,P334,test,0.0,0.4051,0,MEDIUM
2026-08-18,S06,P334,test,0.0,0.3257,0,LOW
2026-08-19,S06,P334,test,0.0,0.3217,0,LOW
2026-08-20,S06,P334,test,0.0,0.3812,0,LOW
2026-08-21,S06,P334,test,0.0,0.5005,1,MEDIUM
2026-08-22,S06,P334,test,0.0,0.5292,1,MEDIUM
2026-08-23,S06,P334,test,0.0,0.6432,1,MEDIUM
2026-08-24,S06,P334,test,1.0,0.7177,1,HIGH
2026-08-11,S06,P442,test,1.0,0.8527,1,HIGH
2026-08-12,S06,P442,test,1.0,0.8457,1,HIGH
2026-08-13,S06,P442,test,1.0,0.8998,1,HIGH
2026-08-14,S06,P442,test,1.0,0.9455,1,HIGH
2026-08-15,S06,P442,test,1.0,0.9664,1,HIGH
2026-08-16,S06,P442,test,1.0,0.9818,1,HIGH
2026-08-17,S06,P442,test,1.0,0.9329,1,HIGH
2026-08-18,S06,P442,test,1.0,0.9291,1,HIGH
2026-08-19,S06,P442,test,1.0,0.913,1,HIGH
2026-08-20,S06,P442,test,1.0,0.8732,1,HIGH
2026-08-21,S06,P442,test,1.0,0.8547,1,HIGH
2026-08-22,S06,P442,test,1.0,0.8897,1,HIGH
2026-08-23,S06,P442,test,0.0,0.7746,1,HIGH
2026-08-24,S06,P442,test,0.0,0.7462,1,HIGH
2026-08-11,S06,P443,test,1.0,0.6921,1,MEDIUM
2026-08-12,S06,P443,test,1.0,0.7565,1,HIGH
2026-08-13,S06,P443,test,1.0,0.8017,1,HIGH
2026-08-14,S06,P443,test,1.0,0.8189,1,HIGH
2026-08-15,S06,P443,test,1.0,0.8811,1,HIGH
2026-08-16,S06,P443,test,1.0,0.8827,1,HIGH
2026-08-17,S06,P443,test,1.0,0.887,1,HIGH
2026-08-18,S06,P443,test,1.0,0.8897,1,HIGH
2026-08-19,S06,P443,test,1.0,0.905,1,HIGH
2026-08-20,S06,P443,test,1.0,0.8827,1,HIGH
2026-08-21,S06,P443,test,1.0,0.8882,1,HIGH
2026-08-22,S06,P443,test,1.0,0.7795,1,HIGH
2026-08-23,S06,P443,test,1.0,0.7718,1,HIGH
2026-08-24,S06,P443,test,1.0,0.795,1,HIGH
2026-08-11,S06,P444,test,0.0,0.477,0,MEDIUM
2026-08-12,S06,P444,test,0.0,0.5819,1,MEDIUM
2026-08-13,S06,P444,test,0.0,0.4223,0,MEDIUM
2026-08-14,S06,P444,test,0.0,0.4051,0,MEDIUM
2026-08-15,S06,P444,test,0.0,0.4026,0,MEDIUM
2026-08-16,S06,P444,test,1.0,0.6347,1,MEDIUM
2026-08-17,S06,P444,test,1.0,0.6365,1,MEDIUM
2026-08-18,S06,P444,test,1.0,0.6628,1,MEDIUM
2026-08-19,S06,P444,test,1.0,0.6947,1,MEDIUM
2026-08-20,S06,P444,test,1.0,0.8039,1,HIGH
2026-08-21,S06,P444,test,1.0,0.7797,1,HIGH
2026-08-22,S06,P444,test,1.0,0.7848,1,HIGH
2026-08-23,S06,P444,test,1.0,0.8137,1,HIGH
2026-08-24,S06,P444,test,1.0,0.795,1,HIGH
2026-08-11,S06,P445,test,1.0,0.6345,1,MEDIUM
2026-08-12,S06,P445,test,1.0,0.7342,1,HIGH
2026-08-13,S06,P445,test,1.0,0.6285,1,MEDIUM
2026-08-14,S06,P445,test,1.0,0.8137,1,HIGH
2026-08-15,S06,P445,test,1.0,0.5604,1,MEDIUM
2026-08-16,S06,P445,test,1.0,0.5689,1,MEDIUM
2026-08-17,S06,P445,test,1.0,0.8387,1,HIGH
2026-08-18,S06,P445,test,1.0,0.8387,1,HIGH
2026-08-19,S06,P445,test,1.0,0.8854,1,HIGH
2026-08-20,S06,P445,test,1.0,0.9033,1,HIGH
2026-08-21,S06,P445,test,1.0,0.9615,1,HIGH
2026-08-22,S06,P445,test,1.0,0.866,1,HIGH
2026-08-23,S06,P445,test,1.0,0.956,1,HIGH
2026-08-24,S06,P445,test,1.0,0.9146,1,HIGH
2026-08-11,S06,P446,test,1.0,0.7797,1,HIGH
2026-08-12,S06,P446,test,0.0,0.6627,1,MEDIUM
2026-08-13,S06,P446,test,0.0,0.5989,1,MEDIUM
2026-08-14,S06,P446,test,0.0,0.6194,1,MEDIUM
2026-08-15,S06,P446,test,1.0,0.7159,1,HIGH
2026-08-16,S06,P446,test,1.0,0.7669,1,HIGH
2026-08-17,S06,P446,test,1.0,0.8122,1,HIGH
2026-08-18,S06,P446,test,1.0,0.9092,1,HIGH
2026-08-19,S06,P446,test,1.0,0.8161,1,HIGH
2026-08-20,S06,P446,test,1.0,0.8397,1,HIGH
2026-08-21,S06,P446,test,1.0,0.9244,1,HIGH
2026-08-22,S06,P446,test,1.0,0.8457,1,HIGH
2026-08-23,S06,P446,test,1.0,0.8039,1,HIGH
2026-08-24,S06,P446,test,1.0,0.7739,1,HIGH
2026-08-24,S06,P447,test,0.0,0.3687,0,LOW
2026-08-11,S06,P502,test,1.0,0.757,1,HIGH
2026-08-12,S06,P502,test,1.0,0.6986,1,MEDIUM
2026-08-13,S06,P502,test,1.0,0.7842,1,HIGH
2026-08-14,S06,P502,test,1.0,0.8527,1,HIGH
2026-08-15,S06,P502,test,0.0,0.728,1,HIGH
2026-08-16,S06,P502,test,0.0,0.7478,1,HIGH
2026-08-17,S06,P502,test,1.0,0.748,1,HIGH
2026-08-18,S06,P502,test,1.0,0.8476,1,HIGH
2026-08-19,S06,P502,test,1.0,0.8151,1,HIGH
2026-08-20,S06,P502,test,1.0,0.7956,1,HIGH
2026-08-21,S06,P502,test,1.0,0.8626,1,HIGH
2026-08-22,S06,P502,test,1.0,0.8527,1,HIGH
2026-08-23,S06,P502,test,1.0,0.8449,1,HIGH
2026-08-24,S06,P502,test,1.0,0.7842,1,HIGH
2026-08-11,S06,P503,test,0.0,0.6508,1,MEDIUM
2026-08-12,S06,P503,test,1.0,0.795,1,HIGH
2026-08-13,S06,P503,test,1.0,0.8559,1,HIGH
2026-08-14,S06,P503,test,1.0,0.9076,1,HIGH
2026-08-15,S06,P503,test,1.0,0.913,1,HIGH
2026-08-16,S06,P503,test,1.0,0.9287,1,HIGH
2026-08-17,S06,P503,test,1.0,0.9199,1,HIGH
2026-08-18,S06,P503,test,1.0,0.9818,1,HIGH
2026-08-19,S06,P503,test,1.0,1.0,1,HIGH
2026-08-20,S06,P503,test,1.0,0.9818,1,HIGH
2026-08-21,S06,P503,test,1.0,0.8328,1,HIGH
2026-08-22,S06,P503,test,1.0,0.8766,1,HIGH
2026-08-23,S06,P503,test,1.0,0.905,1,HIGH
2026-08-24,S06,P503,test,1.0,0.8951,1,HIGH
2026-08-11,S06,P504,test,1.0,0.7315,1,HIGH
2026-08-12,S06,P504,test,1.0,0.6802,1,MEDIUM
2026-08-13,S06,P504,test,1.0,0.7365,1,HIGH
2026-08-14,S06,P504,test,1.0,0.9097,1,HIGH
2026-08-15,S06,P504,test,1.0,0.9401,1,HIGH
2026-08-16,S06,P504,test,1.0,0.8013,1,HIGH
2026-08-17,S06,P504,test,0.0,0.6085,1,MEDIUM
2026-08-18,S06,P504,test,0.0,0.5961,1,MEDIUM
2026-08-19,S06,P504,test,0.0,0.6842,1,MEDIUM
2026-08-20,S06,P504,test,0.0,0.6822,1,MEDIUM
2026-08-21,S06,P504,test,0.0,0.692,1,MEDIUM
2026-08-22,S06,P504,test,0.0,0.8106,1,HIGH
2026-08-23,S06,P504,test,1.0,0.91,1,HIGH
2026-08-24,S06,P504,test,1.0,0.9103,1,HIGH
2026-08-11,S06,P505,test,1.0,0.8811,1,HIGH
2026-08-12,S06,P505,test,1.0,0.7518,1,HIGH
2026-08-13,S06,P505,test,1.0,0.5978,1,MEDIUM
2026-08-14,S06,P505,test,1.0,0.6166,1,MEDIUM
2026-08-15,S06,P505,test,1.0,0.6901,1,MEDIUM
2026-08-16,S06,P505,test,1.0,0.7848,1,HIGH
2026-08-17,S06,P505,test,0.0,0.7842,1,HIGH
2026-08-18,S06,P505,test,1.0,0.8732,1,HIGH
2026-08-19,S06,P505,test,1.0,0.8863,1,HIGH
2026-08-20,S06,P505,test,1.0,0.7956,1,HIGH
2026-08-21,S06,P505,test,1.0,0.794,1,HIGH
2026-08-22,S06,P505,test,1.0,0.8234,1,HIGH
2026-08-23,S06,P505,test,1.0,0.832,1,HIGH
2026-08-24,S06,P505,test,1.0,0.7783,1,HIGH
2026-08-11,S06,P506,test,1.0,0.6378,1,MEDIUM
2026-08-12,S06,P506,test,1.0,0.6438,1,MEDIUM
2026-08-13,S06,P506,test,1.0,0.5777,1,MEDIUM
2026-08-14,S06,P506,test,1.0,0.5657,1,MEDIUM
2026-08-15,S06,P506,test,0.0,0.3056,0,LOW
2026-08-16,S06,P506,test,0.0,0.2904,0,LOW
2026-08-17,S06,P506,test,0.0,0.2943,0,LOW
2026-08-18,S06,P506,test,0.0,0.3343,0,LOW
2026-08-19,S06,P506,test,0.0,0.3978,0,LOW
2026-08-20,S06,P506,test,0.0,0.4452,0,MEDIUM
2026-08-21,S06,P506,test,0.0,0.351,0,LOW
2026-08-22,S06,P506,test,0.0,0.5239,1,MEDIUM
2026-08-23,S06,P506,test,0.0,0.454,0,MEDIUM
2026-08-24,S06,P506,test,0.0,0.3401,0,LOW
2026-08-11,S06,P602,test,0.0,0.4288,0,MEDIUM
2026-08-12,S06,P602,test,0.0,0.4154,0,MEDIUM
2026-08-13,S06,P602,test,1.0,0.529,1,MEDIUM
2026-08-14,S06,P602,test,1.0,0.4333,0,MEDIUM
2026-08-15,S06,P602,test,1.0,0.4388,0,MEDIUM
2026-08-16,S06,P602,test,1.0,0.6217,1,MEDIUM
2026-08-17,S06,P602,test,1.0,0.5889,1,MEDIUM
2026-08-18,S06,P602,test,1.0,0.4307,0,MEDIUM
2026-08-19,S06,P602,test,1.0,0.5838,1,MEDIUM
2026-08-20,S06,P602,test,1.0,0.4903,0,MEDIUM
2026-08-21,S06,P602,test,1.0,0.4009,0,MEDIUM
2026-08-22,S06,P602,test,1.0,0.582,1,MEDIUM
2026-08-23,S06,P602,test,1.0,0.5874,1,MEDIUM
2026-08-24,S06,P602,test,1.0,0.7377,1,HIGH
2026-08-11,S06,P603,test,0.0,0.2472,0,LOW
2026-08-12,S06,P603,test,0.0,0.1713,0,LOW
2026-08-13,S06,P603,test,0.0,0.1673,0,LOW
2026-08-14,S06,P603,test,0.0,0.1668,0,LOW
2026-08-15,S06,P603,test,0.0,0.1735,0,LOW
2026-08-16,S06,P603,test,0.0,0.1842,0,LOW
2026-08-17,S06,P603,test,0.0,0.1735,0,LOW
2026-08-18,S06,P603,test,0.0,0.1815,0,LOW
2026-08-19,S06,P603,test,0.0,0.1735,0,LOW
2026-08-20,S06,P603,test,0.0,0.1891,0,LOW
2026-08-21,S06,P603,test,0.0,0.1713,0,LOW
2026-08-22,S06,P603,test,0.0,0.2007,0,LOW
2026-08-23,S06,P603,test,0.0,0.2005,0,LOW
2026-08-24,S06,P603,test,0.0,0.227,0,LOW
2026-08-11,S06,P604,test,1.0,0.8445,1,HIGH
2026-08-12,S06,P604,test,1.0,0.8036,1,HIGH
2026-08-13,S06,P604,test,1.0,0.8039,1,HIGH
2026-08-14,S06,P604,test,1.0,0.7565,1,HIGH
2026-08-15,S06,P604,test,1.0,0.8882,1,HIGH
2026-08-16,S06,P604,test,1.0,0.8507,1,HIGH
2026-08-17,S06,P604,test,1.0,0.699,1,MEDIUM
2026-08-18,S06,P604,test,1.0,0.7081,1,HIGH
2026-08-19,S06,P604,test,0.0,0.5704,1,MEDIUM
2026-08-20,S06,P604,test,0.0,0.5774,1,MEDIUM
2026-08-21,S06,P604,test,1.0,0.6927,1,MEDIUM
2026-08-22,S06,P604,test,1.0,0.6009,1,MEDIUM
2026-08-23,S06,P604,test,1.0,0.5687,1,MEDIUM
2026-08-24,S06,P604,test,1.0,0.6437,1,MEDIUM
2026-08-11,S06,P701,test,1.0,0.7507,1,HIGH
2026-08-12,S06,P701,test,1.0,0.7277,1,HIGH
2026-08-13,S06,P701,test,1.0,0.7291,1,HIGH
2026-08-14,S06,P701,test,1.0,0.582,1,MEDIUM
2026-08-15,S06,P701,test,0.0,0.3606,0,LOW
2026-08-16,S06,P701,test,0.0,0.2839,0,LOW
2026-08-17,S06,P701,test,0.0,0.2783,0,LOW
2026-08-18,S06,P701,test,0.0,0.2751,0,LOW
2026-08-19,S06,P701,test,0.0,0.2904,0,LOW
2026-08-20,S06,P701,test,0.0,0.3006,0,LOW
2026-08-21,S06,P701,test,0.0,0.2736,0,LOW
2026-08-22,S06,P701,test,0.0,0.284,0,LOW
2026-08-23,S06,P701,test,0.0,0.3394,0,LOW
2026-08-24,S06,P701,test,0.0,0.4016,0,MEDIUM
2026-08-11,S06,P702,test,0.0,0.2352,0,LOW
2026-08-12,S06,P702,test,0.0,0.2486,0,LOW
2026-08-13,S06,P702,test,0.0,0.2904,0,LOW
2026-08-14,S06,P702,test,0.0,0.3911,0,LOW
2026-08-15,S06,P702,test,0.0,0.6035,1,MEDIUM
2026-08-16,S06,P702,test,0.0,0.5496,1,MEDIUM
2026-08-17,S06,P702,test,0.0,0.5764,1,MEDIUM
2026-08-18,S06,P702,test,0.0,0.527,1,MEDIUM
2026-08-19,S06,P702,test,0.0,0.5284,1,MEDIUM
2026-08-20,S06,P702,test,0.0,0.5516,1,MEDIUM
2026-08-21,S06,P702,test,0.0,0.5521,1,MEDIUM
2026-08-22,S06,P702,test,0.0,0.4692,0,MEDIUM
2026-08-23,S06,P702,test,0.0,0.4984,0,MEDIUM
2026-08-24,S06,P702,test,0.0,0.4351,0,MEDIUM
2026-08-11,S06,P703,test,0.0,0.3009,0,LOW
2026-08-12,S06,P703,test,0.0,0.3367,0,LOW
2026-08-13,S06,P703,test,0.0,0.3593,0,LOW
2026-08-14,S06,P703,test,0.0,0.344,0,LOW
2026-08-15,S06,P703,test,0.0,0.3159,0,LOW
2026-08-16,S06,P703,test,0.0,0.3578,0,LOW
2026-08-17,S06,P703,test,0.0,0.3421,0,LOW
2026-08-18,S06,P703,test,0.0,0.3816,0,LOW
2026-08-19,S06,P703,test,0.0,0.3114,0,LOW
2026-08-20,S06,P703,test,0.0,0.284,0,LOW
2026-08-21,S06,P703,test,0.0,0.336,0,LOW
2026-08-22,S06,P703,test,1.0,0.3711,0,LOW
2026-08-23,S06,P703,test,1.0,0.3713,0,LOW
2026-08-24,S06,P703,test,1.0,0.3649,0,LOW
2026-08-11,S06,P704,test,1.0,0.6822,1,MEDIUM
2026-08-12,S06,P704,test,1.0,0.6824,1,MEDIUM
2026-08-13,S06,P704,test,1.0,0.6896,1,MEDIUM
2026-08-14,S06,P704,test,1.0,0.6876,1,MEDIUM
2026-08-15,S06,P704,test,1.0,0.7447,1,HIGH
2026-08-16,S06,P704,test,1.0,0.7632,1,HIGH
2026-08-17,S06,P704,test,1.0,0.6742,1,MEDIUM
2026-08-18,S06,P704,test,1.0,0.7485,1,HIGH
2026-08-19,S06,P704,test,1.0,0.8039,1,HIGH
2026-08-20,S06,P704,test,1.0,0.7831,1,HIGH
2026-08-21,S06,P704,test,1.0,0.6923,1,MEDIUM
2026-08-22,S06,P704,test,1.0,0.7204,1,HIGH
2026-08-23,S06,P704,test,1.0,0.7618,1,HIGH
2026-08-24,S06,P704,test,1.0,0.8017,1,HIGH
2026-08-20,S06,P705,test,0.0,0.2574,0,LOW
2026-08-21,S06,P705,test,1.0,0.3608,0,LOW
2026-08-22,S06,P705,test,1.0,0.6235,1,MEDIUM
2026-08-23,S06,P705,test,1.0,0.7684,1,HIGH
2026-08-24,S06,P705,test,1.0,0.9297,1,HIGH
2026-08-31,S01,P102,live_as_of,,0.1711,0,LOW
2026-08-31,S01,P103,live_as_of,,0.3995,0,LOW
2026-08-31,S01,P104,live_as_of,,0.1775,0,LOW
2026-08-31,S01,P105,live_as_of,,0.3315,0,LOW
2026-08-31,S01,P205,live_as_of,,0.3904,0,LOW
2026-08-31,S01,P206,live_as_of,,0.3545,0,LOW
2026-08-31,S01,P207,live_as_of,,0.6543,1,MEDIUM
2026-08-31,S01,P208,live_as_of,,0.6339,1,MEDIUM
2026-08-31,S01,P330,live_as_of,,0.5856,1,MEDIUM
2026-08-31,S01,P331,live_as_of,,0.3687,0,LOW
2026-08-31,S01,P332,live_as_of,,0.5373,1,MEDIUM
2026-08-31,S01,P333,live_as_of,,0.2303,0,LOW
2026-08-31,S01,P334,live_as_of,,0.291,0,LOW
2026-08-31,S01,P335,live_as_of,,0.5037,1,MEDIUM
2026-08-31,S01,P442,live_as_of,,0.5515,1,MEDIUM
2026-08-31,S01,P443,live_as_of,,0.4488,0,MEDIUM
2026-08-31,S01,P444,live_as_of,,0.4888,0,MEDIUM
2026-08-31,S01,P445,live_as_of,,0.5763,1,MEDIUM
2026-08-31,S01,P446,live_as_of,,0.5983,1,MEDIUM
2026-08-31,S01,P447,live_as_of,,0.3968,0,LOW
2026-08-31,S01,P501,live_as_of,,0.5144,1,MEDIUM
2026-08-31,S01,P502,live_as_of,,0.5378,1,MEDIUM
2026-08-31,S01,P503,live_as_of,,0.7621,1,HIGH
2026-08-31,S01,P504,live_as_of,,0.3885,0,LOW
2026-08-31,S01,P505,live_as_of,,0.3652,0,LOW
2026-08-31,S01,P506,live_as_of,,0.1673,0,LOW
2026-08-31,S01,P601,live_as_of,,0.4731,0,MEDIUM
2026-08-31,S01,P602,live_as_of,,0.458,0,MEDIUM
2026-08-31,S01,P603,live_as_of,,0.4389,0,MEDIUM
2026-08-31,S01,P604,live_as_of,,0.4503,0,MEDIUM
2026-08-31,S01,P701,live_as_of,,0.4226,0,MEDIUM
2026-08-31,S01,P702,live_as_of,,0.37,0,LOW
2026-08-31,S01,P703,live_as_of,,0.3149,0,LOW
2026-08-31,S01,P705,live_as_of,,0.3949,0,LOW
2026-08-31,S02,P101,live_as_of,,0.2145,0,LOW
2026-08-31,S02,P102,live_as_of,,0.2415,0,LOW
2026-08-31,S02,P103,live_as_of,,0.256,0,LOW
2026-08-31,S02,P104,live_as_of,,0.1379,0,LOW
2026-08-31,S02,P105,live_as_of,,0.195,0,LOW
2026-08-31,S02,P205,live_as_of,,0.2527,0,LOW
2026-08-31,S02,P206,live_as_of,,0.2604,0,LOW
2026-08-31,S02,P207,live_as_of,,0.2406,0,LOW
2026-08-31,S02,P208,live_as_of,,0.3933,0,LOW
2026-08-31,S02,P330,live_as_of,,0.3638,0,LOW
2026-08-31,S02,P331,live_as_of,,0.3149,0,LOW
2026-08-31,S02,P332,live_as_of,,0.4286,0,MEDIUM
2026-08-31,S02,P333,live_as_of,,0.2057,0,LOW
2026-08-31,S02,P334,live_as_of,,0.2904,0,LOW
2026-08-31,S02,P335,live_as_of,,0.3299,0,LOW
2026-08-31,S02,P442,live_as_of,,0.4378,0,MEDIUM
2026-08-31,S02,P443,live_as_of,,0.275,0,LOW
2026-08-31,S02,P444,live_as_of,,0.2846,0,LOW
2026-08-31,S02,P445,live_as_of,,0.3094,0,LOW
2026-08-31,S02,P446,live_as_of,,0.3254,0,LOW
2026-08-31,S02,P447,live_as_of,,0.3146,0,LOW
2026-08-31,S02,P501,live_as_of,,0.3269,0,LOW
2026-08-31,S02,P502,live_as_of,,0.5953,1,MEDIUM
2026-08-31,S02,P503,live_as_of,,0.2477,0,LOW
2026-08-31,S02,P504,live_as_of,,0.2631,0,LOW
2026-08-31,S02,P505,live_as_of,,0.298,0,LOW
2026-08-31,S02,P506,live_as_of,,0.1668,0,LOW
2026-08-31,S02,P601,live_as_of,,0.354,0,LOW
2026-08-31,S02,P602,live_as_of,,0.3645,0,LOW
2026-08-31,S02,P603,live_as_of,,0.2602,0,LOW
2026-08-31,S02,P604,live_as_of,,0.29,0,LOW
2026-08-31,S02,P701,live_as_of,,0.2487,0,LOW
2026-08-31,S02,P702,live_as_of,,0.3014,0,LOW
2026-08-31,S02,P703,live_as_of,,0.3458,0,LOW
2026-08-31,S02,P704,live_as_of,,0.329,0,LOW
2026-08-31,S02,P705,live_as_of,,0.2769,0,LOW
2026-08-31,S03,P101,live_as_of,,0.4395,0,MEDIUM
2026-08-31,S03,P103,live_as_of,,0.3945,0,LOW
2026-08-31,S03,P104,live_as_of,,0.5889,1,MEDIUM
2026-08-31,S03,P105,live_as_of,,0.2784,0,LOW
2026-08-31,S03,P205,live_as_of,,0.6024,1,MEDIUM
2026-08-31,S03,P206,live_as_of,,0.5993,1,MEDIUM
2026-08-31,S03,P207,live_as_of,,0.7031,1,HIGH
2026-08-31,S03,P208,live_as_of,,0.3816,0,LOW
2026-08-31,S03,P330,live_as_of,,0.4959,0,MEDIUM
2026-08-31,S03,P331,live_as_of,,0.5826,1,MEDIUM
2026-08-31,S03,P333,live_as_of,,0.4164,0,MEDIUM
2026-08-31,S03,P334,live_as_of,,0.5388,1,MEDIUM
2026-08-31,S03,P335,live_as_of,,0.6852,1,MEDIUM
2026-08-31,S03,P442,live_as_of,,0.4659,0,MEDIUM
2026-08-31,S03,P443,live_as_of,,0.6068,1,MEDIUM
2026-08-31,S03,P444,live_as_of,,0.6154,1,MEDIUM
2026-08-31,S03,P445,live_as_of,,0.4095,0,MEDIUM
2026-08-31,S03,P446,live_as_of,,0.6185,1,MEDIUM
2026-08-31,S03,P447,live_as_of,,0.3649,0,LOW
2026-08-31,S03,P501,live_as_of,,0.3806,0,LOW
2026-08-31,S03,P502,live_as_of,,0.6314,1,MEDIUM
2026-08-31,S03,P504,live_as_of,,0.4463,0,MEDIUM
2026-08-31,S03,P505,live_as_of,,0.656,1,MEDIUM
2026-08-31,S03,P506,live_as_of,,0.4984,0,MEDIUM
2026-08-31,S03,P601,live_as_of,,0.7291,1,HIGH
2026-08-31,S03,P602,live_as_of,,0.4274,0,MEDIUM
2026-08-31,S03,P603,live_as_of,,0.2303,0,LOW
2026-08-31,S03,P604,live_as_of,,0.8218,1,HIGH
2026-08-31,S03,P701,live_as_of,,0.4596,0,MEDIUM
2026-08-31,S03,P702,live_as_of,,0.6468,1,MEDIUM
2026-08-31,S03,P703,live_as_of,,0.3569,0,LOW
2026-08-31,S03,P704,live_as_of,,0.7759,1,HIGH
2026-08-31,S03,P705,live_as_of,,0.6373,1,MEDIUM
2026-08-31,S04,P101,live_as_of,,0.1038,0,LOW
2026-08-31,S04,P102,live_as_of,,0.1327,0,LOW
2026-08-31,S04,P104,live_as_of,,0.153,0,LOW
2026-08-31,S04,P105,live_as_of,,0.2045,0,LOW
2026-08-31,S04,P205,live_as_of,,0.2044,0,LOW
2026-08-31,S04,P206,live_as_of,,0.1791,0,LOW
2026-08-31,S04,P207,live_as_of,,0.1843,0,LOW
2026-08-31,S04,P208,live_as_of,,0.2799,0,LOW
2026-08-31,S04,P330,live_as_of,,0.2652,0,LOW
2026-08-31,S04,P331,live_as_of,,0.2097,0,LOW
2026-08-31,S04,P332,live_as_of,,0.3355,0,LOW
2026-08-31,S04,P333,live_as_of,,0.146,0,LOW
2026-08-31,S04,P334,live_as_of,,0.291,0,LOW
2026-08-31,S04,P335,live_as_of,,0.2514,0,LOW
2026-08-31,S04,P442,live_as_of,,0.3396,0,LOW
2026-08-31,S04,P443,live_as_of,,0.1405,0,LOW
2026-08-31,S04,P446,live_as_of,,0.1668,0,LOW
2026-08-31,S04,P447,live_as_of,,0.1923,0,LOW
2026-08-31,S04,P501,live_as_of,,0.2065,0,LOW
2026-08-31,S04,P502,live_as_of,,0.2478,0,LOW
2026-08-31,S04,P503,live_as_of,,0.3289,0,LOW
2026-08-31,S04,P504,live_as_of,,0.188,0,LOW
2026-08-31,S04,P505,live_as_of,,0.1728,0,LOW
2026-08-31,S04,P506,live_as_of,,0.1405,0,LOW
2026-08-31,S04,P601,live_as_of,,0.2817,0,LOW
2026-08-31,S04,P603,live_as_of,,0.311,0,LOW
2026-08-31,S04,P604,live_as_of,,0.3721,0,LOW
2026-08-31,S04,P701,live_as_of,,0.3195,0,LOW
2026-08-31,S04,P702,live_as_of,,0.2862,0,LOW
2026-08-31,S04,P703,live_as_of,,0.1937,0,LOW
2026-08-31,S04,P704,live_as_of,,0.2984,0,LOW
2026-08-31,S04,P705,live_as_of,,0.1972,0,LOW
2026-08-31,S05,P101,live_as_of,,0.1124,0,LOW
2026-08-31,S05,P102,live_as_of,,0.0922,0,LOW
2026-08-31,S05,P103,live_as_of,,0.3044,0,LOW
2026-08-31,S05,P104,live_as_of,,0.1604,0,LOW
2026-08-31,S05,P105,live_as_of,,0.2987,0,LOW
2026-08-31,S05,P205,live_as_of,,0.2791,0,LOW
2026-08-31,S05,P206,live_as_of,,0.4387,0,MEDIUM
2026-08-31,S05,P207,live_as_of,,0.3047,0,LOW
2026-08-31,S05,P208,live_as_of,,0.4027,0,MEDIUM
2026-08-31,S05,P330,live_as_of,,0.4494,0,MEDIUM
2026-08-31,S05,P331,live_as_of,,0.3034,0,LOW
2026-08-31,S05,P332,live_as_of,,0.4093,0,MEDIUM
2026-08-31,S05,P333,live_as_of,,0.2224,0,LOW
2026-08-31,S05,P334,live_as_of,,0.3254,0,LOW
2026-08-31,S05,P335,live_as_of,,0.4642,0,MEDIUM
2026-08-31,S05,P443,live_as_of,,0.3748,0,LOW
2026-08-31,S05,P444,live_as_of,,0.3792,0,LOW
2026-08-31,S05,P446,live_as_of,,0.2769,0,LOW
2026-08-31,S05,P501,live_as_of,,0.2871,0,LOW
2026-08-31,S05,P502,live_as_of,,0.3966,0,LOW
2026-08-31,S05,P503,live_as_of,,0.4991,0,MEDIUM
2026-08-31,S05,P504,live_as_of,,0.5727,1,MEDIUM
2026-08-31,S05,P505,live_as_of,,0.3102,0,LOW
2026-08-31,S05,P506,live_as_of,,0.1195,0,LOW
2026-08-31,S05,P601,live_as_of,,0.4823,0,MEDIUM
2026-08-31,S05,P602,live_as_of,,0.4463,0,MEDIUM
2026-08-31,S05,P603,live_as_of,,0.3689,0,LOW
2026-08-31,S05,P604,live_as_of,,0.5223,1,MEDIUM
2026-08-31,S05,P701,live_as_of,,0.3952,0,LOW
2026-08-31,S05,P702,live_as_of,,0.3683,0,LOW
2026-08-31,S05,P704,live_as_of,,0.4207,0,MEDIUM
2026-08-31,S05,P705,live_as_of,,0.4131,0,MEDIUM
2026-08-31,S06,P101,live_as_of,,0.2195,0,LOW
2026-08-31,S06,P102,live_as_of,,0.2342,0,LOW
2026-08-31,S06,P103,live_as_of,,0.6258,1,MEDIUM
2026-08-31,S06,P104,live_as_of,,0.3692,0,LOW
2026-08-31,S06,P105,live_as_of,,0.2776,0,LOW
2026-08-31,S06,P205,live_as_of,,0.5625,1,MEDIUM
2026-08-31,S06,P206,live_as_of,,0.5998,1,MEDIUM
2026-08-31,S06,P207,live_as_of,,0.3642,0,LOW
2026-08-31,S06,P208,live_as_of,,0.4534,0,MEDIUM
2026-08-31,S06,P332,live_as_of,,0.644,1,MEDIUM
2026-08-31,S06,P333,live_as_of,,0.3563,0,LOW
2026-08-31,S06,P334,live_as_of,,0.6747,1,MEDIUM
2026-08-31,S06,P442,live_as_of,,0.6093,1,MEDIUM
2026-08-31,S06,P443,live_as_of,,0.6441,1,MEDIUM
2026-08-31,S06,P444,live_as_of,,0.6285,1,MEDIUM
2026-08-31,S06,P445,live_as_of,,0.5263,1,MEDIUM
2026-08-31,S06,P446,live_as_of,,0.6627,1,MEDIUM
2026-08-31,S06,P447,live_as_of,,0.3685,0,LOW
2026-08-31,S06,P502,live_as_of,,0.4469,0,MEDIUM
2026-08-31,S06,P503,live_as_of,,0.5055,1,MEDIUM
2026-08-31,S06,P504,live_as_of,,0.4556,0,MEDIUM
2026-08-31,S06,P505,live_as_of,,0.6416,1,MEDIUM
2026-08-31,S06,P506,live_as_of,,0.3446,0,LOW
2026-08-31,S06,P602,live_as_of,,0.4171,0,MEDIUM
2026-08-31,S06,P603,live_as_of,,0.2325,0,LOW
2026-08-31,S06,P604,live_as_of,,0.474,0,MEDIUM
2026-08-31,S06,P701,live_as_of,,0.3659,0,LOW
2026-08-31,S06,P702,live_as_of,,0.3812,0,LOW
2026-08-31,S06,P703,live_as_of,,0.4643,0,MEDIUM
2026-08-31,S06,P704,live_as_of,,0.781,1,HIGH
2026-08-31,S06,P705,live_as_of,,0.7296,1,HIGH
