date,store,product,opening,received,sold,closing,reorder_lvl,lead_days
2026-05-01,S01,P102,59.0,0,10,49,37,1
2026-05-02,S01,P102,49.0,0,15,34,37,1
2026-05-03,S01,P102,34.0,25,36,23,37,1
2026-05-04,S01,P102,23.0,0,18,5,37,1
2026-05-05,S01,P102,5.0,36,26,15,37,1
2026-05-06,S01,P102,15.0,44,16,43,37,1
2026-05-07,S01,P102,43.0,0,16,27,37,1
2026-05-08,S01,P102,27.0,32,23,36,37,1
2026-05-09,S01,P102,36.0,23,13,46,37,1
2026-05-10,S01,P102,46.0,0,19,27,37,1
2026-05-11,S01,P102,27.0,32,11,48,37,1
2026-05-12,S01,P102,48.0,0,34,14,37,1
2026-05-13,S01,P102,14.0,45,36,23,37,1
2026-05-14,S01,P102,23.0,36,33,26,37,1
2026-05-15,S01,P102,26.0,0,25,1,37,1
2026-05-16,S01,P102,1.0,25,25,1,37,1
2026-05-17,S01,P102,1.0,58,27,32,37,1
2026-05-18,S01,P102,32.0,27,12,47,37,1
2026-05-19,S01,P102,47.0,0,15,32,37,1
2026-05-20,S01,P102,32.0,27,10,49,37,1
2026-05-21,S01,P102,49.0,0,14,35,37,1
2026-05-22,S01,P102,35.0,24,31,28,37,1
2026-05-23,S01,P102,28.0,31,27,32,37,1
2026-05-24,S01,P102,32.0,27,16,43,37,1
2026-05-25,S01,P102,43.0,0,19,24,37,1
2026-05-26,S01,P102,24.0,35,22,37,37,1
2026-05-27,S01,P102,37.0,22,24,35,37,1
2026-05-28,S01,P102,35.0,24,16,43,37,1
2026-05-29,S01,P102,43.0,0,15,28,37,1
2026-05-30,S01,P102,28.0,31,15,44,37,1
2026-05-31,S01,P102,44.0,0,15,29,37,1
2026-06-01,S01,P102,29.0,0,26,3,37,1
2026-06-02,S01,P102,3.0,56,29,30,37,1
2026-06-03,S01,P102,30.0,29,37,22,37,1
2026-06-04,S01,P102,22.0,37,36,23,37,1
2026-06-05,S01,P102,23.0,0,23,0,37,1
2026-06-06,S01,P102,0.0,59,19,40,37,1
2026-06-07,S01,P102,40.0,0,25,15,37,1
2026-06-08,S01,P102,15.0,44,32,27,37,1
2026-06-09,S01,P102,27.0,0,22,5,37,1
2026-06-10,S01,P102,5.0,32,18,19,37,1
2026-06-11,S01,P102,19.0,22,20,21,37,1
2026-06-12,S01,P102,21.0,38,17,42,37,1
2026-06-13,S01,P102,42.0,0,29,13,37,1
2026-06-14,S01,P102,13.0,46,31,28,37,1
2026-06-15,S01,P102,28.0,31,32,27,37,1
2026-06-16,S01,P102,27.0,32,20,39,37,1
2026-06-17,S01,P102,39.0,0,32,7,37,1
2026-06-18,S01,P102,7.0,0,7,0,37,1
2026-06-19,S01,P102,0.0,52,19,33,37,1
2026-06-20,S01,P102,33.0,26,26,33,37,1
2026-06-21,S01,P102,33.0,26,25,34,37,1
2026-06-22,S01,P102,34.0,25,17,42,37,1
2026-06-23,S01,P102,42.0,0,17,25,37,1
2026-06-24,S01,P102,25.0,34,14,45,37,1
2026-06-25,S01,P102,45.0,0,20,25,37,1
2026-06-26,S01,P102,25.0,34,31,28,37,1
2026-06-27,S01,P102,28.0,31,19,40,37,1
2026-06-28,S01,P102,40.0,0,17,23,37,1
2026-06-29,S01,P102,23.0,36,19,40,37,1
2026-06-30,S01,P102,40.0,0,11,29,37,1
2026-07-01,S01,P102,29.0,30,22,37,37,1
2026-07-02,S01,P102,37.0,22,29,30,37,1
2026-07-03,S01,P102,30.0,29,22,37,37,1
2026-07-04,S01,P102,37.0,22,20,39,37,1
2026-07-05,S01,P102,39.0,0,16,23,37,1
2026-07-06,S01,P102,23.0,36,19,40,37,1
2026-07-07,S01,P102,40.0,0,22,25,37,1
2026-07-08,S01,P102,18.0,41,31,28,37,1
2026-07-09,S01,P102,28.0,0,25,3,37,1
2026-07-10,S01,P102,3.0,56,16,43,37,1
2026-07-11,S01,P102,43.0,0,14,29,37,1
2026-07-12,S01,P102,29.0,30,18,41,37,1
2026-07-13,S01,P102,41.0,0,15,26,37,1
2026-07-14,S01,P102,26.0,33,18,41,37,1
2026-07-15,S01,P102,41.0,0,35,6,37,1
2026-07-16,S01,P102,6.0,0,6,0,37,1
2026-07-17,S01,P102,0.0,53,30,23,37,1
2026-07-18,S01,P102,23.0,36,32,27,37,1
2026-07-19,S01,P102,27.0,32,38,21,37,1
2026-07-20,S01,P102,21.0,38,24,35,37,1
2026-07-21,S01,P102,35.0,24,24,35,37,1
2026-07-22,S01,P102,35.0,24,13,46,37,1
2026-07-23,S01,P102,46.0,0,13,33,37,1
2026-07-24,S01,P102,33.0,26,19,40,37,1
2026-07-25,S01,P102,40.0,0,24,16,37,1
2026-07-26,S01,P102,16.0,43,25,34,37,1
2026-07-27,S01,P102,34.0,25,13,46,37,1
2026-07-28,S01,P102,46.0,0,14,-3,37,1
2026-07-29,S01,P102,32.0,27,16,43,37,1
2026-07-30,S01,P102,43.0,0,19,24,37,1
2026-07-31,S01,P102,24.0,35,19,40,37,1
2026-08-01,S01,P102,40.0,0,36,4,37,1
2026-08-02,S01,P102,4.0,55,29,30,37,1
2026-08-03,S01,P102,30.0,29,29,30,37,1
2026-08-04,S01,P102,30.0,29,18,41,37,1
2026-08-05,S01,P102,41.0,0,21,20,37,1
2026-08-06,S01,P102,20.0,39,27,32,37,1
2026-08-07,S01,P102,32.0,0,23,9,37,1
2026-08-08,S01,P102,9.0,27,17,19,37,1
2026-08-09,S01,P102,19.0,23,19,23,37,1
2026-08-10,S01,P102,23.0,36,15,44,37,1
2026-08-11,S01,P102,44.0,0,21,23,37,1
2026-08-12,S01,P102,23.0,36,15,44,37,1
2026-08-13,S01,P102,44.0,0,24,20,37,1
2026-08-14,S01,P102,20.0,39,13,46,37,1
2026-08-15,S01,P102,46.0,0,26,8,37,1
2026-08-16,S01,P102,20.0,39,13,46,37,1
2026-08-17,S01,P102,46.0,0,19,27,37,1
2026-08-18,S01,P102,27.0,32,23,36,37,1
2026-08-19,S01,P102,36.0,23,22,37,37,1
2026-08-20,S01,P102,37.0,22,37,22,37,1
2026-08-21,S01,P102,22.0,37,40,19,37,1
2026-08-22,S01,P102,19.0,40,19,40,37,1
2026-08-23,S01,P102,40.0,0,35,5,37,1
2026-08-24,S01,P102,5.0,54,18,41,37,1
2026-08-25,S01,P102,41.0,0,24,17,37,1
2026-08-26,S01,P102,17.0,42,33,26,37,1
2026-08-27,S01,P102,26.0,33,21,38,37,1
2026-08-28,S01,P102,38.0,0,23,15,37,1
2026-08-29,S01,P102,15.0,44,33,26,37,1
2026-08-30,S01,P102,26.0,33,21,38,37,1
2026-08-31,S01,P102,38.0,0,22,16,37,1
2026-05-01,S01,P103,34.0,0,7,27,17,2
2026-05-02,S01,P103,27.0,0,9,18,17,2
2026-05-03,S01,P103,18.0,0,10,8,17,2
2026-05-04,S01,P103,8.0,0,5,3,17,2
2026-05-05,S01,P103,3.0,26,8,21,17,2
2026-05-06,S01,P103,21.0,0,7,14,17,2
2026-05-07,S01,P103,14.0,0,3,11,17,2
2026-05-08,S01,P103,11.0,20,4,27,17,2
2026-05-09,S01,P103,27.0,0,6,21,17,2
2026-05-10,S01,P103,21.0,0,6,15,17,2
2026-05-11,S01,P103,15.0,0,4,11,17,2
2026-05-12,S01,P103,11.0,19,3,27,17,2
2026-05-13,S01,P103,27.0,0,3,24,17,2
2026-05-14,S01,P103,24.0,0,9,15,17,2
2026-05-15,S01,P103,15.0,0,8,7,17,2
2026-05-16,S01,P103,7.0,0,3,4,17,2
2026-05-17,S01,P103,4.0,0,4,0,17,2
2026-05-18,S01,P103,0.0,19,7,12,17,2
2026-05-19,S01,P103,12.0,0,8,4,17,2
2026-05-20,S01,P103,4.0,22,7,19,17,2
2026-05-21,S01,P103,19.0,0,6,13,17,2
2026-05-22,S01,P103,13.0,0,13,0,17,2
2026-05-23,S01,P103,0.0,21,11,10,17,2
2026-05-24,S01,P103,10.0,0,7,3,17,2
2026-05-25,S01,P103,3.0,24,3,24,17,2
2026-05-26,S01,P103,24.0,0,4,20,17,2
2026-05-27,S01,P103,20.0,0,6,14,17,2
2026-05-28,S01,P103,14.0,0,5,9,17,2
2026-05-29,S01,P103,9.0,20,2,27,17,2
2026-05-30,S01,P103,27.0,0,4,23,17,2
2026-05-31,S01,P103,23.0,0,10,13,17,2
2026-06-01,S01,P103,13.0,0,8,5,17,2
2026-06-02,S01,P103,5.0,21,5,21,17,2
2026-06-03,S01,P103,21.0,0,5,16,17,2
2026-06-04,S01,P103,16.0,0,7,9,17,2
2026-06-05,S01,P103,9.0,18,2,25,17,2
2026-06-06,S01,P103,25.0,0,5,20,17,2
2026-06-07,S01,P103,20.0,0,6,14,17,2
2026-06-08,S01,P103,14.0,0,2,12,17,2
2026-06-09,S01,P103,12.0,0,5,7,17,2
2026-06-10,S01,P103,7.0,20,9,18,17,2
2026-06-11,S01,P103,18.0,0,11,7,17,2
2026-06-12,S01,P103,7.0,0,5,2,17,2
2026-06-13,S01,P103,2.0,27,14,15,17,2
2026-06-14,S01,P103,15.0,0,15,0,17,2
2026-06-15,S01,P103,0.0,19,2,17,17,2
2026-06-16,S01,P103,17.0,0,15,2,17,2
2026-06-17,S01,P103,2.0,17,10,9,17,2
2026-06-18,S01,P103,9.0,0,9,0,17,2
2026-06-19,S01,P103,0.0,25,11,14,17,2
2026-06-20,S01,P103,14.0,0,6,8,17,2
2026-06-21,S01,P103,8.0,20,7,21,17,2
2026-06-22,S01,P103,21.0,0,3,18,17,2
2026-06-23,S01,P103,18.0,0,5,13,17,2
2026-06-24,S01,P103,13.0,0,5,8,17,2
2026-06-25,S01,P103,8.0,21,5,24,17,2
2026-06-26,S01,P103,24.0,0,13,11,17,2
2026-06-27,S01,P103,11.0,0,1,10,17,2
2026-06-28,S01,P103,10.0,23,4,29,17,2
2026-06-29,S01,P103,29.0,0,6,23,17,2
2026-06-30,S01,P103,23.0,0,6,17,17,2
2026-07-01,S01,P103,17.0,0,2,15,17,2
2026-07-02,S01,P103,15.0,17,10,22,17,2
2026-07-03,S01,P103,22.0,0,7,15,17,2
2026-07-04,S01,P103,15.0,0,8,7,17,2
2026-07-06,S01,P103,17.0,0,5,12,17,2
2026-07-07,S01,P103,12.0,17,5,24,17,2
2026-07-08,S01,P103,24.0,0,12,12,17,2
2026-07-09,S01,P103,12.0,0,8,4,17,2
2026-07-10,S01,P103,4.0,22,16,10,17,2
2026-07-11,S01,P103,10.0,0,7,3,17,2
2026-07-12,S01,P103,3.0,24,14,13,17,2
2026-07-13,S01,P103,13.0,0,13,0,17,2
2026-07-14,S01,P103,0.0,21,5,16,17,2
2026-07-15,S01,P103,16.0,0,16,0,17,2
2026-07-16,S01,P103,0.0,18,9,9,17,2
2026-07-17,S01,P103,9.0,0,5,4,17,2
2026-07-18,S01,P103,4.0,25,5,24,17,2
2026-07-19,S01,P103,24.0,0,3,21,17,2
2026-07-20,S01,P103,21.0,0,13,8,17,2
2026-07-21,S01,P103,8.0,0,6,2,17,2
2026-07-22,S01,P103,2.0,26,9,19,17,2
2026-07-23,S01,P103,19.0,0,2,17,17,2
2026-07-24,S01,P103,17.0,0,6,11,17,2
2026-07-25,S01,P103,11.0,17,5,23,17,2
2026-07-26,S01,P103,23.0,0,3,20,17,2
2026-07-27,S01,P103,20.0,0,3,17,17,2
2026-07-28,S01,P103,17.0,0,6,11,17,2
2026-07-29,S01,P103,11.0,17,7,21,17,2
2026-07-30,S01,P103,21.0,0,19,2,17,2
2026-07-31,S01,P103,2.0,0,2,0,17,2
2026-08-01,S01,P103,0.0,32,3,29,17,2
2026-08-02,S01,P103,29.0,0,9,20,17,2
2026-08-03,S01,P103,20.0,0,9,11,17,2
2026-08-04,S01,P103,11.0,0,10,1,17,2
2026-08-05,S01,P103,1.0,23,8,16,17,2
2026-08-06,S01,P103,16.0,0,8,8,17,2
2026-08-07,S01,P103,8.0,18,4,22,17,2
2026-08-08,S01,P103,22.0,0,1,21,17,2
2026-08-09,S01,P103,21.0,0,7,14,17,2
2026-08-10,S01,P103,14.0,0,5,9,17,2
2026-08-11,S01,P103,9.0,20,8,21,17,2
2026-08-12,S01,P103,21.0,0,8,13,17,2
2026-08-13,S01,P103,13.0,0,3,10,17,2
2026-08-14,S01,P103,10.0,21,13,18,17,2
2026-08-15,S01,P103,18.0,0,14,4,17,2
2026-08-16,S01,P103,4.0,0,4,0,17,2
2026-08-17,S01,P103,0.0,0,0,0,17,2
2026-08-18,S01,P103,0.0,0,0,0,17,2
2026-08-19,S01,P103,0.0,30,1,29,17,2
2026-08-20,S01,P103,29.0,0,9,20,17,2
2026-08-21,S01,P103,20.0,0,13,7,17,2
2026-08-22,S01,P103,7.0,0,7,0,17,2
2026-08-23,S01,P103,0.0,27,8,19,17,2
2026-08-24,S01,P103,19.0,0,8,11,17,2
2026-08-25,S01,P103,11.0,0,6,5,17,2
2026-08-26,S01,P103,5.0,23,4,24,17,2
2026-08-27,S01,P103,24.0,0,10,14,17,2
2026-08-28,S01,P103,14.0,0,12,2,17,2
2026-08-29,S01,P103,2.0,0,2,0,17,2
2026-08-30,S01,P103,0.0,20,7,13,17,2
2026-08-31,S01,P103,13.0,0,6,7,17,2
2026-05-01,S01,P104,48.0,0,7,41,24,2
2026-05-02,S01,P104,41.0,0,4,37,24,2
2026-05-03,S01,P104,37.0,0,5,32,24,2
2026-05-04,S01,P104,32.0,0,5,27,24,2
2026-05-05,S01,P104,27.0,0,10,17,24,2
2026-05-06,S01,P104,17.0,0,7,10,24,2
2026-05-07,S01,P104,10.0,31,6,35,24,2
2026-05-08,S01,P104,35.0,0,6,29,24,2
2026-05-09,S01,P104,29.0,0,9,20,24,2
2026-05-10,S01,P104,20.0,0,2,18,24,2
2026-05-11,S01,P104,18.0,28,7,39,24,2
2026-05-12,S01,P104,39.0,0,3,36,24,2
2026-05-13,S01,P104,36.0,0,8,28,24,2
2026-05-14,S01,P104,28.0,0,4,24,24,2
2026-05-15,S01,P104,24.0,0,13,11,24,2
2026-05-16,S01,P104,11.0,24,5,30,24,2
2026-05-17,S01,P104,30.0,0,7,23,24,2
2026-05-18,S01,P104,23.0,0,9,14,24,2
2026-05-19,S01,P104,14.0,25,17,22,24,2
2026-05-20,S01,P104,22.0,0,10,12,24,2
2026-05-21,S01,P104,12.0,26,12,26,24,2
2026-05-22,S01,P104,26.0,0,9,17,24,2
2026-05-23,S01,P104,17.0,0,7,10,24,2
2026-05-24,S01,P104,10.0,31,4,37,24,2
2026-05-25,S01,P104,37.0,0,4,33,24,2
2026-05-26,S01,P104,33.0,0,8,25,24,2
2026-05-27,S01,P104,25.0,0,9,16,24,2
2026-05-28,S01,P104,16.0,0,6,10,24,2
2026-05-29,S01,P104,10.0,32,3,39,24,2
2026-05-30,S01,P104,39.0,0,7,32,24,2
2026-05-31,S01,P104,32.0,0,11,21,24,2
2026-06-01,S01,P104,21.0,0,6,15,24,2
2026-06-02,S01,P104,15.0,27,8,34,24,2
2026-06-03,S01,P104,34.0,0,7,27,24,2
2026-06-04,S01,P104,27.0,0,8,19,24,2
2026-06-05,S01,P104,19.0,0,10,9,24,2
2026-06-06,S01,P104,9.0,29,5,33,24,2
2026-06-07,S01,P104,33.0,0,1,32,24,2
2026-06-08,S01,P104,32.0,0,10,22,24,2
2026-06-09,S01,P104,22.0,0,9,13,24,2
2026-06-10,S01,P104,13.0,26,2,37,24,2
2026-06-11,S01,P104,37.0,0,6,31,24,2
2026-06-12,S01,P104,31.0,0,6,25,24,2
2026-06-13,S01,P104,25.0,0,10,15,24,2
2026-06-14,S01,P104,15.0,0,9,6,24,2
2026-06-15,S01,P104,6.0,33,17,22,24,2
2026-06-16,S01,P104,22.0,0,11,11,24,2
2026-06-17,S01,P104,11.0,26,13,24,24,2
2026-06-18,S01,P104,24.0,0,16,8,24,2
2026-06-19,S01,P104,8.0,0,4,4,24,2
2026-06-20,S01,P104,4.0,24,12,16,24,2
2026-06-21,S01,P104,16.0,0,5,11,24,2
2026-06-22,S01,P104,11.0,32,10,33,24,2
2026-06-23,S01,P104,33.0,0,7,26,24,2
2026-06-24,S01,P104,26.0,0,6,20,24,2
2026-06-25,S01,P104,20.0,0,9,11,24,2
2026-06-26,S01,P104,11.0,0,7,4,24,2
2026-06-27,S01,P104,4.0,28,5,27,24,2
2026-06-28,S01,P104,27.0,0,9,18,24,2
2026-06-29,S01,P104,18.0,0,17,1,24,2
2026-06-30,S01,P104,1.0,30,10,21,24,2
2026-07-01,S01,P104,21.0,0,17,4,24,2
2026-07-02,S01,P104,4.0,27,17,14,24,2
2026-07-03,S01,P104,14.0,0,12,2,24,2
2026-07-04,S01,P104,2.0,34,14,22,24,2
2026-07-05,S01,P104,22.0,0,13,9,24,2
2026-07-06,S01,P104,9.0,26,16,19,24,2
2026-07-07,S01,P104,19.0,0,9,10,24,2
2026-07-08,S01,P104,10.0,29,7,17,24,2
2026-07-09,S01,P104,32.0,0,5,27,24,2
2026-07-10,S01,P104,27.0,0,3,24,24,2
2026-07-11,S01,P104,24.0,0,10,14,24,2
2026-07-12,S01,P104,14.0,24,7,31,24,2
2026-07-13,S01,P104,31.0,0,7,24,24,2
2026-07-14,S01,P104,24.0,0,8,16,24,2
2026-07-15,S01,P104,16.0,24,7,33,24,2
2026-07-16,S01,P104,33.0,0,3,30,24,2
2026-07-17,S01,P104,30.0,0,17,13,24,2
2026-07-18,S01,P104,13.0,0,10,3,24,2
2026-07-19,S01,P104,3.0,0,3,0,24,2
2026-07-20,S01,P104,0.0,35,1,34,24,2
2026-07-21,S01,P104,34.0,0,5,29,24,2
2026-07-22,S01,P104,29.0,0,10,19,24,2
2026-07-23,S01,P104,19.0,0,8,11,24,2
2026-07-24,S01,P104,11.0,29,5,35,24,2
2026-07-25,S01,P104,35.0,0,8,27,24,2
2026-07-26,S01,P104,27.0,0,3,24,24,2
2026-07-27,S01,P104,24.0,0,11,13,24,2
2026-07-28,S01,P104,13.0,24,6,31,24,2
2026-07-29,S01,P104,31.0,0,9,22,24,2
2026-07-30,S01,P104,22.0,0,13,9,24,2
2026-07-31,S01,P104,9.0,26,11,24,24,2
2026-08-01,S01,P104,24.0,0,11,13,24,2
2026-08-02,S01,P104,13.0,24,8,29,24,2
2026-08-03,S01,P104,29.0,0,13,16,24,2
2026-08-04,S01,P104,16.0,0,5,11,24,2
2026-08-05,S01,P104,11.0,32,7,36,24,2
2026-08-06,S01,P104,36.0,0,7,29,24,2
2026-08-07,S01,P104,29.0,0,5,24,24,2
2026-08-08,S01,P104,24.0,0,10,14,24,2
2026-08-09,S01,P104,14.0,24,13,25,24,2
2026-08-10,S01,P104,25.0,0,7,18,24,2
2026-08-11,S01,P104,18.0,0,1,17,24,2
2026-08-12,S01,P104,17.0,30,10,37,24,2
2026-08-13,S01,P104,37.0,0,9,28,24,2
2026-08-14,S01,P104,28.0,0,4,24,24,2
2026-08-15,S01,P104,24.0,0,13,11,24,2
2026-08-16,S01,P104,11.0,24,6,29,24,2
2026-08-17,S01,P104,29.0,0,4,25,24,2
2026-08-18,S01,P104,25.0,0,9,16,24,2
2026-08-19,S01,P104,16.0,0,14,2,24,2
2026-08-20,S01,P104,2.0,32,5,29,24,2
2026-08-21,S01,P104,29.0,0,12,17,24,2
2026-08-22,S01,P104,17.0,0,10,7,24,2
2026-08-23,S01,P104,7.0,31,8,30,24,2
2026-08-24,S01,P104,30.0,0,10,20,24,2
2026-08-25,S01,P104,20.0,0,17,3,24,2
2026-08-26,S01,P104,3.0,28,9,22,24,2
2026-08-27,S01,P104,22.0,0,16,6,24,2
2026-08-28,S01,P104,6.0,26,15,17,24,2
2026-08-29,S01,P104,17.0,0,6,11,24,2
2026-08-30,S01,P104,11.0,31,13,29,24,2
2026-08-31,S01,P104,29.0,0,10,19,24,2
2026-05-01,S01,P105,28.0,0,5,23,14,2
2026-05-02,S01,P105,23.0,0,5,18,14,2
2026-05-03,S01,P105,18.0,0,3,15,14,2
2026-05-04,S01,P105,15.0,0,5,10,14,2
2026-05-05,S01,P105,10.0,0,6,4,14,2
2026-05-06,S01,P105,4.0,0,4,37,14,2
2026-05-07,S01,P105,0.0,0,0,0,14,2
2026-05-08,S01,P105,0.0,18,4,14,14,2
2026-05-09,S01,P105,14.0,0,6,8,14,2
2026-05-10,S01,P105,8.0,14,9,13,14,2
2026-05-11,S01,P105,13.0,0,3,10,14,2
2026-05-12,S01,P105,10.0,15,10,15,14,2
2026-05-13,S01,P105,15.0,0,5,10,14,2
2026-05-14,S01,P105,10.0,0,6,4,14,2
2026-05-15,S01,P105,4.0,18,3,19,14,2
2026-05-16,S01,P105,19.0,0,4,15,14,2
2026-05-17,S01,P105,15.0,0,6,9,14,2
2026-05-18,S01,P105,9.0,0,4,5,14,2
2026-05-19,S01,P105,5.0,19,6,18,14,2
2026-05-20,S01,P105,18.0,0,7,11,14,2
2026-05-21,S01,P105,11.0,0,3,8,14,2
2026-05-22,S01,P105,8.0,0,0,8,14,2
2026-05-23,S01,P105,8.0,0,5,3,14,2
2026-05-24,S01,P105,3.0,17,4,16,14,2
2026-05-25,S01,P105,16.0,0,4,12,14,2
2026-05-26,S01,P105,12.0,0,8,4,14,2
2026-05-27,S01,P105,4.0,16,5,15,14,2
2026-05-28,S01,P105,15.0,0,10,5,14,2
2026-05-29,S01,P105,5.0,0,5,0,14,2
2026-05-30,S01,P105,0.0,0,0,0,14,2
2026-05-31,S01,P105,0.0,23,4,19,14,2
2026-06-01,S01,P105,19.0,0,8,11,14,2
2026-06-02,S01,P105,11.0,0,3,8,14,2
2026-06-03,S01,P105,8.0,17,5,20,14,2
2026-06-04,S01,P105,20.0,0,6,14,14,2
2026-06-05,S01,P105,14.0,0,6,8,14,2
2026-06-06,S01,P105,8.0,0,4,4,14,2
2026-06-07,S01,P105,4.0,14,3,15,14,2
2026-06-08,S01,P105,15.0,0,4,11,14,2
2026-06-09,S01,P105,11.0,0,4,7,14,2
2026-06-10,S01,P105,7.0,17,1,23,14,2
2026-06-11,S01,P105,23.0,0,3,20,14,2
2026-06-12,S01,P105,20.0,0,3,17,14,2
2026-06-13,S01,P105,17.0,0,7,10,14,2
2026-06-14,S01,P105,10.0,0,5,5,14,2
2026-06-15,S01,P105,5.0,18,5,18,14,2
2026-06-16,S01,P105,18.0,0,3,15,14,2
2026-06-17,S01,P105,15.0,0,1,14,14,2
2026-06-18,S01,P105,14.0,0,4,10,14,2
2026-06-19,S01,P105,10.0,14,4,20,14,2
2026-06-20,S01,P105,20.0,0,3,17,14,2
2026-06-21,S01,P105,17.0,0,3,14,14,2
2026-06-22,S01,P105,14.0,0,7,7,14,2
2026-06-23,S01,P105,7.0,14,4,17,14,2
2026-06-24,S01,P105,17.0,0,0,17,14,2
2026-06-25,S01,P105,17.0,0,6,11,14,2
2026-06-26,S01,P105,11.0,0,6,5,14,2
2026-06-27,S01,P105,5.0,17,4,18,14,2
2026-06-28,S01,P105,18.0,0,6,12,14,2
2026-06-29,S01,P105,12.0,0,5,7,14,2
2026-06-30,S01,P105,7.0,16,2,21,14,2
2026-07-01,S01,P105,21.0,0,5,16,14,2
2026-07-02,S01,P105,16.0,0,10,6,14,2
2026-07-03,S01,P105,6.0,0,6,0,14,2
2026-07-04,S01,P105,0.0,22,5,17,14,2
2026-07-05,S01,P105,17.0,0,7,10,14,2
2026-07-06,S01,P105,10.0,0,6,4,14,2
2026-07-07,S01,P105,4.0,18,7,15,14,2
2026-07-08,S01,P105,15.0,0,2,13,14,2
2026-07-09,S01,P105,13.0,0,5,8,14,2
2026-07-10,S01,P105,8.0,15,0,23,14,2
2026-07-11,S01,P105,23.0,0,4,19,14,2
2026-07-12,S01,P105,19.0,0,6,13,14,2
2026-07-13,S01,P105,13.0,0,5,8,14,2
2026-07-14,S01,P105,8.0,15,1,22,14,2
2026-07-15,S01,P105,22.0,0,4,18,14,2
2026-07-16,S01,P105,18.0,0,5,13,14,2
2026-07-17,S01,P105,13.0,0,3,10,14,2
2026-07-18,S01,P105,10.0,15,3,22,14,2
2026-07-19,S01,P105,22.0,0,7,15,14,2
2026-07-20,S01,P105,15.0,0,8,7,14,2
2026-07-21,S01,P105,7.0,0,4,3,14,2
2026-07-22,S01,P105,3.0,21,4,13,14,2
2026-07-23,S01,P105,20.0,0,2,18,14,2
2026-07-24,S01,P105,18.0,0,2,16,14,2
2026-07-25,S01,P105,16.0,0,9,7,14,2
2026-07-26,S01,P105,7.0,0,5,2,14,2
2026-07-27,S01,P105,2.0,21,7,16,14,2
2026-07-28,S01,P105,16.0,0,8,8,14,2
2026-07-29,S01,P105,8.0,0,1,7,14,2
2026-07-30,S01,P105,7.0,20,6,-17,14,2
2026-07-31,S01,P105,21.0,0,8,13,14,2
2026-08-01,S01,P105,13.0,0,4,9,14,2
2026-08-02,S01,P105,9.0,15,10,14,14,2
2026-08-03,S01,P105,14.0,0,3,11,14,2
2026-08-04,S01,P105,11.0,14,5,20,14,2
2026-08-05,S01,P105,20.0,0,8,12,14,2
2026-08-06,S01,P105,12.0,0,3,9,14,2
2026-08-07,S01,P105,9.0,0,8,1,14,2
2026-08-08,S01,P105,1.0,16,11,6,14,2
2026-08-09,S01,P105,6.0,0,6,0,14,2
2026-08-10,S01,P105,0.0,22,11,11,14,2
2026-08-11,S01,P105,11.0,0,2,9,14,2
2026-08-12,S01,P105,9.0,17,2,24,14,2
2026-08-13,S01,P105,24.0,0,4,20,14,2
2026-08-14,S01,P105,20.0,0,3,17,14,2
2026-08-15,S01,P105,17.0,0,3,14,14,2
2026-08-16,S01,P105,14.0,0,2,12,14,2
2026-08-17,S01,P105,12.0,14,2,24,14,2
2026-08-18,S01,P105,24.0,0,2,22,14,2
2026-08-19,S01,P105,22.0,0,5,17,14,2
2026-08-20,S01,P105,17.0,0,2,15,14,2
2026-08-21,S01,P105,15.0,0,5,10,14,2
2026-08-22,S01,P105,10.0,0,10,0,14,2
2026-08-23,S01,P105,0.0,18,4,14,14,2
2026-08-24,S01,P105,14.0,0,2,12,14,2
2026-08-25,S01,P105,12.0,14,7,19,14,2
2026-08-26,S01,P105,19.0,0,9,10,14,2
2026-08-27,S01,P105,10.0,0,5,5,14,2
2026-08-27,S01,P105,10.0,0,5,5,14,2
2026-08-28,S01,P105,5.0,18,6,17,14,2
2026-08-29,S01,P105,17.0,0,3,14,14,2
2026-08-30,S01,P105,14.0,0,4,10,14,2
2026-08-31,S01,P105,10.0,14,7,17,14,2
2026-05-01,S01,P330,161.0,0,22,139,90,3
2026-05-02,S01,P330,139.0,0,40,99,90,3
2026-05-03,S01,P330,99.0,0,29,70,90,3
2026-05-04,S01,P330,70.0,0,28,42,90,3
2026-05-05,S01,P330,42.0,0,25,17,90,3
2026-05-06,S01,P330,17.0,91,26,82,90,3
2026-05-07,S01,P330,82.0,0,21,61,90,3
2026-05-08,S01,P330,61.0,0,24,37,90,3
2026-05-09,S01,P330,37.0,79,52,64,90,3
2026-05-10,S01,P330,64.0,0,50,14,90,3
2026-05-11,S01,P330,14.0,0,14,0,90,3
2026-05-12,S01,P330,0.0,0,0,0,90,3
2026-05-13,S01,P330,0.0,0,0,0,90,3
2026-05-14,S01,P330,0.0,97,36,61,90,3
2026-05-15,S01,P330,61.0,0,61,0,90,3
2026-05-16,S01,P330,0.0,0,0,0,90,3
2026-05-17,S01,P330,0.0,0,0,0,90,3
2026-05-18,S01,P330,0.0,0,0,0,90,3
2026-05-19,S01,P330,0.0,100,19,81,90,3
2026-05-20,S01,P330,81.0,0,22,59,90,3
2026-05-21,S01,P330,59.0,0,24,35,90,3
2026-05-22,S01,P330,35.0,80,23,92,90,3
2026-05-23,S01,P330,92.0,0,17,75,90,3
2026-05-24,S01,P330,75.0,0,35,40,90,3
2026-05-25,S01,P330,40.0,0,30,10,90,3
2026-05-26,S01,P330,10.0,86,42,54,90,3
2026-05-27,S01,P330,54.0,0,24,30,90,3
2026-05-28,S01,P330,30.0,0,22,8,90,3
2026-05-29,S01,P330,8.0,107,27,88,90,3
2026-05-30,S01,P330,88.0,0,34,54,90,3
2026-05-31,S01,P330,54.0,0,21,33,90,3
2026-06-01,S01,P330,33.0,73,46,60,90,3
2026-06-02,S01,P330,60.0,0,39,21,90,3
2026-06-03,S01,P330,21.0,0,21,0,90,3
2026-06-04,S01,P330,0.0,101,42,59,90,3
2026-06-05,S01,P330,59.0,0,54,5,90,3
2026-06-06,S01,P330,5.0,0,5,0,90,3
2026-06-07,S01,P330,0.0,102,24,78,90,3
2026-06-08,S01,P330,78.0,0,37,41,90,3
2026-06-09,S01,P330,41.0,0,27,14,90,3
2026-06-10,S01,P330,14.0,0,14,0,90,3
2026-06-11,S01,P330,0.0,83,33,50,90,3
2026-06-12,S01,P330,50.0,0,15,35,90,3
2026-06-13,S01,P330,35.0,78,29,84,90,3
2026-06-14,S01,P330,84.0,0,42,42,90,3
2026-06-15,S01,P330,42.0,0,21,21,90,3
2026-06-16,S01,P330,21.0,77,29,69,90,3
2026-06-17,S01,P330,69.0,0,20,49,90,3
2026-06-18,S01,P330,49.0,0,32,17,90,3
2026-06-19,S01,P330,17.0,92,17,92,90,3
2026-06-20,S01,P330,92.0,0,36,56,90,3
2026-06-21,S01,P330,56.0,0,33,23,90,3
2026-06-22,S01,P330,23.0,0,23,0,90,3
2026-06-23,S01,P330,0.0,105,40,65,90,3
2026-06-24,S01,P330,65.0,0,31,34,90,3
2026-06-25,S01,P330,34.0,0,34,0,90,3
2026-06-26,S01,P330,0.0,96,34,62,90,3
2026-06-27,S01,P330,62.0,0,45,17,90,3
2026-06-28,S01,P330,17.0,0,17,0,90,3
2026-06-29,S01,P330,0.0,99,46,53,90,3
2026-06-30,S01,P330,53.0,0,20,33,90,3
2026-07-01,S01,P330,33.0,0,30,3,90,3
2026-07-02,S01,P330,3.0,108,36,75,90,3
2026-07-03,S01,P330,75.0,0,18,57,90,3
2026-07-04,S01,P330,57.0,0,43,14,90,3
2026-07-05,S01,P330,14.0,86,33,67,90,3
2026-07-06,S01,P330,67.0,0,18,49,90,3
2026-07-07,S01,P330,49.0,0,31,18,90,3
2026-07-08,S01,P330,18.0,94,24,88,90,3
2026-07-09,S01,P330,88.0,0,33,55,90,3
2026-07-10,S01,P330,55.0,0,17,38,90,3
2026-07-11,S01,P330,38.0,73,38,73,90,3
2026-07-12,S01,P330,73.0,0,33,40,90,3
2026-07-13,S01,P330,40.0,0,30,10,90,3
2026-07-14,S01,P330,10.0,88,41,57,90,3
2026-07-15,S01,P330,57.0,0,24,33,90,3
2026-07-16,S01,P330,33.0,0,22,11,90,3
2026-07-17,S01,P330,11.0,104,28,87,90,3
2026-07-18,S01,P330,87.0,0,60,27,90,3
2026-07-19,S01,P330,27.0,0,27,0,90,3
2026-07-20,S01,P330,0.0,74,39,35,90,3
2026-07-21,S01,P330,35.0,0,28,7,90,3
2026-07-22,S01,P330,7.0,87,30,64,90,3
2026-07-23,S01,P330,64.0,0,28,36,90,3
2026-07-24,S01,P330,36.0,0,22,14,90,3
2026-07-25,S01,P330,14.0,97,41,70,90,3
2026-07-26,S01,P330,70.0,0,69,1,90,3
2026-07-27,S01,P330,1.0,0,1,0,90,3
2026-07-28,S01,P330,0.0,91,32,59,90,3
2026-07-29,S01,P330,59.0,0,54,5,90,3
2026-07-30,S01,P330,5.0,0,5,0,90,3
2026-07-31,S01,P330,0.0,0,0,0,90,3
2026-08-01,S01,P330,0.0,102,40,62,90,3
2026-08-02,S01,P330,62.0,0,54,8,90,3
2026-08-03,S01,P330,8.0,0,8,0,90,3
2026-08-04,S01,P330,0.0,99,34,65,90,3
2026-08-05,S01,P330,65.0,0,19,46,90,3
2026-08-06,S01,P330,46.0,0,22,24,90,3
2026-08-07,S01,P330,24.0,96,29,103,90,3
2026-08-08,S01,P330,91.0,0,25,66,90,3
2026-08-09,S01,P330,66.0,0,29,37,90,3
2026-08-10,S01,P330,37.0,0,26,11,90,3
2026-08-11,S01,P330,11.0,95,24,82,90,3
2026-08-12,S01,P330,82.0,0,42,40,90,3
2026-08-13,S01,P330,40.0,0,28,12,90,3
2026-08-14,S01,P330,12.0,79,36,55,90,3
2026-08-15,S01,P330,55.0,0,55,0,90,3
2026-08-16,S01,P330,0.0,0,0,0,90,3
2026-08-17,S01,P330,0.0,106,41,65,90,3
2026-08-18,S01,P330,65.0,0,16,49,90,3
2026-08-19,S01,P330,49.0,0,27,22,90,3
2026-08-20,S01,P330,22.0,96,46,98,90,3
2026-08-21,S01,P330,72.0,0,45,27,90,3
2026-08-22,S01,P330,27.0,0,27,0,90,3
2026-08-23,S01,P330,0.0,89,32,57,90,3
2026-08-24,S01,P330,57.0,0,13,44,90,3
2026-08-25,S01,P330,44.0,72,28,88,90,3
2026-08-26,S01,P330,88.0,0,45,43,90,3
2026-08-27,S01,P330,43.0,0,42,1,90,3
2026-08-28,S01,P330,1.0,73,35,39,90,3
2026-08-29,S01,P330,39.0,0,39,0,90,3
2026-08-30,S01,P330,0.0,87,42,45,90,3
2026-08-31,S01,P330,45.0,0,14,31,90,3
2026-05-01,S01,P331,109.0,0,18,91,61,3
2026-05-02,S01,P331,91.0,0,29,62,61,3
2026-05-03,S01,P331,62.0,0,13,49,61,3
2026-05-04,S01,P331,49.0,0,17,32,61,3
2026-05-05,S01,P331,32.0,0,15,17,61,3
2026-05-06,S01,P331,17.0,60,11,66,61,3
2026-05-07,S01,P331,66.0,0,15,51,61,3
2026-05-08,S01,P331,51.0,0,11,40,61,3
2026-05-09,S01,P331,40.0,0,16,24,61,3
2026-05-10,S01,P331,24.0,58,14,68,61,3
2026-05-11,S01,P331,68.0,0,26,42,61,3
2026-05-12,S01,P331,42.0,0,11,31,61,3
2026-05-13,S01,P331,31.0,0,12,19,61,3
2026-05-14,S01,P331,19.0,67,10,76,61,3
2026-05-15,S01,P331,76.0,0,12,64,61,3
2026-05-16,S01,P331,64.0,0,19,45,61,3
2026-05-17,S01,P331,45.0,0,28,17,61,3
2026-05-18,S01,P331,17.0,0,17,0,61,3
2026-05-19,S01,P331,0.0,0,0,0,61,3
2026-05-20,S01,P331,0.0,64,12,52,61,3
2026-05-21,S01,P331,52.0,0,20,32,61,3
2026-05-22,S01,P331,32.0,0,13,19,61,3
2026-05-23,S01,P331,19.0,57,15,61,61,3
2026-05-24,S01,P331,61.0,0,30,31,61,3
2026-05-25,S01,P331,31.0,0,15,16,61,3
2026-05-26,S01,P331,16.0,48,7,57,61,3
2026-05-27,S01,P331,57.0,0,4,53,61,3
2026-05-28,S01,P331,53.0,0,18,35,61,3
2026-05-29,S01,P331,35.0,52,16,71,61,3
2026-05-30,S01,P331,71.0,0,23,48,61,3
2026-05-31,S01,P331,48.0,0,14,34,61,3
2026-06-01,S01,P331,34.0,0,14,20,61,3
2026-06-02,S01,P331,20.0,61,16,65,61,3
2026-06-03,S01,P331,65.0,0,14,51,61,3
2026-06-04,S01,P331,51.0,0,14,37,61,3
2026-06-05,S01,P331,37.0,0,14,23,61,3
2026-06-06,S01,P331,23.0,58,14,67,61,3
2026-06-07,S01,P331,67.0,0,12,55,61,3
2026-06-08,S01,P331,55.0,0,35,20,61,3
2026-06-09,S01,P331,20.0,0,20,0,61,3
2026-06-10,S01,P331,0.0,54,17,37,61,3
2026-06-11,S01,P331,37.0,0,34,3,61,3
2026-06-12,S01,P331,3.0,55,13,45,61,3
2026-06-13,S01,P331,45.0,0,21,24,61,3
2026-06-14,S01,P331,24.0,51,25,50,61,3
2026-06-15,S01,P331,50.0,0,17,33,61,3
2026-06-16,S01,P331,33.0,0,12,21,61,3
2026-06-17,S01,P331,21.0,59,17,63,61,3
2026-06-18,S01,P331,63.0,0,11,52,61,3
2026-06-19,S01,P331,52.0,0,17,35,61,3
2026-06-20,S01,P331,35.0,0,29,6,61,3
2026-06-21,S01,P331,6.0,57,21,42,61,3
2026-06-22,S01,P331,42.0,0,21,21,61,3
2026-06-23,S01,P331,21.0,0,16,5,61,3
2026-06-24,S01,P331,5.0,67,15,57,61,3
2026-06-25,S01,P331,57.0,0,13,44,61,3
2026-06-26,S01,P331,44.0,0,18,26,61,3
2026-06-27,S01,P331,26.0,52,27,51,61,3
2026-06-28,S01,P331,51.0,0,13,38,61,3
2026-06-29,S01,P331,38.0,0,22,16,61,3
2026-06-30,S01,P331,16.0,58,10,64,61,3
2026-07-01,S01,P331,64.0,0,26,38,61,3
2026-07-02,S01,P331,38.0,0,15,23,61,3
2026-07-03,S01,P331,23.0,0,22,1,61,3
2026-07-04,S01,P331,1.0,71,17,55,61,3
2026-07-05,S01,P331,55.0,0,18,37,61,3
2026-07-06,S01,P331,37.0,0,25,12,61,3
2026-07-07,S01,P331,12.0,54,15,51,61,3
2026-07-08,S01,P331,51.0,0,22,29,61,3
2026-07-09,S01,P331,29.0,0,8,21,61,3
2026-07-10,S01,P331,21.0,58,7,72,61,3
2026-07-11,S01,P331,72.0,0,15,57,61,3
2026-07-12,S01,P331,57.0,0,15,42,61,3
2026-07-13,S01,P331,42.0,0,16,26,61,3
2026-07-14,S01,P331,26.0,52,21,57,61,3
2026-07-15,S01,P331,57.0,0,12,45,61,3
2026-07-16,S01,P331,45.0,0,9,36,61,3
2026-07-17,S01,P331,36.0,52,15,73,61,3
2026-07-18,S01,P331,73.0,0,19,54,61,3
2026-07-19,S01,P331,54.0,0,26,28,61,3
2026-07-20,S01,P331,28.0,0,23,5,61,3
2026-07-21,S01,P331,5.0,55,19,41,61,3
2026-07-22,S01,P331,41.0,0,29,12,61,3
2026-07-23,S01,P331,12.0,49,23,38,61,3
2026-07-24,S01,P331,38.0,0,29,9,61,3
2026-07-25,S01,P331,9.0,48,25,32,61,3
2026-07-26,S01,P331,32.0,0,22,10,61,3
2026-07-27,S01,P331,10.0,52,10,52,61,3
2026-07-28,S01,P331,52.0,0,23,29,61,3
2026-07-29,S01,P331,29.0,0,19,10,61,3
2026-07-30,S01,P331,10.0,57,10,57,61,3
2026-07-31,S01,P331,57.0,0,22,35,61,3
2026-08-01,S01,P331,35.0,0,19,16,61,3
2026-08-02,S01,P331,16.0,52,26,42,61,3
2026-08-03,S01,P331,42.0,0,12,30,61,3
2026-08-04,S01,P331,30.0,0,24,6,61,3
2026-08-05,S01,P331,6.0,67,15,88,61,3
2026-08-06,S01,P331,58.0,0,21,37,61,3
2026-08-07,S01,P331,37.0,0,17,20,61,3
2026-08-08,S01,P331,20.0,51,25,46,61,3
2026-08-09,S01,P331,46.0,0,21,25,61,3
2026-08-10,S01,P331,25.0,0,11,14,61,3
2026-08-11,S01,P331,14.0,63,17,60,61,3
2026-08-12,S01,P331,60.0,0,27,33,61,3
2026-08-13,S01,P331,33.0,0,19,14,61,3
2026-08-14,S01,P331,14.0,49,21,42,61,3
2026-08-15,S01,P331,42.0,0,28,14,61,3
2026-08-16,S01,P331,14.0,0,13,1,61,3
2026-08-17,S01,P331,1.0,67,20,48,61,3
2026-08-18,S01,P331,48.0,0,24,24,61,3
2026-08-19,S01,P331,24.0,0,24,0,61,3
2026-08-20,S01,P331,0.0,61,13,48,61,3
2026-08-21,S01,P331,48.0,0,37,11,61,3
2026-08-22,S01,P331,11.0,48,31,28,61,3
2026-08-23,S01,P331,28.0,0,24,4,61,3
2026-08-24,S01,P331,4.0,50,16,38,61,3
2026-08-25,S01,P331,38.0,0,15,23,61,3
2026-08-26,S01,P331,23.0,55,12,66,61,3
2026-08-27,S01,P331,66.0,0,17,49,61,3
2026-08-28,S01,P331,49.0,0,25,24,61,3
2026-08-29,S01,P331,24.0,0,24,0,61,3
2026-08-30,S01,P331,0.0,60,23,37,61,3
2026-08-31,S01,P331,37.0,0,14,23,61,3
2026-05-01,S01,P332,86.0,0,15,71,49,3
2026-05-02,S01,P332,71.0,0,18,53,49,3
2026-05-03,S01,P332,53.0,0,22,31,49,3
2026-05-04,S01,P332,31.0,0,10,21,49,3
2026-05-05,S01,P332,21.0,0,8,13,49,3
2026-05-06,S01,P332,13.0,55,31,37,49,3
2026-05-07,S01,P332,37.0,0,14,23,49,3
2026-05-08,S01,P332,23.0,0,23,0,49,3
2026-05-09,S01,P332,0.0,49,27,22,49,3
2026-05-10,S01,P332,22.0,0,22,0,49,3
2026-05-11,S01,P332,0.0,37,28,9,49,3
2026-05-12,S01,P332,9.0,0,9,0,49,3
2026-05-13,S01,P332,0.0,49,9,40,49,3
2026-05-14,S01,P332,40.0,0,15,25,49,3
2026-05-15,S01,P332,25.0,37,16,46,49,3
2026-05-16,S01,P332,46.0,0,16,30,49,3
2026-05-17,S01,P332,30.0,0,19,11,49,3
2026-05-18,S01,P332,11.0,40,7,44,49,3
2026-05-19,S01,P332,44.0,0,13,31,49,3
2026-05-20,S01,P332,31.0,0,11,20,49,3
2026-05-21,S01,P332,20.0,42,14,48,49,3
2026-05-22,S01,P332,48.0,0,20,28,49,3
2026-05-23,S01,P332,28.0,0,23,5,49,3
2026-05-24,S01,P332,5.0,38,7,36,49,3
2026-05-25,S01,P332,36.0,0,7,29,49,3
2026-05-26,S01,P332,29.0,43,9,63,49,3
2026-05-27,S01,P332,63.0,0,16,47,49,3
2026-05-28,S01,P332,47.0,0,10,37,49,3
2026-05-29,S01,P332,37.0,0,6,31,49,3
2026-05-30,S01,P332,31.0,39,8,62,49,3
2026-05-31,S01,P332,62.0,0,17,45,49,3
2026-06-01,S01,P332,45.0,0,10,35,49,3
2026-06-02,S01,P332,35.0,0,8,27,49,3
2026-06-03,S01,P332,27.0,41,20,48,49,3
2026-06-04,S01,P332,48.0,0,13,35,49,3
2026-06-05,S01,P332,35.0,0,13,22,49,3
2026-06-06,S01,P332,22.0,0,12,10,49,3
2026-06-06,S01,P332,22.0,0,12,10,49,3
2026-06-07,S01,P332,10.0,0,10,0,49,3
2026-06-08,S01,P332,0.0,38,15,23,49,3
2026-06-09,S01,P332,23.0,38,16,45,49,3
2026-06-10,S01,P332,45.0,0,12,33,49,3
2026-06-11,S01,P332,33.0,0,15,27,49,3
2026-06-12,S01,P332,18.0,41,13,46,49,3
2026-06-13,S01,P332,46.0,0,15,31,49,3
2026-06-14,S01,P332,31.0,0,19,12,49,3
2026-06-15,S01,P332,12.0,0,12,0,49,3
2026-06-16,S01,P332,0.0,40,15,25,49,3
2026-06-17,S01,P332,25.0,0,14,11,49,3
2026-06-18,S01,P332,11.0,46,17,40,49,3
2026-06-19,S01,P332,40.0,0,24,16,49,3
2026-06-20,S01,P332,16.0,0,11,5,49,3
2026-06-21,S01,P332,5.0,46,22,29,49,3
2026-06-22,S01,P332,29.0,0,10,19,49,3
2026-06-23,S01,P332,19.0,0,16,3,49,3
2026-06-24,S01,P332,3.0,57,9,51,49,3
2026-06-25,S01,P332,51.0,0,11,40,49,3
2026-06-26,S01,P332,40.0,0,3,37,49,3
2026-06-27,S01,P332,37.0,0,19,18,49,3
2026-06-28,S01,P332,18.0,46,17,47,49,3
2026-06-29,S01,P332,47.0,0,20,27,49,3
2026-06-30,S01,P332,27.0,0,12,15,49,3
2026-07-01,S01,P332,15.0,0,15,0,49,3
2026-07-02,S01,P332,0.0,39,16,23,49,3
2026-07-03,S01,P332,23.0,0,15,8,49,3
2026-07-04,S01,P332,8.0,47,17,38,49,3
2026-07-05,S01,P332,38.0,0,18,20,49,3
2026-07-06,S01,P332,20.0,0,14,6,49,3
2026-07-07,S01,P332,6.0,48,21,33,49,3
2026-07-08,S01,P332,33.0,0,10,23,49,3
2026-07-09,S01,P332,23.0,0,16,7,49,3
2026-07-10,S01,P332,7.0,53,8,52,49,3
2026-07-11,S01,P332,52.0,0,13,39,49,3
2026-07-12,S01,P332,39.0,0,21,18,49,3
2026-07-13,S01,P332,18.0,0,13,5,49,3
2026-07-14,S01,P332,5.0,47,9,43,49,3
2026-07-15,S01,P332,43.0,0,9,34,49,3
2026-07-16,S01,P332,34.0,0,10,24,49,3
2026-07-17,S01,P332,24.0,43,11,56,49,3
2026-07-18,S01,P332,56.0,0,19,37,49,3
2026-07-19,S01,P332,37.0,0,23,14,49,3
2026-07-20,S01,P332,14.0,0,14,0,49,3
2026-07-21,S01,P332,0.0,49,14,35,49,3
2026-07-22,S01,P332,35.0,0,13,22,49,3
2026-07-23,S01,P332,22.0,0,8,0,49,3
2026-07-24,S01,P332,14.0,37,12,39,49,3
2026-07-25,S01,P332,39.0,0,17,22,49,3
2026-07-26,S01,P332,22.0,0,22,0,49,3
2026-07-27,S01,P332,0.0,0,0,0,49,3
2026-07-28,S01,P332,0.0,47,9,38,49,3
2026-07-29,S01,P332,38.0,39,12,65,49,3
2026-07-30,S01,P332,65.0,0,23,42,49,3
2026-07-31,S01,P332,42.0,0,7,35,49,3
2026-08-01,S01,P332,35.0,0,35,0,49,3
2026-08-02,S01,P332,0.0,44,31,13,49,3
2026-08-03,S01,P332,13.0,0,13,0,49,3
2026-08-04,S01,P332,0.0,42,23,19,49,3
2026-08-05,S01,P332,19.0,0,18,1,49,3
2026-08-06,S01,P332,1.0,0,1,0,49,3
2026-08-07,S01,P332,0.0,44,23,21,49,3
2026-08-08,S01,P332,21.0,41,24,38,49,3
2026-08-09,S01,P332,38.0,0,17,21,49,3
2026-08-10,S01,P332,21.0,0,4,17,49,3
2026-08-11,S01,P332,17.0,0,12,5,49,3
2026-08-12,S01,P332,5.0,48,22,31,49,3
2026-08-13,S01,P332,31.0,0,18,13,49,3
2026-08-14,S01,P332,13.0,0,13,0,49,3
2026-08-15,S01,P332,0.0,0,0,0,49,3
2026-08-16,S01,P332,0.0,55,18,37,49,3
2026-08-17,S01,P332,37.0,0,14,23,49,3
2026-08-18,S01,P332,23.0,0,17,6,49,3
2026-08-19,S01,P332,6.0,49,10,45,49,3
2026-08-20,S01,P332,45.0,0,12,33,49,3
2026-08-21,S01,P332,33.0,0,20,13,49,3
2026-08-22,S01,P332,13.0,41,25,29,49,3
2026-08-23,S01,P332,29.0,0,25,4,49,3
2026-08-24,S01,P332,4.0,0,4,0,49,3
2026-08-25,S01,P332,0.0,57,17,40,49,3
2026-08-26,S01,P332,40.0,0,40,0,49,3
2026-08-28,S01,P332,0.0,46,23,23,49,3
2026-08-29,S01,P332,23.0,40,14,49,49,3
2026-08-30,S01,P332,49.0,0,15,34,49,3
2026-08-31,S01,P332,34.0,0,9,25,49,3
2026-05-01,S01,P333,192.0,0,24,168,96,2
2026-05-02,S01,P333,168.0,0,37,131,96,2
2026-05-03,S01,P333,131.0,0,60,71,96,2
2026-05-04,S01,P333,71.0,0,37,34,96,2
2026-05-05,S01,P333,34.0,121,26,129,96,2
2026-05-06,S01,P333,129.0,0,21,108,96,2
2026-05-07,S01,P333,108.0,0,23,85,96,2
2026-05-08,S01,P333,85.0,0,12,73,96,2
2026-05-09,S01,P333,73.0,107,34,146,96,2
2026-05-10,S01,P333,146.0,0,65,81,96,2
2026-05-11,S01,P333,81.0,0,41,40,96,2
2026-05-12,S01,P333,40.0,111,40,111,96,2
2026-05-13,S01,P333,111.0,0,20,91,96,2
2026-05-14,S01,P333,91.0,0,29,62,96,2
2026-05-15,S01,P333,62.0,101,70,93,96,2
2026-05-16,S01,P333,93.0,0,55,38,96,2
2026-05-17,S01,P333,38.0,99,37,100,96,2
2026-05-18,S01,P333,100.0,0,78,22,96,2
2026-05-19,S01,P333,22.0,0,22,0,96,2
2026-05-20,S01,P333,0.0,170,27,143,96,2
2026-05-21,S01,P333,143.0,0,31,112,96,2
2026-05-22,S01,P333,112.0,0,36,76,96,2
2026-05-23,S01,P333,76.0,0,34,42,96,2
2026-05-24,S01,P333,42.0,116,42,116,96,2
2026-05-25,S01,P333,116.0,0,25,91,96,2
2026-05-26,S01,P333,91.0,0,31,60,96,2
2026-05-27,S01,P333,60.0,101,33,128,96,2
2026-05-28,S01,P333,128.0,0,32,96,96,2
2026-05-29,S01,P333,96.0,0,38,58,96,2
2026-05-30,S01,P333,58.0,96,34,86,96,2
2026-05-31,S01,P333,120.0,0,45,75,96,2
2026-06-01,S01,P333,75.0,0,32,43,96,2
2026-06-02,S01,P333,43.0,117,44,116,96,2
2026-06-03,S01,P333,116.0,0,28,88,96,2
2026-06-04,S01,P333,88.0,0,35,53,96,2
2026-06-05,S01,P333,53.0,104,29,128,96,2
2026-06-06,S01,P333,128.0,0,23,105,96,2
2026-06-07,S01,P333,105.0,0,41,64,96,2
2026-06-08,S01,P333,64.0,0,37,27,96,2
2026-06-09,S01,P333,27.0,128,51,104,96,2
2026-06-10,S01,P333,104.0,0,46,58,96,2
2026-06-11,S01,P333,58.0,0,39,19,96,2
2026-06-12,S01,P333,19.0,134,55,98,96,2
2026-06-13,S01,P333,98.0,0,98,0,96,2
2026-06-14,S01,P333,0.0,0,0,0,96,2
2026-06-15,S01,P333,0.0,192,33,159,96,2
2026-06-16,S01,P333,159.0,0,23,136,96,2
2026-06-17,S01,P333,136.0,0,36,100,96,2
2026-06-18,S01,P333,100.0,0,27,73,96,2
2026-06-19,S01,P333,73.0,0,33,40,96,2
2026-06-20,S01,P333,40.0,119,36,123,96,2
2026-06-21,S01,P333,123.0,0,42,81,96,2
2026-06-22,S01,P333,81.0,0,39,42,96,2
2026-06-23,S01,P333,42.0,111,49,104,96,2
2026-06-24,S01,P333,104.0,0,26,78,96,2
2026-06-25,S01,P333,78.0,0,30,48,96,2
2026-06-26,S01,P333,48.0,114,38,124,96,2
2026-06-27,S01,P333,124.0,0,38,86,96,2
2026-06-28,S01,P333,86.0,0,34,52,96,2
2026-06-29,S01,P333,52.0,106,22,136,96,2
2026-06-30,S01,P333,136.0,0,34,102,96,2
2026-07-01,S01,P333,102.0,0,32,70,96,2
2026-07-02,S01,P333,70.0,0,28,42,96,2
2026-07-03,S01,P333,42.0,122,34,130,96,2
2026-07-04,S01,P333,130.0,0,51,79,96,2
2026-07-05,S01,P333,79.0,0,37,42,96,2
2026-07-06,S01,P333,42.0,113,27,128,96,2
2026-07-07,S01,P333,128.0,0,54,74,96,2
2026-07-08,S01,P333,74.0,0,50,24,96,2
2026-07-09,S01,P333,24.0,118,43,99,96,2
2026-07-10,S01,P333,99.0,0,34,65,96,2
2026-07-11,S01,P333,65.0,0,49,16,96,2
2026-07-12,S01,P333,16.0,127,93,50,96,2
2026-07-13,S01,P333,50.0,0,19,31,96,2
2026-07-14,S01,P333,31.0,0,27,4,96,2
2026-07-15,S01,P333,4.0,142,23,123,96,2
2026-07-16,S01,P333,123.0,0,27,96,96,2
2026-07-17,S01,P333,96.0,0,44,52,96,2
2026-07-18,S01,P333,52.0,96,56,92,96,2
2026-07-19,S01,P333,92.0,0,51,28,96,2
2026-07-20,S01,P333,41.0,100,28,113,96,2
2026-07-21,S01,P333,113.0,0,34,79,96,2
2026-07-22,S01,P333,79.0,0,50,29,96,2
2026-07-23,S01,P333,29.0,113,38,104,96,2
2026-07-24,S01,P333,104.0,0,27,77,96,2
2026-07-25,S01,P333,77.0,0,23,54,96,2
2026-07-26,S01,P333,54.0,115,54,115,96,2
2026-07-27,S01,P333,115.0,0,22,93,96,2
2026-07-28,S01,P333,93.0,0,24,69,96,2
2026-07-29,S01,P333,69.0,99,30,138,96,2
2026-07-30,S01,P333,138.0,0,33,105,96,2
2026-07-31,S01,P333,105.0,0,28,77,96,2
2026-08-01,S01,P333,77.0,0,56,21,96,2
2026-08-02,S01,P333,21.0,115,62,74,96,2
2026-08-03,S01,P333,74.0,0,41,57,96,2
2026-08-04,S01,P333,33.0,118,32,119,96,2
2026-08-05,S01,P333,119.0,0,43,76,96,2
2026-08-06,S01,P333,76.0,0,32,44,96,2
2026-08-07,S01,P333,44.0,116,32,128,96,2
2026-08-08,S01,P333,128.0,0,52,76,96,2
2026-08-09,S01,P333,76.0,0,37,39,96,2
2026-08-10,S01,P333,39.0,116,36,119,96,2
2026-08-11,S01,P333,119.0,0,53,66,96,2
2026-08-12,S01,P333,66.0,0,57,9,96,2
2026-08-13,S01,P333,9.0,126,82,53,96,2
2026-08-14,S01,P333,53.0,0,53,0,96,2
2026-08-15,S01,P333,0.0,139,79,60,96,2
2026-08-16,S01,P333,60.0,0,60,0,96,2
2026-08-17,S01,P333,0.0,132,55,77,96,2
2026-08-18,S01,P333,77.0,0,33,44,96,2
2026-08-19,S01,P333,44.0,115,30,129,96,2
2026-08-20,S01,P333,129.0,0,19,110,96,2
2026-08-21,S01,P333,110.0,0,37,73,96,2
2026-08-22,S01,P333,73.0,0,39,34,96,2
2026-08-23,S01,P333,34.0,119,45,108,96,2
2026-08-24,S01,P333,108.0,0,35,73,96,2
2026-08-25,S01,P333,73.0,0,39,34,96,2
2026-08-26,S01,P333,34.0,119,48,105,96,2
2026-08-27,S01,P333,105.0,0,36,69,96,2
2026-08-28,S01,P333,69.0,0,19,50,96,2
2026-08-29,S01,P333,50.0,123,52,121,96,2
2026-08-30,S01,P333,121.0,0,38,83,96,2
2026-08-31,S01,P333,83.0,0,23,60,96,2
2026-05-01,S01,P334,37.0,0,22,15,19,2
2026-05-02,S01,P334,15.0,0,8,7,19,2
2026-05-03,S01,P334,7.0,22,12,17,19,2
2026-05-04,S01,P334,17.0,0,5,12,19,2
2026-05-05,S01,P334,12.0,20,14,18,19,2
2026-05-06,S01,P334,18.0,0,9,9,19,2
2026-05-07,S01,P334,9.0,19,11,17,19,2
2026-05-08,S01,P334,17.0,0,11,6,19,2
2026-05-09,S01,P334,6.0,20,12,14,19,2
2026-05-10,S01,P334,14.0,0,12,2,19,2
2026-05-11,S01,P334,2.0,23,7,18,19,2
2026-05-12,S01,P334,18.0,0,11,7,19,2
2026-05-13,S01,P334,7.0,19,7,19,19,2
2026-05-14,S01,P334,19.0,0,5,14,19,2
2026-05-15,S01,P334,14.0,18,8,24,19,2
2026-05-16,S01,P334,24.0,0,11,13,19,2
2026-05-17,S01,P334,13.0,0,10,3,19,2
2026-05-18,S01,P334,3.0,24,5,22,19,2
2026-05-19,S01,P334,22.0,0,6,16,19,2
2026-05-20,S01,P334,16.0,0,10,6,19,2
2026-05-21,S01,P334,6.0,21,9,18,19,2
2026-05-22,S01,P334,18.0,0,10,8,19,2
2026-05-23,S01,P334,8.0,19,23,4,19,2
2026-05-24,S01,P334,4.0,0,4,0,19,2
2026-05-25,S01,P334,0.0,33,13,20,19,2
2026-05-26,S01,P334,20.0,0,4,16,19,2
2026-05-27,S01,P334,16.0,0,5,11,19,2
2026-05-28,S01,P334,11.0,21,4,28,19,2
2026-05-29,S01,P334,28.0,0,7,21,19,2
2026-05-30,S01,P334,21.0,0,2,19,19,2
2026-05-31,S01,P334,19.0,0,6,13,19,2
2026-06-01,S01,P334,13.0,18,8,23,19,2
2026-06-02,S01,P334,23.0,0,7,16,19,2
2026-06-03,S01,P334,16.0,0,9,7,19,2
2026-06-04,S01,P334,7.0,21,7,21,19,2
2026-06-05,S01,P334,21.0,0,10,11,19,2
2026-06-06,S01,P334,11.0,0,11,0,19,2
2026-06-07,S01,P334,0.0,26,12,14,19,2
2026-06-08,S01,P334,14.0,0,13,1,19,2
2026-06-09,S01,P334,1.0,23,4,20,19,2
2026-06-10,S01,P334,20.0,0,7,13,19,2
2026-06-11,S01,P334,13.0,0,4,9,19,2
2026-06-12,S01,P334,9.0,24,8,25,19,2
2026-06-13,S01,P334,25.0,0,7,18,19,2
2026-06-14,S01,P334,18.0,0,11,7,19,2
2026-06-15,S01,P334,7.0,19,2,24,19,2
2026-06-16,S01,P334,24.0,0,5,19,19,2
2026-06-17,S01,P334,19.0,0,4,15,19,2
2026-06-18,S01,P334,15.0,18,9,24,19,2
2026-06-19,S01,P334,24.0,0,19,5,19,2
2026-06-20,S01,P334,5.0,0,5,0,19,2
2026-06-21,S01,P334,0.0,0,0,0,19,2
2026-06-22,S01,P334,0.0,32,16,16,19,2
2026-06-23,S01,P334,16.0,0,3,13,19,2
2026-06-24,S01,P334,13.0,21,6,28,19,2
2026-06-25,S01,P334,28.0,0,5,23,19,2
2026-06-26,S01,P334,23.0,0,8,15,19,2
2026-06-27,S01,P334,15.0,0,6,9,19,2
2026-06-28,S01,P334,9.0,22,8,23,19,2
2026-06-29,S01,P334,23.0,0,10,13,19,2
2026-06-30,S01,P334,13.0,0,5,8,19,2
2026-07-01,S01,P334,8.0,24,10,22,19,2
2026-07-02,S01,P334,22.0,0,3,19,19,2
2026-07-03,S01,P334,19.0,0,6,13,19,2
2026-07-04,S01,P334,13.0,18,16,15,19,2
2026-07-05,S01,P334,15.0,0,15,0,19,2
2026-07-06,S01,P334,0.0,22,12,10,19,2
2026-07-07,S01,P334,10.0,0,10,0,19,2
2026-07-08,S01,P334,0.0,0,0,0,19,2
2026-07-09,S01,P334,0.0,27,10,17,19,2
2026-07-10,S01,P334,17.0,0,5,12,19,2
2026-07-11,S01,P334,12.0,20,12,20,19,2
2026-07-12,S01,P334,20.0,0,13,27,19,2
2026-07-13,S01,P334,7.0,0,7,0,19,2
2026-07-14,S01,P334,0.0,30,5,25,19,2
2026-07-15,S01,P334,25.0,0,2,23,19,2
2026-07-16,S01,P334,23.0,0,4,19,19,2
2026-07-17,S01,P334,19.0,0,6,13,19,2
2026-07-18,S01,P334,13.0,18,12,19,19,2
2026-07-19,S01,P334,19.0,0,9,10,19,2
2026-07-20,S01,P334,10.0,0,5,5,19,2
2026-07-21,S01,P334,5.0,18,5,18,19,2
2026-07-22,S01,P334,18.0,0,4,14,19,2
2026-07-23,S01,P334,14.0,19,9,24,19,2
2026-07-24,S01,P334,24.0,0,9,15,19,2
2026-07-25,S01,P334,15.0,0,9,6,19,2
2026-07-26,S01,P334,6.0,22,10,18,19,2
2026-07-27,S01,P334,18.0,0,7,11,19,2
2026-07-28,S01,P334,11.0,19,11,19,19,2
2026-07-29,S01,P334,19.0,0,9,10,19,2
2026-07-30,S01,P334,10.0,18,6,22,19,2
2026-07-31,S01,P334,22.0,0,4,18,19,2
2026-08-01,S01,P334,18.0,0,7,11,19,2
2026-08-02,S01,P334,11.0,19,7,23,19,2
2026-08-03,S01,P334,23.0,0,5,18,19,2
2026-08-04,S01,P334,18.0,0,6,12,19,2
2026-08-05,S01,P334,12.0,19,5,26,19,2
2026-08-06,S01,P334,26.0,0,5,21,19,2
2026-08-07,S01,P334,21.0,0,8,13,19,2
2026-08-08,S01,P334,13.0,0,6,7,19,2
2026-08-09,S01,P334,7.0,24,10,21,19,2
2026-08-10,S01,P334,21.0,0,8,13,19,2
2026-08-11,S01,P334,13.0,0,6,7,19,2
2026-08-12,S01,P334,7.0,24,9,22,19,2
2026-08-13,S01,P334,22.0,0,7,15,19,2
2026-08-14,S01,P334,15.0,0,6,9,19,2
2026-08-15,S01,P334,9.0,22,13,18,19,2
2026-08-16,S01,P334,18.0,0,9,9,19,2
2026-08-17,S01,P334,9.0,19,7,21,19,2
2026-08-18,S01,P334,21.0,0,6,15,19,2
2026-08-19,S01,P334,15.0,0,11,4,19,2
2026-08-20,S01,P334,4.0,22,7,19,19,2
2026-08-21,S01,P334,19.0,0,8,11,19,2
2026-08-22,S01,P334,11.0,18,13,16,19,2
2026-08-23,S01,P334,16.0,0,14,2,19,2
2026-08-24,S01,P334,2.0,21,8,15,19,2
2026-08-25,S01,P334,15.0,0,12,3,19,2
2026-08-26,S01,P334,3.0,22,17,8,19,2
2026-08-27,S01,P334,8.0,0,8,0,19,2
2026-08-28,S01,P334,0.0,29,11,18,19,2
2026-08-29,S01,P334,18.0,0,12,6,19,2
2026-08-30,S01,P334,6.0,19,6,19,19,2
2026-08-31,S01,P334,19.0,0,11,8,19,2
2026-05-01,S01,P442,144.0,0,22,122,81,3
2026-05-02,S01,P442,122.0,0,24,98,81,3
2026-05-03,S01,P442,98.0,0,22,76,81,3
2026-05-04,S01,P442,76.0,0,17,59,81,3
2026-05-05,S01,P442,59.0,0,30,29,81,3
2026-05-06,S01,P442,29.0,68,19,78,81,3
2026-05-07,S01,P442,78.0,0,28,50,81,3
2026-05-08,S01,P442,50.0,0,28,22,81,3
2026-05-09,S01,P442,22.0,66,48,40,81,3
2026-05-10,S01,P442,40.0,0,36,4,81,3
2026-05-11,S01,P442,4.0,0,4,0,81,3
2026-05-12,S01,P442,0.0,0,0,0,81,3
2026-05-13,S01,P442,0.0,0,0,0,81,3
2026-05-14,S01,P442,0.0,104,10,94,81,3
2026-05-15,S01,P442,94.0,0,18,76,81,3
2026-05-16,S01,P442,76.0,0,37,39,81,3
2026-05-17,S01,P442,39.0,0,37,2,81,3
2026-05-18,S01,P442,2.0,68,16,54,81,3
2026-05-19,S01,P442,54.0,0,28,26,81,3
2026-05-20,S01,P442,26.0,74,24,41,81,3
2026-05-21,S01,P442,76.0,0,31,45,81,3
2026-05-22,S01,P442,45.0,0,29,16,81,3
2026-05-23,S01,P442,16.0,68,47,37,81,3
2026-05-24,S01,P442,37.0,0,27,44,81,3
2026-05-25,S01,P442,10.0,0,10,0,81,3
2026-05-26,S01,P442,0.0,107,18,89,81,3
2026-05-27,S01,P442,89.0,0,22,67,81,3
2026-05-28,S01,P442,67.0,0,19,48,81,3
2026-05-29,S01,P442,48.0,0,29,19,81,3
2026-05-30,S01,P442,19.0,77,26,70,81,3
2026-05-31,S01,P442,70.0,0,61,9,81,3
2026-06-01,S01,P442,9.0,0,9,0,81,3
2026-06-02,S01,P442,0.0,74,24,50,81,3
2026-06-03,S01,P442,50.0,0,32,18,81,3
2026-06-04,S01,P442,18.0,70,28,60,81,3
2026-06-05,S01,P442,60.0,0,24,36,81,3
2026-06-06,S01,P442,36.0,0,23,13,81,3
2026-06-07,S01,P442,13.0,84,18,79,81,3
2026-06-08,S01,P442,79.0,0,25,54,81,3
2026-06-09,S01,P442,54.0,0,24,30,81,3
2026-06-10,S01,P442,30.0,65,18,77,81,3
2026-06-11,S01,P442,77.0,0,18,59,81,3
2026-06-12,S01,P442,59.0,0,18,41,81,3
2026-06-13,S01,P442,41.0,67,25,83,81,3
2026-06-14,S01,P442,83.0,0,19,64,81,3
2026-06-15,S01,P442,64.0,0,19,45,81,3
2026-06-16,S01,P442,45.0,0,21,24,81,3
2026-06-17,S01,P442,24.0,80,25,79,81,3
2026-06-18,S01,P442,79.0,0,13,66,81,3
2026-06-18,S01,P442,79.0,0,13,66,81,3
2026-06-19,S01,P442,66.0,0,9,57,81,3
2026-06-20,S01,P442,57.0,65,12,110,81,3
2026-06-21,S01,P442,110.0,0,21,89,81,3
2026-06-22,S01,P442,89.0,0,15,74,81,3
2026-06-23,S01,P442,74.0,0,21,53,81,3
2026-06-24,S01,P442,53.0,0,17,36,81,3
2026-06-25,S01,P442,36.0,70,27,79,81,3
2026-06-26,S01,P442,79.0,0,30,49,81,3
2026-06-27,S01,P442,49.0,0,37,12,81,3
2026-06-28,S01,P442,12.0,65,21,56,81,3
2026-06-29,S01,P442,56.0,0,24,32,81,3
2026-06-30,S01,P442,32.0,67,23,76,81,3
2026-07-01,S01,P442,76.0,0,22,54,81,3
2026-07-02,S01,P442,54.0,0,28,26,81,3
2026-07-03,S01,P442,26.0,68,46,48,81,3
2026-07-04,S01,P442,48.0,0,48,0,81,3
2026-07-05,S01,P442,0.0,0,0,0,81,3
2026-07-06,S01,P442,0.0,96,34,62,81,3
2026-07-07,S01,P442,62.0,0,37,25,81,3
2026-07-08,S01,P442,25.0,0,25,0,81,3
2026-07-09,S01,P442,0.0,82,32,50,81,3
2026-07-10,S01,P442,50.0,0,16,34,81,3
2026-07-11,S01,P442,34.0,0,34,0,81,3
2026-07-12,S01,P442,0.0,94,35,59,81,3
2026-07-13,S01,P442,59.0,0,23,55,81,3
2026-07-14,S01,P442,36.0,0,34,2,81,3
2026-07-15,S01,P442,2.0,85,32,55,81,3
2026-07-16,S01,P442,55.0,0,31,24,81,3
2026-07-17,S01,P442,24.0,0,19,5,81,3
2026-07-18,S01,P442,5.0,89,29,65,81,3
2026-07-19,S01,P442,65.0,0,42,23,81,3
2026-07-20,S01,P442,23.0,0,23,0,81,3
2026-07-21,S01,P442,0.0,79,22,57,81,3
2026-07-22,S01,P442,57.0,0,25,32,81,3
2026-07-23,S01,P442,32.0,65,24,73,81,3
2026-07-24,S01,P442,73.0,0,27,46,81,3
2026-07-25,S01,P442,46.0,0,32,14,81,3
2026-07-26,S01,P442,14.0,71,20,65,81,3
2026-07-27,S01,P442,65.0,0,21,44,81,3
2026-07-28,S01,P442,44.0,0,26,18,81,3
2026-07-29,S01,P442,18.0,79,17,80,81,3
2026-07-30,S01,P442,80.0,0,22,58,81,3
2026-07-31,S01,P442,58.0,0,33,25,81,3
2026-08-01,S01,P442,25.0,64,28,61,81,3
2026-08-02,S01,P442,61.0,0,46,15,81,3
2026-08-03,S01,P442,15.0,0,15,0,81,3
2026-08-04,S01,P442,0.0,83,30,53,81,3
2026-08-05,S01,P442,53.0,0,38,15,81,3
2026-08-06,S01,P442,15.0,0,15,0,81,3
2026-08-07,S01,P442,0.0,91,22,69,81,3
2026-08-08,S01,P442,69.0,0,45,24,81,3
2026-08-09,S01,P442,24.0,0,24,0,81,3
2026-08-10,S01,P442,0.0,75,13,62,81,3
2026-08-11,S01,P442,62.0,0,24,38,81,3
2026-08-12,S01,P442,38.0,0,33,5,81,3
2026-08-13,S01,P442,5.0,69,41,33,81,3
2026-08-14,S01,P442,33.0,0,23,10,81,3
2026-08-15,S01,P442,10.0,70,35,45,81,3
2026-08-16,S01,P442,45.0,0,45,0,81,3
2026-08-17,S01,P442,0.0,64,34,30,81,3
2026-08-18,S01,P442,30.0,0,16,14,81,3
2026-08-19,S01,P442,14.0,80,26,68,81,3
2026-08-20,S01,P442,68.0,0,36,32,81,3
2026-08-21,S01,P442,32.0,0,32,0,81,3
2026-08-22,S01,P442,0.0,76,30,21,81,3
2026-08-23,S01,P442,46.0,0,32,14,81,3
2026-08-24,S01,P442,14.0,68,38,44,81,3
2026-08-25,S01,P442,44.0,0,26,18,81,3
2026-08-26,S01,P442,18.0,0,18,0,81,3
2026-08-27,S01,P442,0.0,100,12,88,81,3
2026-08-28,S01,P442,88.0,0,25,63,81,3
2026-08-29,S01,P442,63.0,0,31,32,81,3
2026-08-30,S01,P442,32.0,0,30,2,81,3
2026-08-31,S01,P442,2.0,81,39,44,81,3
2026-05-01,S01,P443,142.0,0,23,119,80,3
2026-05-02,S01,P443,119.0,0,25,94,80,3
2026-05-03,S01,P443,94.0,0,23,71,80,3
2026-05-04,S01,P443,71.0,0,18,53,80,3
2026-05-05,S01,P443,53.0,0,17,36,80,3
2026-05-06,S01,P443,36.0,71,14,93,80,3
2026-05-07,S01,P443,93.0,0,18,75,80,3
2026-05-08,S01,P443,75.0,0,21,54,80,3
2026-05-09,S01,P443,54.0,0,28,26,80,3
2026-05-10,S01,P443,26.0,67,14,79,80,3
2026-05-11,S01,P443,79.0,0,19,60,80,3
2026-05-12,S01,P443,60.0,0,17,43,80,3
2026-05-13,S01,P443,43.0,63,16,90,80,3
2026-05-14,S01,P443,90.0,0,22,68,80,3
2026-05-15,S01,P443,68.0,0,30,38,80,3
2026-05-16,S01,P443,38.0,0,21,17,80,3
2026-05-17,S01,P443,17.0,74,34,57,80,3
2026-05-18,S01,P443,57.0,0,17,40,80,3
2026-05-19,S01,P443,40.0,0,25,15,80,3
2026-05-20,S01,P443,15.0,85,16,84,80,3
2026-05-21,S01,P443,84.0,0,21,63,80,3
2026-05-22,S01,P443,63.0,0,23,40,80,3
2026-05-23,S01,P443,40.0,0,30,23,80,3
2026-05-24,S01,P443,10.0,79,22,67,80,3
2026-05-25,S01,P443,67.0,0,11,56,80,3
2026-05-26,S01,P443,56.0,0,29,27,80,3
2026-05-27,S01,P443,27.0,0,26,1,80,3
2026-05-28,S01,P443,1.0,75,18,58,80,3
2026-05-29,S01,P443,58.0,0,26,32,80,3
2026-05-30,S01,P443,32.0,66,33,65,80,3
2026-05-31,S01,P443,65.0,0,27,38,80,3
2026-06-01,S01,P443,38.0,0,33,5,80,3
2026-06-02,S01,P443,5.0,77,28,54,80,3
2026-06-03,S01,P443,54.0,0,18,36,80,3
2026-06-04,S01,P443,36.0,0,15,21,80,3
2026-06-05,S01,P443,21.0,0,21,0,80,3
2026-06-06,S01,P443,0.0,0,0,0,80,3
2026-06-07,S01,P443,0.0,88,24,64,80,3
2026-06-08,S01,P443,64.0,0,16,48,80,3
2026-06-09,S01,P443,48.0,0,17,31,80,3
2026-06-10,S01,P443,31.0,78,18,91,80,3
2026-06-11,S01,P443,91.0,0,13,78,80,3
2026-06-12,S01,P443,78.0,0,22,56,80,3
2026-06-13,S01,P443,56.0,0,29,27,80,3
2026-06-14,S01,P443,27.0,64,21,70,80,3
2026-06-15,S01,P443,70.0,0,21,49,80,3
2026-06-16,S01,P443,49.0,0,9,40,80,3
2026-06-17,S01,P443,40.0,72,18,94,80,3
2026-06-18,S01,P443,94.0,0,13,81,80,3
2026-06-19,S01,P443,81.0,0,20,61,80,3
2026-06-20,S01,P443,61.0,0,41,20,80,3
2026-06-21,S01,P443,20.0,0,19,1,80,3
2026-06-22,S01,P443,1.0,81,19,39,80,3
2026-06-23,S01,P443,63.0,0,24,39,80,3
2026-06-24,S01,P443,39.0,0,22,17,80,3
2026-06-25,S01,P443,17.0,79,24,72,80,3
2026-06-26,S01,P443,72.0,0,46,26,80,3
2026-06-27,S01,P443,26.0,0,26,0,80,3
2026-06-28,S01,P443,0.0,0,0,0,80,3
2026-06-29,S01,P443,0.0,70,31,39,80,3
2026-06-30,S01,P443,39.0,72,21,90,80,3
2026-07-01,S01,P443,90.0,0,21,69,80,3
2026-07-02,S01,P443,69.0,0,28,41,80,3
2026-07-03,S01,P443,41.0,0,32,9,80,3
2026-07-04,S01,P443,9.0,73,17,65,80,3
2026-07-05,S01,P443,65.0,0,26,39,80,3
2026-07-06,S01,P443,39.0,0,29,10,80,3
2026-07-07,S01,P443,10.0,77,11,76,80,3
2026-07-08,S01,P443,76.0,0,23,53,80,3
2026-07-09,S01,P443,53.0,0,18,35,80,3
2026-07-10,S01,P443,35.0,66,18,83,80,3
2026-07-11,S01,P443,83.0,0,28,55,80,3
2026-07-12,S01,P443,55.0,0,28,27,80,3
2026-07-13,S01,P443,27.0,0,27,0,80,3
2026-07-14,S01,P443,0.0,87,18,69,80,3
2026-07-15,S01,P443,69.0,0,22,47,80,3
2026-07-16,S01,P443,47.0,0,24,23,80,3
2026-07-17,S01,P443,23.0,73,20,76,80,3
2026-07-18,S01,P443,76.0,0,21,55,80,3
2026-07-19,S01,P443,55.0,0,20,35,80,3
2026-07-20,S01,P443,35.0,66,26,61,80,3
2026-07-21,S01,P443,75.0,0,26,49,80,3
2026-07-22,S01,P443,49.0,0,20,29,80,3
2026-07-23,S01,P443,29.0,67,21,75,80,3
2026-07-24,S01,P443,75.0,0,22,53,80,3
2026-07-25,S01,P443,53.0,0,21,32,80,3
2026-07-26,S01,P443,32.0,67,29,70,80,3
2026-07-27,S01,P443,70.0,0,15,55,80,3
2026-07-28,S01,P443,55.0,0,22,33,80,3
2026-07-29,S01,P443,33.0,0,17,16,80,3
2026-07-30,S01,P443,16.0,72,34,54,80,3
2026-07-31,S01,P443,54.0,0,19,35,80,3
2026-08-01,S01,P443,35.0,0,35,0,80,3
2026-08-02,S01,P443,0.0,88,24,64,80,3
2026-08-03,S01,P443,64.0,0,40,24,80,3
2026-08-04,S01,P443,24.0,0,24,0,80,3
2026-08-05,S01,P443,0.0,0,0,0,80,3
2026-08-06,S01,P443,0.0,78,31,47,80,3
2026-08-07,S01,P443,47.0,64,23,88,80,3
2026-08-08,S01,P443,88.0,0,31,57,80,3
2026-08-09,S01,P443,57.0,0,32,25,80,3
2026-08-10,S01,P443,25.0,0,22,3,80,3
2026-08-11,S01,P443,3.0,85,21,67,80,3
2026-08-12,S01,P443,67.0,0,25,42,80,3
2026-08-13,S01,P443,42.0,0,42,0,80,3
2026-08-14,S01,P443,0.0,75,21,54,80,3
2026-08-15,S01,P443,54.0,0,42,12,80,3
2026-08-16,S01,P443,12.0,67,40,39,80,3
2026-08-17,S01,P443,39.0,0,23,16,80,3
2026-08-18,S01,P443,16.0,63,28,51,80,3
2026-08-19,S01,P443,51.0,0,27,24,80,3
2026-08-20,S01,P443,24.0,63,24,63,80,3
2026-08-21,S01,P443,63.0,0,30,33,80,3
2026-08-22,S01,P443,33.0,0,33,0,80,3
2026-08-23,S01,P443,0.0,79,38,41,80,3
2026-08-24,S01,P443,41.0,0,32,9,80,3
2026-08-25,S01,P443,9.0,63,31,41,80,3
2026-08-26,S01,P443,41.0,0,38,3,80,3
2026-08-27,S01,P443,3.0,70,18,55,80,3
2026-08-28,S01,P443,55.0,0,24,31,80,3
2026-08-29,S01,P443,31.0,69,27,73,80,3
2026-08-30,S01,P443,73.0,0,20,53,80,3
2026-08-31,S01,P443,53.0,0,20,33,80,3
2026-05-01,S01,P444,78.0,0,11,67,44,3
2026-05-02,S01,P444,67.0,0,20,47,44,3
2026-05-03,S01,P444,47.0,0,12,35,44,3
2026-05-04,S01,P444,35.0,0,7,28,44,3
2026-05-05,S01,P444,28.0,0,12,16,44,3
2026-05-06,S01,P444,16.0,43,10,49,44,3
2026-05-07,S01,P444,49.0,0,12,37,44,3
2026-05-08,S01,P444,37.0,0,10,27,44,3
2026-05-09,S01,P444,27.0,0,19,8,44,3
2026-05-10,S01,P444,8.0,41,13,36,44,3
2026-05-11,S01,P444,36.0,0,11,31,44,3
2026-05-12,S01,P444,25.0,0,12,13,44,3
2026-05-13,S01,P444,13.0,42,11,44,44,3
2026-05-14,S01,P444,44.0,0,19,25,44,3
2026-05-15,S01,P444,25.0,0,12,13,44,3
2026-05-16,S01,P444,13.0,34,19,28,44,3
2026-05-17,S01,P444,28.0,0,16,12,44,3
2026-05-18,S01,P444,12.0,0,12,0,44,3
2026-05-19,S01,P444,0.0,50,8,42,44,3
2026-05-20,S01,P444,42.0,0,13,29,44,3
2026-05-21,S01,P444,29.0,0,10,19,44,3
2026-05-22,S01,P444,19.0,36,8,47,44,3
2026-05-23,S01,P444,47.0,0,10,37,44,3
2026-05-24,S01,P444,37.0,0,8,29,44,3
2026-05-25,S01,P444,29.0,0,9,20,44,3
2026-05-26,S01,P444,20.0,41,13,48,44,3
2026-05-27,S01,P444,48.0,0,13,35,44,3
2026-05-28,S01,P444,35.0,0,7,28,44,3
2026-05-29,S01,P444,28.0,0,12,16,44,3
2026-05-30,S01,P444,16.0,43,15,44,44,3
2026-05-31,S01,P444,44.0,0,10,34,44,3
2026-06-01,S01,P444,34.0,0,7,27,44,3
2026-06-02,S01,P444,27.0,34,17,44,44,3
2026-06-03,S01,P444,44.0,0,10,34,44,3
2026-06-04,S01,P444,34.0,0,13,21,44,3
2026-06-05,S01,P444,21.0,34,10,45,44,3
2026-06-06,S01,P444,45.0,0,21,24,44,3
2026-06-07,S01,P444,24.0,0,24,0,44,3
2026-06-08,S01,P444,0.0,0,0,0,44,3
2026-06-09,S01,P444,0.0,54,6,48,44,3
2026-06-10,S01,P444,48.0,0,16,32,44,3
2026-06-11,S01,P444,32.0,0,12,20,44,3
2026-06-12,S01,P444,20.0,0,18,2,44,3
2026-06-13,S01,P444,2.0,46,17,31,44,3
2026-06-14,S01,P444,31.0,0,5,26,44,3
2026-06-15,S01,P444,26.0,0,7,19,44,3
2026-06-16,S01,P444,19.0,47,8,58,44,3
2026-06-17,S01,P444,58.0,0,16,42,44,3
2026-06-18,S01,P444,42.0,0,12,30,44,3
2026-06-19,S01,P444,30.0,0,9,21,44,3
2026-06-20,S01,P444,21.0,36,14,43,44,3
2026-06-21,S01,P444,43.0,0,21,22,44,3
2026-06-22,S01,P444,22.0,0,12,10,44,3
2026-06-23,S01,P444,10.0,35,12,33,44,3
2026-06-24,S01,P444,33.0,0,7,26,44,3
2026-06-25,S01,P444,26.0,0,16,10,44,3
2026-06-26,S01,P444,10.0,45,18,37,44,3
2026-06-27,S01,P444,37.0,0,5,32,44,3
2026-06-28,S01,P444,32.0,0,22,10,44,3
2026-06-29,S01,P444,10.0,41,3,48,44,3
2026-06-30,S01,P444,48.0,0,12,36,44,3
2026-07-01,S01,P444,36.0,0,18,18,44,3
2026-07-02,S01,P444,18.0,0,13,5,44,3
2026-07-03,S01,P444,5.0,0,5,0,44,3
2026-07-04,S01,P444,0.0,0,0,0,44,3
2026-07-05,S01,P444,0.0,42,14,28,44,3
2026-07-06,S01,P444,28.0,36,11,53,44,3
2026-07-07,S01,P444,53.0,0,18,35,44,3
2026-07-08,S01,P444,35.0,0,18,17,44,3
2026-07-09,S01,P444,17.0,0,17,0,44,3
2026-07-10,S01,P444,0.0,43,17,26,44,3
2026-07-11,S01,P444,26.0,0,26,0,44,3
2026-07-12,S01,P444,0.0,35,28,7,44,3
2026-07-13,S01,P444,7.0,0,7,0,44,3
2026-07-14,S01,P444,0.0,43,9,34,44,3
2026-07-15,S01,P444,34.0,0,5,29,44,3
2026-07-16,S01,P444,29.0,0,10,19,44,3
2026-07-17,S01,P444,19.0,35,8,46,44,3
2026-07-18,S01,P444,46.0,0,13,33,44,3
2026-07-19,S01,P444,33.0,0,13,20,44,3
2026-07-20,S01,P444,20.0,0,9,11,44,3
2026-07-21,S01,P444,11.0,45,9,47,44,3
2026-07-22,S01,P444,47.0,0,11,36,44,3
2026-07-23,S01,P444,36.0,0,11,25,44,3
2026-07-24,S01,P444,25.0,0,10,15,44,3
2026-07-25,S01,P444,15.0,42,13,44,44,3
2026-07-26,S01,P444,44.0,0,14,30,44,3
2026-07-27,S01,P444,30.0,0,9,21,44,3
2026-07-28,S01,P444,21.0,34,13,42,44,3
2026-07-29,S01,P444,42.0,0,11,31,44,3
2026-07-30,S01,P444,31.0,0,16,15,44,3
2026-07-31,S01,P444,15.0,36,12,39,44,3
2026-08-01,S01,P444,39.0,0,16,23,44,3
2026-08-02,S01,P444,23.0,0,12,11,44,3
2026-08-03,S01,P444,11.0,0,11,0,44,3
2026-08-04,S01,P444,0.0,0,0,0,44,3
2026-08-05,S01,P444,0.0,39,15,24,44,3
2026-08-06,S01,P444,24.0,39,17,46,44,3
2026-08-07,S01,P444,46.0,0,6,40,44,3
2026-08-08,S01,P444,40.0,0,10,30,44,3
2026-08-09,S01,P444,30.0,0,12,18,44,3
2026-08-10,S01,P444,18.0,38,3,53,44,3
2026-08-11,S01,P444,53.0,0,14,39,44,3
2026-08-12,S01,P444,39.0,0,10,29,44,3
2026-08-13,S01,P444,29.0,0,9,20,44,3
2026-08-14,S01,P444,20.0,39,7,52,44,3
2026-08-15,S01,P444,52.0,0,29,23,44,3
2026-08-16,S01,P444,23.0,0,18,5,44,3
2026-08-17,S01,P444,5.0,0,5,0,44,3
2026-08-18,S01,P444,0.0,55,16,39,44,3
2026-08-19,S01,P444,39.0,0,13,26,44,3
2026-08-20,S01,P444,26.0,0,11,15,44,3
2026-08-21,S01,P444,15.0,39,24,30,44,3
2026-08-22,S01,P444,30.0,0,21,9,44,3
2026-08-23,S01,P444,9.0,0,9,0,44,3
2026-08-24,S01,P444,0.0,48,11,37,44,3
2026-08-25,S01,P444,37.0,0,15,22,44,3
2026-08-26,S01,P444,22.0,0,22,0,44,3
2026-08-27,S01,P444,0.0,41,16,25,44,3
2026-08-28,S01,P444,25.0,0,8,17,44,3
2026-08-29,S01,P444,17.0,37,13,41,44,3
2026-08-30,S01,P444,41.0,0,9,32,44,3
2026-08-31,S01,P444,32.0,0,13,19,44,3
2026-05-01,S01,P445,85.0,0,17,68,48,3
2026-05-02,S01,P445,68.0,0,10,58,48,3
2026-05-03,S01,P445,58.0,0,20,38,48,3
2026-05-04,S01,P445,38.0,0,16,22,48,3
2026-05-05,S01,P445,22.0,0,22,0,48,3
2026-05-06,S01,P445,0.0,47,20,27,48,3
2026-05-07,S01,P445,27.0,0,15,12,48,3
2026-05-08,S01,P445,12.0,38,30,20,48,3
2026-05-09,S01,P445,20.0,0,15,5,48,3
2026-05-10,S01,P445,5.0,0,5,0,48,3
2026-05-11,S01,P445,0.0,0,0,0,48,3
2026-05-12,S01,P445,0.0,0,0,0,48,3
2026-05-13,S01,P445,0.0,65,10,55,48,3
2026-05-14,S01,P445,55.0,0,13,42,48,3
2026-05-15,S01,P445,42.0,0,4,38,48,3
2026-05-16,S01,P445,38.0,0,13,53,48,3
2026-05-17,S01,P445,25.0,0,21,4,48,3
2026-05-18,S01,P445,4.0,43,9,38,48,3
2026-05-19,S01,P445,38.0,0,14,24,48,3
2026-05-20,S01,P445,24.0,38,4,58,48,3
2026-05-21,S01,P445,58.0,0,6,52,48,3
2026-05-22,S01,P445,52.0,0,21,31,48,3
2026-05-23,S01,P445,31.0,0,10,21,48,3
2026-05-24,S01,P445,21.0,0,11,10,48,3
2026-05-25,S01,P445,10.0,54,17,47,48,3
2026-05-26,S01,P445,47.0,0,11,36,48,3
2026-05-27,S01,P445,36.0,0,14,22,48,3
2026-05-28,S01,P445,22.0,38,7,53,48,3
2026-05-29,S01,P445,53.0,0,13,40,48,3
2026-05-30,S01,P445,40.0,0,13,27,48,3
2026-05-31,S01,P445,27.0,0,14,13,48,3
2026-06-01,S01,P445,13.0,45,13,45,48,3
2026-06-02,S01,P445,45.0,0,10,35,48,3
2026-06-03,S01,P445,35.0,0,19,16,48,3
2026-06-04,S01,P445,16.0,40,16,40,48,3
2026-06-05,S01,P445,40.0,0,16,24,48,3
2026-06-06,S01,P445,24.0,0,24,0,48,3
2026-06-07,S01,P445,0.0,45,28,17,48,3
2026-06-08,S01,P445,17.0,0,17,0,48,3
2026-06-09,S01,P445,0.0,40,7,33,48,3
2026-06-10,S01,P445,33.0,0,10,23,48,3
2026-06-11,S01,P445,23.0,45,13,55,48,3
2026-06-12,S01,P445,55.0,0,4,51,48,3
2026-06-13,S01,P445,51.0,0,17,34,48,3
2026-06-14,S01,P445,34.0,0,13,21,48,3
2026-06-15,S01,P445,21.0,0,21,0,48,3
2026-06-16,S01,P445,0.0,51,13,38,48,3
2026-06-17,S01,P445,38.0,0,10,28,48,3
2026-06-18,S01,P445,28.0,0,8,20,48,3
2026-06-19,S01,P445,20.0,47,13,54,48,3
2026-06-20,S01,P445,54.0,0,13,41,48,3
2026-06-21,S01,P445,41.0,0,17,24,48,3
2026-06-22,S01,P445,24.0,0,15,9,48,3
2026-06-23,S01,P445,9.0,44,11,42,48,3
2026-06-24,S01,P445,42.0,0,9,33,48,3
2026-06-25,S01,P445,33.0,0,18,15,48,3
2026-06-26,S01,P445,15.0,43,27,31,48,3
2026-06-27,S01,P445,31.0,0,23,8,48,3
2026-06-28,S01,P445,8.0,0,8,0,48,3
2026-06-29,S01,P445,0.0,54,10,44,48,3
2026-06-30,S01,P445,44.0,0,19,25,48,3
2026-07-01,S01,P445,25.0,0,16,9,48,3
2026-07-02,S01,P445,9.0,41,13,37,48,3
2026-07-03,S01,P445,37.0,0,17,20,48,3
2026-07-04,S01,P445,20.0,0,13,7,48,3
2026-07-05,S01,P445,7.0,48,19,36,48,3
2026-07-06,S01,P445,36.0,0,7,29,48,3
2026-07-07,S01,P445,29.0,0,16,13,48,3
2026-07-08,S01,P445,13.0,49,12,50,48,3
2026-07-09,S01,P445,50.0,0,17,33,48,3
2026-07-10,S01,P445,33.0,0,11,22,48,3
2026-07-11,S01,P445,22.0,0,13,9,48,3
2026-07-12,S01,P445,9.0,52,23,38,48,3
2026-07-13,S01,P445,38.0,0,16,22,48,3
2026-07-14,S01,P445,22.0,0,12,10,48,3
2026-07-15,S01,P445,10.0,47,12,45,48,3
2026-07-16,S01,P445,45.0,0,11,34,48,3
2026-07-17,S01,P445,34.0,0,8,26,48,3
2026-07-18,S01,P445,26.0,40,17,49,48,3
2026-07-19,S01,P445,49.0,0,10,39,48,3
2026-07-20,S01,P445,39.0,0,14,25,48,3
2026-07-21,S01,P445,25.0,0,10,15,48,3
2026-07-22,S01,P445,15.0,46,18,43,48,3
2026-07-23,S01,P445,43.0,0,11,32,48,3
2026-07-24,S01,P445,32.0,0,13,19,48,3
2026-07-25,S01,P445,19.0,42,20,41,48,3
2026-07-26,S01,P445,41.0,0,22,19,48,3
2026-07-27,S01,P445,19.0,0,12,7,48,3
2026-07-28,S01,P445,7.0,44,16,35,48,3
2026-07-29,S01,P445,35.0,0,14,21,48,3
2026-07-30,S01,P445,21.0,0,16,5,48,3
2026-07-31,S01,P445,5.0,50,12,43,48,3
2026-08-01,S01,P445,43.0,0,26,17,48,3
2026-08-02,S01,P445,17.0,0,16,1,48,3
2026-08-03,S01,P445,1.0,42,17,26,48,3
2026-08-04,S01,P445,26.0,0,17,9,48,3
2026-08-05,S01,P445,9.0,42,7,44,48,3
2026-08-06,S01,P445,44.0,0,15,29,48,3
2026-08-07,S01,P445,29.0,0,9,20,48,3
2026-08-08,S01,P445,20.0,41,17,44,48,3
2026-08-09,S01,P445,44.0,0,23,21,48,3
2026-08-10,S01,P445,21.0,0,15,6,48,3
2026-08-11,S01,P445,6.0,41,19,28,48,3
2026-08-12,S01,P445,28.0,0,10,18,48,3
2026-08-13,S01,P445,18.0,38,17,39,48,3
2026-08-14,S01,P445,39.0,0,19,20,48,3
2026-08-15,S01,P445,20.0,0,20,0,48,3
2026-08-16,S01,P445,0.0,0,0,0,48,3
2026-08-17,S01,P445,0.0,46,17,29,48,3
2026-08-18,S01,P445,29.0,39,10,58,48,3
2026-08-19,S01,P445,58.0,0,19,39,48,3
2026-08-20,S01,P445,39.0,0,18,21,48,3
2026-08-21,S01,P445,21.0,0,21,0,48,3
2026-08-22,S01,P445,0.0,46,29,17,48,3
2026-08-23,S01,P445,17.0,0,17,0,48,3
2026-08-24,S01,P445,0.0,39,16,23,48,3
2026-08-25,S01,P445,23.0,0,16,7,48,3
2026-08-26,S01,P445,7.0,46,31,22,48,3
2026-08-27,S01,P445,22.0,0,8,14,48,3
2026-08-28,S01,P445,14.0,0,14,0,48,3
2026-08-29,S01,P445,0.0,63,15,48,48,3
2026-08-30,S01,P445,48.0,0,22,26,48,3
2026-08-31,S01,P445,26.0,0,16,10,48,3
2026-05-01,S01,P446,116.0,0,14,102,65,3
2026-05-02,S01,P446,102.0,0,23,79,65,3
2026-05-03,S01,P446,79.0,0,25,54,65,3
2026-05-04,S01,P446,54.0,0,20,34,65,3
2026-05-05,S01,P446,34.0,0,34,0,65,3
2026-05-06,S01,P446,0.0,0,0,0,65,3
2026-05-07,S01,P446,0.0,62,30,53,65,3
2026-05-08,S01,P446,32.0,0,17,15,65,3
2026-05-09,S01,P446,15.0,54,32,37,65,3
2026-05-10,S01,P446,37.0,0,18,19,65,3
2026-05-11,S01,P446,19.0,0,15,4,65,3
2026-05-12,S01,P446,4.0,79,19,64,65,3
2026-05-13,S01,P446,64.0,0,23,41,65,3
2026-05-14,S01,P446,41.0,0,20,21,65,3
2026-05-15,S01,P446,21.0,0,16,5,65,3
2026-05-16,S01,P446,5.0,52,18,39,65,3
2026-05-17,S01,P446,39.0,0,17,22,65,3
2026-05-18,S01,P446,22.0,0,19,3,65,3
2026-05-19,S01,P446,3.0,0,3,0,65,3
2026-05-20,S01,P446,0.0,59,30,29,65,3
2026-05-21,S01,P446,29.0,54,20,63,65,3
2026-05-22,S01,P446,63.0,0,32,31,65,3
2026-05-23,S01,P446,31.0,0,31,0,65,3
2026-05-24,S01,P446,0.0,53,28,25,65,3
2026-05-25,S01,P446,25.0,0,25,0,65,3
2026-05-26,S01,P446,0.0,63,18,45,65,3
2026-05-27,S01,P446,45.0,0,25,20,65,3
2026-05-28,S01,P446,20.0,53,21,52,65,3
2026-05-29,S01,P446,52.0,0,23,29,65,3
2026-05-30,S01,P446,29.0,0,29,0,65,3
2026-05-31,S01,P446,0.0,64,16,48,65,3
2026-06-01,S01,P446,48.0,0,15,33,65,3
2026-06-02,S01,P446,33.0,52,17,68,65,3
2026-06-03,S01,P446,68.0,0,20,48,65,3
2026-06-04,S01,P446,48.0,0,20,28,65,3
2026-06-05,S01,P446,28.0,0,18,10,65,3
2026-06-06,S01,P446,10.0,0,10,0,65,3
2026-06-07,S01,P446,0.0,68,31,37,65,3
2026-06-08,S01,P446,37.0,0,24,13,65,3
2026-06-09,S01,P446,13.0,0,13,0,65,3
2026-06-10,S01,P446,0.0,0,0,0,65,3
2026-06-11,S01,P446,0.0,0,0,0,65,3
2026-06-12,S01,P446,0.0,79,26,53,65,3
2026-06-13,S01,P446,53.0,0,29,24,65,3
2026-06-14,S01,P446,24.0,0,19,5,65,3
2026-06-15,S01,P446,5.0,63,14,54,65,3
2026-06-16,S01,P446,54.0,0,13,41,65,3
2026-06-17,S01,P446,41.0,0,16,25,65,3
2026-06-18,S01,P446,25.0,62,11,76,65,3
2026-06-19,S01,P446,76.0,0,27,49,65,3
2026-06-20,S01,P446,49.0,0,29,20,65,3
2026-06-21,S01,P446,20.0,0,20,0,65,3
2026-06-22,S01,P446,0.0,67,10,57,65,3
2026-06-23,S01,P446,57.0,0,14,43,65,3
2026-06-24,S01,P446,43.0,0,15,28,65,3
2026-06-25,S01,P446,28.0,59,25,62,65,3
2026-06-26,S01,P446,62.0,0,33,29,65,3
2026-06-27,S01,P446,29.0,0,29,0,65,3
2026-06-28,S01,P446,0.0,54,47,7,65,3
2026-06-29,S01,P446,7.0,0,7,0,65,3
2026-06-30,S01,P446,0.0,62,12,50,65,3
2026-07-01,S01,P446,50.0,0,21,29,65,3
2026-07-02,S01,P446,29.0,54,23,60,65,3
2026-07-03,S01,P446,60.0,0,18,42,65,3
2026-07-04,S01,P446,42.0,0,25,17,65,3
2026-07-05,S01,P446,17.0,56,23,50,65,3
2026-07-06,S01,P446,50.0,0,9,41,65,3
2026-07-07,S01,P446,41.0,0,21,20,65,3
2026-07-08,S01,P446,20.0,66,23,63,65,3
2026-07-09,S01,P446,63.0,0,9,54,65,3
2026-07-10,S01,P446,54.0,0,25,29,65,3
2026-07-11,S01,P446,29.0,0,29,0,65,3
2026-07-12,S01,P446,0.0,53,53,0,65,3
2026-07-13,S01,P446,0.0,0,0,0,65,3
2026-07-14,S01,P446,0.0,63,32,31,65,3
2026-07-15,S01,P446,31.0,53,26,58,65,3
2026-07-16,S01,P446,58.0,0,16,42,65,3
2026-07-17,S01,P446,42.0,0,42,0,65,3
2026-07-18,S01,P446,0.0,58,13,45,65,3
2026-07-19,S01,P446,45.0,0,26,19,65,3
2026-07-20,S01,P446,19.0,58,14,63,65,3
2026-07-21,S01,P446,63.0,0,34,29,65,3
2026-07-22,S01,P446,29.0,0,29,0,65,3
2026-07-23,S01,P446,0.0,53,17,36,65,3
2026-07-24,S01,P446,36.0,0,15,21,65,3
2026-07-25,S01,P446,21.0,63,21,63,65,3
2026-07-26,S01,P446,63.0,0,27,36,65,3
2026-07-27,S01,P446,36.0,0,13,23,65,3
2026-07-28,S01,P446,23.0,53,18,58,65,3
2026-07-29,S01,P446,58.0,0,10,48,65,3
2026-07-30,S01,P446,48.0,0,23,25,65,3
2026-07-31,S01,P446,25.0,58,16,67,65,3
2026-08-01,S01,P446,67.0,0,26,41,65,3
2026-08-02,S01,P446,41.0,0,26,15,65,3
2026-08-03,S01,P446,15.0,0,15,0,65,3
2026-08-04,S01,P446,0.0,75,11,64,65,3
2026-08-05,S01,P446,64.0,0,19,45,65,3
2026-08-06,S01,P446,45.0,0,22,23,65,3
2026-08-07,S01,P446,23.0,52,24,51,65,3
2026-08-08,S01,P446,51.0,0,30,21,65,3
2026-08-09,S01,P446,21.0,0,21,0,65,3
2026-08-10,S01,P446,0.0,65,12,53,65,3
2026-08-11,S01,P446,53.0,0,20,33,65,3
2026-08-12,S01,P446,33.0,51,39,45,65,3
2026-08-13,S01,P446,45.0,0,27,18,65,3
2026-08-14,S01,P446,18.0,0,18,0,65,3
2026-08-15,S01,P446,0.0,71,45,26,65,3
2026-08-16,S01,P446,26.0,0,26,0,65,3
2026-08-17,S01,P446,0.0,0,0,-28,65,3
2026-08-18,S01,P446,0.0,90,16,74,65,3
2026-08-19,S01,P446,74.0,0,18,56,65,3
2026-08-20,S01,P446,56.0,0,24,32,65,3
2026-08-21,S01,P446,32.0,0,29,3,65,3
2026-08-22,S01,P446,3.0,60,22,41,65,3
2026-08-23,S01,P446,41.0,0,38,3,65,3
2026-08-24,S01,P446,3.0,53,37,19,65,3
2026-08-25,S01,P446,19.0,0,19,0,65,3
2026-08-26,S01,P446,0.0,60,26,34,65,3
2026-08-27,S01,P446,34.0,0,20,14,65,3
2026-08-28,S01,P446,14.0,56,21,49,65,3
2026-08-29,S01,P446,49.0,0,43,6,65,3
2026-08-30,S01,P446,6.0,0,6,0,65,3
2026-08-31,S01,P446,0.0,67,21,46,65,3
2026-05-01,S01,P501,101.0,0,22,79,57,3
2026-05-02,S01,P501,79.0,0,18,61,57,3
2026-05-03,S01,P501,61.0,0,24,37,57,3
2026-05-04,S01,P501,37.0,0,14,23,57,3
2026-05-05,S01,P501,23.0,0,7,16,57,3
2026-05-06,S01,P501,16.0,64,18,62,57,3
2026-05-07,S01,P501,62.0,0,13,49,57,3
2026-05-08,S01,P501,49.0,0,20,29,57,3
2026-05-09,S01,P501,29.0,0,15,14,57,3
2026-05-10,S01,P501,14.0,52,8,58,57,3
2026-05-11,S01,P501,58.0,0,15,43,57,3
2026-05-12,S01,P501,43.0,0,19,24,57,3
2026-05-13,S01,P501,24.0,0,12,12,57,3
2026-05-14,S01,P501,12.0,58,17,53,57,3
2026-05-15,S01,P501,53.0,0,21,32,57,3
2026-05-16,S01,P501,32.0,0,16,39,57,3
2026-05-17,S01,P501,16.0,48,17,47,57,3
2026-05-18,S01,P501,47.0,0,23,24,57,3
2026-05-19,S01,P501,24.0,0,20,4,57,3
2026-05-20,S01,P501,4.0,54,15,43,57,3
2026-05-21,S01,P501,43.0,0,21,22,57,3
2026-05-22,S01,P501,22.0,0,16,6,57,3
2026-05-23,S01,P501,6.0,58,19,45,57,3
2026-05-24,S01,P501,45.0,0,16,29,57,3
2026-05-25,S01,P501,29.0,0,13,16,57,3
2026-05-26,S01,P501,16.0,56,17,55,57,3
2026-05-27,S01,P501,55.0,0,20,35,57,3
2026-05-28,S01,P501,35.0,0,11,24,57,3
2026-05-29,S01,P501,24.0,46,12,58,57,3
2026-05-30,S01,P501,58.0,0,21,37,57,3
2026-05-31,S01,P501,37.0,0,17,20,57,3
2026-06-01,S01,P501,20.0,0,10,10,57,3
2026-06-02,S01,P501,10.0,64,13,61,57,3
2026-06-03,S01,P501,61.0,0,14,47,57,3
2026-06-04,S01,P501,47.0,0,33,14,57,3
2026-06-05,S01,P501,14.0,0,14,0,57,3
2026-06-06,S01,P501,0.0,54,43,11,57,3
2026-06-07,S01,P501,11.0,0,11,0,57,3
2026-06-08,S01,P501,0.0,47,11,36,57,3
2026-06-09,S01,P501,36.0,0,9,27,57,3
2026-06-10,S01,P501,27.0,54,12,69,57,3
2026-06-11,S01,P501,69.0,0,15,54,57,3
2026-06-12,S01,P501,54.0,0,15,39,57,3
2026-06-13,S01,P501,39.0,0,21,18,57,3
2026-06-14,S01,P501,18.0,47,23,42,57,3
2026-06-15,S01,P501,42.0,0,11,31,57,3
2026-06-16,S01,P501,31.0,0,12,19,57,3
2026-06-17,S01,P501,19.0,59,14,64,57,3
2026-06-18,S01,P501,64.0,0,12,52,57,3
2026-06-19,S01,P501,52.0,0,13,39,57,3
2026-06-20,S01,P501,39.0,0,22,17,57,3
2026-06-21,S01,P501,17.0,49,23,43,57,3
2026-06-22,S01,P501,43.0,0,9,34,57,3
2026-06-23,S01,P501,34.0,0,14,20,57,3
2026-06-24,S01,P501,20.0,58,17,61,57,3
2026-06-25,S01,P501,61.0,0,18,43,57,3
2026-06-26,S01,P501,43.0,0,15,28,57,3
2026-06-27,S01,P501,28.0,0,25,3,57,3
2026-06-28,S01,P501,3.0,58,15,46,57,3
2026-06-29,S01,P501,46.0,0,17,29,57,3
2026-06-30,S01,P501,29.0,0,20,9,57,3
2026-07-01,S01,P501,9.0,55,18,46,57,3
2026-07-02,S01,P501,46.0,0,23,23,57,3
2026-07-03,S01,P501,23.0,0,13,10,57,3
2026-07-04,S01,P501,10.0,55,35,30,57,3
2026-07-05,S01,P501,30.0,0,17,13,57,3
2026-07-06,S01,P501,13.0,0,13,0,57,3
2026-07-07,S01,P501,0.0,71,27,44,57,3
2026-07-08,S01,P501,44.0,0,17,27,57,3
2026-07-09,S01,P501,27.0,0,14,13,57,3
2026-07-10,S01,P501,13.0,57,14,56,57,3
2026-07-11,S01,P501,56.0,0,14,42,57,3
2026-07-12,S01,P501,42.0,0,15,27,57,3
2026-07-13,S01,P501,27.0,0,16,11,57,3
2026-07-14,S01,P501,11.0,45,16,40,57,3
2026-07-15,S01,P501,40.0,0,20,20,57,3
2026-07-16,S01,P501,20.0,45,11,54,57,3
2026-07-17,S01,P501,54.0,0,13,41,57,3
2026-07-18,S01,P501,41.0,0,13,28,57,3
2026-07-19,S01,P501,28.0,0,15,13,57,3
2026-07-20,S01,P501,13.0,47,15,45,57,3
2026-07-21,S01,P501,45.0,0,15,30,57,3
2026-07-22,S01,P501,30.0,0,20,10,57,3
2026-07-23,S01,P501,10.0,56,16,50,57,3
2026-07-24,S01,P501,50.0,0,12,38,57,3
2026-07-25,S01,P501,38.0,0,20,18,57,3
2026-07-26,S01,P501,18.0,51,14,55,57,3
2026-07-27,S01,P501,55.0,0,17,38,57,3
2026-07-28,S01,P501,38.0,0,18,20,57,3
2026-07-29,S01,P501,20.0,46,22,44,57,3
2026-07-30,S01,P501,44.0,0,24,20,57,3
2026-07-31,S01,P501,20.0,0,20,0,57,3
2026-08-01,S01,P501,0.0,57,37,20,57,3
2026-08-02,S01,P501,20.0,0,20,0,57,3
2026-08-03,S01,P501,0.0,44,38,6,57,3
2026-08-04,S01,P501,6.0,0,6,0,57,3
2026-08-05,S01,P501,0.0,57,27,30,57,3
2026-08-06,S01,P501,30.0,0,27,3,57,3
2026-08-07,S01,P501,3.0,44,24,23,57,3
2026-08-08,S01,P501,23.0,0,13,10,57,3
2026-08-09,S01,P501,10.0,54,19,45,57,3
2026-08-10,S01,P501,45.0,0,19,26,57,3
2026-08-11,S01,P501,26.0,0,18,8,57,3
2026-08-12,S01,P501,8.0,56,20,44,57,3
2026-08-13,S01,P501,44.0,0,16,28,57,3
2026-08-14,S01,P501,28.0,0,14,14,57,3
2026-08-15,S01,P501,14.0,57,30,41,57,3
2026-08-16,S01,P501,41.0,0,18,23,57,3
2026-08-17,S01,P501,23.0,0,13,10,57,3
2026-08-18,S01,P501,10.0,60,22,48,57,3
2026-08-19,S01,P501,48.0,0,16,32,57,3
2026-08-20,S01,P501,32.0,0,15,17,57,3
2026-08-21,S01,P501,17.0,53,25,45,57,3
2026-08-22,S01,P501,45.0,0,24,21,57,3
2026-08-23,S01,P501,21.0,0,21,0,57,3
2026-08-24,S01,P501,0.0,56,21,35,57,3
2026-08-25,S01,P501,35.0,0,35,0,57,3
2026-08-26,S01,P501,0.0,45,18,27,57,3
2026-08-27,S01,P501,27.0,0,9,18,57,3
2026-08-28,S01,P501,18.0,56,27,47,57,3
2026-08-29,S01,P501,47.0,0,29,18,57,3
2026-08-30,S01,P501,18.0,0,18,0,57,3
2026-08-31,S01,P501,0.0,54,26,28,57,3
2026-05-01,S01,P502,86.0,0,13,73,48,3
2026-05-02,S01,P502,73.0,0,10,63,48,3
2026-05-03,S01,P502,63.0,0,19,44,48,3
2026-05-04,S01,P502,44.0,0,13,31,48,3
2026-05-05,S01,P502,31.0,0,6,25,48,3
2026-05-06,S01,P502,25.0,42,20,47,48,3
2026-05-07,S01,P502,47.0,0,12,35,48,3
2026-05-08,S01,P502,35.0,0,10,25,48,3
2026-05-09,S01,P502,25.0,39,25,39,48,3
2026-05-10,S01,P502,39.0,0,18,21,48,3
2026-05-11,S01,P502,21.0,0,9,12,48,3
2026-05-12,S01,P502,12.0,47,20,39,48,3
2026-05-13,S01,P502,39.0,0,6,33,48,3
2026-05-14,S01,P502,33.0,0,10,23,48,3
2026-05-15,S01,P502,23.0,47,16,54,48,3
2026-05-16,S01,P502,54.0,0,14,40,48,3
2026-05-17,S01,P502,40.0,0,4,36,48,3
2026-05-18,S01,P502,36.0,0,8,28,48,3
2026-05-19,S01,P502,28.0,46,9,65,48,3
2026-05-20,S01,P502,65.0,0,8,57,48,3
2026-05-21,S01,P502,57.0,0,13,44,48,3
2026-05-22,S01,P502,44.0,0,17,27,48,3
2026-05-23,S01,P502,27.0,0,11,16,48,3
2026-05-24,S01,P502,16.0,42,17,41,48,3
2026-05-25,S01,P502,41.0,0,15,26,48,3
2026-05-26,S01,P502,26.0,0,21,5,48,3
2026-05-27,S01,P502,5.0,0,5,0,48,3
2026-05-28,S01,P502,0.0,45,9,36,48,3
2026-05-29,S01,P502,36.0,0,4,32,48,3
2026-05-30,S01,P502,32.0,41,11,62,48,3
2026-05-31,S01,P502,62.0,0,13,49,48,3
2026-06-01,S01,P502,49.0,0,6,43,48,3
2026-06-02,S01,P502,43.0,0,13,30,48,3
2026-06-03,S01,P502,30.0,0,10,20,48,3
2026-06-04,S01,P502,20.0,43,14,49,48,3
2026-06-05,S01,P502,49.0,0,14,35,48,3
2026-06-06,S01,P502,35.0,0,15,20,48,3
2026-06-07,S01,P502,20.0,0,19,1,48,3
2026-06-08,S01,P502,1.0,51,12,40,48,3
2026-06-09,S01,P502,40.0,0,10,30,48,3
2026-06-10,S01,P502,30.0,0,5,25,48,3
2026-06-11,S01,P502,25.0,46,34,37,48,3
2026-06-12,S01,P502,37.0,0,20,17,48,3
2026-06-13,S01,P502,17.0,0,17,0,48,3
2026-06-14,S01,P502,0.0,49,29,20,48,3
2026-06-15,S01,P502,20.0,0,19,1,48,3
2026-06-16,S01,P502,1.0,0,1,0,48,3
2026-06-17,S01,P502,0.0,66,12,54,48,3
2026-06-18,S01,P502,54.0,0,4,50,48,3
2026-06-19,S01,P502,50.0,0,10,40,48,3
2026-06-20,S01,P502,40.0,0,16,24,48,3
2026-06-21,S01,P502,24.0,0,12,12,48,3
2026-06-22,S01,P502,12.0,46,18,40,48,3
2026-06-23,S01,P502,40.0,0,13,27,48,3
2026-06-24,S01,P502,27.0,0,14,13,48,3
2026-06-25,S01,P502,13.0,46,8,51,48,3
2026-06-26,S01,P502,51.0,0,12,39,48,3
2026-06-27,S01,P502,39.0,0,11,28,48,3
2026-06-28,S01,P502,28.0,0,20,8,48,3
2026-06-29,S01,P502,8.0,47,8,47,48,3
2026-06-30,S01,P502,47.0,0,15,32,48,3
2026-07-01,S01,P502,32.0,0,9,23,48,3
2026-07-02,S01,P502,23.0,39,12,50,48,3
2026-07-03,S01,P502,50.0,0,25,25,48,3
2026-07-04,S01,P502,25.0,0,25,0,48,3
2026-07-05,S01,P502,0.0,0,0,0,48,3
2026-07-06,S01,P502,0.0,61,21,40,48,3
2026-07-07,S01,P502,40.0,0,23,17,48,3
2026-07-08,S01,P502,17.0,0,17,0,48,3
2026-07-09,S01,P502,0.0,0,0,0,48,3
2026-07-10,S01,P502,0.0,46,12,34,48,3
2026-07-11,S01,P502,34.0,40,16,58,48,3
2026-07-12,S01,P502,58.0,0,10,48,48,3
2026-07-13,S01,P502,48.0,0,13,35,48,3
2026-07-14,S01,P502,35.0,0,15,20,48,3
2026-07-15,S01,P502,20.0,38,15,43,48,3
2026-07-16,S01,P502,43.0,0,14,29,48,3
2026-07-17,S01,P502,29.0,0,5,24,48,3
2026-07-18,S01,P502,24.0,43,21,46,48,3
2026-07-19,S01,P502,46.0,0,9,37,48,3
2026-07-20,S01,P502,37.0,0,20,17,48,3
2026-07-21,S01,P502,17.0,40,6,51,48,3
2026-07-22,S01,P502,51.0,0,14,37,48,3
2026-07-23,S01,P502,37.0,0,11,26,48,3
2026-07-24,S01,P502,26.0,0,12,14,48,3
2026-07-25,S01,P502,14.0,49,16,47,48,3
2026-07-26,S01,P502,47.0,0,12,35,48,3
2026-07-27,S01,P502,35.0,0,23,12,48,3
2026-07-28,S01,P502,12.0,39,14,37,48,3
2026-07-29,S01,P502,37.0,0,15,22,48,3
2026-07-30,S01,P502,22.0,0,5,17,48,3
2026-07-31,S01,P502,17.0,49,22,44,48,3
2026-08-01,S01,P502,44.0,0,17,27,48,3
2026-08-02,S01,P502,27.0,0,17,10,48,3
2026-08-03,S01,P502,10.0,42,26,26,48,3
2026-08-04,S01,P502,26.0,0,11,15,48,3
2026-08-05,S01,P502,15.0,0,15,0,48,3
2026-08-06,S01,P502,0.0,60,13,47,48,3
2026-08-07,S01,P502,47.0,0,11,36,48,3
2026-08-08,S01,P502,36.0,0,32,4,48,3
2026-08-09,S01,P502,4.0,39,29,14,48,3
2026-08-10,S01,P502,14.0,0,14,0,48,3
2026-08-11,S01,P502,0.0,43,38,5,48,3
2026-08-12,S01,P502,5.0,0,5,0,48,3
2026-08-13,S01,P502,0.0,43,16,27,48,3
2026-08-14,S01,P502,27.0,38,27,38,48,3
2026-08-15,S01,P502,38.0,0,30,2,48,3
2026-08-16,S01,P502,8.0,0,8,0,48,3
2026-08-17,S01,P502,0.0,0,0,0,48,3
2026-08-18,S01,P502,0.0,48,19,29,48,3
2026-08-19,S01,P502,29.0,38,16,51,48,3
2026-08-20,S01,P502,51.0,0,20,31,48,3
2026-08-21,S01,P502,31.0,0,20,11,48,3
2026-08-22,S01,P502,11.0,0,11,0,48,3
2026-08-23,S01,P502,0.0,0,0,0,48,3
2026-08-24,S01,P502,0.0,0,0,0,48,3
2026-08-25,S01,P502,0.0,55,28,27,48,3
2026-08-26,S01,P502,27.0,0,24,3,48,3
2026-08-27,S01,P502,3.0,0,3,0,48,3
2026-08-28,S01,P502,0.0,59,14,45,48,3
2026-08-29,S01,P502,45.0,0,9,36,48,3
2026-08-30,S01,P502,36.0,0,19,17,48,3
2026-08-31,S01,P502,17.0,41,8,50,48,3
2026-05-01,S01,P503,80.0,0,21,59,45,3
2026-05-02,S01,P503,59.0,0,15,44,45,3
2026-05-03,S01,P503,44.0,0,17,27,45,3
2026-05-04,S01,P503,27.0,0,15,12,45,3
2026-05-05,S01,P503,12.0,36,15,33,45,3
2026-05-06,S01,P503,33.0,0,18,15,45,3
2026-05-07,S01,P503,15.0,0,8,7,45,3
2026-05-08,S01,P503,7.0,47,11,43,45,3
2026-05-09,S01,P503,43.0,0,21,22,45,3
2026-05-10,S01,P503,22.0,0,22,0,45,3
2026-05-11,S01,P503,0.0,37,18,19,45,3
2026-05-12,S01,P503,19.0,0,19,0,45,3
2026-05-13,S01,P503,0.0,43,11,32,45,3
2026-05-14,S01,P503,32.0,0,12,20,45,3
2026-05-15,S01,P503,20.0,37,12,45,45,3
2026-05-16,S01,P503,45.0,0,24,21,45,3
2026-05-17,S01,P503,21.0,0,12,9,45,3
2026-05-18,S01,P503,9.0,35,13,31,45,3
2026-05-19,S01,P503,31.0,0,10,21,45,3
2026-05-20,S01,P503,21.0,36,13,44,45,3
2026-05-21,S01,P503,44.0,0,12,32,45,3
2026-05-22,S01,P503,32.0,0,10,22,45,3
2026-05-23,S01,P503,22.0,36,7,51,45,3
2026-05-24,S01,P503,51.0,0,10,41,45,3
2026-05-25,S01,P503,41.0,0,13,28,45,3
2026-05-26,S01,P503,28.0,0,11,17,45,3
2026-05-27,S01,P503,17.0,0,13,4,45,3
2026-05-28,S01,P503,4.0,39,15,28,45,3
2026-05-29,S01,P503,28.0,0,16,12,45,3
2026-05-30,S01,P503,12.0,37,24,25,45,3
2026-05-31,S01,P503,25.0,0,25,0,45,3
2026-06-01,S01,P503,0.0,0,0,0,45,3
2026-06-02,S01,P503,0.0,55,14,41,45,3
2026-06-03,S01,P503,41.0,0,11,30,45,3
2026-06-04,S01,P503,30.0,0,13,17,45,3
2026-06-05,S01,P503,17.0,39,6,50,45,3
2026-06-06,S01,P503,50.0,0,6,44,45,3
2026-06-07,S01,P503,44.0,0,11,33,45,3
2026-06-08,S01,P503,33.0,0,9,24,45,3
2026-06-09,S01,P503,24.0,36,7,53,45,3
2026-06-10,S01,P503,53.0,0,12,41,45,3
2026-06-11,S01,P503,41.0,0,6,35,45,3
2026-06-12,S01,P503,35.0,0,21,14,45,3
2026-06-13,S01,P503,14.0,0,14,0,45,3
2026-06-14,S01,P503,0.0,39,33,6,45,3
2026-06-15,S01,P503,6.0,0,6,0,45,3
2026-06-16,S01,P503,0.0,41,11,30,45,3
2026-06-17,S01,P503,30.0,0,10,20,45,3
2026-06-18,S01,P503,20.0,39,15,44,45,3
2026-06-19,S01,P503,44.0,0,10,34,45,3
2026-06-20,S01,P503,34.0,0,10,24,45,3
2026-06-21,S01,P503,24.0,36,10,50,45,3
2026-06-22,S01,P503,50.0,0,12,38,45,3
2026-06-23,S01,P503,38.0,0,14,24,45,3
2026-06-24,S01,P503,24.0,0,22,2,45,3
2026-06-25,S01,P503,2.0,42,19,25,45,3
2026-06-26,S01,P503,25.0,0,15,10,45,3
2026-06-27,S01,P503,10.0,36,6,40,45,3
2026-06-28,S01,P503,40.0,0,23,17,45,3
2026-06-29,S01,P503,17.0,0,16,1,45,3
2026-06-30,S01,P503,1.0,0,1,0,45,3
2026-07-01,S01,P503,0.0,0,0,0,45,3
2026-07-02,S01,P503,0.0,79,15,64,45,3
2026-07-03,S01,P503,64.0,0,18,46,45,3
2026-07-04,S01,P503,46.0,0,19,27,45,3
2026-07-05,S01,P503,27.0,0,15,12,45,3
2026-07-06,S01,P503,12.0,0,12,0,45,3
2026-07-07,S01,P503,0.0,53,19,34,45,3
2026-07-08,S01,P503,34.0,0,10,24,45,3
2026-07-09,S01,P503,24.0,0,16,8,45,3
2026-07-10,S01,P503,8.0,46,8,46,45,3
2026-07-11,S01,P503,46.0,0,12,34,45,3
2026-07-12,S01,P503,34.0,0,14,20,45,3
2026-07-13,S01,P503,20.0,0,20,0,45,3
2026-07-14,S01,P503,0.0,46,9,37,45,3
2026-07-15,S01,P503,37.0,0,28,9,45,3
2026-07-16,S01,P503,9.0,0,9,0,45,3
2026-07-17,S01,P503,0.0,43,9,34,45,3
2026-07-18,S01,P503,34.0,0,15,19,45,3
2026-07-19,S01,P503,19.0,37,10,46,45,3
2026-07-20,S01,P503,46.0,0,9,37,45,3
2026-07-21,S01,P503,37.0,0,15,22,45,3
2026-07-22,S01,P503,22.0,0,18,4,45,3
2026-07-23,S01,P503,4.0,43,16,31,45,3
2026-07-24,S01,P503,31.0,0,11,20,45,3
2026-07-25,S01,P503,20.0,0,20,0,45,3
2026-07-26,S01,P503,0.0,49,7,42,45,3
2026-07-27,S01,P503,42.0,0,7,35,45,3
2026-07-28,S01,P503,35.0,0,14,21,45,3
2026-07-29,S01,P503,21.0,38,15,44,45,3
2026-07-30,S01,P503,44.0,0,8,36,45,3
2026-07-31,S01,P503,36.0,0,11,25,45,3
2026-08-01,S01,P503,25.0,36,21,40,45,3
2026-08-02,S01,P503,40.0,0,27,13,45,3
2026-08-03,S01,P503,13.0,0,13,0,45,3
2026-08-04,S01,P503,0.0,40,13,27,45,3
2026-08-05,S01,P503,27.0,0,22,5,45,3
2026-08-06,S01,P503,5.0,40,10,35,45,3
2026-08-07,S01,P503,35.0,0,14,21,45,3
2026-08-08,S01,P503,21.0,35,36,20,45,3
2026-08-09,S01,P503,20.0,0,14,6,45,3
2026-08-10,S01,P503,6.0,0,6,0,45,3
2026-08-11,S01,P503,0.0,60,16,44,45,3
2026-08-12,S01,P503,44.0,0,13,31,45,3
2026-08-13,S01,P503,31.0,0,8,23,45,3
2026-08-14,S01,P503,23.0,36,11,48,45,3
2026-08-15,S01,P503,48.0,0,17,31,45,3
2026-08-16,S01,P503,31.0,0,10,21,45,3
2026-08-17,S01,P503,21.0,0,15,6,45,3
2026-08-18,S01,P503,6.0,49,23,32,45,3
2026-08-19,S01,P503,32.0,0,8,24,45,3
2026-08-20,S01,P503,24.0,0,17,7,45,3
2026-08-21,S01,P503,7.0,48,32,23,45,3
2026-08-22,S01,P503,23.0,0,23,0,45,3
2026-08-23,S01,P503,0.0,0,0,0,45,3
2026-08-24,S01,P503,0.0,57,22,35,45,3
2026-08-25,S01,P503,35.0,0,22,13,45,3
2026-08-26,S01,P503,13.0,0,13,0,45,3
2026-08-27,S01,P503,0.0,45,12,33,45,3
2026-08-28,S01,P503,33.0,0,19,14,45,3
2026-08-29,S01,P503,14.0,35,18,31,45,3
2026-08-30,S01,P503,31.0,0,20,11,45,3
2026-08-31,S01,P503,11.0,0,8,3,45,3
2026-05-01,S01,P504,59.0,0,6,53,33,3
2026-05-02,S01,P504,53.0,0,14,39,33,3
2026-05-03,S01,P504,39.0,0,15,24,33,3
2026-05-04,S01,P504,24.0,0,13,11,33,3
2026-05-05,S01,P504,11.0,0,11,0,33,3
2026-05-06,S01,P504,0.0,35,6,29,33,3
2026-05-07,S01,P504,29.0,0,5,24,33,3
2026-05-08,S01,P504,24.0,0,12,12,33,3
2026-05-09,S01,P504,12.0,30,11,31,33,3
2026-05-10,S01,P504,31.0,0,8,23,33,3
2026-05-11,S01,P504,23.0,0,9,14,33,3
2026-05-12,S01,P504,14.0,28,10,32,33,3
2026-05-13,S01,P504,32.0,0,8,24,33,3
2026-05-14,S01,P504,24.0,0,7,17,33,3
2026-05-15,S01,P504,17.0,27,10,34,33,3
2026-05-16,S01,P504,34.0,0,8,26,33,3
2026-05-17,S01,P504,26.0,0,7,19,33,3
2026-05-18,S01,P504,19.0,0,6,13,33,3
2026-05-19,S01,P504,13.0,33,6,40,33,3
2026-05-20,S01,P504,40.0,0,14,26,33,3
2026-05-21,S01,P504,26.0,0,14,12,33,3
2026-05-22,S01,P504,12.0,0,12,0,33,3
2026-05-23,S01,P504,0.0,33,8,25,33,3
2026-05-24,S01,P504,25.0,0,12,13,33,3
2026-05-25,S01,P504,13.0,26,5,34,33,3
2026-05-26,S01,P504,34.0,0,10,24,33,3
2026-05-27,S01,P504,24.0,0,7,17,33,3
2026-05-28,S01,P504,17.0,0,2,15,33,3
2026-05-29,S01,P504,15.0,35,6,44,33,3
2026-05-30,S01,P504,44.0,0,8,36,33,3
2026-05-31,S01,P504,36.0,0,15,21,33,3
2026-06-01,S01,P504,21.0,0,8,13,33,3
2026-06-02,S01,P504,13.0,0,12,1,33,3
2026-06-03,S01,P504,1.0,38,9,30,33,3
2026-06-04,S01,P504,30.0,0,9,21,33,3
2026-06-05,S01,P504,21.0,0,10,11,33,3
2026-06-06,S01,P504,11.0,29,7,33,33,3
2026-06-07,S01,P504,33.0,0,9,24,33,3
2026-06-08,S01,P504,24.0,0,6,18,33,3
2026-06-09,S01,P504,18.0,26,8,36,33,3
2026-06-10,S01,P504,36.0,0,4,32,33,3
2026-06-11,S01,P504,32.0,0,6,26,33,3
2026-06-12,S01,P504,26.0,0,4,22,33,3
2026-06-13,S01,P504,22.0,27,12,37,33,3
2026-06-14,S01,P504,37.0,0,9,28,33,3
2026-06-15,S01,P504,28.0,0,8,20,33,3
2026-06-16,S01,P504,20.0,0,6,14,33,3
2026-06-17,S01,P504,14.0,31,8,37,33,3
2026-06-18,S01,P504,37.0,0,9,28,33,3
2026-06-19,S01,P504,28.0,0,5,23,33,3
2026-06-20,S01,P504,23.0,0,7,16,33,3
2026-06-21,S01,P504,16.0,31,8,39,33,3
2026-06-22,S01,P504,39.0,0,9,30,33,3
2026-06-23,S01,P504,30.0,0,12,18,33,3
2026-06-24,S01,P504,18.0,0,7,11,33,3
2026-06-25,S01,P504,11.0,29,8,32,33,3
2026-06-26,S01,P504,32.0,0,21,11,33,3
2026-06-27,S01,P504,11.0,0,11,0,33,3
2026-06-28,S01,P504,0.0,27,9,18,33,3
2026-06-29,S01,P504,18.0,0,10,8,33,3
2026-06-30,S01,P504,8.0,32,15,25,33,3
2026-07-01,S01,P504,25.0,0,19,6,33,3
2026-07-02,S01,P504,6.0,0,6,0,33,3
2026-07-03,S01,P504,0.0,34,9,25,33,3
2026-07-04,S01,P504,25.0,0,4,21,33,3
2026-07-05,S01,P504,21.0,0,5,16,33,3
2026-07-06,S01,P504,16.0,34,7,43,33,3
2026-07-07,S01,P504,43.0,0,10,33,33,3
2026-07-08,S01,P504,33.0,0,8,25,33,3
2026-07-09,S01,P504,25.0,0,15,10,33,3
2026-07-10,S01,P504,10.0,26,13,23,33,3
2026-07-11,S01,P504,23.0,0,12,11,33,3
2026-07-12,S01,P504,11.0,0,8,3,33,3
2026-07-13,S01,P504,3.0,36,16,23,33,3
2026-07-14,S01,P504,23.0,0,12,-15,33,3
2026-07-15,S01,P504,11.0,0,9,2,33,3
2026-07-16,S01,P504,2.0,36,7,31,33,3
2026-07-16,S01,P504,2.0,36,7,31,33,3
2026-07-17,S01,P504,31.0,0,4,27,33,3
2026-07-18,S01,P504,27.0,0,10,17,33,3
2026-07-19,S01,P504,17.0,28,7,38,33,3
2026-07-20,S01,P504,38.0,0,7,31,33,3
2026-07-21,S01,P504,31.0,0,7,24,33,3
2026-07-22,S01,P504,24.0,0,6,18,33,3
2026-07-23,S01,P504,18.0,28,7,39,33,3
2026-07-24,S01,P504,39.0,0,10,29,33,3
2026-07-25,S01,P504,29.0,0,5,24,33,3
2026-07-26,S01,P504,24.0,0,13,11,33,3
2026-07-27,S01,P504,11.0,30,7,34,33,3
2026-07-28,S01,P504,34.0,0,3,31,33,3
2026-07-29,S01,P504,31.0,0,2,29,33,3
2026-07-30,S01,P504,29.0,0,5,24,33,3
2026-07-31,S01,P504,24.0,28,14,38,33,3
2026-08-01,S01,P504,38.0,0,8,30,33,3
2026-08-02,S01,P504,30.0,0,6,24,33,3
2026-08-03,S01,P504,24.0,0,17,7,33,3
2026-08-04,S01,P504,7.0,29,14,22,33,3
2026-08-05,S01,P504,22.0,0,21,1,33,3
2026-08-06,S01,P504,1.0,0,1,0,33,3
2026-08-07,S01,P504,0.0,37,14,23,33,3
2026-08-08,S01,P504,23.0,0,16,7,33,3
2026-08-09,S01,P504,7.0,0,7,0,33,3
2026-08-10,S01,P504,0.0,36,6,30,33,3
2026-08-11,S01,P504,30.0,0,13,17,33,3
2026-08-12,S01,P504,17.0,0,8,9,33,3
2026-08-13,S01,P504,9.0,29,11,27,33,3
2026-08-14,S01,P504,27.0,0,5,22,33,3
2026-08-15,S01,P504,22.0,0,10,12,33,3
2026-08-16,S01,P504,12.0,32,10,34,33,3
2026-08-17,S01,P504,34.0,0,13,21,33,3
2026-08-18,S01,P504,21.0,0,10,11,33,3
2026-08-19,S01,P504,11.0,0,10,1,33,3
2026-08-20,S01,P504,1.0,38,3,36,33,3
2026-08-21,S01,P504,36.0,0,19,17,33,3
2026-08-22,S01,P504,17.0,0,10,7,33,3
2026-08-23,S01,P504,7.0,0,7,0,33,3
2026-08-24,S01,P504,0.0,42,18,24,33,3
2026-08-25,S01,P504,24.0,0,17,7,33,3
2026-08-26,S01,P504,7.0,0,7,0,33,3
2026-08-27,S01,P504,0.0,35,14,21,33,3
2026-08-28,S01,P504,21.0,0,4,17,33,3
2026-08-29,S01,P504,17.0,0,8,9,33,3
2026-08-30,S01,P504,9.0,38,7,40,33,3
2026-08-31,S01,P504,40.0,0,10,30,33,3
2026-05-01,S01,P505,63.0,0,9,54,36,3
2026-05-02,S01,P505,54.0,0,15,39,36,3
2026-05-03,S01,P505,39.0,0,4,35,36,3
2026-05-04,S01,P505,35.0,0,6,29,36,3
2026-05-05,S01,P505,29.0,0,9,20,36,3
2026-05-06,S01,P505,20.0,28,10,28,36,3
2026-05-07,S01,P505,38.0,0,1,37,36,3
2026-05-08,S01,P505,37.0,0,8,29,36,3
2026-05-09,S01,P505,29.0,0,10,19,36,3
2026-05-10,S01,P505,19.0,0,11,8,36,3
2026-05-11,S01,P505,8.0,34,5,37,36,3
2026-05-12,S01,P505,37.0,0,8,29,36,3
2026-05-13,S01,P505,29.0,0,11,18,36,3
2026-05-14,S01,P505,18.0,0,5,13,36,3
2026-05-15,S01,P505,13.0,34,8,39,36,3
2026-05-16,S01,P505,39.0,0,12,27,36,3
2026-05-17,S01,P505,27.0,0,9,18,36,3
2026-05-18,S01,P505,18.0,0,4,14,36,3
2026-05-19,S01,P505,14.0,36,8,42,36,3
2026-05-20,S01,P505,42.0,0,10,32,36,3
2026-05-21,S01,P505,32.0,0,7,25,36,3
2026-05-22,S01,P505,25.0,0,12,13,36,3
2026-05-23,S01,P505,13.0,31,9,35,36,3
2026-05-24,S01,P505,35.0,0,20,15,36,3
2026-05-25,S01,P505,15.0,0,15,0,36,3
2026-05-26,S01,P505,0.0,0,0,0,36,3
2026-05-27,S01,P505,0.0,28,13,15,36,3
2026-05-28,S01,P505,15.0,35,8,42,36,3
2026-05-29,S01,P505,42.0,0,10,32,36,3
2026-05-30,S01,P505,32.0,0,6,26,36,3
2026-05-31,S01,P505,26.0,0,11,15,36,3
2026-06-01,S01,P505,15.0,31,6,40,36,3
2026-06-02,S01,P505,40.0,0,11,29,36,3
2026-06-03,S01,P505,29.0,0,6,23,36,3
2026-06-04,S01,P505,23.0,0,7,16,36,3
2026-06-05,S01,P505,16.0,34,7,43,36,3
2026-06-06,S01,P505,43.0,0,17,26,36,3
2026-06-07,S01,P505,26.0,0,7,19,36,3
2026-06-08,S01,P505,19.0,0,19,0,36,3
2026-06-09,S01,P505,0.0,37,11,26,36,3
2026-06-10,S01,P505,26.0,0,9,17,36,3
2026-06-11,S01,P505,17.0,0,17,0,36,3
2026-06-12,S01,P505,0.0,37,27,10,36,3
2026-06-13,S01,P505,10.0,0,4,6,36,3
2026-06-14,S01,P505,6.0,0,6,0,36,3
2026-06-15,S01,P505,0.0,0,0,0,36,3
2026-06-16,S01,P505,0.0,0,0,0,36,3
2026-06-17,S01,P505,0.0,53,7,46,36,3
2026-06-18,S01,P505,46.0,0,14,32,36,3
2026-06-19,S01,P505,32.0,0,4,28,36,3
2026-06-20,S01,P505,28.0,0,10,18,36,3
2026-06-21,S01,P505,18.0,31,7,42,36,3
2026-06-22,S01,P505,42.0,0,6,36,36,3
2026-06-23,S01,P505,36.0,0,13,23,36,3
2026-06-24,S01,P505,23.0,0,10,13,36,3
2026-06-25,S01,P505,13.0,0,11,2,36,3
2026-06-26,S01,P505,2.0,27,5,24,36,3
2026-06-27,S01,P505,24.0,0,15,9,36,3
2026-06-28,S01,P505,9.0,0,9,0,36,3
2026-06-29,S01,P505,0.0,0,0,0,36,3
2026-06-30,S01,P505,0.0,34,10,24,36,3
2026-07-01,S01,P505,24.0,29,11,42,36,3
2026-07-02,S01,P505,42.0,0,11,31,36,3
2026-07-03,S01,P505,31.0,0,19,12,36,3
2026-07-04,S01,P505,12.0,0,12,0,36,3
2026-07-05,S01,P505,0.0,32,12,20,36,3
2026-07-06,S01,P505,20.0,0,20,0,36,3
2026-07-07,S01,P505,0.0,31,7,24,36,3
2026-07-08,S01,P505,24.0,0,9,15,36,3
2026-07-09,S01,P505,15.0,0,10,5,36,3
2026-07-10,S01,P505,5.0,0,5,0,36,3
2026-07-11,S01,P505,0.0,32,16,16,36,3
2026-07-12,S01,P505,16.0,0,8,8,36,3
2026-07-13,S01,P505,8.0,31,7,32,36,3
2026-07-14,S01,P505,32.0,0,6,26,36,3
2026-07-15,S01,P505,26.0,0,13,13,36,3
2026-07-16,S01,P505,13.0,31,16,28,36,3
2026-07-17,S01,P505,28.0,0,6,22,36,3
2026-07-18,S01,P505,22.0,0,8,14,36,3
2026-07-19,S01,P505,14.0,35,10,39,36,3
2026-07-20,S01,P505,39.0,0,27,12,36,3
2026-07-21,S01,P505,12.0,0,12,0,36,3
2026-07-22,S01,P505,0.0,0,0,0,36,3
2026-07-23,S01,P505,0.0,51,26,25,36,3
2026-07-24,S01,P505,25.0,0,14,11,36,3
2026-07-25,S01,P505,11.0,0,11,0,36,3
2026-07-26,S01,P505,0.0,38,10,28,36,3
2026-07-27,S01,P505,28.0,0,17,11,36,3
2026-07-28,S01,P505,11.0,0,6,5,36,3
2026-07-29,S01,P505,5.0,0,5,0,36,3
2026-07-30,S01,P505,0.0,35,8,27,36,3
2026-07-31,S01,P505,27.0,0,8,19,36,3
2026-08-01,S01,P505,19.0,28,13,34,36,3
2026-08-02,S01,P505,34.0,0,11,23,36,3
2026-08-03,S01,P505,23.0,0,15,8,36,3
2026-08-04,S01,P505,8.0,29,21,16,36,3
2026-08-05,S01,P505,16.0,0,7,9,36,3
2026-08-06,S01,P505,9.0,0,9,0,36,3
2026-08-07,S01,P505,0.0,47,10,37,36,3
2026-08-08,S01,P505,37.0,0,3,34,36,3
2026-08-09,S01,P505,34.0,0,19,15,36,3
2026-08-10,S01,P505,15.0,0,15,0,36,3
2026-08-11,S01,P505,0.0,29,13,16,36,3
2026-08-12,S01,P505,16.0,0,16,0,36,3
2026-08-13,S01,P505,0.0,34,20,14,36,3
2026-08-14,S01,P505,14.0,0,10,4,36,3
2026-08-15,S01,P505,4.0,29,13,20,36,3
2026-08-16,S01,P505,20.0,0,7,13,36,3
2026-08-17,S01,P505,13.0,30,8,35,36,3
2026-08-18,S01,P505,35.0,0,4,31,36,3
2026-08-19,S01,P505,31.0,0,14,17,36,3
2026-08-20,S01,P505,17.0,28,13,32,36,3
2026-08-21,S01,P505,32.0,0,21,11,36,3
2026-08-22,S01,P505,11.0,0,11,0,36,3
2026-08-23,S01,P505,0.0,31,12,19,36,3
2026-08-24,S01,P505,19.0,0,14,5,36,3
2026-08-25,S01,P505,5.0,32,15,22,36,3
2026-08-26,S01,P505,22.0,0,16,6,36,3
2026-08-27,S01,P505,6.0,0,6,0,36,3
2026-08-28,S01,P505,0.0,41,25,16,36,3
2026-08-29,S01,P505,16.0,0,16,0,36,3
2026-08-30,S01,P505,0.0,0,0,0,36,3
2026-08-31,S01,P505,0.0,47,11,36,36,3
2026-05-01,S01,P506,96.0,0,26,70,60,1
2026-05-02,S01,P506,70.0,0,17,53,60,1
2026-05-03,S01,P506,53.0,43,23,73,60,1
2026-05-04,S01,P506,73.0,0,17,56,60,1
2026-05-05,S01,P506,56.0,40,9,87,60,1
2026-05-06,S01,P506,87.0,0,21,66,60,1
2026-05-07,S01,P506,66.0,0,20,46,60,1
2026-05-08,S01,P506,46.0,50,21,75,60,1
2026-05-09,S01,P506,75.0,0,25,50,60,1
2026-05-10,S01,P506,50.0,46,18,78,60,1
2026-05-11,S01,P506,78.0,0,17,61,60,1
2026-05-12,S01,P506,61.0,0,25,36,60,1
2026-05-13,S01,P506,36.0,60,34,62,60,1
2026-05-14,S01,P506,62.0,0,27,35,60,1
2026-05-15,S01,P506,35.0,61,19,77,60,1
2026-05-16,S01,P506,77.0,0,30,47,60,1
2026-05-17,S01,P506,47.0,49,16,80,60,1
2026-05-18,S01,P506,80.0,0,27,53,60,1
2026-05-19,S01,P506,53.0,43,31,65,60,1
2026-05-20,S01,P506,65.0,0,27,38,60,1
2026-05-21,S01,P506,38.0,58,29,67,60,1
2026-05-22,S01,P506,67.0,0,29,38,60,1
2026-05-23,S01,P506,38.0,58,19,77,60,1
2026-05-24,S01,P506,77.0,0,30,47,60,1
2026-05-25,S01,P506,47.0,49,30,66,60,1
2026-05-26,S01,P506,66.0,0,25,41,60,1
2026-05-27,S01,P506,41.0,55,37,59,60,1
2026-05-28,S01,P506,59.0,37,22,74,60,1
2026-05-29,S01,P506,74.0,0,61,13,60,1
2026-05-30,S01,P506,13.0,83,51,45,60,1
2026-05-31,S01,P506,45.0,51,43,53,60,1
2026-06-01,S01,P506,53.0,43,24,72,60,1
2026-06-02,S01,P506,72.0,0,19,53,60,1
2026-06-03,S01,P506,53.0,43,17,79,60,1
2026-06-04,S01,P506,79.0,0,23,56,60,1
2026-06-05,S01,P506,56.0,0,30,26,60,1
2026-06-06,S01,P506,26.0,40,19,47,60,1
2026-06-07,S01,P506,47.0,49,26,70,60,1
2026-06-08,S01,P506,70.0,0,13,57,60,1
2026-06-09,S01,P506,57.0,39,28,68,60,1
2026-06-10,S01,P506,68.0,0,24,44,60,1
2026-06-11,S01,P506,44.0,52,22,74,60,1
2026-06-12,S01,P506,74.0,0,13,61,60,1
2026-06-13,S01,P506,61.0,0,38,23,60,1
2026-06-14,S01,P506,23.0,73,21,75,60,1
2026-06-15,S01,P506,75.0,0,18,57,60,1
2026-06-16,S01,P506,57.0,39,24,72,60,1
2026-06-17,S01,P506,72.0,0,29,43,60,1
2026-06-18,S01,P506,43.0,53,32,64,60,1
2026-06-19,S01,P506,64.0,0,15,49,60,1
2026-06-20,S01,P506,49.0,47,26,70,60,1
2026-06-21,S01,P506,70.0,0,46,24,60,1
2026-06-22,S01,P506,24.0,72,50,46,60,1
2026-06-23,S01,P506,46.0,50,61,35,60,1
2026-06-24,S01,P506,35.0,0,35,0,60,1
2026-06-25,S01,P506,0.0,0,0,0,60,1
2026-06-26,S01,P506,0.0,61,25,36,60,1
2026-06-27,S01,P506,36.0,60,39,57,60,1
2026-06-28,S01,P506,57.0,39,18,78,60,1
2026-06-29,S01,P506,78.0,0,30,48,60,1
2026-06-30,S01,P506,48.0,48,29,67,60,1
2026-07-01,S01,P506,67.0,0,33,34,60,1
2026-07-02,S01,P506,34.0,62,23,108,60,1
2026-07-03,S01,P506,73.0,0,39,34,60,1
2026-07-04,S01,P506,34.0,62,37,59,60,1
2026-07-05,S01,P506,59.0,37,32,64,60,1
2026-07-06,S01,P506,64.0,0,16,48,60,1
2026-07-07,S01,P506,48.0,48,46,50,60,1
2026-07-08,S01,P506,50.0,46,17,79,60,1
2026-07-09,S01,P506,79.0,0,22,57,60,1
2026-07-10,S01,P506,57.0,0,21,36,60,1
2026-07-11,S01,P506,36.0,39,31,44,60,1
2026-07-12,S01,P506,44.0,52,34,62,60,1
2026-07-13,S01,P506,62.0,0,32,30,60,1
2026-07-14,S01,P506,30.0,66,38,58,60,1
2026-07-15,S01,P506,58.0,38,36,60,60,1
2026-07-16,S01,P506,60.0,36,31,65,60,1
2026-07-17,S01,P506,65.0,0,21,44,60,1
2026-07-18,S01,P506,44.0,52,24,72,60,1
2026-07-19,S01,P506,72.0,0,29,43,60,1
2026-07-20,S01,P506,43.0,53,23,73,60,1
2026-07-21,S01,P506,73.0,0,34,39,60,1
2026-07-22,S01,P506,39.0,57,38,58,60,1
2026-07-23,S01,P506,58.0,38,33,63,60,1
2026-07-24,S01,P506,63.0,0,23,40,60,1
2026-07-25,S01,P506,40.0,56,35,61,60,1
2026-07-26,S01,P506,61.0,0,44,17,60,1
2026-07-27,S01,P506,17.0,79,48,48,60,1
2026-07-28,S01,P506,48.0,48,44,52,60,1
2026-07-29,S01,P506,52.0,44,37,59,60,1
2026-07-30,S01,P506,59.0,37,35,61,60,1
2026-07-31,S01,P506,61.0,0,42,19,60,1
2026-08-01,S01,P506,19.0,77,44,52,60,1
2026-08-02,S01,P506,52.0,44,60,36,60,1
2026-08-03,S01,P506,36.0,60,51,45,60,1
2026-08-04,S01,P506,45.0,51,24,72,60,1
2026-08-05,S01,P506,72.0,0,17,55,60,1
2026-08-06,S01,P506,55.0,41,20,76,60,1
2026-08-07,S01,P506,76.0,0,23,53,60,1
2026-08-08,S01,P506,53.0,43,32,64,60,1
2026-08-09,S01,P506,64.0,0,37,27,60,1
2026-08-10,S01,P506,27.0,69,24,72,60,1
2026-08-11,S01,P506,72.0,0,27,45,60,1
2026-08-12,S01,P506,45.0,51,34,62,60,1
2026-08-13,S01,P506,62.0,0,27,35,60,1
2026-08-14,S01,P506,35.0,61,21,75,60,1
2026-08-15,S01,P506,75.0,0,37,38,60,1
2026-08-16,S01,P506,38.0,58,18,78,60,1
2026-08-17,S01,P506,78.0,0,41,37,60,1
2026-08-18,S01,P506,37.0,59,34,62,60,1
2026-08-19,S01,P506,62.0,0,15,47,60,1
2026-08-20,S01,P506,47.0,49,35,61,60,1
2026-08-21,S01,P506,61.0,0,61,0,60,1
2026-08-22,S01,P506,0.0,96,38,70,60,1
2026-08-23,S01,P506,58.0,38,47,49,60,1
2026-08-24,S01,P506,49.0,47,40,56,60,1
2026-08-25,S01,P506,56.0,40,47,49,60,1
2026-08-26,S01,P506,49.0,47,54,42,60,1
2026-08-27,S01,P506,42.0,54,40,56,60,1
2026-08-28,S01,P506,56.0,40,48,48,60,1
2026-08-29,S01,P506,48.0,48,27,69,60,1
2026-08-30,S01,P506,69.0,0,27,42,60,1
2026-08-31,S01,P506,42.0,54,23,73,60,1
2026-05-01,S01,P205,67.0,0,7,60,41,4
2026-05-02,S01,P205,60.0,0,12,48,41,4
2026-05-03,S01,P205,48.0,0,7,41,41,4
2026-05-04,S01,P205,41.0,0,8,33,41,4
2026-05-05,S01,P205,33.0,0,16,17,41,4
2026-05-06,S01,P205,17.0,0,2,15,41,4
2026-05-07,S01,P205,15.0,26,6,35,41,4
2026-05-08,S01,P205,35.0,0,8,27,41,4
2026-05-09,S01,P205,27.0,0,14,7,41,4
2026-05-10,S01,P205,13.0,0,7,6,41,4
2026-05-11,S01,P205,6.0,26,8,24,41,4
2026-05-12,S01,P205,24.0,0,6,18,41,4
2026-05-13,S01,P205,18.0,28,9,37,41,4
2026-05-14,S01,P205,37.0,0,9,28,41,4
2026-05-15,S01,P205,28.0,0,17,11,41,4
2026-05-16,S01,P205,11.0,0,11,0,41,4
2026-05-17,S01,P205,0.0,30,16,14,41,4
2026-05-18,S01,P205,14.0,0,10,4,41,4
2026-05-19,S01,P205,4.0,26,3,27,41,4
2026-05-20,S01,P205,27.0,0,9,18,41,4
2026-05-21,S01,P205,18.0,27,9,36,41,4
2026-05-22,S01,P205,36.0,0,5,31,41,4
2026-05-23,S01,P205,31.0,0,8,23,41,4
2026-05-24,S01,P205,23.0,0,12,11,41,4
2026-05-25,S01,P205,11.0,31,6,36,41,4
2026-05-26,S01,P205,36.0,0,6,30,41,4
2026-05-27,S01,P205,30.0,0,8,22,41,4
2026-05-28,S01,P205,22.0,0,2,20,41,4
2026-05-29,S01,P205,20.0,31,12,39,41,4
2026-05-30,S01,P205,39.0,0,11,28,41,4
2026-05-31,S01,P205,28.0,0,7,21,41,4
2026-06-01,S01,P205,21.0,0,8,13,41,4
2026-06-02,S01,P205,13.0,28,7,34,41,4
2026-06-03,S01,P205,34.0,0,7,27,41,4
2026-06-04,S01,P205,27.0,0,10,17,41,4
2026-06-05,S01,P205,17.0,26,11,32,41,4
2026-06-06,S01,P205,32.0,0,7,25,41,4
2026-06-07,S01,P205,25.0,0,7,18,41,4
2026-06-08,S01,P205,18.0,0,7,11,41,4
2026-06-09,S01,P205,11.0,35,14,32,41,4
2026-06-10,S01,P205,32.0,0,12,20,41,4
2026-06-11,S01,P205,20.0,0,19,1,41,4
2026-06-12,S01,P205,1.0,0,1,0,41,4
2026-06-13,S01,P205,0.0,35,13,22,41,4
2026-06-14,S01,P205,,0,4,18,41,4
2026-06-15,S01,P205,18.0,31,10,39,41,4
2026-06-16,S01,P205,39.0,0,10,29,41,4
2026-06-17,S01,P205,29.0,0,9,20,41,4
2026-06-18,S01,P205,20.0,0,12,8,41,4
2026-06-19,S01,P205,8.0,0,8,0,41,4
2026-06-20,S01,P205,0.0,28,8,20,41,4
2026-06-21,S01,P205,20.0,0,12,8,41,4
2026-06-22,S01,P205,8.0,31,5,34,41,4
2026-06-23,S01,P205,34.0,0,7,27,41,4
2026-06-24,S01,P205,27.0,0,7,20,41,4
2026-06-25,S01,P205,20.0,28,7,41,41,4
2026-06-26,S01,P205,41.0,0,7,34,41,4
2026-06-27,S01,P205,34.0,0,9,25,41,4
2026-06-28,S01,P205,25.0,0,11,14,41,4
2026-06-29,S01,P205,14.0,26,7,33,41,4
2026-06-30,S01,P205,33.0,0,10,23,41,4
2026-07-01,S01,P205,23.0,0,11,12,41,4
2026-07-02,S01,P205,12.0,27,7,32,41,4
2026-07-03,S01,P205,32.0,0,3,29,41,4
2026-07-04,S01,P205,29.0,0,11,18,41,4
2026-07-05,S01,P205,18.0,28,5,41,41,4
2026-07-06,S01,P205,41.0,0,7,34,41,4
2026-07-07,S01,P205,34.0,0,4,30,41,4
2026-07-08,S01,P205,30.0,0,8,22,41,4
2026-07-09,S01,P205,22.0,26,4,44,41,4
2026-07-10,S01,P205,44.0,0,10,34,41,4
2026-07-11,S01,P205,34.0,0,8,26,41,4
2026-07-12,S01,P205,26.0,0,11,15,41,4
2026-07-13,S01,P205,15.0,0,12,3,41,4
2026-07-14,S01,P205,3.0,33,11,25,41,4
2026-07-15,S01,P205,25.0,0,13,12,41,4
2026-07-16,S01,P205,12.0,0,12,0,41,4
2026-07-17,S01,P205,0.0,31,15,16,41,4
2026-07-18,S01,P205,16.0,0,15,1,41,4
2026-07-19,S01,P205,1.0,0,1,0,41,4
2026-07-20,S01,P205,0.0,36,7,29,41,4
2026-07-21,S01,P205,29.0,0,1,28,41,4
2026-07-22,S01,P205,28.0,30,10,48,41,4
2026-07-23,S01,P205,48.0,0,3,45,41,4
2026-07-24,S01,P205,45.0,0,9,36,41,4
2026-07-25,S01,P205,36.0,0,8,28,41,4
2026-07-26,S01,P205,28.0,0,13,15,41,4
2026-07-27,S01,P205,15.0,0,11,4,41,4
2026-07-28,S01,P205,4.0,31,14,21,41,4
2026-07-29,S01,P205,21.0,0,11,10,41,4
2026-07-30,S01,P205,10.0,0,6,4,41,4
2026-07-31,S01,P205,4.0,32,12,24,41,4
2026-08-01,S01,P205,24.0,0,18,6,41,4
2026-08-02,S01,P205,6.0,0,6,0,41,4
2026-08-03,S01,P205,0.0,31,12,19,41,4
2026-08-04,S01,P205,19.0,0,7,12,41,4
2026-08-05,S01,P205,12.0,30,7,35,41,4
2026-08-06,S01,P205,35.0,0,8,27,41,4
2026-08-07,S01,P205,27.0,0,12,15,41,4
2026-08-08,S01,P205,15.0,0,11,4,41,4
2026-08-09,S01,P205,4.0,32,8,28,41,4
2026-08-10,S01,P205,28.0,0,8,20,41,4
2026-08-11,S01,P205,20.0,0,13,7,41,4
2026-08-12,S01,P205,7.0,31,4,34,41,4
2026-08-13,S01,P205,34.0,0,8,26,41,4
2026-08-14,S01,P205,26.0,0,15,11,41,4
2026-08-15,S01,P205,11.0,29,21,19,41,4
2026-08-16,S01,P205,19.0,0,9,10,41,4
2026-08-17,S01,P205,10.0,0,7,3,41,4
2026-08-18,S01,P205,3.0,27,8,22,41,4
2026-08-19,S01,P205,22.0,0,5,17,41,4
2026-08-20,S01,P205,17.0,30,4,43,41,4
2026-08-21,S01,P205,43.0,0,7,36,41,4
2026-08-22,S01,P205,36.0,0,6,30,41,4
2026-08-23,S01,P205,30.0,0,11,19,41,4
2026-08-24,S01,P205,19.0,0,8,11,41,4
2026-08-25,S01,P205,11.0,31,8,34,41,4
2026-08-26,S01,P205,34.0,0,17,17,41,4
2026-08-27,S01,P205,17.0,0,6,11,41,4
2026-08-28,S01,P205,11.0,0,9,2,41,4
2026-08-29,S01,P205,2.0,0,2,0,41,4
2026-08-30,S01,P205,0.0,0,0,0,41,4
2026-08-31,S01,P205,0.0,33,8,25,41,4
2026-05-01,S01,P206,116.0,0,18,98,71,4
2026-05-02,S01,P206,98.0,0,8,90,71,4
2026-05-03,S01,P206,90.0,0,13,77,71,4
2026-05-04,S01,P206,77.0,0,15,62,71,4
2026-05-05,S01,P206,62.0,0,11,51,71,4
2026-05-06,S01,P206,51.0,0,14,37,71,4
2026-05-07,S01,P206,37.0,0,22,-22,71,4
2026-05-08,S01,P206,15.0,0,15,0,71,4
2026-05-09,S01,P206,0.0,54,13,41,71,4
2026-05-10,S01,P206,41.0,0,12,29,71,4
2026-05-11,S01,P206,29.0,0,15,14,71,4
2026-05-12,S01,P206,14.0,47,22,39,71,4
2026-05-13,S01,P206,39.0,0,16,23,71,4
2026-05-14,S01,P206,23.0,0,23,0,71,4
2026-05-15,S01,P206,0.0,55,11,44,71,4
2026-05-16,S01,P206,44.0,0,26,18,71,4
2026-05-17,S01,P206,18.0,0,12,6,71,4
2026-05-18,S01,P206,6.0,0,6,0,71,4
2026-05-19,S01,P206,0.0,0,0,0,71,4
2026-05-20,S01,P206,0.0,61,14,47,71,4
2026-05-21,S01,P206,47.0,49,10,86,71,4
2026-05-22,S01,P206,86.0,0,17,69,71,4
2026-05-23,S01,P206,69.0,0,16,53,71,4
2026-05-24,S01,P206,53.0,0,21,32,71,4
2026-05-25,S01,P206,32.0,0,13,19,71,4
2026-05-26,S01,P206,19.0,47,17,49,71,4
2026-05-27,S01,P206,49.0,0,24,25,71,4
2026-05-28,S01,P206,25.0,0,17,8,71,4
2026-05-29,S01,P206,8.0,50,13,45,71,4
2026-05-30,S01,P206,45.0,0,21,24,71,4
2026-05-31,S01,P206,24.0,0,19,5,71,4
2026-06-01,S01,P206,5.0,58,12,51,71,4
2026-06-02,S01,P206,51.0,0,22,29,71,4
2026-06-03,S01,P206,29.0,0,25,4,71,4
2026-06-04,S01,P206,4.0,53,17,40,71,4
2026-06-05,S01,P206,40.0,0,18,22,71,4
2026-06-06,S01,P206,22.0,0,20,2,71,4
2026-06-07,S01,P206,2.0,59,15,46,71,4
2026-06-08,S01,P206,46.0,0,13,33,71,4
2026-06-09,S01,P206,33.0,0,16,17,71,4
2026-06-10,S01,P206,17.0,55,12,60,71,4
2026-06-11,S01,P206,60.0,0,18,42,71,4
2026-06-12,S01,P206,42.0,0,6,36,71,4
2026-06-13,S01,P206,36.0,0,12,24,71,4
2026-06-14,S01,P206,24.0,56,16,64,71,4
2026-06-15,S01,P206,64.0,0,21,43,71,4
2026-06-16,S01,P206,43.0,0,7,36,71,4
2026-06-17,S01,P206,36.0,0,16,20,71,4
2026-06-18,S01,P206,20.0,52,11,61,71,4
2026-06-19,S01,P206,61.0,0,13,48,71,4
2026-06-20,S01,P206,48.0,0,11,37,71,4
2026-06-21,S01,P206,37.0,0,9,28,71,4
2026-06-22,S01,P206,28.0,55,8,80,71,4
2026-06-23,S01,P206,75.0,0,23,52,71,4
2026-06-24,S01,P206,52.0,0,5,47,71,4
2026-06-25,S01,P206,47.0,0,11,36,71,4
2026-06-26,S01,P206,36.0,0,15,21,71,4
2026-06-27,S01,P206,21.0,64,14,71,71,4
2026-06-28,S01,P206,71.0,0,20,51,71,4
2026-06-29,S01,P206,51.0,0,21,30,71,4
2026-06-30,S01,P206,30.0,0,22,8,71,4
2026-07-01,S01,P206,8.0,45,24,29,71,4
2026-07-02,S01,P206,29.0,0,29,0,71,4
2026-07-03,S01,P206,0.0,0,0,0,71,4
2026-07-04,S01,P206,0.0,63,25,65,71,4
2026-07-05,S01,P206,38.0,0,19,19,71,4
2026-07-06,S01,P206,19.0,53,8,64,71,4
2026-07-07,S01,P206,64.0,0,11,53,71,4
2026-07-08,S01,P206,53.0,0,14,39,71,4
2026-07-09,S01,P206,39.0,0,11,28,71,4
2026-07-10,S01,P206,28.0,52,15,65,71,4
2026-07-11,S01,P206,65.0,0,8,57,71,4
2026-07-12,S01,P206,57.0,0,21,36,71,4
2026-07-13,S01,P206,36.0,0,21,15,71,4
2026-07-14,S01,P206,15.0,51,16,50,71,4
2026-07-15,S01,P206,50.0,0,10,40,71,4
2026-07-16,S01,P206,40.0,0,16,24,71,4
2026-07-17,S01,P206,24.0,50,14,60,71,4
2026-07-18,S01,P206,60.0,0,13,47,71,4
2026-07-19,S01,P206,47.0,0,32,15,71,4
2026-07-20,S01,P206,15.0,0,15,0,71,4
2026-07-21,S01,P206,0.0,56,18,38,71,4
2026-07-22,S01,P206,38.0,0,11,27,71,4
2026-07-23,S01,P206,27.0,45,29,43,71,4
2026-07-24,S01,P206,43.0,0,20,23,71,4
2026-07-25,S01,P206,23.0,0,13,10,71,4
2026-07-26,S01,P206,10.0,0,10,0,71,4
2026-07-27,S01,P206,0.0,73,17,56,71,4
2026-07-28,S01,P206,56.0,0,5,51,71,4
2026-07-29,S01,P206,51.0,0,11,40,71,4
2026-07-30,S01,P206,40.0,0,10,30,71,4
2026-07-31,S01,P206,30.0,0,20,10,71,4
2026-08-01,S01,P206,10.0,60,21,49,71,4
2026-08-02,S01,P206,49.0,0,35,14,71,4
2026-08-03,S01,P206,14.0,0,14,0,71,4
2026-08-04,S01,P206,0.0,46,24,22,71,4
2026-08-05,S01,P206,22.0,0,17,5,71,4
2026-08-06,S01,P206,5.0,56,15,46,71,4
2026-08-07,S01,P206,46.0,0,7,39,71,4
2026-08-08,S01,P206,39.0,0,16,23,71,4
2026-08-09,S01,P206,23.0,55,14,64,71,4
2026-08-10,S01,P206,64.0,0,7,57,71,4
2026-08-11,S01,P206,57.0,0,15,42,71,4
2026-08-12,S01,P206,42.0,0,18,24,71,4
2026-08-13,S01,P206,24.0,52,10,66,71,4
2026-08-14,S01,P206,66.0,0,18,48,71,4
2026-08-15,S01,P206,48.0,0,11,37,71,4
2026-08-16,S01,P206,37.0,0,16,21,71,4
2026-08-17,S01,P206,21.0,50,22,49,71,4
2026-08-18,S01,P206,49.0,0,11,38,71,4
2026-08-19,S01,P206,38.0,0,22,16,71,4
2026-08-20,S01,P206,16.0,45,25,36,71,4
2026-08-21,S01,P206,36.0,0,35,1,71,4
2026-08-22,S01,P206,1.0,0,1,0,71,4
2026-08-23,S01,P206,0.0,55,11,44,71,4
2026-08-24,S01,P206,44.0,0,15,29,71,4
2026-08-25,S01,P206,29.0,60,12,77,71,4
2026-08-26,S01,P206,77.0,0,21,56,71,4
2026-08-27,S01,P206,56.0,0,13,43,71,4
2026-08-28,S01,P206,43.0,0,15,28,71,4
2026-08-29,S01,P206,28.0,0,14,14,71,4
2026-08-30,S01,P206,14.0,0,12,2,71,4
2026-08-31,S01,P206,2.0,60,28,34,71,4
2026-05-01,S01,P207,86.0,0,13,73,53,4
2026-05-02,S01,P207,73.0,0,6,67,53,4
2026-05-03,S01,P207,67.0,0,20,47,53,4
2026-05-04,S01,P207,47.0,0,14,33,53,4
2026-05-05,S01,P207,33.0,0,4,29,53,4
2026-05-06,S01,P207,29.0,0,2,27,53,4
2026-05-07,S01,P207,27.0,39,9,57,53,4
2026-05-08,S01,P207,57.0,0,11,46,53,4
2026-05-09,S01,P207,46.0,0,10,36,53,4
2026-05-10,S01,P207,36.0,0,12,24,53,4
2026-05-11,S01,P207,24.0,0,7,17,53,4
2026-05-12,S01,P207,17.0,40,15,42,53,4
2026-05-13,S01,P207,42.0,0,16,26,53,4
2026-05-14,S01,P207,26.0,0,8,18,53,4
2026-05-15,S01,P207,18.0,0,6,12,53,4
2026-05-16,S01,P207,12.0,44,10,46,53,4
2026-05-17,S01,P207,46.0,0,13,33,53,4
2026-05-18,S01,P207,33.0,0,14,19,53,4
2026-05-19,S01,P207,19.0,0,9,27,53,4
2026-05-20,S01,P207,10.0,40,14,36,53,4
2026-05-21,S01,P207,36.0,0,22,14,53,4
2026-05-22,S01,P207,14.0,0,14,0,53,4
2026-05-23,S01,P207,0.0,36,20,16,53,4
2026-05-24,S01,P207,16.0,0,16,0,53,4
2026-05-25,S01,P207,0.0,36,9,27,53,4
2026-05-26,S01,P207,27.0,0,7,20,53,4
2026-05-27,S01,P207,20.0,34,7,47,53,4
2026-05-28,S01,P207,47.0,0,7,40,53,4
2026-05-29,S01,P207,40.0,0,6,34,53,4
2026-05-30,S01,P207,34.0,0,14,20,53,4
2026-05-31,S01,P207,20.0,0,8,12,53,4
2026-06-01,S01,P207,12.0,0,7,5,53,4
2026-06-02,S01,P207,5.0,39,12,32,53,4
2026-06-03,S01,P207,32.0,0,6,26,53,4
2026-06-04,S01,P207,26.0,35,8,53,53,4
2026-06-05,S01,P207,53.0,0,20,33,53,4
2026-06-06,S01,P207,33.0,0,11,22,53,4
2026-06-07,S01,P207,22.0,0,21,1,53,4
2026-06-08,S01,P207,1.0,33,20,14,53,4
2026-06-09,S01,P207,14.0,0,14,0,53,4
2026-06-10,S01,P207,0.0,0,0,0,53,4
2026-06-11,S01,P207,0.0,52,12,40,53,4
2026-06-12,S01,P207,40.0,0,9,31,53,4
2026-06-13,S01,P207,31.0,34,7,58,53,4
2026-06-14,S01,P207,58.0,0,8,50,53,4
2026-06-15,S01,P207,50.0,0,7,43,53,4
2026-06-16,S01,P207,43.0,0,10,33,53,4
2026-06-17,S01,P207,33.0,0,6,27,53,4
2026-06-18,S01,P207,27.0,36,6,57,53,4
2026-06-19,S01,P207,57.0,0,11,46,53,4
2026-06-20,S01,P207,46.0,0,8,71,53,4
2026-06-21,S01,P207,38.0,0,16,22,53,4
2026-06-22,S01,P207,22.0,0,13,9,53,4
2026-06-23,S01,P207,9.0,40,4,45,53,4
2026-06-24,S01,P207,45.0,0,4,41,53,4
2026-06-25,S01,P207,41.0,0,8,33,53,4
2026-06-26,S01,P207,33.0,37,7,63,53,4
2026-06-27,S01,P207,63.0,0,10,53,53,4
2026-06-28,S01,P207,53.0,0,17,36,53,4
2026-06-29,S01,P207,36.0,0,7,29,53,4
2026-06-30,S01,P207,29.0,0,17,12,53,4
2026-07-01,S01,P207,12.0,33,27,18,53,4
2026-07-02,S01,P207,18.0,0,10,8,53,4
2026-07-03,S01,P207,8.0,0,8,0,53,4
2026-07-04,S01,P207,0.0,41,7,34,53,4
2026-07-05,S01,P207,34.0,0,3,31,53,4
2026-07-06,S01,P207,31.0,37,6,62,53,4
2026-07-07,S01,P207,62.0,0,18,44,53,4
2026-07-08,S01,P207,44.0,0,10,34,53,4
2026-07-09,S01,P207,34.0,0,19,15,53,4
2026-07-10,S01,P207,15.0,0,11,4,53,4
2026-07-11,S01,P207,4.0,42,15,31,53,4
2026-07-12,S01,P207,31.0,0,8,23,53,4
2026-07-13,S01,P207,23.0,0,14,9,53,4
2026-07-14,S01,P207,9.0,40,13,36,53,4
2026-07-15,S01,P207,36.0,0,16,20,53,4
2026-07-16,S01,P207,20.0,0,10,10,53,4
2026-07-17,S01,P207,10.0,37,10,37,53,4
2026-07-18,S01,P207,37.0,0,12,25,53,4
2026-07-19,S01,P207,25.0,0,18,7,53,4
2026-07-20,S01,P207,7.0,39,13,33,53,4
2026-07-21,S01,P207,33.0,0,14,19,53,4
2026-07-22,S01,P207,19.0,0,15,4,53,4
2026-07-23,S01,P207,4.0,40,11,33,53,4
2026-07-24,S01,P207,33.0,0,11,22,53,4
2026-07-25,S01,P207,22.0,0,11,11,53,4
2026-07-26,S01,P207,11.0,42,14,39,53,4
2026-07-27,S01,P207,39.0,0,9,30,53,4
2026-07-28,S01,P207,30.0,0,4,26,53,4
2026-07-29,S01,P207,26.0,33,11,48,53,4
2026-07-30,S01,P207,48.0,0,8,40,53,4
2026-07-31,S01,P207,40.0,0,11,29,53,4
2026-08-01,S01,P207,29.0,0,10,19,53,4
2026-08-02,S01,P207,19.0,38,19,38,53,4
2026-08-03,S01,P207,38.0,0,15,23,53,4
2026-08-04,S01,P207,23.0,0,12,11,53,4
2026-08-05,S01,P207,11.0,0,11,0,53,4
2026-08-06,S01,P207,0.0,48,10,38,53,4
2026-08-07,S01,P207,38.0,0,10,28,53,4
2026-08-08,S01,P207,28.0,0,11,17,53,4
2026-08-09,S01,P207,17.0,38,14,41,53,4
2026-08-10,S01,P207,41.0,0,23,18,53,4
2026-08-11,S01,P207,18.0,0,12,6,53,4
2026-08-12,S01,P207,6.0,0,4,2,53,4
2026-08-13,S01,P207,2.0,45,7,40,53,4
2026-08-14,S01,P207,40.0,0,19,21,53,4
2026-08-15,S01,P207,21.0,35,19,37,53,4
2026-08-16,S01,P207,37.0,0,9,28,53,4
2026-08-17,S01,P207,28.0,0,7,21,53,4
2026-08-18,S01,P207,21.0,0,8,13,53,4
2026-08-19,S01,P207,13.0,49,21,41,53,4
2026-08-20,S01,P207,41.0,0,19,22,53,4
2026-08-21,S01,P207,22.0,0,11,11,53,4
2026-08-22,S01,P207,11.0,0,11,0,53,4
2026-08-23,S01,P207,0.0,45,9,36,53,4
2026-08-24,S01,P207,36.0,0,7,29,53,4
2026-08-25,S01,P207,29.0,0,15,14,53,4
2026-08-26,S01,P207,14.0,41,9,46,53,4
2026-08-27,S01,P207,46.0,0,11,35,53,4
2026-08-28,S01,P207,35.0,0,12,23,53,4
2026-08-29,S01,P207,23.0,0,17,6,53,4
2026-08-30,S01,P207,6.0,40,21,25,53,4
2026-08-31,S01,P207,25.0,0,25,0,53,4
2026-05-01,S01,P208,38.0,0,2,36,23,4
2026-05-02,S01,P208,36.0,0,2,34,23,4
2026-05-03,S01,P208,34.0,0,5,29,23,4
2026-05-04,S01,P208,29.0,0,5,24,23,4
2026-05-05,S01,P208,24.0,0,7,17,23,4
2026-05-06,S01,P208,17.0,0,4,13,23,4
2026-05-07,S01,P208,13.0,0,8,5,23,4
2026-05-08,S01,P208,5.0,0,1,4,23,4
2026-05-09,S01,P208,4.0,0,4,0,23,4
2026-05-10,S01,P208,0.0,0,0,0,23,4
2026-05-11,S01,P208,0.0,21,3,18,23,4
2026-05-12,S01,P208,18.0,0,3,15,23,4
2026-05-13,S01,P208,15.0,17,9,23,23,4
2026-05-14,S01,P208,23.0,0,9,14,23,4
2026-05-15,S01,P208,14.0,0,1,13,23,4
2026-05-16,S01,P208,13.0,0,4,9,23,4
2026-05-17,S01,P208,9.0,0,4,5,23,4
2026-05-18,S01,P208,5.0,0,4,1,23,4
2026-05-19,S01,P208,1.0,15,4,12,23,4
2026-05-20,S01,P208,12.0,0,6,6,23,4
2026-05-21,S01,P208,6.0,18,0,24,23,4
2026-05-22,S01,P208,24.0,0,4,20,23,4
2026-05-23,S01,P208,20.0,0,7,13,23,4
2026-05-24,S01,P208,13.0,0,9,4,23,4
2026-05-25,S01,P208,4.0,0,4,0,23,4
2026-05-26,S01,P208,0.0,18,1,17,23,4
2026-05-27,S01,P208,17.0,0,8,9,23,4
2026-05-28,S01,P208,9.0,16,2,23,23,4
2026-05-29,S01,P208,23.0,0,2,21,23,4
2026-05-30,S01,P208,21.0,0,3,18,23,4
2026-05-31,S01,P208,18.0,0,7,11,23,4
2026-06-01,S01,P208,11.0,15,6,20,23,4
2026-06-02,S01,P208,20.0,0,10,10,23,4
2026-06-03,S01,P208,10.0,0,8,2,23,4
2026-06-04,S01,P208,2.0,0,2,0,23,4
2026-06-05,S01,P208,0.0,18,4,14,23,4
2026-06-06,S01,P208,14.0,0,2,12,23,4
2026-06-07,S01,P208,12.0,18,6,24,23,4
2026-06-08,S01,P208,24.0,0,6,18,23,4
2026-06-09,S01,P208,18.0,0,6,12,23,4
2026-06-10,S01,P208,12.0,0,4,8,23,4
2026-06-11,S01,P208,8.0,0,7,1,23,4
2026-06-12,S01,P208,1.0,20,3,18,23,4
2026-06-13,S01,P208,18.0,0,3,15,23,4
2026-06-14,S01,P208,15.0,0,8,7,23,4
2026-06-15,S01,P208,7.0,17,6,18,23,4
2026-06-16,S01,P208,18.0,0,5,13,23,4
2026-06-17,S01,P208,13.0,0,3,10,23,4
2026-06-18,S01,P208,10.0,0,5,5,23,4
2026-06-19,S01,P208,5.0,20,7,18,23,4
2026-06-20,S01,P208,18.0,0,9,9,23,4
2026-06-21,S01,P208,9.0,0,6,3,23,4
2026-06-22,S01,P208,3.0,0,3,0,23,4
2026-06-23,S01,P208,0.0,20,3,17,23,4
2026-06-24,S01,P208,17.0,0,6,11,23,4
2026-06-25,S01,P208,11.0,15,8,18,23,4
2026-06-26,S01,P208,18.0,0,4,14,23,4
2026-06-27,S01,P208,14.0,0,5,9,23,4
2026-06-28,S01,P208,9.0,0,5,4,23,4
2026-06-29,S01,P208,4.0,20,6,18,23,4
2026-06-30,S01,P208,18.0,0,6,12,23,4
2026-07-01,S01,P208,12.0,0,10,2,23,4
2026-07-02,S01,P208,2.0,0,2,0,23,4
2026-07-03,S01,P208,0.0,20,8,12,23,4
2026-07-04,S01,P208,12.0,0,12,0,23,4
2026-07-05,S01,P208,0.0,16,5,11,23,4
2026-07-06,S01,P208,11.0,0,5,6,23,4
2026-07-07,S01,P208,6.0,0,2,4,23,4
2026-07-08,S01,P208,4.0,22,4,22,23,4
2026-07-09,S01,P208,22.0,0,1,21,23,4
2026-07-10,S01,P208,21.0,0,3,18,23,4
2026-07-11,S01,P208,18.0,0,16,2,23,4
2026-07-12,S01,P208,2.0,16,3,15,23,4
2026-07-13,S01,P208,15.0,0,7,8,23,4
2026-07-14,S01,P208,8.0,0,7,1,23,4
2026-07-15,S01,P208,1.0,20,4,17,23,4
2026-07-16,S01,P208,17.0,0,4,13,23,4
2026-07-17,S01,P208,13.0,0,3,10,23,4
2026-07-18,S01,P208,10.0,17,6,21,23,4
2026-07-19,S01,P208,21.0,0,8,13,23,4
2026-07-20,S01,P208,13.0,0,4,9,23,4
2026-07-21,S01,P208,9.0,0,7,2,23,4
2026-07-22,S01,P208,2.0,17,6,13,23,4
2026-07-23,S01,P208,13.0,0,3,10,23,4
2026-07-24,S01,P208,10.0,0,7,3,23,4
2026-07-25,S01,P208,3.0,0,3,0,23,4
2026-07-26,S01,P208,0.0,19,7,12,23,4
2026-07-27,S01,P208,12.0,0,3,9,23,4
2026-07-28,S01,P208,9.0,16,8,17,23,4
2026-07-29,S01,P208,17.0,0,9,8,23,4
2026-07-30,S01,P208,8.0,0,3,5,23,4
2026-07-31,S01,P208,5.0,0,5,0,23,4
2026-08-01,S01,P208,0.0,21,10,11,23,4
2026-08-02,S01,P208,11.0,0,11,0,23,4
2026-08-03,S01,P208,0.0,0,0,0,23,4
2026-08-04,S01,P208,0.0,17,6,11,23,4
2026-08-05,S01,P208,11.0,0,7,4,23,4
2026-08-06,S01,P208,4.0,21,7,18,23,4
2026-08-07,S01,P208,18.0,0,3,15,23,4
2026-08-08,S01,P208,15.0,0,11,4,23,4
2026-08-09,S01,P208,4.0,0,2,2,23,4
2026-08-10,S01,P208,2.0,20,1,21,23,4
2026-08-11,S01,P208,21.0,0,11,10,23,4
2026-08-12,S01,P208,10.0,0,4,6,23,4
2026-08-13,S01,P208,6.0,16,9,13,23,4
2026-08-14,S01,P208,13.0,0,8,5,23,4
2026-08-15,S01,P208,5.0,0,5,0,23,4
2026-08-16,S01,P208,0.0,16,9,7,23,4
2026-08-17,S01,P208,7.0,0,7,0,23,4
2026-08-18,S01,P208,0.0,17,4,13,23,4
2026-08-19,S01,P208,13.0,0,8,5,23,4
2026-08-20,S01,P208,5.0,0,5,0,23,4
2026-08-21,S01,P208,0.0,21,3,18,23,4
2026-08-22,S01,P208,18.0,0,8,10,23,4
2026-08-23,S01,P208,10.0,0,10,0,23,4
2026-08-24,S01,P208,0.0,0,0,0,23,4
2026-08-25,S01,P208,0.0,17,8,9,23,4
2026-08-26,S01,P208,9.0,0,8,1,23,4
2026-08-27,S01,P208,1.0,0,1,0,23,4
2026-08-28,S01,P208,0.0,0,0,0,23,4
2026-08-29,S01,P208,0.0,21,19,2,23,4
2026-08-30,S01,P208,2.0,16,7,11,23,4
2026-08-31,S01,P208,11.0,0,8,3,23,4
2026-05-01,S01,P601,84.0,0,9,75,51,4
2026-05-02,S01,P601,75.0,0,9,66,51,4
2026-05-03,S01,P601,66.0,0,5,61,51,4
2026-05-04,S01,P601,61.0,0,8,53,51,4
2026-05-05,S01,P601,53.0,0,5,48,51,4
2026-05-06,S01,P601,48.0,0,9,39,51,4
2026-05-07,S01,P601,39.0,0,3,36,51,4
2026-05-08,S01,P601,36.0,0,3,33,51,4
2026-05-09,S01,P601,33.0,36,8,61,51,4
2026-05-10,S01,P601,61.0,0,7,54,51,4
2026-05-11,S01,P601,54.0,0,8,46,51,4
2026-05-12,S01,P601,46.0,0,4,42,51,4
2026-05-13,S01,P601,42.0,0,15,27,51,4
2026-05-14,S01,P601,27.0,0,4,23,51,4
2026-05-15,S01,P601,23.0,38,6,55,51,4
2026-05-16,S01,P601,55.0,0,14,41,51,4
2026-05-17,S01,P601,41.0,0,10,31,51,4
2026-05-18,S01,P601,31.0,0,8,23,51,4
2026-05-19,S01,P601,23.0,0,22,1,51,4
2026-05-20,S01,P601,1.0,43,7,37,51,4
2026-05-21,S01,P601,37.0,0,7,30,51,4
2026-05-22,S01,P601,30.0,0,16,14,51,4
2026-05-23,S01,P601,14.0,40,5,49,51,4
2026-05-24,S01,P601,49.0,0,21,28,51,4
2026-05-25,S01,P601,28.0,0,5,23,51,4
2026-05-26,S01,P601,23.0,0,10,13,51,4
2026-05-27,S01,P601,13.0,35,9,39,51,4
2026-05-28,S01,P601,39.0,0,8,31,51,4
2026-05-29,S01,P601,31.0,0,7,24,51,4
2026-05-30,S01,P601,24.0,36,15,45,51,4
2026-05-31,S01,P601,45.0,0,11,34,51,4
2026-06-01,S01,P601,34.0,0,9,25,51,4
2026-06-02,S01,P601,25.0,0,12,13,51,4
2026-06-03,S01,P601,13.0,39,5,47,51,4
2026-06-04,S01,P601,47.0,0,7,40,51,4
2026-06-05,S01,P601,40.0,0,8,32,51,4
2026-06-06,S01,P601,32.0,0,9,23,51,4
2026-06-07,S01,P601,23.0,37,14,46,51,4
2026-06-08,S01,P601,46.0,0,9,37,51,4
2026-06-09,S01,P601,37.0,0,13,24,51,4
2026-06-10,S01,P601,24.0,0,20,4,51,4
2026-06-11,S01,P601,4.0,38,9,33,51,4
2026-06-12,S01,P601,33.0,0,7,26,51,4
2026-06-13,S01,P601,26.0,0,18,8,51,4
2026-06-14,S01,P601,8.0,42,18,32,51,4
2026-06-15,S01,P601,32.0,0,12,20,51,4
2026-06-16,S01,P601,20.0,0,15,5,51,4
2026-06-17,S01,P601,5.0,34,10,29,51,4
2026-06-18,S01,P601,29.0,0,6,23,51,4
2026-06-19,S01,P601,23.0,0,6,17,51,4
2026-06-20,S01,P601,17.0,45,14,48,51,4
2026-06-21,S01,P601,48.0,0,9,39,51,4
2026-06-22,S01,P601,39.0,0,8,31,51,4
2026-06-23,S01,P601,31.0,0,6,25,51,4
2026-06-24,S01,P601,25.0,36,14,47,51,4
2026-06-25,S01,P601,47.0,0,4,43,51,4
2026-06-26,S01,P601,43.0,0,9,34,51,4
2026-06-27,S01,P601,34.0,0,13,21,51,4
2026-06-28,S01,P601,21.0,37,8,50,51,4
2026-06-29,S01,P601,50.0,0,13,37,51,4
2026-06-30,S01,P601,37.0,0,9,28,51,4
2026-07-01,S01,P601,28.0,0,13,15,51,4
2026-07-02,S01,P601,15.0,34,10,39,51,4
2026-07-03,S01,P601,39.0,0,9,-6,51,4
2026-07-04,S01,P601,30.0,0,17,13,51,4
2026-07-05,S01,P601,13.0,35,13,35,51,4
2026-07-06,S01,P601,35.0,0,9,26,51,4
2026-07-07,S01,P601,26.0,0,14,12,51,4
2026-07-08,S01,P601,12.0,36,15,33,51,4
2026-07-09,S01,P601,33.0,0,13,20,51,4
2026-07-10,S01,P601,20.0,0,12,8,51,4
2026-07-11,S01,P601,8.0,36,11,33,51,4
2026-07-12,S01,P601,33.0,0,12,21,51,4
2026-07-13,S01,P601,21.0,0,16,5,51,4
2026-07-14,S01,P601,5.0,40,13,32,51,4
2026-07-15,S01,P601,32.0,0,10,22,51,4
2026-07-16,S01,P601,22.0,0,12,10,51,4
2026-07-17,S01,P601,10.0,39,6,38,51,4
2026-07-18,S01,P601,43.0,0,15,28,51,4
2026-07-19,S01,P601,28.0,0,12,16,51,4
2026-07-20,S01,P601,16.0,0,6,10,51,4
2026-07-21,S01,P601,10.0,35,10,35,51,4
2026-07-22,S01,P601,35.0,0,6,29,51,4
2026-07-23,S01,P601,29.0,33,9,53,51,4
2026-07-24,S01,P601,53.0,0,13,40,51,4
2026-07-25,S01,P601,40.0,0,28,12,51,4
2026-07-26,S01,P601,12.0,0,12,0,51,4
2026-07-27,S01,P601,0.0,0,0,0,51,4
2026-07-28,S01,P601,0.0,44,6,38,51,4
2026-07-29,S01,P601,38.0,0,7,31,51,4
2026-07-30,S01,P601,31.0,40,8,63,51,4
2026-07-31,S01,P601,63.0,0,15,48,51,4
2026-08-01,S01,P601,48.0,0,13,35,51,4
2026-08-02,S01,P601,35.0,0,22,13,51,4
2026-08-03,S01,P601,13.0,0,13,0,51,4
2026-08-04,S01,P601,0.0,36,7,29,51,4
2026-08-05,S01,P601,29.0,0,11,18,51,4
2026-08-06,S01,P601,18.0,35,13,40,51,4
2026-08-07,S01,P601,40.0,0,14,26,51,4
2026-08-08,S01,P601,26.0,0,9,17,51,4
2026-08-09,S01,P601,17.0,0,10,7,51,4
2026-08-10,S01,P601,7.0,44,12,39,51,4
2026-08-11,S01,P601,39.0,0,10,29,51,4
2026-08-12,S01,P601,29.0,0,8,21,51,4
2026-08-13,S01,P601,21.0,0,17,4,51,4
2026-08-14,S01,P601,4.0,33,13,24,51,4
2026-08-15,S01,P601,24.0,0,17,7,51,4
2026-08-16,S01,P601,7.0,0,7,33,51,4
2026-08-17,S01,P601,0.0,47,9,38,51,4
2026-08-18,S01,P601,38.0,0,17,21,51,4
2026-08-19,S01,P601,21.0,0,20,1,51,4
2026-08-20,S01,P601,1.0,37,14,24,51,4
2026-08-21,S01,P601,24.0,0,24,0,51,4
2026-08-22,S01,P601,0.0,0,0,0,51,4
2026-08-23,S01,P601,0.0,46,16,30,51,4
2026-08-24,S01,P601,30.0,0,11,19,51,4
2026-08-25,S01,P601,19.0,0,8,11,51,4
2026-08-26,S01,P601,11.0,38,15,34,51,4
2026-08-27,S01,P601,34.0,0,12,22,51,4
2026-08-28,S01,P601,22.0,0,21,1,51,4
2026-08-29,S01,P601,1.0,35,10,26,51,4
2026-08-30,S01,P601,26.0,0,10,16,51,4
2026-08-31,S01,P601,16.0,0,8,8,51,4
2026-05-01,S01,P602,65.0,0,10,55,40,4
2026-05-02,S01,P602,55.0,0,9,46,40,4
2026-05-03,S01,P602,46.0,0,15,31,40,4
2026-05-04,S01,P602,31.0,0,11,20,40,4
2026-05-05,S01,P602,20.0,0,5,15,40,4
2026-05-06,S01,P602,15.0,0,6,9,40,4
2026-05-07,S01,P602,9.0,34,4,39,40,4
2026-05-08,S01,P602,39.0,0,3,36,40,4
2026-05-09,S01,P602,36.0,0,8,28,40,4
2026-05-10,S01,P602,28.0,0,8,20,40,4
2026-05-11,S01,P602,20.0,26,10,36,40,4
2026-05-12,S01,P602,36.0,0,4,32,40,4
2026-05-13,S01,P602,32.0,0,10,22,40,4
2026-05-14,S01,P602,22.0,0,19,3,40,4
2026-05-15,S01,P602,3.0,29,6,26,40,4
2026-05-16,S01,P602,26.0,0,8,18,40,4
2026-05-17,S01,P602,18.0,0,16,2,40,4
2026-05-18,S01,P602,2.0,0,2,0,40,4
2026-05-19,S01,P602,0.0,33,12,21,40,4
2026-05-20,S01,P602,21.0,0,8,13,40,4
2026-05-21,S01,P602,13.0,30,15,28,40,4
2026-05-22,S01,P602,28.0,0,7,21,40,4
2026-05-23,S01,P602,21.0,0,9,12,40,4
2026-05-24,S01,P602,12.0,0,8,4,40,4
2026-05-25,S01,P602,4.0,37,8,33,40,4
2026-05-26,S01,P602,33.0,0,19,14,40,4
2026-05-27,S01,P602,14.0,0,14,0,40,4
2026-05-28,S01,P602,0.0,0,0,0,40,4
2026-05-29,S01,P602,0.0,32,14,18,40,4
2026-05-30,S01,P602,18.0,0,11,7,40,4
2026-05-31,S01,P602,7.0,33,9,31,40,4
2026-06-01,S01,P602,31.0,0,14,17,40,4
2026-06-02,S01,P602,17.0,0,5,12,40,4
2026-06-03,S01,P602,12.0,25,9,28,40,4
2026-06-04,S01,P602,28.0,0,10,18,40,4
2026-06-05,S01,P602,18.0,0,8,10,40,4
2026-06-06,S01,P602,10.0,0,3,7,40,4
2026-06-07,S01,P602,7.0,28,16,19,40,4
2026-06-08,S01,P602,19.0,0,9,10,40,4
2026-06-09,S01,P602,10.0,27,10,27,40,4
2026-06-10,S01,P602,27.0,0,8,19,40,4
2026-06-11,S01,P602,19.0,0,7,12,40,4
2026-06-12,S01,P602,12.0,28,3,37,40,4
2026-06-13,S01,P602,37.0,0,12,25,40,4
2026-06-14,S01,P602,25.0,0,8,17,40,4
2026-06-15,S01,P602,17.0,25,7,35,40,4
2026-06-16,S01,P602,35.0,0,4,31,40,4
2026-06-17,S01,P602,31.0,0,10,21,40,4
2026-06-18,S01,P602,21.0,0,9,12,40,4
2026-06-19,S01,P602,12.0,30,8,34,40,4
2026-06-20,S01,P602,34.0,0,11,23,40,4
2026-06-21,S01,P602,23.0,0,11,12,40,4
2026-06-22,S01,P602,12.0,0,10,2,40,4
2026-06-23,S01,P602,2.0,31,4,29,40,4
2026-06-24,S01,P602,29.0,0,5,24,40,4
2026-06-25,S01,P602,24.0,0,9,15,40,4
2026-06-26,S01,P602,15.0,32,15,32,40,4
2026-06-27,S01,P602,32.0,0,15,17,40,4
2026-06-28,S01,P602,17.0,0,17,0,40,4
2026-06-29,S01,P602,0.0,0,0,0,40,4
2026-06-30,S01,P602,0.0,33,9,24,40,4
2026-07-01,S01,P602,24.0,0,3,21,40,4
2026-07-02,S01,P602,21.0,0,11,10,40,4
2026-07-03,S01,P602,10.0,0,10,0,40,4
2026-07-04,S01,P602,0.0,32,8,24,40,4
2026-07-05,S01,P602,24.0,0,16,8,40,4
2026-07-06,S01,P602,8.0,0,8,0,40,4
2026-07-07,S01,P602,0.0,33,9,24,40,4
2026-07-08,S01,P602,24.0,0,14,10,40,4
2026-07-09,S01,P602,10.0,0,7,3,40,4
2026-07-10,S01,P602,3.0,32,12,23,40,4
2026-07-11,S01,P602,23.0,0,4,19,40,4
2026-07-12,S01,P602,19.0,0,9,10,40,4
2026-07-13,S01,P602,10.0,0,9,1,40,4
2026-07-14,S01,P602,1.0,30,12,19,40,4
2026-07-15,S01,P602,19.0,0,10,9,40,4
2026-07-16,S01,P602,9.0,25,13,21,40,4
2026-07-17,S01,P602,21.0,0,8,13,40,4
2026-07-18,S01,P602,13.0,0,9,4,40,4
2026-07-19,S01,P602,4.0,31,15,20,40,4
2026-07-20,S01,P602,20.0,0,13,7,40,4
2026-07-21,S01,P602,7.0,0,7,0,40,4
2026-07-22,S01,P602,0.0,30,13,17,40,4
2026-07-23,S01,P602,17.0,0,8,9,40,4
2026-07-24,S01,P602,9.0,28,8,29,40,4
2026-07-25,S01,P602,29.0,0,9,20,40,4
2026-07-26,S01,P602,20.0,0,10,10,40,4
2026-07-27,S01,P602,10.0,28,12,26,40,4
2026-07-28,S01,P602,26.0,0,9,17,40,4
2026-07-29,S01,P602,17.0,0,6,11,40,4
2026-07-30,S01,P602,11.0,27,3,35,40,4
2026-07-31,S01,P602,35.0,0,10,25,40,4
2026-08-01,S01,P602,25.0,0,13,12,40,4
2026-08-02,S01,P602,12.0,27,3,36,40,4
2026-08-03,S01,P602,36.0,0,10,26,40,4
2026-08-04,S01,P602,26.0,0,14,12,40,4
2026-08-05,S01,P602,12.0,26,15,23,40,4
2026-08-06,S01,P602,23.0,0,4,19,40,4
2026-08-07,S01,P602,19.0,0,11,13,40,4
2026-08-08,S01,P602,8.0,27,9,26,40,4
2026-08-09,S01,P602,26.0,0,11,15,40,4
2026-08-10,S01,P602,15.0,0,10,5,40,4
2026-08-11,S01,P602,5.0,30,16,19,40,4
2026-08-12,S01,P602,19.0,0,13,6,40,4
2026-08-13,S01,P602,6.0,0,3,3,40,4
2026-08-14,S01,P602,3.0,30,10,23,40,4
2026-08-15,S01,P602,23.0,0,16,7,40,4
2026-08-16,S01,P602,7.0,29,7,29,40,4
2026-08-17,S01,P602,29.0,0,7,22,40,4
2026-08-18,S01,P602,22.0,0,7,15,40,4
2026-08-19,S01,P602,15.0,29,5,39,40,4
2026-08-20,S01,P602,39.0,0,6,33,40,4
2026-08-21,S01,P602,33.0,0,6,27,40,4
2026-08-22,S01,P602,27.0,0,14,13,40,4
2026-08-23,S01,P602,13.0,26,10,29,40,4
2026-08-24,S01,P602,29.0,0,6,23,40,4
2026-08-25,S01,P602,23.0,0,13,10,40,4
2026-08-26,S01,P602,10.0,26,7,29,40,4
2026-08-27,S01,P602,29.0,0,13,16,40,4
2026-08-28,S01,P602,16.0,0,11,5,40,4
2026-08-29,S01,P602,5.0,29,9,25,40,4
2026-08-30,S01,P602,25.0,0,13,12,40,4
2026-08-31,S01,P602,12.0,0,11,1,40,4
2026-05-01,S01,P603,42.0,0,1,41,26,4
2026-05-02,S01,P603,41.0,0,6,35,26,4
2026-05-03,S01,P603,35.0,0,7,28,26,4
2026-05-04,S01,P603,28.0,0,3,25,26,4
2026-05-05,S01,P603,25.0,0,6,19,26,4
2026-05-06,S01,P603,19.0,0,4,15,26,4
2026-05-07,S01,P603,15.0,0,7,8,26,4
2026-05-08,S01,P603,8.0,17,3,22,26,4
2026-05-09,S01,P603,22.0,0,2,20,26,4
2026-05-10,S01,P603,20.0,0,11,9,26,4
2026-05-11,S01,P603,9.0,17,9,17,26,4
2026-05-12,S01,P603,17.0,0,7,10,26,4
2026-05-13,S01,P603,10.0,0,10,0,26,4
2026-05-14,S01,P603,0.0,16,5,11,26,4
2026-05-15,S01,P603,11.0,0,8,3,26,4
2026-05-16,S01,P603,3.0,16,6,13,26,4
2026-05-17,S01,P603,13.0,0,5,8,26,4
2026-05-18,S01,P603,8.0,0,6,2,26,4
2026-05-19,S01,P603,2.0,23,9,16,26,4
2026-05-20,S01,P603,16.0,0,9,7,26,4
2026-05-21,S01,P603,7.0,0,7,0,26,4
2026-05-22,S01,P603,0.0,17,3,14,26,4
2026-05-23,S01,P603,14.0,0,7,7,26,4
2026-05-24,S01,P603,7.0,18,7,18,26,4
2026-05-25,S01,P603,18.0,0,6,12,26,4
2026-05-26,S01,P603,12.0,0,7,5,26,4
2026-05-27,S01,P603,5.0,17,6,16,26,4
2026-05-28,S01,P603,16.0,0,1,15,26,4
2026-05-29,S01,P603,15.0,0,9,6,26,4
2026-05-30,S01,P603,6.0,20,7,19,26,4
2026-05-31,S01,P603,19.0,0,6,13,26,4
2026-06-01,S01,P603,13.0,0,1,12,26,4
2026-06-02,S01,P603,12.0,16,5,23,26,4
2026-06-03,S01,P603,23.0,0,5,18,26,4
2026-06-04,S01,P603,18.0,0,6,12,26,4
2026-06-05,S01,P603,12.0,0,2,10,26,4
2026-06-06,S01,P603,10.0,19,7,22,26,4
2026-06-07,S01,P603,22.0,0,9,13,26,4
2026-06-08,S01,P603,13.0,0,4,9,26,4
2026-06-09,S01,P603,9.0,0,5,4,26,4
2026-06-10,S01,P603,4.0,20,8,16,26,4
2026-06-11,S01,P603,16.0,0,5,11,26,4
2026-06-12,S01,P603,11.0,0,1,10,26,4
2026-06-13,S01,P603,10.0,18,5,23,26,4
2026-06-14,S01,P603,23.0,0,5,18,26,4
2026-06-15,S01,P603,18.0,0,2,16,26,4
2026-06-16,S01,P603,16.0,0,7,9,26,4
2026-06-17,S01,P603,9.0,0,9,0,26,4
2026-06-18,S01,P603,0.0,19,6,13,26,4
2026-06-19,S01,P603,13.0,0,13,0,26,4
2026-06-20,S01,P603,0.0,0,0,0,26,4
2026-06-21,S01,P603,0.0,23,5,18,26,4
2026-06-22,S01,P603,18.0,0,3,15,26,4
2026-06-23,S01,P603,15.0,0,1,14,26,4
2026-06-24,S01,P603,14.0,19,6,27,26,4
2026-06-25,S01,P603,27.0,0,3,24,26,4
2026-06-26,S01,P603,24.0,0,5,19,26,4
2026-06-27,S01,P603,19.0,0,7,12,26,4
2026-06-28,S01,P603,12.0,0,9,3,26,4
2026-06-29,S01,P603,3.0,18,3,18,26,4
2026-06-30,S01,P603,18.0,0,5,13,26,4
2026-07-01,S01,P603,13.0,0,3,10,26,4
2026-07-02,S01,P603,10.0,0,6,4,26,4
2026-07-03,S01,P603,4.0,21,4,21,26,4
2026-07-04,S01,P603,21.0,0,4,17,26,4
2026-07-05,S01,P603,17.0,0,6,11,26,4
2026-07-06,S01,P603,11.0,17,5,23,26,4
2026-07-07,S01,P603,23.0,0,2,21,26,4
2026-07-08,S01,P603,21.0,0,5,16,26,4
2026-07-09,S01,P603,16.0,0,5,11,26,4
2026-07-10,S01,P603,11.0,19,2,28,26,4
2026-07-11,S01,P603,28.0,0,5,23,26,4
2026-07-12,S01,P603,23.0,0,1,22,26,4
2026-07-13,S01,P603,22.0,0,4,18,26,4
2026-07-14,S01,P603,18.0,0,4,14,26,4
2026-07-15,S01,P603,14.0,19,9,24,26,4
2026-07-16,S01,P603,24.0,0,10,14,26,4
2026-07-17,S01,P603,14.0,0,5,9,26,4
2026-07-18,S01,P603,9.0,0,8,1,26,4
2026-07-19,S01,P603,1.0,18,10,9,26,4
2026-07-20,S01,P603,9.0,0,5,4,26,4
2026-07-21,S01,P603,4.0,0,4,0,26,4
2026-07-22,S01,P603,0.0,23,7,16,26,4
2026-07-23,S01,P603,16.0,0,3,13,26,4
2026-07-24,S01,P603,13.0,0,1,12,26,4
2026-07-25,S01,P603,12.0,19,7,24,26,4
2026-07-26,S01,P603,24.0,0,2,22,26,4
2026-07-27,S01,P603,22.0,0,6,16,26,4
2026-07-28,S01,P603,16.0,0,3,13,26,4
2026-07-29,S01,P603,13.0,18,5,26,26,4
2026-07-30,S01,P603,26.0,0,5,21,26,4
2026-07-31,S01,P603,21.0,0,10,11,26,4
2026-08-01,S01,P603,11.0,0,6,5,26,4
2026-08-02,S01,P603,5.0,16,7,14,26,4
2026-08-03,S01,P603,14.0,0,9,5,26,4
2026-08-04,S01,P603,5.0,0,5,0,26,4
2026-08-05,S01,P603,0.0,21,1,20,26,4
2026-08-06,S01,P603,20.0,0,9,11,26,4
2026-08-07,S01,P603,11.0,16,5,9,26,4
2026-08-08,S01,P603,22.0,0,1,21,26,4
2026-08-09,S01,P603,21.0,0,7,14,26,4
2026-08-10,S01,P603,14.0,0,3,11,26,4
2026-08-11,S01,P603,11.0,20,5,26,26,4
2026-08-12,S01,P603,26.0,0,5,21,26,4
2026-08-13,S01,P603,21.0,0,8,13,26,4
2026-08-14,S01,P603,13.0,0,8,5,26,4
2026-08-15,S01,P603,5.0,0,5,0,26,4
2026-08-16,S01,P603,0.0,16,5,11,26,4
2026-08-17,S01,P603,11.0,0,6,5,26,4
2026-08-18,S01,P603,5.0,21,8,18,26,4
2026-08-19,S01,P603,18.0,0,4,14,26,4
2026-08-20,S01,P603,14.0,0,7,7,26,4
2026-08-21,S01,P603,7.0,16,8,15,26,4
2026-08-22,S01,P603,15.0,0,8,7,26,4
2026-08-23,S01,P603,7.0,0,5,2,26,4
2026-08-24,S01,P603,2.0,19,1,11,26,4
2026-08-25,S01,P603,20.0,0,5,15,26,4
2026-08-26,S01,P603,15.0,16,8,39,26,4
2026-08-27,S01,P603,23.0,0,7,16,26,4
2026-08-28,S01,P603,16.0,0,5,11,26,4
2026-08-29,S01,P603,11.0,0,10,1,26,4
2026-08-30,S01,P603,1.0,19,1,19,26,4
2026-08-31,S01,P603,19.0,0,8,11,26,4
2026-05-01,S01,P604,54.0,0,11,43,33,4
2026-05-02,S01,P604,43.0,0,3,40,33,4
2026-05-03,S01,P604,40.0,0,6,34,33,4
2026-05-04,S01,P604,34.0,0,9,25,33,4
2026-05-05,S01,P604,25.0,0,1,24,33,4
2026-05-06,S01,P604,24.0,0,6,18,33,4
2026-05-07,S01,P604,18.0,0,8,10,33,4
2026-05-08,S01,P604,10.0,29,4,35,33,4
2026-05-09,S01,P604,35.0,0,14,21,33,4
2026-05-10,S01,P604,21.0,0,7,14,33,4
2026-05-11,S01,P604,14.0,0,5,9,33,4
2026-05-12,S01,P604,9.0,0,9,0,33,4
2026-05-13,S01,P604,0.0,33,8,25,33,4
2026-05-14,S01,P604,25.0,0,10,15,33,4
2026-05-15,S01,P604,15.0,0,12,3,33,4
2026-05-16,S01,P604,3.0,21,12,12,33,4
2026-05-17,S01,P604,12.0,0,11,1,33,4
2026-05-18,S01,P604,1.0,0,1,0,33,4
2026-05-19,S01,P604,0.0,30,7,23,33,4
2026-05-20,S01,P604,23.0,0,6,17,33,4
2026-05-21,S01,P604,17.0,23,4,36,33,4
2026-05-22,S01,P604,36.0,0,5,31,33,4
2026-05-23,S01,P604,31.0,0,9,22,33,4
2026-05-24,S01,P604,22.0,0,3,19,33,4
2026-05-25,S01,P604,19.0,0,4,15,33,4
2026-05-26,S01,P604,15.0,23,11,27,33,4
2026-05-27,S01,P604,27.0,0,9,18,33,4
2026-05-28,S01,P604,18.0,0,6,12,33,4
2026-05-29,S01,P604,12.0,0,5,7,33,4
2026-05-30,S01,P604,7.0,27,8,26,33,4
2026-05-31,S01,P604,26.0,0,16,10,33,4
2026-06-01,S01,P604,10.0,0,8,2,33,4
2026-06-02,S01,P604,2.0,0,2,0,33,4
2026-06-03,S01,P604,0.0,28,7,21,33,4
2026-06-04,S01,P604,21.0,0,4,17,33,4
2026-06-05,S01,P604,17.0,24,7,34,33,4
2026-06-06,S01,P604,34.0,0,9,25,33,4
2026-06-07,S01,P604,25.0,0,9,16,33,4
2026-06-08,S01,P604,16.0,0,3,13,33,4
2026-06-09,S01,P604,13.0,0,6,7,33,4
2026-06-10,S01,P604,7.0,29,10,26,33,4
2026-06-11,S01,P604,26.0,0,11,15,33,4
2026-06-12,S01,P604,15.0,0,15,0,33,4
2026-06-13,S01,P604,0.0,0,0,0,33,4
2026-06-14,S01,P604,0.0,28,17,11,33,4
2026-06-15,S01,P604,11.0,0,8,3,33,4
2026-06-16,S01,P604,3.0,26,5,9,33,4
2026-06-17,S01,P604,24.0,0,4,20,33,4
2026-06-18,S01,P604,20.0,0,9,11,33,4
2026-06-19,S01,P604,11.0,25,4,32,33,4
2026-06-20,S01,P604,32.0,0,3,29,33,4
2026-06-21,S01,P604,29.0,0,5,24,33,4
2026-06-22,S01,P604,24.0,0,2,22,33,4
2026-06-23,S01,P604,22.0,22,9,35,33,4
2026-06-24,S01,P604,35.0,0,5,30,33,4
2026-06-25,S01,P604,30.0,0,4,26,33,4
2026-06-26,S01,P604,26.0,0,5,21,33,4
2026-06-27,S01,P604,21.0,0,13,8,33,4
2026-06-28,S01,P604,8.0,0,6,2,33,4
2026-06-29,S01,P604,2.0,24,4,22,33,4
2026-06-30,S01,P604,22.0,0,4,18,33,4
2026-07-01,S01,P604,18.0,22,5,35,33,4
2026-07-02,S01,P604,35.0,0,17,18,33,4
2026-07-03,S01,P604,18.0,0,11,7,33,4
2026-07-04,S01,P604,7.0,0,6,1,33,4
2026-07-05,S01,P604,1.0,0,1,0,33,4
2026-07-06,S01,P604,0.0,36,17,19,33,4
2026-07-07,S01,P604,19.0,0,13,6,33,4
2026-07-08,S01,P604,6.0,0,6,0,33,4
2026-07-09,S01,P604,0.0,0,0,0,33,4
2026-07-10,S01,P604,0.0,35,3,32,33,4
2026-07-11,S01,P604,32.0,0,9,23,33,4
2026-07-12,S01,P604,23.0,0,7,-7,33,4
2026-07-13,S01,P604,16.0,0,8,8,33,4
2026-07-14,S01,P604,8.0,0,6,2,33,4
2026-07-15,S01,P604,2.0,22,6,18,33,4
2026-07-16,S01,P604,18.0,0,4,14,33,4
2026-07-17,S01,P604,14.0,24,8,30,33,4
2026-07-18,S01,P604,30.0,0,8,22,33,4
2026-07-19,S01,P604,22.0,0,6,16,33,4
2026-07-20,S01,P604,16.0,0,4,12,33,4
2026-07-21,S01,P604,12.0,24,5,31,33,4
2026-07-22,S01,P604,31.0,0,3,28,33,4
2026-07-23,S01,P604,28.0,0,4,24,33,4
2026-07-24,S01,P604,24.0,0,7,17,33,4
2026-07-25,S01,P604,17.0,23,11,29,33,4
2026-07-26,S01,P604,29.0,0,10,19,33,4
2026-07-27,S01,P604,19.0,0,6,13,33,4
2026-07-28,S01,P604,13.0,0,9,4,33,4
2026-07-29,S01,P604,4.0,25,10,19,33,4
2026-07-30,S01,P604,19.0,0,8,11,33,4
2026-07-31,S01,P604,11.0,0,8,3,33,4
2026-08-01,S01,P604,3.0,25,9,19,33,4
2026-08-02,S01,P604,19.0,0,10,9,33,4
2026-08-03,S01,P604,9.0,0,8,1,33,4
2026-08-04,S01,P604,1.0,26,12,15,33,4
2026-08-05,S01,P604,15.0,0,15,0,33,4
2026-08-06,S01,P604,0.0,0,0,0,33,4
2026-08-07,S01,P604,0.0,0,0,0,33,4
2026-08-08,S01,P604,0.0,27,10,17,33,4
2026-08-09,S01,P604,17.0,27,2,42,33,4
2026-08-10,S01,P604,42.0,0,6,36,33,4
2026-08-11,S01,P604,36.0,0,6,30,33,4
2026-08-12,S01,P604,30.0,0,14,16,33,4
2026-08-13,S01,P604,16.0,0,7,9,33,4
2026-08-14,S01,P604,9.0,0,4,5,33,4
2026-08-15,S01,P604,5.0,24,5,24,33,4
2026-08-16,S01,P604,24.0,0,11,13,33,4
2026-08-17,S01,P604,13.0,21,7,27,33,4
2026-08-18,S01,P604,27.0,0,5,22,33,4
2026-08-19,S01,P604,22.0,0,4,18,33,4
2026-08-20,S01,P604,18.0,0,10,8,33,4
2026-08-21,S01,P604,8.0,27,5,30,33,4
2026-08-22,S01,P604,30.0,0,7,23,33,4
2026-08-23,S01,P604,23.0,0,4,19,33,4
2026-08-24,S01,P604,19.0,0,5,14,33,4
2026-08-25,S01,P604,14.0,24,13,25,33,4
2026-08-26,S01,P604,25.0,0,11,14,33,4
2026-08-27,S01,P604,14.0,0,9,5,33,4
2026-08-28,S01,P604,5.0,0,5,0,33,4
2026-08-29,S01,P604,0.0,29,16,13,33,4
2026-08-30,S01,P604,13.0,0,13,0,33,4
2026-08-31,S01,P604,0.0,0,0,0,33,4
2026-05-01,S01,P701,74.0,0,8,66,37,2
2026-05-02,S01,P701,66.0,0,16,50,37,2
2026-05-03,S01,P701,50.0,0,18,32,37,2
2026-05-04,S01,P701,32.0,0,9,23,37,2
2026-05-05,S01,P701,23.0,42,23,42,37,2
2026-05-06,S01,P701,42.0,0,12,30,37,2
2026-05-07,S01,P701,30.0,0,10,20,37,2
2026-05-08,S01,P701,20.0,44,4,60,37,2
2026-05-09,S01,P701,60.0,0,19,41,37,2
2026-05-10,S01,P701,41.0,0,13,28,37,2
2026-05-11,S01,P701,28.0,0,9,19,37,2
2026-05-12,S01,P701,19.0,46,19,46,37,2
2026-05-13,S01,P701,46.0,0,12,34,37,2
2026-05-14,S01,P701,34.0,0,8,26,37,2
2026-05-15,S01,P701,26.0,40,13,53,37,2
2026-05-16,S01,P701,53.0,0,11,42,37,2
2026-05-17,S01,P701,42.0,0,11,31,37,2
2026-05-18,S01,P701,31.0,0,15,16,37,2
2026-05-19,S01,P701,16.0,43,14,45,37,2
2026-05-20,S01,P701,45.0,0,11,34,37,2
2026-05-21,S01,P701,34.0,0,19,15,37,2
2026-05-22,S01,P701,15.0,40,17,38,37,2
2026-05-23,S01,P701,38.0,0,22,16,37,2
2026-05-24,S01,P701,16.0,0,7,9,37,2
2026-05-25,S01,P701,9.0,58,5,62,37,2
2026-05-26,S01,P701,62.0,0,9,53,37,2
2026-05-27,S01,P701,53.0,0,10,43,37,2
2026-05-28,S01,P701,43.0,0,6,37,37,2
2026-05-29,S01,P701,37.0,0,15,22,37,2
2026-05-30,S01,P701,22.0,0,9,13,37,2
2026-05-31,S01,P701,13.0,37,10,40,37,2
2026-06-01,S01,P701,40.0,0,9,31,37,2
2026-06-02,S01,P701,31.0,0,15,16,37,2
2026-06-03,S01,P701,16.0,43,8,51,37,2
2026-06-04,S01,P701,51.0,0,6,45,37,2
2026-06-05,S01,P701,45.0,0,15,30,37,2
2026-06-06,S01,P701,30.0,0,11,19,37,2
2026-06-07,S01,P701,19.0,44,13,50,37,2
2026-06-08,S01,P701,50.0,0,10,40,37,2
2026-06-09,S01,P701,40.0,0,25,15,37,2
2026-06-10,S01,P701,15.0,0,15,0,37,2
2026-06-11,S01,P701,0.0,59,15,44,37,2
2026-06-12,S01,P701,44.0,0,22,22,37,2
2026-06-13,S01,P701,22.0,0,22,0,37,2
2026-06-14,S01,P701,0.0,52,29,23,37,2
2026-06-15,S01,P701,23.0,0,10,13,37,2
2026-06-16,S01,P701,13.0,51,16,48,37,2
2026-06-17,S01,P701,48.0,0,25,23,37,2
2026-06-18,S01,P701,23.0,0,14,9,37,2
2026-06-19,S01,P701,9.0,51,5,55,37,2
2026-06-20,S01,P701,55.0,0,11,44,37,2
2026-06-21,S01,P701,44.0,0,15,29,37,2
2026-06-22,S01,P701,29.0,0,11,18,37,2
2026-06-23,S01,P701,18.0,45,7,56,37,2
2026-06-24,S01,P701,56.0,0,11,45,37,2
2026-06-25,S01,P701,45.0,0,17,28,37,2
2026-06-26,S01,P701,28.0,0,14,14,37,2
2026-06-27,S01,P701,14.0,46,12,48,37,2
2026-06-28,S01,P701,48.0,0,11,37,37,2
2026-06-29,S01,P701,37.0,0,11,26,37,2
2026-06-30,S01,P701,26.0,37,12,51,37,2
2026-07-01,S01,P701,51.0,0,8,43,37,2
2026-07-02,S01,P701,43.0,0,9,34,37,2
2026-07-03,S01,P701,34.0,0,11,23,37,2
2026-07-04,S01,P701,23.0,40,12,51,37,2
2026-07-05,S01,P701,51.0,0,15,36,37,2
2026-07-06,S01,P701,36.0,0,12,24,37,2
2026-07-07,S01,P701,24.0,38,12,50,37,2
2026-07-08,S01,P701,50.0,0,20,30,37,2
2026-07-09,S01,P701,30.0,0,16,14,37,2
2026-07-10,S01,P701,14.0,44,5,53,37,2
2026-07-11,S01,P701,53.0,0,11,42,37,2
2026-07-12,S01,P701,42.0,0,18,24,37,2
2026-07-13,S01,P701,24.0,0,7,17,37,2
2026-07-14,S01,P701,17.0,50,14,53,37,2
2026-07-15,S01,P701,53.0,0,16,37,37,2
2026-07-16,S01,P701,37.0,0,10,27,37,2
2026-07-17,S01,P701,27.0,37,7,57,37,2
2026-07-18,S01,P701,57.0,0,8,49,37,2
2026-07-19,S01,P701,49.0,0,11,38,37,2
2026-07-20,S01,P701,38.0,0,9,29,37,2
2026-07-21,S01,P701,29.0,0,4,25,37,2
2026-07-22,S01,P701,25.0,45,11,59,37,2
2026-07-23,S01,P701,59.0,0,10,49,37,2
2026-07-24,S01,P701,49.0,0,16,33,37,2
2026-07-25,S01,P701,33.0,0,22,11,37,2
2026-07-26,S01,P701,11.0,41,16,36,37,2
2026-07-27,S01,P701,36.0,0,11,25,37,2
2026-07-28,S01,P701,25.0,38,8,55,37,2
2026-07-29,S01,P701,55.0,0,14,41,37,2
2026-07-30,S01,P701,41.0,0,8,33,37,2
2026-07-31,S01,P701,33.0,0,10,23,37,2
2026-08-01,S01,P701,23.0,41,26,38,37,2
2026-08-02,S01,P701,38.0,0,13,25,37,2
2026-08-03,S01,P701,25.0,0,22,3,37,2
2026-08-04,S01,P701,3.0,49,7,45,37,2
2026-08-05,S01,P701,45.0,0,14,31,37,2
2026-08-06,S01,P701,31.0,0,12,19,37,2
2026-08-07,S01,P701,19.0,43,9,53,37,2
2026-08-08,S01,P701,53.0,0,9,44,37,2
2026-08-09,S01,P701,44.0,0,24,20,37,2
2026-08-10,S01,P701,20.0,0,13,7,37,2
2026-08-11,S01,P701,7.0,54,19,42,37,2
2026-08-12,S01,P701,42.0,0,5,37,37,2
2026-08-13,S01,P701,37.0,0,14,23,37,2
2026-08-14,S01,P701,23.0,37,11,49,37,2
2026-08-15,S01,P701,49.0,0,14,35,37,2
2026-08-16,S01,P701,35.0,0,9,26,37,2
2026-08-17,S01,P701,26.0,39,6,59,37,2
2026-08-18,S01,P701,59.0,0,17,42,37,2
2026-08-19,S01,P701,42.0,0,11,31,37,2
2026-08-20,S01,P701,31.0,0,15,16,37,2
2026-08-21,S01,P701,16.0,43,17,42,37,2
2026-08-22,S01,P701,42.0,0,3,39,37,2
2026-08-23,S01,P701,39.0,0,15,24,37,2
2026-08-24,S01,P701,24.0,0,16,8,37,2
2026-08-25,S01,P701,8.0,0,8,0,37,2
2026-08-26,S01,P701,0.0,50,10,40,37,2
2026-08-27,S01,P701,40.0,0,15,25,37,2
2026-08-28,S01,P701,25.0,0,7,18,37,2
2026-08-29,S01,P701,18.0,0,18,0,37,2
2026-08-30,S01,P701,0.0,49,18,31,37,2
2026-08-31,S01,P701,31.0,0,17,14,37,2
2026-05-01,S01,P702,28.0,0,8,20,14,2
2026-05-02,S01,P702,20.0,0,5,15,14,2
2026-05-03,S01,P702,15.0,0,8,7,14,2
2026-05-04,S01,P702,7.0,0,6,1,14,2
2026-05-05,S01,P702,1.0,21,10,12,14,2
2026-05-06,S01,P702,12.0,0,10,2,14,2
2026-05-07,S01,P702,2.0,16,4,14,14,2
2026-05-08,S01,P702,14.0,0,7,7,14,2
2026-05-09,S01,P702,7.0,14,9,12,14,2
2026-05-10,S01,P702,12.0,0,10,2,14,2
2026-05-11,S01,P702,2.0,16,5,13,14,2
2026-05-12,S01,P702,13.0,0,8,5,14,2
2026-05-13,S01,P702,5.0,0,3,2,14,2
2026-05-14,S01,P702,2.0,15,1,16,14,2
2026-05-15,S01,P702,16.0,0,5,11,14,2
2026-05-16,S01,P702,11.0,0,9,2,14,2
2026-05-17,S01,P702,2.0,17,13,6,14,2
2026-05-18,S01,P702,6.0,0,2,4,14,2
2026-05-19,S01,P702,4.0,22,9,17,14,2
2026-05-20,S01,P702,17.0,0,9,8,14,2
2026-05-21,S01,P702,8.0,0,4,4,14,2
2026-05-22,S01,P702,4.0,20,8,16,14,2
2026-05-23,S01,P702,16.0,0,5,11,14,2
2026-05-24,S01,P702,11.0,0,7,4,14,2
2026-05-25,S01,P702,4.0,17,7,14,14,2
2026-05-26,S01,P702,14.0,0,5,9,14,2
2026-05-27,S01,P702,9.0,14,2,21,14,2
2026-05-28,S01,P702,21.0,0,2,19,14,2
2026-05-29,S01,P702,19.0,0,5,14,14,2
2026-05-30,S01,P702,14.0,0,8,6,14,2
2026-05-31,S01,P702,6.0,14,8,12,14,2
2026-06-01,S01,P702,12.0,0,3,9,14,2
2026-06-02,S01,P702,9.0,16,10,15,14,2
2026-06-03,S01,P702,15.0,0,9,6,14,2
2026-06-04,S01,P702,6.0,0,6,0,14,2
2026-06-05,S01,P702,0.0,22,8,14,14,2
2026-06-06,S01,P702,14.0,0,4,10,14,2
2026-06-07,S01,P702,10.0,14,6,18,14,2
2026-06-08,S01,P702,18.0,0,3,15,14,2
2026-06-09,S01,P702,15.0,0,4,11,14,2
2026-06-10,S01,P702,11.0,0,5,6,14,2
2026-06-11,S01,P702,6.0,17,7,16,14,2
2026-06-12,S01,P702,16.0,0,6,10,14,2
2026-06-13,S01,P702,10.0,0,10,0,14,2
2026-06-14,S01,P702,0.0,18,9,9,14,2
2026-06-15,S01,P702,9.0,0,4,5,14,2
2026-06-16,S01,P702,5.0,19,2,22,14,2
2026-06-17,S01,P702,22.0,0,8,14,14,2
2026-06-18,S01,P702,14.0,0,3,11,14,2
2026-06-19,S01,P702,11.0,14,8,17,14,2
2026-06-20,S01,P702,17.0,0,10,7,14,2
2026-06-21,S01,P702,7.0,0,6,1,14,2
2026-06-22,S01,P702,1.0,21,5,17,14,2
2026-06-23,S01,P702,17.0,0,6,11,14,2
2026-06-24,S01,P702,11.0,0,9,2,14,2
2026-06-25,S01,P702,2.0,17,6,13,14,2
2026-06-26,S01,P702,13.0,0,5,8,14,2
2026-06-27,S01,P702,8.0,0,5,3,14,2
2026-06-28,S01,P702,3.0,15,18,0,14,2
2026-06-29,S01,P702,0.0,0,0,0,14,2
2026-06-30,S01,P702,0.0,28,13,15,14,2
2026-07-01,S01,P702,15.0,0,14,1,14,2
2026-07-02,S01,P702,1.0,0,1,0,14,2
2026-07-03,S01,P702,0.0,27,7,20,14,2
2026-07-04,S01,P702,20.0,0,5,15,14,2
2026-07-05,S01,P702,15.0,0,5,10,14,2
2026-07-06,S01,P702,10.0,0,4,6,14,2
2026-07-07,S01,P702,6.0,18,3,21,14,2
2026-07-08,S01,P702,21.0,0,4,17,14,2
2026-07-09,S01,P702,17.0,0,10,7,14,2
2026-07-10,S01,P702,7.0,0,6,1,14,2
2026-07-11,S01,P702,1.0,21,5,17,14,2
2026-07-12,S01,P702,17.0,0,10,7,14,2
2026-07-13,S01,P702,7.0,0,4,3,14,2
2026-07-14,S01,P702,3.0,21,1,23,14,2
2026-07-15,S01,P702,23.0,0,2,21,14,2
2026-07-16,S01,P702,21.0,0,10,11,14,2
2026-07-17,S01,P702,11.0,0,2,9,14,2
2026-07-18,S01,P702,9.0,17,9,17,14,2
2026-07-19,S01,P702,17.0,0,6,11,14,2
2026-07-20,S01,P702,11.0,0,7,4,14,2
2026-07-21,S01,P702,4.0,17,8,13,14,2
2026-07-22,S01,P702,13.0,0,5,8,14,2
2026-07-23,S01,P702,8.0,15,8,15,14,2
2026-07-24,S01,P702,15.0,0,6,9,14,2
2026-07-25,S01,P702,9.0,0,7,2,14,2
2026-07-26,S01,P702,2.0,19,8,13,14,2
2026-07-27,S01,P702,13.0,0,6,7,14,2
2026-07-28,S01,P702,7.0,15,8,14,14,2
2026-07-29,S01,P702,14.0,0,5,9,14,2
2026-07-30,S01,P702,9.0,14,9,14,14,2
2026-07-31,S01,P702,14.0,0,1,13,14,2
2026-08-01,S01,P702,13.0,14,8,19,14,2
2026-08-02,S01,P702,19.0,0,4,15,14,2
2026-08-03,S01,P702,15.0,0,6,9,14,2
2026-08-04,S01,P702,9.0,0,6,3,14,2
2026-08-05,S01,P702,3.0,19,8,14,14,2
2026-08-06,S01,P702,14.0,0,6,8,14,2
2026-08-07,S01,P702,8.0,14,4,18,14,2
2026-08-08,S01,P702,18.0,0,3,15,14,2
2026-08-09,S01,P702,15.0,0,4,11,14,2
2026-08-10,S01,P702,11.0,0,5,6,14,2
2026-08-11,S01,P702,6.0,17,5,18,14,2
2026-08-12,S01,P702,18.0,0,6,12,14,2
2026-08-13,S01,P702,12.0,0,5,7,14,2
2026-08-14,S01,P702,7.0,16,9,14,14,2
2026-08-15,S01,P702,14.0,0,11,-22,14,2
2026-08-16,S01,P702,3.0,0,3,0,14,2
2026-08-17,S01,P702,0.0,0,0,0,14,2
2026-08-18,S01,P702,0.0,28,12,16,14,2
2026-08-19,S01,P702,16.0,0,9,7,14,2
2026-08-20,S01,P702,7.0,0,7,0,14,2
2026-08-21,S01,P702,0.0,21,6,15,14,2
2026-08-22,S01,P702,15.0,0,5,10,14,2
2026-08-23,S01,P702,10.0,0,9,1,14,2
2026-08-24,S01,P702,1.0,18,4,15,14,2
2026-08-25,S01,P702,15.0,0,4,11,14,2
2026-08-26,S01,P702,11.0,0,8,3,14,2
2026-08-27,S01,P702,3.0,17,8,12,14,2
2026-08-28,S01,P702,12.0,0,6,6,14,2
2026-08-29,S01,P702,6.0,16,8,14,14,2
2026-08-30,S01,P702,14.0,0,6,8,14,2
2026-08-31,S01,P702,8.0,14,3,19,14,2
2026-05-01,S01,P703,26.0,0,6,20,13,2
2026-05-02,S01,P703,20.0,0,6,14,13,2
2026-05-03,S01,P703,14.0,0,3,11,13,2
2026-05-04,S01,P703,11.0,0,7,4,13,2
2026-05-05,S01,P703,4.0,15,3,16,13,2
2026-05-06,S01,P703,16.0,0,4,12,13,2
2026-05-07,S01,P703,12.0,0,4,8,13,2
2026-05-08,S01,P703,8.0,14,5,17,13,2
2026-05-09,S01,P703,17.0,0,0,17,13,2
2026-05-10,S01,P703,17.0,0,6,11,13,2
2026-05-11,S01,P703,11.0,0,10,1,13,2
2026-05-12,S01,P703,1.0,15,6,10,13,2
2026-05-13,S01,P703,10.0,0,3,7,13,2
2026-05-14,S01,P703,7.0,16,3,20,13,2
2026-05-15,S01,P703,20.0,0,5,15,13,2
2026-05-16,S01,P703,15.0,0,2,13,13,2
2026-05-17,S01,P703,13.0,0,4,9,13,2
2026-05-18,S01,P703,9.0,13,5,17,13,2
2026-05-19,S01,P703,17.0,0,4,13,13,2
2026-05-20,S01,P703,13.0,0,6,7,13,2
2026-05-21,S01,P703,7.0,13,4,16,13,2
2026-05-22,S01,P703,16.0,0,4,12,13,2
2026-05-23,S01,P703,12.0,0,7,5,13,2
2026-05-24,S01,P703,5.0,14,5,14,13,2
2026-05-25,S01,P703,14.0,0,4,10,13,2
2026-05-26,S01,P703,10.0,0,3,7,13,2
2026-05-27,S01,P703,7.0,16,5,18,13,2
2026-05-28,S01,P703,18.0,0,1,17,13,2
2026-05-29,S01,P703,17.0,0,7,10,13,2
2026-05-30,S01,P703,10.0,0,2,8,13,2
2026-05-31,S01,P703,8.0,16,6,18,13,2
2026-06-01,S01,P703,18.0,0,2,16,13,2
2026-06-02,S01,P703,16.0,0,3,13,13,2
2026-06-03,S01,P703,13.0,0,3,10,13,2
2026-06-04,S01,P703,10.0,0,6,4,13,2
2026-06-05,S01,P703,4.0,13,3,14,13,2
2026-06-06,S01,P703,14.0,0,10,4,13,2
2026-06-07,S01,P703,4.0,0,4,0,13,2
2026-06-08,S01,P703,0.0,22,5,17,13,2
2026-06-09,S01,P703,17.0,0,4,13,13,2
2026-06-10,S01,P703,13.0,0,3,10,13,2
2026-06-11,S01,P703,10.0,13,5,18,13,2
2026-06-12,S01,P703,18.0,0,5,13,13,2
2026-06-13,S01,P703,13.0,0,5,8,13,2
2026-06-14,S01,P703,8.0,13,7,14,13,2
2026-06-15,S01,P703,14.0,0,3,11,13,2
2026-06-16,S01,P703,11.0,0,6,5,13,2
2026-06-17,S01,P703,5.0,15,9,11,13,2
2026-06-18,S01,P703,11.0,0,3,8,13,2
2026-06-19,S01,P703,8.0,15,3,20,13,2
2026-06-20,S01,P703,20.0,0,10,10,13,2
2026-06-21,S01,P703,10.0,0,5,5,13,2
2026-06-22,S01,P703,5.0,16,2,19,13,2
2026-06-23,S01,P703,19.0,0,3,16,13,2
2026-06-24,S01,P703,16.0,0,4,12,13,2
2026-06-25,S01,P703,12.0,0,6,6,13,2
2026-06-26,S01,P703,6.0,14,3,17,13,2
2026-06-27,S01,P703,17.0,0,7,10,13,2
2026-06-28,S01,P703,10.0,0,3,7,13,2
2026-06-29,S01,P703,7.0,16,5,18,13,2
2026-06-30,S01,P703,18.0,0,5,13,13,2
2026-07-01,S01,P703,13.0,0,10,3,13,2
2026-07-02,S01,P703,3.0,13,6,10,13,2
2026-07-03,S01,P703,10.0,0,4,6,13,2
2026-07-04,S01,P703,6.0,16,5,17,13,2
2026-07-05,S01,P703,17.0,0,6,11,13,2
2026-07-06,S01,P703,11.0,0,5,6,13,2
2026-07-07,S01,P703,6.0,15,4,17,13,2
2026-07-08,S01,P703,17.0,0,4,13,13,2
2026-07-09,S01,P703,13.0,0,6,7,13,2
2026-07-10,S01,P703,7.0,13,3,17,13,2
2026-07-11,S01,P703,17.0,0,10,7,13,2
2026-07-12,S01,P703,7.0,0,7,0,13,2
2026-07-13,S01,P703,0.0,0,0,0,13,2
2026-07-14,S01,P703,0.0,19,4,15,13,2
2026-07-15,S01,P703,15.0,0,1,14,13,2
2026-07-16,S01,P703,14.0,0,5,9,13,2
2026-07-17,S01,P703,9.0,0,3,6,13,2
2026-07-18,S01,P703,6.0,17,8,15,13,2
2026-07-19,S01,P703,15.0,0,8,7,13,2
2026-07-20,S01,P703,7.0,0,5,2,13,2
2026-07-21,S01,P703,2.0,19,5,16,13,2
2026-07-22,S01,P703,16.0,0,5,11,13,2
2026-07-23,S01,P703,11.0,0,2,9,13,2
2026-07-24,S01,P703,9.0,15,4,20,13,2
2026-07-25,S01,P703,20.0,0,8,12,13,2
2026-07-26,S01,P703,12.0,0,10,2,13,2
2026-07-27,S01,P703,2.0,14,9,7,13,2
2026-07-28,S01,P703,7.0,0,5,2,13,2
2026-07-29,S01,P703,2.0,19,6,15,13,2
2026-07-30,S01,P703,15.0,0,3,12,13,2
2026-07-31,S01,P703,12.0,0,5,7,13,2
2026-08-01,S01,P703,7.0,14,6,15,13,2
2026-08-02,S01,P703,15.0,0,5,10,13,2
2026-08-03,S01,P703,10.0,0,4,6,13,2
2026-08-04,S01,P703,6.0,16,3,19,13,2
2026-08-05,S01,P703,19.0,0,6,13,13,2
2026-08-06,S01,P703,13.0,0,8,5,13,2
2026-08-07,S01,P703,5.0,13,4,14,13,2
2026-08-08,S01,P703,14.0,0,4,10,13,2
2026-08-09,S01,P703,10.0,0,6,4,13,2
2026-08-10,S01,P703,4.0,16,6,14,13,2
2026-08-11,S01,P703,14.0,0,3,11,13,2
2026-08-12,S01,P703,11.0,0,6,5,13,2
2026-08-13,S01,P703,5.0,0,2,3,13,2
2026-08-14,S01,P703,3.0,15,3,15,13,2
2026-08-15,S01,P703,15.0,0,3,12,13,2
2026-08-16,S01,P703,12.0,0,6,6,13,2
2026-08-17,S01,P703,6.0,14,2,18,13,2
2026-08-18,S01,P703,18.0,0,8,10,13,2
2026-08-19,S01,P703,10.0,0,10,0,13,2
2026-08-20,S01,P703,0.0,16,6,10,13,2
2026-08-21,S01,P703,10.0,0,7,3,13,2
2026-08-22,S01,P703,3.0,16,12,7,13,2
2026-08-23,S01,P703,7.0,0,7,0,13,2
2026-08-24,S01,P703,0.0,19,2,17,13,2
2026-08-25,S01,P703,17.0,0,4,13,13,2
2026-08-26,S01,P703,13.0,0,5,35,13,2
2026-08-27,S01,P703,8.0,13,9,12,13,2
2026-08-28,S01,P703,12.0,0,9,3,13,2
2026-08-29,S01,P703,3.0,14,6,11,13,2
2026-08-30,S01,P703,11.0,0,6,5,13,2
2026-08-31,S01,P703,5.0,15,7,13,13,2
2026-08-24,S01,P447,99.0,0,13,86,56,3
2026-08-25,S01,P447,86.0,0,26,60,56,3
2026-08-26,S01,P447,60.0,0,33,27,56,3
2026-08-27,S01,P447,27.0,0,15,-8,56,3
2026-08-28,S01,P447,12.0,0,12,0,56,3
2026-08-29,S01,P447,0.0,72,19,53,56,3
2026-08-30,S01,P447,53.0,0,21,32,56,3
2026-08-31,S01,P447,32.0,0,7,25,56,3
2026-08-27,S01,P335,82.0,0,28,54,46,3
2026-08-28,S01,P335,54.0,0,23,31,46,3
2026-08-29,S01,P335,31.0,0,12,19,46,3
2026-08-30,S01,P335,19.0,0,11,8,46,3
2026-08-31,S01,P335,8.0,0,8,0,46,3
2026-08-20,S01,P705,51.0,0,10,41,25,2
2026-08-21,S01,P705,41.0,0,12,29,25,2
2026-08-22,S01,P705,29.0,0,10,19,25,2
2026-08-23,S01,P705,19.0,0,3,16,25,2
2026-08-24,S01,P705,16.0,32,9,39,25,2
2026-08-25,S01,P705,39.0,0,19,20,25,2
2026-08-26,S01,P705,20.0,0,7,13,25,2
2026-08-27,S01,P705,13.0,31,5,39,25,2
2026-08-28,S01,P705,39.0,0,7,32,25,2
2026-08-29,S01,P705,32.0,0,11,21,25,2
2026-08-30,S01,P705,21.0,0,6,15,25,2
2026-08-31,S01,P705,15.0,0,11,4,25,2
2026-05-01,S02,P101,369.0,0,117,252,231,1
2026-05-02,S02,P101,252.0,0,76,176,231,1
2026-05-03,S02,P101,176.0,193,102,267,231,1
2026-05-04,S02,P101,267.0,0,126,141,231,1
2026-05-05,S02,P101,141.0,228,85,284,231,1
2026-05-06,S02,P101,284.0,0,101,183,231,1
2026-05-07,S02,P101,183.0,186,71,298,231,1
2026-05-08,S02,P101,298.0,0,93,205,231,1
2026-05-09,S02,P101,205.0,164,101,268,231,1
2026-05-10,S02,P101,268.0,0,72,196,231,1
2026-05-11,S02,P101,196.0,0,99,97,231,1
2026-05-12,S02,P101,97.0,173,82,188,231,1
2026-05-13,S02,P101,188.0,181,192,177,231,1
2026-05-14,S02,P101,177.0,192,157,212,231,1
2026-05-15,S02,P101,212.0,157,211,158,231,1
2026-05-16,S02,P101,158.0,211,207,162,231,1
2026-05-17,S02,P101,162.0,207,214,155,231,1
2026-05-18,S02,P101,155.0,214,178,191,231,1
2026-05-19,S02,P101,191.0,178,171,198,231,1
2026-05-20,S02,P101,198.0,171,58,311,231,1
2026-05-21,S02,P101,311.0,0,61,250,231,1
2026-05-22,S02,P101,250.0,0,114,136,231,1
2026-05-23,S02,P101,136.0,233,122,247,231,1
2026-05-24,S02,P101,247.0,0,115,132,231,1
2026-05-25,S02,P101,132.0,237,95,274,231,1
2026-05-26,S02,P101,274.0,0,91,183,231,1
2026-05-27,S02,P101,183.0,0,107,76,231,1
2026-05-28,S02,P101,76.0,186,89,173,231,1
2026-05-29,S02,P101,173.0,196,85,284,231,1
2026-05-30,S02,P101,284.0,0,86,198,231,1
2026-05-31,S02,P101,198.0,171,79,290,231,1
2026-06-01,S02,P101,290.0,0,95,195,231,1
2026-06-02,S02,P101,195.0,174,86,283,231,1
2026-06-03,S02,P101,283.0,0,96,187,231,1
2026-06-04,S02,P101,187.0,182,88,281,231,1
2026-06-05,S02,P101,281.0,0,110,171,231,1
2026-06-06,S02,P101,171.0,198,109,260,231,1
2026-06-07,S02,P101,260.0,0,130,130,231,1
2026-06-08,S02,P101,130.0,239,53,316,231,1
2026-06-09,S02,P101,316.0,0,79,237,231,1
2026-06-10,S02,P101,237.0,0,85,152,231,1
2026-06-11,S02,P101,152.0,217,94,275,231,1
2026-06-12,S02,P101,275.0,0,166,109,231,1
2026-06-13,S02,P101,109.0,260,118,251,231,1
2026-06-14,S02,P101,251.0,0,170,81,231,1
2026-06-15,S02,P101,81.0,288,186,183,231,1
2026-06-16,S02,P101,183.0,186,76,293,231,1
2026-06-17,S02,P101,293.0,0,81,212,231,1
2026-06-18,S02,P101,212.0,157,136,233,231,1
2026-06-19,S02,P101,233.0,0,123,110,231,1
2026-06-20,S02,P101,110.0,259,122,247,231,1
2026-06-21,S02,P101,247.0,0,92,155,231,1
2026-06-22,S02,P101,155.0,214,79,290,231,1
2026-06-23,S02,P101,290.0,0,77,213,231,1
2026-06-24,S02,P101,213.0,156,74,-6,231,1
2026-06-25,S02,P101,295.0,0,116,179,231,1
2026-06-26,S02,P101,179.0,190,123,246,231,1
2026-06-27,S02,P101,246.0,0,122,124,231,1
2026-06-28,S02,P101,124.0,245,66,303,231,1
2026-06-29,S02,P101,303.0,0,68,235,231,1
2026-06-30,S02,P101,235.0,0,108,127,231,1
2026-07-01,S02,P101,127.0,242,94,275,231,1
2026-07-02,S02,P101,275.0,0,123,152,231,1
2026-07-03,S02,P101,152.0,217,111,258,231,1
2026-07-04,S02,P101,258.0,0,108,150,231,1
2026-07-05,S02,P101,150.0,219,119,275,231,1
2026-07-06,S02,P101,250.0,0,82,168,231,1
2026-07-07,S02,P101,168.0,201,82,287,231,1
2026-07-08,S02,P101,287.0,0,110,177,231,1
2026-07-09,S02,P101,177.0,192,99,270,231,1
2026-07-10,S02,P101,270.0,0,91,179,231,1
2026-07-11,S02,P101,179.0,190,96,273,231,1
2026-07-12,S02,P101,273.0,0,89,184,231,1
2026-07-13,S02,P101,184.0,185,63,306,231,1
2026-07-14,S02,P101,306.0,0,89,217,231,1
2026-07-15,S02,P101,217.0,152,192,177,231,1
2026-07-16,S02,P101,177.0,192,176,193,231,1
2026-07-17,S02,P101,193.0,176,165,204,231,1
2026-07-18,S02,P101,204.0,0,115,89,231,1
2026-07-19,S02,P101,89.0,165,230,24,231,1
2026-07-20,S02,P101,24.0,345,227,142,231,1
2026-07-21,S02,P101,142.0,227,162,207,231,1
2026-07-22,S02,P101,207.0,162,58,311,231,1
2026-07-23,S02,P101,311.0,0,117,194,231,1
2026-07-24,S02,P101,194.0,175,54,315,231,1
2026-07-25,S02,P101,315.0,0,81,234,231,1
2026-07-26,S02,P101,234.0,0,84,150,231,1
2026-07-27,S02,P101,150.0,219,86,283,231,1
2026-07-28,S02,P101,283.0,0,96,187,231,1
2026-07-29,S02,P101,187.0,182,93,276,231,1
2026-07-30,S02,P101,276.0,0,64,212,231,1
2026-07-31,S02,P101,212.0,157,81,288,231,1
2026-08-01,S02,P101,288.0,0,132,156,231,1
2026-08-02,S02,P101,156.0,213,131,238,231,1
2026-08-03,S02,P101,238.0,0,136,102,231,1
2026-08-04,S02,P101,102.0,267,72,297,231,1
2026-08-05,S02,P101,297.0,0,85,212,231,1
2026-08-06,S02,P101,212.0,157,89,280,231,1
2026-08-07,S02,P101,280.0,0,65,215,231,1
2026-08-08,S02,P101,215.0,154,197,172,231,1
2026-08-09,S02,P101,172.0,197,102,267,231,1
2026-08-10,S02,P101,267.0,0,107,160,231,1
2026-08-11,S02,P101,160.0,209,64,305,231,1
2026-08-12,S02,P101,305.0,0,165,140,231,1
2026-08-13,S02,P101,140.0,0,102,38,231,1
2026-08-14,S02,P101,38.0,229,149,118,231,1
2026-08-15,S02,P101,118.0,251,129,240,231,1
2026-08-16,S02,P101,240.0,0,187,53,231,1
2026-08-17,S02,P101,53.0,316,144,225,231,1
2026-08-18,S02,P101,225.0,144,106,263,231,1
2026-08-19,S02,P101,263.0,0,102,161,231,1
2026-08-20,S02,P101,161.0,208,78,291,231,1
2026-08-21,S02,P101,291.0,0,185,106,231,1
2026-08-22,S02,P101,106.0,0,106,0,231,1
2026-08-23,S02,P101,0.0,263,153,110,231,1
2026-08-24,S02,P101,110.0,259,92,277,231,1
2026-08-25,S02,P101,277.0,0,168,109,231,1
2026-08-26,S02,P101,109.0,260,174,195,231,1
2026-08-27,S02,P101,195.0,174,96,273,231,1
2026-08-28,S02,P101,273.0,0,93,180,231,1
2026-08-29,S02,P101,180.0,189,112,257,231,1
2026-08-30,S02,P101,257.0,0,90,167,231,1
2026-08-31,S02,P101,167.0,0,111,56,231,1
2026-05-01,S02,P102,136.0,0,53,83,85,1
2026-05-02,S02,P102,83.0,53,49,87,85,1
2026-05-03,S02,P102,87.0,0,63,24,85,1
2026-05-04,S02,P102,24.0,112,48,88,85,1
2026-05-05,S02,P102,88.0,0,29,59,85,1
2026-05-06,S02,P102,59.0,77,28,108,85,1
2026-05-07,S02,P102,108.0,0,68,40,85,1
2026-05-08,S02,P102,40.0,96,83,53,85,1
2026-05-09,S02,P102,53.0,83,77,59,85,1
2026-05-10,S02,P102,59.0,77,67,69,85,1
2026-05-11,S02,P102,69.0,67,97,39,85,1
2026-05-12,S02,P102,39.0,97,28,108,85,1
2026-05-13,S02,P102,108.0,0,23,85,85,1
2026-05-14,S02,P102,85.0,0,35,50,85,1
2026-05-15,S02,P102,50.0,51,54,47,85,1
2026-05-16,S02,P102,47.0,89,57,79,85,1
2026-05-17,S02,P102,79.0,57,41,95,85,1
2026-05-18,S02,P102,95.0,0,46,49,85,1
2026-05-19,S02,P102,49.0,87,27,109,85,1
2026-05-20,S02,P102,109.0,0,45,64,85,1
2026-05-21,S02,P102,64.0,72,41,95,85,1
2026-05-22,S02,P102,95.0,0,40,55,85,1
2026-05-23,S02,P102,55.0,81,33,103,85,1
2026-05-24,S02,P102,103.0,0,28,75,85,1
2026-05-25,S02,P102,75.0,61,37,99,85,1
2026-05-26,S02,P102,99.0,0,34,65,85,1
2026-05-27,S02,P102,65.0,71,69,67,85,1
2026-05-28,S02,P102,67.0,69,33,103,85,1
2026-05-29,S02,P102,103.0,0,47,56,85,1
2026-05-30,S02,P102,56.0,80,20,116,85,1
2026-05-31,S02,P102,116.0,0,55,61,85,1
2026-06-01,S02,P102,61.0,75,36,100,85,1
2026-06-02,S02,P102,100.0,0,46,54,85,1
2026-06-03,S02,P102,54.0,82,36,100,85,1
2026-06-04,S02,P102,100.0,0,45,55,85,1
2026-06-05,S02,P102,55.0,81,70,66,85,1
2026-06-06,S02,P102,66.0,70,46,90,85,1
2026-06-07,S02,P102,90.0,0,73,17,85,1
2026-06-08,S02,P102,17.0,119,68,68,85,1
2026-06-09,S02,P102,68.0,68,95,41,85,1
2026-06-10,S02,P102,41.0,0,41,0,85,1
2026-06-11,S02,P102,0.0,95,26,69,85,1
2026-06-12,S02,P102,69.0,67,62,74,85,1
2026-06-13,S02,P102,74.0,62,51,85,85,1
2026-06-15,S02,P102,90.0,0,42,48,85,1
2026-06-16,S02,P102,48.0,88,41,95,85,1
2026-06-17,S02,P102,95.0,0,32,63,85,1
2026-06-18,S02,P102,63.0,73,43,93,85,1
2026-06-19,S02,P102,93.0,0,38,55,85,1
2026-06-20,S02,P102,55.0,81,56,80,85,1
2026-06-21,S02,P102,80.0,56,65,71,85,1
2026-06-22,S02,P102,71.0,65,36,100,85,1
2026-06-23,S02,P102,100.0,0,48,52,85,1
2026-06-24,S02,P102,52.0,84,44,92,85,1
2026-06-25,S02,P102,92.0,0,55,37,85,1
2026-06-26,S02,P102,37.0,99,47,89,85,1
2026-06-27,S02,P102,89.0,0,48,41,85,1
2026-06-28,S02,P102,41.0,95,17,119,85,1
2026-06-29,S02,P102,119.0,0,42,77,85,1
2026-06-30,S02,P102,77.0,59,49,87,85,1
2026-07-01,S02,P102,87.0,0,39,48,85,1
2026-07-02,S02,P102,48.0,88,21,115,85,1
2026-07-03,S02,P102,115.0,0,35,80,85,1
2026-07-04,S02,P102,80.0,56,72,64,85,1
2026-07-05,S02,P102,64.0,72,79,57,85,1
2026-07-06,S02,P102,57.0,79,28,108,85,1
2026-07-07,S02,P102,108.0,0,54,54,85,1
2026-07-08,S02,P102,54.0,82,41,95,85,1
2026-07-09,S02,P102,95.0,0,53,42,85,1
2026-07-10,S02,P102,42.0,94,40,96,85,1
2026-07-11,S02,P102,96.0,0,47,49,85,1
2026-07-12,S02,P102,49.0,87,38,98,85,1
2026-07-13,S02,P102,98.0,0,47,51,85,1
2026-07-14,S02,P102,51.0,85,85,51,85,1
2026-07-15,S02,P102,51.0,85,77,59,85,1
2026-07-16,S02,P102,59.0,77,92,44,85,1
2026-07-17,S02,P102,44.0,92,16,120,85,1
2026-07-18,S02,P102,120.0,0,46,74,85,1
2026-07-19,S02,P102,74.0,0,41,33,85,1
2026-07-20,S02,P102,33.0,62,42,53,85,1
2026-07-21,S02,P102,53.0,83,39,97,85,1
2026-07-22,S02,P102,97.0,0,39,58,85,1
2026-07-23,S02,P102,58.0,78,39,97,85,1
2026-07-24,S02,P102,97.0,0,39,58,85,1
2026-07-25,S02,P102,58.0,78,42,94,85,1
2026-07-26,S02,P102,94.0,0,51,43,85,1
2026-07-27,S02,P102,43.0,93,36,100,85,1
2026-07-28,S02,P102,100.0,0,41,59,85,1
2026-07-29,S02,P102,59.0,77,33,103,85,1
2026-07-30,S02,P102,103.0,0,19,84,85,1
2026-07-31,S02,P102,84.0,0,68,16,85,1
2026-08-01,S02,P102,16.0,120,61,75,85,1
2026-08-02,S02,P102,75.0,61,56,80,85,1
2026-08-03,S02,P102,80.0,56,65,71,85,1
2026-08-04,S02,P102,71.0,65,57,79,85,1
2026-08-05,S02,P102,79.0,0,36,43,85,1
2026-08-06,S02,P102,43.0,0,40,3,85,1
2026-08-07,S02,P102,3.0,133,38,98,85,1
2026-08-08,S02,P102,98.0,0,62,36,85,1
2026-08-09,S02,P102,36.0,100,62,74,85,1
2026-08-10,S02,P102,74.0,62,38,98,85,1
2026-08-11,S02,P102,98.0,0,49,49,85,1
2026-08-12,S02,P102,49.0,87,55,81,85,1
2026-08-13,S02,P102,81.0,55,101,35,85,1
2026-08-14,S02,P102,35.0,101,93,43,85,1
2026-08-15,S02,P102,43.0,93,61,75,85,1
2026-08-16,S02,P102,75.0,61,49,87,85,1
2026-08-17,S02,P102,87.0,0,29,58,85,1
2026-08-18,S02,P102,58.0,78,56,80,85,1
2026-08-19,S02,P102,80.0,56,34,102,85,1
2026-08-20,S02,P102,102.0,0,49,53,85,1
2026-08-21,S02,P102,53.0,0,46,7,85,1
2026-08-22,S02,P102,7.0,83,54,36,85,1
2026-08-23,S02,P102,36.0,100,57,79,85,1
2026-08-24,S02,P102,79.0,57,67,69,85,1
2026-08-25,S02,P102,69.0,67,40,96,85,1
2026-08-26,S02,P102,96.0,0,68,28,85,1
2026-08-27,S02,P102,28.0,108,40,96,85,1
2026-08-28,S02,P102,96.0,0,52,44,85,1
2026-08-29,S02,P102,44.0,92,72,64,85,1
2026-08-30,S02,P102,64.0,72,56,80,85,1
2026-08-31,S02,P102,80.0,0,71,9,85,1
2026-05-01,S02,P103,81.0,0,12,69,40,2
2026-05-02,S02,P103,69.0,0,19,50,40,2
2026-05-03,S02,P103,50.0,0,16,34,40,2
2026-05-04,S02,P103,34.0,0,21,13,40,2
2026-05-05,S02,P103,13.0,47,13,47,40,2
2026-05-06,S02,P103,47.0,0,18,29,40,2
2026-05-07,S02,P103,29.0,0,14,15,40,2
2026-05-08,S02,P103,15.0,52,11,56,40,2
2026-05-09,S02,P103,56.0,0,26,-2,40,2
2026-05-10,S02,P103,30.0,0,13,17,40,2
2026-05-11,S02,P103,17.0,51,15,53,40,2
2026-05-12,S02,P103,53.0,0,15,38,40,2
2026-05-13,S02,P103,38.0,0,10,28,40,2
2026-05-14,S02,P103,28.0,0,6,22,40,2
2026-05-15,S02,P103,22.0,0,10,12,40,2
2026-05-16,S02,P103,12.0,43,14,41,40,2
2026-05-17,S02,P103,41.0,0,26,15,40,2
2026-05-18,S02,P103,15.0,0,15,0,40,2
2026-05-19,S02,P103,0.0,66,9,57,40,2
2026-05-20,S02,P103,57.0,0,6,51,40,2
2026-05-21,S02,P103,51.0,0,16,35,40,2
2026-05-22,S02,P103,35.0,0,13,22,40,2
2026-05-23,S02,P103,22.0,46,14,54,40,2
2026-05-24,S02,P103,54.0,0,11,43,40,2
2026-05-25,S02,P103,43.0,0,22,21,40,2
2026-05-26,S02,P103,21.0,0,21,0,40,2
2026-05-27,S02,P103,0.0,60,11,49,40,2
2026-05-28,S02,P103,49.0,0,16,33,40,2
2026-05-29,S02,P103,33.0,0,17,16,40,2
2026-05-30,S02,P103,16.0,48,27,56,40,2
2026-05-31,S02,P103,37.0,0,15,22,40,2
2026-06-01,S02,P103,22.0,44,11,55,40,2
2026-06-02,S02,P103,55.0,0,17,38,40,2
2026-06-03,S02,P103,38.0,0,14,24,40,2
2026-06-04,S02,P103,24.0,43,11,56,40,2
2026-06-05,S02,P103,56.0,0,14,42,40,2
2026-06-06,S02,P103,42.0,0,10,32,40,2
2026-06-07,S02,P103,32.0,0,15,17,40,2
2026-06-08,S02,P103,17.0,49,13,53,40,2
2026-06-09,S02,P103,53.0,0,12,41,40,2
2026-06-10,S02,P103,41.0,0,10,31,40,2
2026-06-11,S02,P103,31.0,0,9,22,40,2
2026-06-12,S02,P103,22.0,50,12,73,40,2
2026-06-13,S02,P103,60.0,0,19,41,40,2
2026-06-14,S02,P103,41.0,0,10,31,40,2
2026-06-15,S02,P103,31.0,0,15,16,40,2
2026-06-16,S02,P103,16.0,50,10,56,40,2
2026-06-17,S02,P103,56.0,0,10,46,40,2
2026-06-18,S02,P103,46.0,0,15,31,40,2
2026-06-19,S02,P103,31.0,0,18,13,40,2
2026-06-20,S02,P103,13.0,50,18,45,40,2
2026-06-21,S02,P103,45.0,0,7,38,40,2
2026-06-22,S02,P103,38.0,0,22,16,40,2
2026-06-23,S02,P103,16.0,0,16,0,40,2
2026-06-24,S02,P103,0.0,43,18,25,40,2
2026-06-25,S02,P103,25.0,0,20,5,40,2
2026-06-26,S02,P103,5.0,0,5,0,40,2
2026-06-27,S02,P103,0.0,56,9,47,40,2
2026-06-28,S02,P103,47.0,0,18,29,40,2
2026-06-29,S02,P103,29.0,0,11,18,40,2
2026-06-30,S02,P103,18.0,52,13,57,40,2
2026-07-01,S02,P103,57.0,0,9,48,40,2
2026-07-02,S02,P103,48.0,0,22,26,40,2
2026-07-03,S02,P103,26.0,0,11,15,40,2
2026-07-04,S02,P103,15.0,55,32,38,40,2
2026-07-05,S02,P103,38.0,0,11,27,40,2
2026-07-06,S02,P103,27.0,43,16,54,40,2
2026-07-07,S02,P103,54.0,0,9,45,40,2
2026-07-08,S02,P103,45.0,0,18,27,40,2
2026-07-09,S02,P103,27.0,0,16,11,40,2
2026-07-10,S02,P103,11.0,54,10,55,40,2
2026-07-11,S02,P103,55.0,0,13,42,40,2
2026-07-12,S02,P103,42.0,0,9,33,40,2
2026-07-13,S02,P103,33.0,0,16,17,40,2
2026-07-14,S02,P103,17.0,48,16,49,40,2
2026-07-15,S02,P103,49.0,0,13,36,40,2
2026-07-16,S02,P103,36.0,0,13,23,40,2
2026-07-17,S02,P103,23.0,45,15,53,40,2
2026-07-18,S02,P103,53.0,0,25,28,40,2
2026-07-19,S02,P103,28.0,0,21,7,40,2
2026-07-20,S02,P103,7.0,53,14,46,40,2
2026-07-21,S02,P103,46.0,0,7,39,40,2
2026-07-22,S02,P103,39.0,0,11,28,40,2
2026-07-23,S02,P103,28.0,42,16,54,40,2
2026-07-24,S02,P103,54.0,0,12,42,40,2
2026-07-25,S02,P103,42.0,0,11,31,40,2
2026-07-26,S02,P103,31.0,0,25,6,40,2
2026-07-27,S02,P103,6.0,50,12,81,40,2
2026-07-28,S02,P103,44.0,0,18,26,40,2
2026-07-29,S02,P103,26.0,0,13,13,40,2
2026-07-30,S02,P103,13.0,55,17,51,40,2
2026-07-31,S02,P103,51.0,0,10,41,40,2
2026-08-01,S02,P103,41.0,0,21,20,40,2
2026-08-02,S02,P103,20.0,0,20,0,40,2
2026-08-03,S02,P103,0.0,61,13,48,40,2
2026-08-04,S02,P103,48.0,0,8,40,40,2
2026-08-05,S02,P103,40.0,0,14,26,40,2
2026-08-06,S02,P103,26.0,0,16,10,40,2
2026-08-07,S02,P103,10.0,41,17,34,40,2
2026-08-08,S02,P103,34.0,0,11,23,40,2
2026-08-09,S02,P103,23.0,47,10,60,40,2
2026-08-10,S02,P103,60.0,0,16,44,40,2
2026-08-11,S02,P103,44.0,0,14,30,40,2
2026-08-12,S02,P103,30.0,0,16,14,40,2
2026-08-13,S02,P103,14.0,51,11,54,40,2
2026-08-14,S02,P103,54.0,0,32,22,40,2
2026-08-15,S02,P103,22.0,0,20,2,40,2
2026-08-16,S02,P103,2.0,59,27,34,40,2
2026-08-17,S02,P103,34.0,0,26,8,40,2
2026-08-18,S02,P103,8.0,47,26,29,40,2
2026-08-19,S02,P103,29.0,0,17,12,40,2
2026-08-20,S02,P103,12.0,52,11,53,40,2
2026-08-21,S02,P103,53.0,0,20,33,40,2
2026-08-22,S02,P103,33.0,0,15,18,40,2
2026-08-23,S02,P103,18.0,48,12,54,40,2
2026-08-24,S02,P103,54.0,0,10,44,40,2
2026-08-25,S02,P103,44.0,0,20,24,40,2
2026-08-26,S02,P103,24.0,0,17,7,40,2
2026-08-27,S02,P103,7.0,57,15,49,40,2
2026-08-28,S02,P103,49.0,0,12,37,40,2
2026-08-29,S02,P103,37.0,0,12,25,40,2
2026-08-30,S02,P103,25.0,44,25,44,40,2
2026-08-31,S02,P103,44.0,0,24,20,40,2
2026-05-01,S02,P104,106.0,0,15,91,53,2
2026-05-02,S02,P104,91.0,0,17,74,53,2
2026-05-03,S02,P104,74.0,0,22,52,53,2
2026-05-04,S02,P104,52.0,0,13,39,53,2
2026-05-05,S02,P104,39.0,54,13,80,53,2
2026-05-06,S02,P104,80.0,0,15,65,53,2
2026-05-07,S02,P104,65.0,0,19,46,53,2
2026-05-08,S02,P104,46.0,0,18,28,53,2
2026-05-09,S02,P104,28.0,60,19,69,53,2
2026-05-10,S02,P104,69.0,0,17,52,53,2
2026-05-11,S02,P104,52.0,0,18,34,53,2
2026-05-12,S02,P104,34.0,54,14,74,53,2
2026-05-13,S02,P104,74.0,0,19,55,53,2
2026-05-14,S02,P104,55.0,0,13,42,53,2
2026-05-15,S02,P104,42.0,0,19,23,53,2
2026-05-16,S02,P104,23.0,64,19,68,53,2
2026-05-17,S02,P104,68.0,0,27,33,53,2
2026-05-18,S02,P104,41.0,0,18,23,53,2
2026-05-19,S02,P104,23.0,65,20,37,53,2
2026-05-20,S02,P104,68.0,0,12,56,53,2
2026-05-21,S02,P104,56.0,0,20,36,53,2
2026-05-22,S02,P104,36.0,0,11,25,53,2
2026-05-23,S02,P104,25.0,70,15,80,53,2
2026-05-24,S02,P104,80.0,0,21,59,53,2
2026-05-25,S02,P104,59.0,0,7,52,53,2
2026-05-26,S02,P104,52.0,0,17,35,53,2
2026-05-27,S02,P104,35.0,54,13,76,53,2
2026-05-28,S02,P104,76.0,0,14,62,53,2
2026-05-29,S02,P104,62.0,0,19,43,53,2
2026-05-30,S02,P104,43.0,0,14,29,53,2
2026-05-31,S02,P104,29.0,63,12,80,53,2
2026-06-01,S02,P104,80.0,0,25,55,53,2
2026-06-02,S02,P104,55.0,0,17,38,53,2
2026-06-03,S02,P104,38.0,0,22,16,53,2
2026-06-04,S02,P104,16.0,68,10,74,53,2
2026-06-05,S02,P104,74.0,0,24,50,53,2
2026-06-06,S02,P104,50.0,0,15,35,53,2
2026-06-07,S02,P104,35.0,56,24,67,53,2
2026-06-08,S02,P104,67.0,0,9,36,53,2
2026-06-09,S02,P104,58.0,0,18,40,53,2
2026-06-10,S02,P104,40.0,0,14,26,53,2
2026-06-11,S02,P104,26.0,66,13,79,53,2
2026-06-12,S02,P104,79.0,0,26,53,53,2
2026-06-14,S02,P104,33.0,53,25,61,53,2
2026-06-15,S02,P104,61.0,0,25,36,53,2
2026-06-16,S02,P104,36.0,0,11,25,53,2
2026-06-17,S02,P104,25.0,70,16,79,53,2
2026-06-18,S02,P104,79.0,0,12,67,53,2
2026-06-19,S02,P104,67.0,0,23,44,53,2
2026-06-20,S02,P104,44.0,0,10,34,53,2
2026-06-21,S02,P104,34.0,62,17,79,53,2
2026-06-22,S02,P104,79.0,0,11,68,53,2
2026-06-23,S02,P104,68.0,0,12,56,53,2
2026-06-24,S02,P104,56.0,0,40,16,53,2
2026-06-25,S02,P104,16.0,0,16,0,53,2
2026-06-26,S02,P104,0.0,90,41,49,53,2
2026-06-27,S02,P104,49.0,0,34,15,53,2
2026-06-28,S02,P104,15.0,57,17,55,53,2
2026-06-29,S02,P104,55.0,0,21,34,53,2
2026-06-30,S02,P104,34.0,0,9,25,53,2
2026-07-01,S02,P104,25.0,72,15,82,53,2
2026-07-02,S02,P104,82.0,0,17,65,53,2
2026-07-03,S02,P104,65.0,0,11,54,53,2
2026-07-04,S02,P104,54.0,0,14,40,53,2
2026-07-05,S02,P104,40.0,0,12,28,53,2
2026-07-06,S02,P104,28.0,66,11,83,53,2
2026-07-07,S02,P104,83.0,0,12,71,53,2
2026-07-08,S02,P104,71.0,0,19,52,53,2
2026-07-09,S02,P104,52.0,0,12,40,53,2
2026-07-10,S02,P104,40.0,54,14,80,53,2
2026-07-11,S02,P104,80.0,0,16,64,53,2
2026-07-12,S02,P104,64.0,0,17,47,53,2
2026-07-13,S02,P104,47.0,0,7,40,53,2
2026-07-14,S02,P104,40.0,59,12,87,53,2
2026-07-15,S02,P104,87.0,0,29,58,53,2
2026-07-16,S02,P104,58.0,0,21,37,53,2
2026-07-17,S02,P104,37.0,0,37,0,53,2
2026-07-18,S02,P104,0.0,69,35,34,53,2
2026-07-19,S02,P104,34.0,0,18,16,53,2
2026-07-20,S02,P104,16.0,72,22,52,53,2
2026-07-21,S02,P104,66.0,0,19,47,53,2
2026-07-22,S02,P104,47.0,0,21,26,53,2
2026-07-23,S02,P104,26.0,59,12,73,53,2
2026-07-24,S02,P104,73.0,0,19,54,53,2
2026-07-25,S02,P104,54.0,0,23,31,53,2
2026-07-26,S02,P104,31.0,0,13,18,53,2
2026-07-27,S02,P104,18.0,75,16,77,53,2
2026-07-28,S02,P104,77.0,0,16,61,53,2
2026-07-29,S02,P104,61.0,0,20,41,53,2
2026-07-30,S02,P104,41.0,0,13,28,53,2
2026-07-31,S02,P104,28.0,65,22,71,53,2
2026-08-01,S02,P104,71.0,0,20,51,53,2
2026-08-02,S02,P104,51.0,0,11,40,53,2
2026-08-03,S02,P104,40.0,55,26,69,53,2
2026-08-04,S02,P104,69.0,0,8,61,53,2
2026-08-05,S02,P104,61.0,0,12,49,53,2
2026-08-06,S02,P104,49.0,0,14,35,53,2
2026-08-07,S02,P104,35.0,57,16,76,53,2
2026-08-08,S02,P104,76.0,0,10,66,53,2
2026-08-09,S02,P104,66.0,0,21,45,53,2
2026-08-10,S02,P104,45.0,0,14,31,53,2
2026-08-11,S02,P104,31.0,61,11,81,53,2
2026-08-12,S02,P104,81.0,0,21,60,53,2
2026-08-13,S02,P104,60.0,0,14,46,53,2
2026-08-14,S02,P104,46.0,0,13,33,53,2
2026-08-15,S02,P104,33.0,60,29,64,53,2
2026-08-16,S02,P104,64.0,0,23,41,53,2
2026-08-17,S02,P104,41.0,0,17,24,53,2
2026-08-18,S02,P104,24.0,65,30,59,53,2
2026-08-19,S02,P104,59.0,0,33,26,53,2
2026-08-20,S02,P104,26.0,0,26,0,53,2
2026-08-21,S02,P104,0.0,80,43,37,53,2
2026-08-22,S02,P104,37.0,0,21,16,53,2
2026-08-23,S02,P104,16.0,69,26,59,53,2
2026-08-24,S02,P104,59.0,0,14,45,53,2
2026-08-25,S02,P104,45.0,0,8,37,53,2
2026-08-26,S02,P104,37.0,61,46,52,53,2
2026-08-27,S02,P104,52.0,0,16,36,53,2
2026-08-28,S02,P104,36.0,54,16,74,53,2
2026-08-29,S02,P104,74.0,0,12,62,53,2
2026-08-30,S02,P104,62.0,0,11,71,53,2
2026-08-31,S02,P104,51.0,0,10,41,53,2
2026-05-01,S02,P105,60.0,0,6,54,30,2
2026-05-02,S02,P105,54.0,0,9,45,30,2
2026-05-03,S02,P105,45.0,0,9,36,30,2
2026-05-04,S02,P105,36.0,0,10,26,30,2
2026-05-05,S02,P105,26.0,0,6,20,30,2
2026-05-06,S02,P105,20.0,34,6,20,30,2
2026-05-07,S02,P105,48.0,0,4,44,30,2
2026-05-08,S02,P105,44.0,0,7,37,30,2
2026-05-09,S02,P105,37.0,0,15,22,30,2
2026-05-10,S02,P105,22.0,0,22,0,30,2
2026-05-11,S02,P105,0.0,38,11,27,30,2
2026-05-12,S02,P105,27.0,0,11,16,30,2
2026-05-13,S02,P105,16.0,33,24,25,30,2
2026-05-14,S02,P105,25.0,0,8,17,30,2
2026-05-15,S02,P105,17.0,35,5,47,30,2
2026-05-16,S02,P105,47.0,0,5,42,30,2
2026-05-17,S02,P105,42.0,0,7,35,30,2
2026-05-18,S02,P105,35.0,0,4,31,30,2
2026-05-19,S02,P105,31.0,0,7,24,30,2
2026-05-20,S02,P105,24.0,0,4,20,30,2
2026-05-21,S02,P105,20.0,36,8,48,30,2
2026-05-22,S02,P105,48.0,0,7,41,30,2
2026-05-23,S02,P105,41.0,0,10,31,30,2
2026-05-24,S02,P105,31.0,0,12,19,30,2
2026-05-25,S02,P105,19.0,0,8,11,30,2
2026-05-26,S02,P105,11.0,0,6,5,30,2
2026-05-27,S02,P105,5.0,41,12,34,30,2
2026-05-28,S02,P105,34.0,0,13,21,30,2
2026-05-29,S02,P105,21.0,0,13,8,30,2
2026-05-30,S02,P105,8.0,39,16,31,30,2
2026-05-31,S02,P105,31.0,0,24,7,30,2
2026-06-01,S02,P105,7.0,0,7,0,30,2
2026-06-02,S02,P105,0.0,53,13,40,30,2
2026-06-03,S02,P105,40.0,0,7,43,30,2
2026-06-04,S02,P105,33.0,0,5,28,30,2
2026-06-05,S02,P105,28.0,0,4,24,30,2
2026-06-06,S02,P105,24.0,32,3,53,30,2
2026-06-07,S02,P105,53.0,0,4,49,30,2
2026-06-08,S02,P105,49.0,0,12,37,30,2
2026-06-09,S02,P105,37.0,0,9,16,30,2
2026-06-10,S02,P105,28.0,0,11,17,30,2
2026-06-11,S02,P105,17.0,32,10,39,30,2
2026-06-12,S02,P105,39.0,0,5,34,30,2
2026-06-13,S02,P105,34.0,0,9,25,30,2
2026-06-14,S02,P105,25.0,0,11,14,30,2
2026-06-15,S02,P105,14.0,35,8,41,30,2
2026-06-16,S02,P105,41.0,0,11,30,30,2
2026-06-17,S02,P105,30.0,0,9,21,30,2
2026-06-18,S02,P105,21.0,30,8,43,30,2
2026-06-19,S02,P105,43.0,0,12,31,30,2
2026-06-20,S02,P105,31.0,0,6,25,30,2
2026-06-21,S02,P105,25.0,0,11,14,30,2
2026-06-22,S02,P105,14.0,35,14,35,30,2
2026-06-23,S02,P105,35.0,0,10,25,30,2
2026-06-24,S02,P105,25.0,0,7,18,30,2
2026-06-25,S02,P105,18.0,35,6,47,30,2
2026-06-26,S02,P105,47.0,0,14,33,30,2
2026-06-27,S02,P105,33.0,0,6,27,30,2
2026-06-28,S02,P105,27.0,0,5,22,30,2
2026-06-29,S02,P105,22.0,33,10,77,30,2
2026-06-30,S02,P105,45.0,0,10,35,30,2
2026-07-01,S02,P105,35.0,0,16,19,30,2
2026-07-02,S02,P105,19.0,0,15,4,30,2
2026-07-03,S02,P105,4.0,41,6,39,30,2
2026-07-04,S02,P105,39.0,0,14,25,30,2
2026-07-05,S02,P105,25.0,0,14,11,30,2
2026-07-06,S02,P105,11.0,35,12,34,30,2
2026-07-07,S02,P105,34.0,0,10,24,30,2
2026-07-08,S02,P105,24.0,0,9,15,30,2
2026-07-09,S02,P105,15.0,36,9,42,30,2
2026-07-10,S02,P105,42.0,0,8,34,30,2
2026-07-11,S02,P105,34.0,0,8,26,30,2
2026-07-12,S02,P105,26.0,0,10,16,30,2
2026-07-13,S02,P105,16.0,34,10,40,30,2
2026-07-14,S02,P105,40.0,0,6,34,30,2
2026-07-15,S02,P105,34.0,0,14,20,30,2
2026-07-16,S02,P105,20.0,0,15,5,30,2
2026-07-17,S02,P105,5.0,40,21,24,30,2
2026-07-18,S02,P105,24.0,0,14,10,30,2
2026-07-19,S02,P105,10.0,36,26,20,30,2
2026-07-20,S02,P105,20.0,0,14,6,30,2
2026-07-21,S02,P105,6.0,0,6,0,30,2
2026-07-22,S02,P105,0.0,40,9,31,30,2
2026-07-23,S02,P105,31.0,0,5,26,30,2
2026-07-24,S02,P105,26.0,0,13,13,30,2
2026-07-25,S02,P105,13.0,34,11,36,30,2
2026-07-26,S02,P105,36.0,0,8,28,30,2
2026-07-27,S02,P105,28.0,0,15,13,30,2
2026-07-28,S02,P105,13.0,0,4,9,30,2
2026-07-29,S02,P105,9.0,32,11,30,30,2
2026-07-30,S02,P105,30.0,0,11,19,30,2
2026-07-31,S02,P105,19.0,30,2,47,30,2
2026-08-01,S02,P105,47.0,0,12,35,30,2
2026-08-02,S02,P105,35.0,0,12,23,30,2
2026-08-03,S02,P105,23.0,0,17,6,30,2
2026-08-04,S02,P105,6.0,37,18,25,30,2
2026-08-05,S02,P105,25.0,0,9,16,30,2
2026-08-06,S02,P105,16.0,35,5,46,30,2
2026-08-07,S02,P105,46.0,0,5,41,30,2
2026-08-08,S02,P105,41.0,0,16,25,30,2
2026-08-09,S02,P105,25.0,0,12,13,30,2
2026-08-10,S02,P105,13.0,35,5,43,30,2
2026-08-11,S02,P105,43.0,0,11,32,30,2
2026-08-12,S02,P105,32.0,0,7,25,30,2
2026-08-13,S02,P105,25.0,0,7,18,30,2
2026-08-14,S02,P105,18.0,0,7,11,30,2
2026-08-15,S02,P105,11.0,35,9,37,30,2
2026-08-16,S02,P105,37.0,0,9,28,30,2
2026-08-17,S02,P105,28.0,0,7,21,30,2
2026-08-18,S02,P105,21.0,32,16,37,30,2
2026-08-19,S02,P105,37.0,0,10,27,30,2
2026-08-20,S02,P105,27.0,0,19,8,30,2
2026-08-21,S02,P105,8.0,0,8,0,30,2
2026-08-22,S02,P105,0.0,0,0,0,30,2
2026-08-23,S02,P105,0.0,33,20,13,30,2
2026-08-24,S02,P105,13.0,0,13,0,30,2
2026-08-25,S02,P105,0.0,47,21,26,30,2
2026-08-26,S02,P105,26.0,0,23,3,30,2
2026-08-27,S02,P105,3.0,34,9,28,30,2
2026-08-28,S02,P105,28.0,0,5,23,30,2
2026-08-29,S02,P105,23.0,32,14,41,30,2
2026-08-30,S02,P105,41.0,0,5,36,30,2
2026-08-31,S02,P105,36.0,0,12,24,30,2
2026-05-01,S02,P330,484.0,0,54,430,272,3
2026-05-02,S02,P330,430.0,0,86,344,272,3
2026-05-03,S02,P330,344.0,0,82,262,272,3
2026-05-04,S02,P330,262.0,0,52,210,272,3
2026-05-05,S02,P330,210.0,0,73,137,272,3
2026-05-06,S02,P330,137.0,222,43,316,272,3
2026-05-07,S02,P330,316.0,0,73,243,272,3
2026-05-08,S02,P330,243.0,0,45,198,272,3
2026-05-09,S02,P330,198.0,0,83,115,272,3
2026-05-10,S02,P330,115.0,241,101,255,272,3
2026-05-11,S02,P330,255.0,0,38,217,272,3
2026-05-12,S02,P330,217.0,0,60,157,272,3
2026-05-13,S02,P330,157.0,229,68,318,272,3
2026-05-14,S02,P330,318.0,0,53,265,272,3
2026-05-15,S02,P330,265.0,0,117,148,272,3
2026-05-16,S02,P330,148.0,0,148,0,272,3
2026-05-17,S02,P330,0.0,219,168,51,272,3
2026-05-18,S02,P330,51.0,0,51,0,272,3
2026-05-19,S02,P330,0.0,265,60,205,272,3
2026-05-20,S02,P330,205.0,0,77,128,272,3
2026-05-21,S02,P330,128.0,219,85,262,272,3
2026-05-22,S02,P330,262.0,0,75,187,272,3
2026-05-23,S02,P330,187.0,0,90,97,272,3
2026-05-24,S02,P330,97.0,222,85,234,272,3
2026-05-25,S02,P330,234.0,0,75,159,272,3
2026-05-26,S02,P330,159.0,0,55,104,272,3
2026-05-27,S02,P330,104.0,250,87,267,272,3
2026-05-28,S02,P330,267.0,0,66,201,272,3
2026-05-29,S02,P330,201.0,0,95,106,272,3
2026-05-30,S02,P330,106.0,217,99,224,272,3
2026-05-31,S02,P330,224.0,0,91,133,272,3
2026-06-01,S02,P330,133.0,0,70,63,272,3
2026-06-02,S02,P330,63.0,260,60,263,272,3
2026-06-03,S02,P330,263.0,0,44,219,272,3
2026-06-04,S02,P330,219.0,0,68,151,272,3
2026-06-05,S02,P330,151.0,221,83,289,272,3
2026-06-06,S02,P330,289.0,0,38,251,272,3
2026-06-07,S02,P330,251.0,0,76,175,272,3
2026-06-08,S02,P330,175.0,0,31,144,272,3
2026-06-09,S02,P330,144.0,233,49,328,272,3
2026-06-10,S02,P330,328.0,0,58,270,272,3
2026-06-11,S02,P330,270.0,0,57,213,272,3
2026-06-12,S02,P330,213.0,0,122,91,272,3
2026-06-13,S02,P330,91.0,214,143,162,272,3
2026-06-14,S02,P330,162.0,0,140,22,272,3
2026-06-15,S02,P330,22.0,0,22,0,272,3
2026-06-16,S02,P330,0.0,322,42,280,272,3
2026-06-17,S02,P330,280.0,0,74,174,272,3
2026-06-18,S02,P330,206.0,0,52,192,272,3
2026-06-19,S02,P330,154.0,0,51,103,272,3
2026-06-20,S02,P330,103.0,278,80,301,272,3
2026-06-21,S02,P330,301.0,0,68,233,272,3
2026-06-22,S02,P330,233.0,0,85,148,272,3
2026-06-23,S02,P330,148.0,0,59,89,272,3
2026-06-24,S02,P330,89.0,251,73,267,272,3
2026-06-25,S02,P330,267.0,0,80,187,272,3
2026-06-26,S02,P330,187.0,0,96,91,272,3
2026-06-27,S02,P330,91.0,0,86,5,272,3
2026-06-28,S02,P330,5.0,0,5,0,272,3
2026-06-29,S02,P330,0.0,217,65,152,272,3
2026-06-30,S02,P330,152.0,262,70,344,272,3
2026-07-01,S02,P330,344.0,0,45,299,272,3
2026-07-02,S02,P330,299.0,0,76,223,272,3
2026-07-03,S02,P330,223.0,0,53,170,272,3
2026-07-04,S02,P330,170.0,0,108,62,272,3
2026-07-05,S02,P330,62.0,261,114,209,272,3
2026-07-06,S02,P330,209.0,0,49,160,272,3
2026-07-07,S02,P330,160.0,0,55,105,272,3
2026-07-08,S02,P330,105.0,275,75,305,272,3
2026-07-09,S02,P330,305.0,0,88,217,272,3
2026-07-10,S02,P330,217.0,0,121,96,272,3
2026-07-11,S02,P330,96.0,0,96,0,272,3
2026-07-12,S02,P330,0.0,267,171,96,272,3
2026-07-13,S02,P330,96.0,0,95,1,272,3
2026-07-14,S02,P330,1.0,217,120,98,272,3
2026-07-15,S02,P330,98.0,0,98,0,272,3
2026-07-16,S02,P330,0.0,0,0,0,272,3
2026-07-17,S02,P330,0.0,266,58,208,272,3
2026-07-18,S02,P330,208.0,218,74,352,272,3
2026-07-19,S02,P330,352.0,0,71,281,272,3
2026-07-20,S02,P330,281.0,0,68,213,272,3
2026-07-21,S02,P330,213.0,0,60,153,272,3
2026-07-22,S02,P330,153.0,0,75,78,272,3
2026-07-23,S02,P330,78.0,271,79,270,272,3
2026-07-24,S02,P330,270.0,0,51,219,272,3
2026-07-25,S02,P330,219.0,0,87,132,272,3
2026-07-26,S02,P330,132.0,214,69,277,272,3
2026-07-27,S02,P330,277.0,0,72,205,272,3
2026-07-28,S02,P330,205.0,0,65,140,272,3
2026-07-29,S02,P330,140.0,0,53,87,272,3
2026-07-30,S02,P330,87.0,279,91,275,272,3
2026-07-31,S02,P330,275.0,0,35,240,272,3
2026-08-01,S02,P330,240.0,0,130,110,272,3
2026-08-02,S02,P330,110.0,0,106,4,272,3
2026-08-03,S02,P330,4.0,244,77,171,272,3
2026-08-04,S02,P330,171.0,0,81,90,272,3
2026-08-05,S02,P330,90.0,236,83,243,272,3
2026-08-06,S02,P330,243.0,0,71,172,272,3
2026-08-07,S02,P330,172.0,0,48,136,272,3
2026-08-08,S02,P330,124.0,241,136,229,272,3
2026-08-09,S02,P330,229.0,0,97,132,272,3
2026-08-10,S02,P330,132.0,0,97,35,272,3
2026-08-11,S02,P330,35.0,255,94,196,272,3
2026-08-12,S02,P330,196.0,0,98,98,272,3
2026-08-13,S02,P330,98.0,0,93,5,272,3
2026-08-14,S02,P330,5.0,288,98,195,272,3
2026-08-15,S02,P330,195.0,0,95,100,272,3
2026-08-16,S02,P330,100.0,0,100,0,272,3
2026-08-17,S02,P330,0.0,0,0,0,272,3
2026-08-18,S02,P330,0.0,289,31,258,272,3
2026-08-19,S02,P330,258.0,0,55,203,272,3
2026-08-20,S02,P330,203.0,0,45,158,272,3
2026-08-21,S02,P330,158.0,226,47,337,272,3
2026-08-22,S02,P330,337.0,0,87,250,272,3
2026-08-23,S02,P330,250.0,0,48,-3,272,3
2026-08-24,S02,P330,202.0,0,52,150,272,3
2026-08-25,S02,P330,150.0,234,80,304,272,3
2026-08-26,S02,P330,304.0,0,74,230,272,3
2026-08-27,S02,P330,230.0,0,63,167,272,3
2026-08-28,S02,P330,167.0,0,51,116,272,3
2026-08-29,S02,P330,116.0,254,86,284,272,3
2026-08-30,S02,P330,284.0,0,67,217,272,3
2026-08-31,S02,P330,217.0,0,69,148,272,3
2026-05-01,S02,P331,237.0,0,35,241,133,3
2026-05-02,S02,P331,202.0,0,51,151,133,3
2026-05-03,S02,P331,151.0,0,54,97,133,3
2026-05-04,S02,P331,97.0,0,36,61,133,3
2026-05-05,S02,P331,61.0,0,45,16,133,3
2026-05-06,S02,P331,16.0,140,25,131,133,3
2026-05-07,S02,P331,131.0,0,33,98,133,3
2026-05-08,S02,P331,98.0,0,25,73,133,3
2026-05-09,S02,P331,73.0,106,68,111,133,3
2026-05-10,S02,P331,111.0,0,39,72,133,3
2026-05-11,S02,P331,72.0,0,41,31,133,3
2026-05-12,S02,P331,31.0,126,46,111,133,3
2026-05-13,S02,P331,111.0,0,51,60,133,3
2026-05-14,S02,P331,60.0,0,39,21,133,3
2026-05-15,S02,P331,21.0,126,84,63,133,3
2026-05-16,S02,P331,63.0,0,63,0,133,3
2026-05-17,S02,P331,0.0,0,0,0,133,3
2026-05-18,S02,P331,0.0,174,39,135,133,3
2026-05-19,S02,P331,135.0,0,47,88,133,3
2026-05-20,S02,P331,88.0,0,37,51,133,3
2026-05-21,S02,P331,51.0,0,32,19,133,3
2026-05-22,S02,P331,19.0,149,35,133,133,3
2026-05-23,S02,P331,133.0,0,53,80,133,3
2026-05-24,S02,P331,80.0,0,52,28,133,3
2026-05-25,S02,P331,28.0,104,33,99,133,3
2026-05-26,S02,P331,99.0,0,38,61,133,3
2026-05-27,S02,P331,61.0,105,52,114,133,3
2026-05-28,S02,P331,114.0,0,25,89,133,3
2026-05-29,S02,P331,89.0,0,39,50,133,3
2026-05-30,S02,P331,50.0,123,63,110,133,3
2026-05-31,S02,P331,110.0,0,57,53,133,3
2026-06-01,S02,P331,53.0,0,46,7,133,3
2026-06-02,S02,P331,7.0,127,14,120,133,3
2026-06-03,S02,P331,120.0,0,25,95,133,3
2026-06-04,S02,P331,95.0,0,35,60,133,3
2026-06-05,S02,P331,60.0,0,60,0,133,3
2026-06-06,S02,P331,0.0,0,0,0,133,3
2026-06-07,S02,P331,0.0,117,117,0,133,3
2026-06-08,S02,P331,0.0,120,67,53,133,3
2026-06-09,S02,P331,53.0,0,53,0,133,3
2026-06-10,S02,P331,0.0,117,29,88,133,3
2026-06-11,S02,P331,88.0,0,19,69,133,3
2026-06-12,S02,P331,69.0,120,46,143,133,3
2026-06-13,S02,P331,143.0,0,31,112,133,3
2026-06-14,S02,P331,112.0,0,55,57,133,3
2026-06-15,S02,P331,57.0,0,23,34,133,3
2026-06-16,S02,P331,34.0,125,27,132,133,3
2026-06-17,S02,P331,132.0,0,32,100,133,3
2026-06-18,S02,P331,100.0,0,24,76,133,3
2026-06-19,S02,P331,76.0,105,30,151,133,3
2026-06-20,S02,P331,151.0,0,51,100,133,3
2026-06-21,S02,P331,100.0,0,44,56,133,3
2026-06-22,S02,P331,56.0,0,56,0,133,3
2026-06-23,S02,P331,0.0,137,32,105,133,3
2026-06-24,S02,P331,105.0,0,27,78,133,3
2026-06-25,S02,P331,78.0,0,42,36,133,3
2026-06-26,S02,P331,36.0,132,34,134,133,3
2026-06-27,S02,P331,134.0,0,53,81,133,3
2026-06-28,S02,P331,81.0,0,64,17,133,3
2026-06-29,S02,P331,17.0,0,17,0,133,3
2026-06-30,S02,P331,0.0,156,44,112,133,3
2026-07-01,S02,P331,112.0,0,54,58,133,3
2026-07-02,S02,P331,58.0,0,43,15,133,3
2026-07-03,S02,P331,15.0,125,48,92,133,3
2026-07-04,S02,P331,92.0,0,92,0,133,3
2026-07-05,S02,P331,0.0,0,0,0,133,3
2026-07-06,S02,P331,0.0,145,48,97,133,3
2026-07-07,S02,P331,97.0,0,22,75,133,3
2026-07-08,S02,P331,75.0,0,33,42,133,3
2026-07-09,S02,P331,42.0,140,29,153,133,3
2026-07-10,S02,P331,153.0,0,12,141,133,3
2026-07-11,S02,P331,141.0,0,47,94,133,3
2026-07-12,S02,P331,94.0,0,43,51,133,3
2026-07-13,S02,P331,51.0,0,26,25,133,3
2026-07-14,S02,P331,25.0,143,54,114,133,3
2026-07-15,S02,P331,114.0,0,36,78,133,3
2026-07-16,S02,P331,78.0,0,43,35,133,3
2026-07-17,S02,P331,35.0,123,30,128,133,3
2026-07-18,S02,P331,128.0,0,48,80,133,3
2026-07-19,S02,P331,80.0,0,32,48,133,3
2026-07-20,S02,P331,48.0,109,35,122,133,3
2026-07-21,S02,P331,122.0,0,65,57,133,3
2026-07-22,S02,P331,57.0,0,23,34,133,3
2026-07-23,S02,P331,34.0,115,38,103,133,3
2026-07-24,S02,P331,111.0,0,33,78,133,3
2026-07-25,S02,P331,78.0,0,60,18,133,3
2026-07-26,S02,P331,18.0,126,53,91,133,3
2026-07-27,S02,P331,91.0,0,30,61,133,3
2026-07-28,S02,P331,61.0,0,31,30,133,3
2026-07-29,S02,P331,30.0,146,20,156,133,3
2026-07-30,S02,P331,156.0,0,34,122,133,3
2026-07-31,S02,P331,122.0,0,30,92,133,3
2026-08-01,S02,P331,92.0,0,54,38,133,3
2026-08-02,S02,P331,38.0,115,55,98,133,3
2026-08-03,S02,P331,98.0,0,44,54,133,3
2026-08-04,S02,P331,54.0,0,39,15,133,3
2026-08-05,S02,P331,15.0,139,45,109,133,3
2026-08-06,S02,P331,109.0,0,51,58,133,3
2026-08-07,S02,P331,58.0,0,36,22,133,3
2026-08-08,S02,P331,22.0,128,31,119,133,3
2026-08-09,S02,P331,119.0,0,38,81,133,3
2026-08-10,S02,P331,81.0,0,37,44,133,3
2026-08-11,S02,P331,44.0,118,21,141,133,3
2026-08-12,S02,P331,141.0,0,40,101,133,3
2026-08-13,S02,P331,101.0,0,44,57,133,3
2026-08-14,S02,P331,57.0,0,57,0,133,3
2026-08-15,S02,P331,0.0,0,0,0,133,3
2026-08-16,S02,P331,0.0,136,34,102,133,3
2026-08-17,S02,P331,102.0,0,32,70,133,3
2026-08-18,S02,P331,70.0,0,35,35,133,3
2026-08-19,S02,P331,35.0,135,37,133,133,3
2026-08-20,S02,P331,133.0,0,51,82,133,3
2026-08-21,S02,P331,82.0,0,27,55,133,3
2026-08-22,S02,P331,55.0,0,50,5,133,3
2026-08-23,S02,P331,5.0,0,5,0,133,3
2026-08-24,S02,P331,0.0,104,37,67,133,3
2026-08-25,S02,P331,67.0,0,24,43,133,3
2026-08-26,S02,P331,43.0,128,44,127,133,3
2026-08-27,S02,P331,127.0,0,25,102,133,3
2026-08-28,S02,P331,102.0,0,33,69,133,3
2026-08-29,S02,P331,69.0,110,36,143,133,3
2026-08-30,S02,P331,143.0,0,30,113,133,3
2026-08-31,S02,P331,113.0,0,32,81,133,3
2026-05-01,S02,P332,191.0,0,39,152,107,3
2026-05-02,S02,P332,152.0,0,47,105,107,3
2026-05-03,S02,P332,105.0,0,65,11,107,3
2026-05-04,S02,P332,40.0,0,26,14,107,3
2026-05-05,S02,P332,14.0,0,14,0,107,3
2026-05-06,S02,P332,0.0,0,0,0,107,3
2026-05-07,S02,P332,0.0,177,20,157,107,3
2026-05-08,S02,P332,157.0,0,28,129,107,3
2026-05-09,S02,P332,129.0,0,71,58,107,3
2026-05-10,S02,P332,58.0,0,58,0,107,3
2026-05-11,S02,P332,0.0,0,0,0,107,3
2026-05-12,S02,P332,0.0,133,30,103,107,3
2026-05-13,S02,P332,103.0,0,23,80,107,3
2026-05-14,S02,P332,80.0,0,26,54,107,3
2026-05-15,S02,P332,54.0,88,33,109,107,3
2026-05-16,S02,P332,109.0,0,27,82,107,3
2026-05-17,S02,P332,82.0,0,42,40,107,3
2026-05-18,S02,P332,40.0,0,39,1,107,3
2026-05-19,S02,P332,1.0,109,54,56,107,3
2026-05-20,S02,P332,56.0,0,26,30,107,3
2026-05-21,S02,P332,30.0,0,30,0,107,3
2026-05-22,S02,P332,0.0,135,44,91,107,3
2026-05-23,S02,P332,91.0,0,66,25,107,3
2026-05-24,S02,P332,25.0,0,25,0,107,3
2026-05-25,S02,P332,0.0,100,30,70,107,3
2026-05-26,S02,P332,70.0,0,30,40,107,3
2026-05-27,S02,P332,40.0,91,30,101,107,3
2026-05-28,S02,P332,101.0,0,32,69,107,3
2026-05-29,S02,P332,69.0,0,31,38,107,3
2026-05-30,S02,P332,38.0,90,23,105,107,3
2026-05-31,S02,P332,105.0,0,41,64,107,3
2026-06-01,S02,P332,64.0,0,35,29,107,3
2026-06-02,S02,P332,29.0,86,22,93,107,3
2026-06-03,S02,P332,93.0,0,55,38,107,3
2026-06-04,S02,P332,38.0,0,38,0,107,3
2026-06-05,S02,P332,0.0,98,67,31,107,3
2026-06-06,S02,P332,31.0,0,31,0,107,3
2026-06-07,S02,P332,0.0,93,62,31,107,3
2026-06-08,S02,P332,31.0,0,31,0,107,3
2026-06-09,S02,P332,0.0,98,28,70,107,3
2026-06-10,S02,P332,70.0,0,17,53,107,3
2026-06-11,S02,P332,53.0,93,32,114,107,3
2026-06-12,S02,P332,114.0,0,22,92,107,3
2026-06-13,S02,P332,92.0,0,31,61,107,3
2026-06-14,S02,P332,61.0,0,48,13,107,3
2026-06-15,S02,P332,13.0,99,36,76,107,3
2026-06-16,S02,P332,76.0,0,35,41,107,3
2026-06-17,S02,P332,41.0,0,41,0,107,3
2026-06-18,S02,P332,0.0,115,23,92,107,3
2026-06-19,S02,P332,92.0,0,26,66,107,3
2026-06-20,S02,P332,66.0,0,40,26,107,3
2026-06-21,S02,P332,26.0,99,51,74,107,3
2026-06-22,S02,P332,74.0,0,34,40,107,3
2026-06-23,S02,P332,40.0,0,27,13,107,3
2026-06-24,S02,P332,13.0,0,13,0,107,3
2026-06-25,S02,P332,0.0,0,0,0,107,3
2026-06-26,S02,P332,0.0,117,24,93,107,3
2026-06-27,S02,P332,93.0,0,29,64,107,3
2026-06-28,S02,P332,64.0,0,64,0,107,3
2026-06-29,S02,P332,0.0,98,56,42,107,3
2026-06-30,S02,P332,42.0,0,41,1,107,3
2026-07-01,S02,P332,1.0,93,36,58,107,3
2026-07-02,S02,P332,58.0,0,58,0,107,3
2026-07-03,S02,P332,0.0,97,63,34,107,3
2026-07-04,S02,P332,34.0,0,34,0,107,3
2026-07-05,S02,P332,0.0,94,34,60,107,3
2026-07-06,S02,P332,60.0,0,34,26,107,3
2026-07-07,S02,P332,26.0,97,24,99,107,3
2026-07-08,S02,P332,99.0,0,25,74,107,3
2026-07-09,S02,P332,74.0,0,34,40,107,3
2026-07-10,S02,P332,40.0,92,26,106,107,3
2026-07-11,S02,P332,106.0,0,22,84,107,3
2026-07-12,S02,P332,84.0,0,55,29,107,3
2026-07-13,S02,P332,29.0,85,20,94,107,3
2026-07-14,S02,P332,94.0,0,30,64,107,3
2026-07-15,S02,P332,64.0,0,27,37,107,3
2026-07-16,S02,P332,37.0,0,30,7,107,3
2026-07-17,S02,P332,7.0,97,34,70,107,3
2026-07-18,S02,P332,70.0,0,59,11,107,3
2026-07-19,S02,P332,11.0,87,56,42,107,3
2026-07-20,S02,P332,42.0,0,24,18,107,3
2026-07-21,S02,P332,18.0,0,18,0,107,3
2026-07-22,S02,P332,0.0,93,46,47,107,3
2026-07-23,S02,P332,47.0,0,19,28,107,3
2026-07-24,S02,P332,28.0,98,33,93,107,3
2026-07-25,S02,P332,93.0,0,58,35,107,3
2026-07-26,S02,P332,35.0,0,35,0,107,3
2026-07-27,S02,P332,0.0,98,34,64,107,3
2026-07-28,S02,P332,64.0,0,24,40,107,3
2026-07-29,S02,P332,40.0,93,35,98,107,3
2026-07-30,S02,P332,98.0,0,27,71,107,3
2026-07-31,S02,P332,71.0,0,24,47,107,3
2026-08-01,S02,P332,47.0,93,36,117,107,3
2026-08-02,S02,P332,104.0,0,74,30,107,3
2026-08-03,S02,P332,30.0,0,30,0,107,3
2026-08-04,S02,P332,0.0,87,42,45,107,3
2026-08-05,S02,P332,45.0,0,45,0,107,3
2026-08-06,S02,P332,0.0,104,62,42,107,3
2026-08-07,S02,P332,42.0,0,17,25,107,3
2026-08-08,S02,P332,25.0,87,31,81,107,3
2026-08-09,S02,P332,81.0,0,41,40,107,3
2026-08-10,S02,P332,40.0,0,38,2,107,3
2026-08-11,S02,P332,2.0,110,31,81,107,3
2026-08-12,S02,P332,81.0,0,51,30,107,3
2026-08-13,S02,P332,30.0,0,30,0,107,3
2026-08-14,S02,P332,0.0,110,21,89,107,3
2026-08-15,S02,P332,89.0,0,43,46,107,3
2026-08-16,S02,P332,46.0,0,36,10,107,3
2026-08-17,S02,P332,10.0,102,40,72,107,3
2026-08-18,S02,P332,72.0,0,26,46,107,3
2026-08-19,S02,P332,46.0,0,19,27,107,3
2026-08-20,S02,P332,27.0,119,31,115,107,3
2026-08-21,S02,P332,115.0,0,46,69,107,3
2026-08-22,S02,P332,69.0,0,51,18,107,3
2026-08-23,S02,P332,18.0,0,16,2,107,3
2026-08-24,S02,P332,2.0,122,34,90,107,3
2026-08-25,S02,P332,90.0,0,39,51,107,3
2026-08-26,S02,P332,51.0,0,51,0,107,3
2026-08-27,S02,P332,0.0,101,53,48,107,3
2026-08-28,S02,P332,48.0,0,33,15,107,3
2026-08-29,S02,P332,15.0,90,30,75,107,3
2026-08-30,S02,P332,75.0,0,41,41,107,3
2026-08-31,S02,P332,34.0,86,46,74,107,3
2026-05-01,S02,P333,428.0,0,105,323,214,2
2026-05-02,S02,P333,323.0,0,66,257,214,2
2026-05-03,S02,P333,257.0,0,106,151,214,2
2026-05-04,S02,P333,151.0,0,78,73,214,2
2026-05-05,S02,P333,73.0,277,75,275,214,2
2026-05-06,S02,P333,275.0,0,67,208,214,2
2026-05-07,S02,P333,208.0,0,60,148,214,2
2026-05-08,S02,P333,148.0,220,93,275,214,2
2026-05-09,S02,P333,275.0,0,62,213,214,2
2026-05-10,S02,P333,213.0,0,119,94,214,2
2026-05-11,S02,P333,94.0,215,68,241,214,2
2026-05-12,S02,P333,241.0,0,65,176,214,2
2026-05-13,S02,P333,176.0,0,78,98,214,2
2026-05-14,S02,P333,98.0,252,72,278,214,2
2026-05-15,S02,P333,278.0,0,77,201,214,2
2026-05-16,S02,P333,201.0,0,110,91,214,2
2026-05-17,S02,P333,91.0,0,91,0,214,2
2026-05-18,S02,P333,0.0,227,104,123,214,2
2026-05-19,S02,P333,123.0,0,66,57,214,2
2026-05-20,S02,P333,57.0,305,55,307,214,2
2026-05-21,S02,P333,307.0,0,102,205,214,2
2026-05-22,S02,P333,205.0,0,67,138,214,2
2026-05-23,S02,P333,138.0,223,96,265,214,2
2026-05-24,S02,P333,265.0,0,92,173,214,2
2026-05-25,S02,P333,173.0,0,86,87,214,2
2026-05-26,S02,P333,87.0,255,86,256,214,2
2026-05-27,S02,P333,256.0,0,106,150,214,2
2026-05-28,S02,P333,150.0,0,73,77,214,2
2026-05-29,S02,P333,77.0,278,87,268,214,2
2026-05-30,S02,P333,268.0,0,171,97,214,2
2026-05-31,S02,P333,97.0,0,97,0,214,2
2026-06-01,S02,P333,0.0,331,94,237,214,2
2026-06-02,S02,P333,237.0,0,153,84,214,2
2026-06-03,S02,P333,84.0,0,63,21,214,2
2026-06-04,S02,P333,21.0,344,70,295,214,2
2026-06-05,S02,P333,295.0,0,66,229,214,2
2026-06-06,S02,P333,229.0,0,72,157,214,2
2026-06-07,S02,P333,157.0,0,113,44,214,2
2026-06-08,S02,P333,44.0,271,71,244,214,2
2026-06-09,S02,P333,244.0,0,65,179,214,2
2026-06-10,S02,P333,179.0,0,74,105,214,2
2026-06-11,S02,P333,105.0,249,88,266,214,2
2026-06-12,S02,P333,266.0,0,77,189,214,2
2026-06-13,S02,P333,189.0,0,61,128,214,2
2026-06-14,S02,P333,128.0,0,102,26,214,2
2026-06-15,S02,P333,26.0,239,97,168,214,2
2026-06-16,S02,P333,168.0,0,58,110,214,2
2026-06-17,S02,P333,110.0,260,80,290,214,2
2026-06-18,S02,P333,290.0,0,71,219,214,2
2026-06-19,S02,P333,219.0,0,100,119,214,2
2026-06-20,S02,P333,119.0,0,75,44,214,2
2026-06-21,S02,P333,44.0,309,112,241,214,2
2026-06-22,S02,P333,241.0,0,54,187,214,2
2026-06-23,S02,P333,187.0,0,101,86,214,2
2026-06-24,S02,P333,86.0,241,95,232,214,2
2026-06-25,S02,P333,232.0,0,69,163,214,2
2026-06-26,S02,P333,163.0,0,138,25,214,2
2026-06-27,S02,P333,25.0,265,124,166,214,2
2026-06-28,S02,P333,166.0,0,60,106,214,2
2026-06-29,S02,P333,106.0,262,91,277,214,2
2026-06-30,S02,P333,277.0,0,59,218,214,2
2026-07-01,S02,P333,218.0,0,75,143,214,2
2026-07-02,S02,P333,143.0,0,94,49,214,2
2026-07-03,S02,P333,49.0,0,49,-24,214,2
2026-07-04,S02,P333,0.0,285,112,173,214,2
2026-07-05,S02,P333,173.0,0,103,70,214,2
2026-07-06,S02,P333,70.0,255,76,249,214,2
2026-07-07,S02,P333,249.0,0,66,183,214,2
2026-07-08,S02,P333,183.0,0,85,98,214,2
2026-07-09,S02,P333,98.0,0,98,0,214,2
2026-07-10,S02,P333,0.0,245,66,179,214,2
2026-07-11,S02,P333,179.0,0,90,89,214,2
2026-07-12,S02,P333,89.0,249,89,249,214,2
2026-07-13,S02,P333,249.0,0,64,185,214,2
2026-07-14,S02,P333,185.0,0,64,121,214,2
2026-07-15,S02,P333,121.0,0,69,52,214,2
2026-07-16,S02,P333,52.0,243,69,226,214,2
2026-07-17,S02,P333,226.0,0,97,129,214,2
2026-07-18,S02,P333,129.0,0,129,0,214,2
2026-07-19,S02,P333,0.0,299,85,214,214,2
2026-07-20,S02,P333,214.0,0,88,126,214,2
2026-07-21,S02,P333,126.0,214,86,254,214,2
2026-07-22,S02,P333,254.0,0,123,131,214,2
2026-07-23,S02,P333,131.0,0,73,58,214,2
2026-07-24,S02,P333,58.0,0,58,0,214,2
2026-07-25,S02,P333,0.0,297,105,192,214,2
2026-07-26,S02,P333,192.0,0,92,100,214,2
2026-07-27,S02,P333,100.0,236,42,294,214,2
2026-07-28,S02,P333,294.0,0,55,239,214,2
2026-07-29,S02,P333,239.0,0,59,180,214,2
2026-07-30,S02,P333,180.0,0,60,120,214,2
2026-07-31,S02,P333,120.0,248,67,301,214,2
2026-08-01,S02,P333,301.0,0,129,172,214,2
2026-08-02,S02,P333,172.0,0,156,16,214,2
2026-08-03,S02,P333,16.0,256,86,186,214,2
2026-08-04,S02,P333,186.0,0,80,106,214,2
2026-08-05,S02,P333,106.0,242,72,276,214,2
2026-08-06,S02,P333,276.0,0,91,185,214,2
2026-08-07,S02,P333,185.0,0,62,123,214,2
2026-08-08,S02,P333,123.0,243,114,252,214,2
2026-08-09,S02,P333,252.0,0,95,157,214,2
2026-08-10,S02,P333,157.0,0,43,114,214,2
2026-08-11,S02,P333,114.0,271,96,289,214,2
2026-08-12,S02,P333,289.0,0,59,230,214,2
2026-08-13,S02,P333,230.0,0,82,148,214,2
2026-08-14,S02,P333,148.0,0,130,18,214,2
2026-08-15,S02,P333,18.0,280,162,136,214,2
2026-08-16,S02,P333,136.0,0,72,64,214,2
2026-08-17,S02,P333,64.0,292,147,209,214,2
2026-08-18,S02,P333,209.0,0,159,50,214,2
2026-08-19,S02,P333,50.0,219,121,148,214,2
2026-08-20,S02,P333,148.0,0,98,50,214,2
2026-08-21,S02,P333,50.0,280,82,253,214,2
2026-08-22,S02,P333,248.0,0,146,102,214,2
2026-08-23,S02,P333,102.0,0,88,14,214,2
2026-08-24,S02,P333,14.0,326,71,269,214,2
2026-08-25,S02,P333,269.0,0,82,187,214,2
2026-08-26,S02,P333,187.0,0,85,102,214,2
2026-08-27,S02,P333,102.0,241,107,236,214,2
2026-08-28,S02,P333,236.0,0,62,174,214,2
2026-08-29,S02,P333,174.0,0,76,98,214,2
2026-08-30,S02,P333,98.0,254,90,262,214,2
2026-08-31,S02,P333,262.0,0,54,208,214,2
2026-05-01,S02,P334,85.0,0,18,67,42,2
2026-05-02,S02,P334,67.0,0,19,48,42,2
2026-05-03,S02,P334,48.0,0,25,23,42,2
2026-05-04,S02,P334,23.0,0,18,5,42,2
2026-05-05,S02,P334,5.0,62,15,52,42,2
2026-05-06,S02,P334,52.0,0,22,30,42,2
2026-05-07,S02,P334,30.0,0,22,8,42,2
2026-05-08,S02,P334,8.0,55,31,32,42,2
2026-05-09,S02,P334,32.0,0,32,0,42,2
2026-05-10,S02,P334,0.0,53,13,40,42,2
2026-05-11,S02,P334,40.0,0,9,31,42,2
2026-05-12,S02,P334,31.0,45,16,60,42,2
2026-05-13,S02,P334,60.0,0,8,52,42,2
2026-05-14,S02,P334,52.0,0,17,35,42,2
2026-05-15,S02,P334,35.0,0,17,18,42,2
2026-05-16,S02,P334,18.0,50,26,42,42,2
2026-05-17,S02,P334,42.0,0,17,25,42,2
2026-05-18,S02,P334,25.0,43,22,46,42,2
2026-05-19,S02,P334,46.0,0,26,20,42,2
2026-05-20,S02,P334,20.0,0,11,9,42,2
2026-05-21,S02,P334,9.0,65,13,61,42,2
2026-05-22,S02,P334,61.0,0,8,53,42,2
2026-05-23,S02,P334,53.0,0,17,36,42,2
2026-05-24,S02,P334,36.0,0,23,13,42,2
2026-05-25,S02,P334,13.0,49,15,47,42,2
2026-05-26,S02,P334,47.0,0,16,31,42,2
2026-05-27,S02,P334,31.0,0,18,13,42,2
2026-05-28,S02,P334,13.0,54,14,53,42,2
2026-05-29,S02,P334,53.0,0,9,44,42,2
2026-05-30,S02,P334,44.0,0,19,25,42,2
2026-05-31,S02,P334,25.0,0,25,0,42,2
2026-06-01,S02,P334,0.0,0,0,0,42,2
2026-06-02,S02,P334,0.0,60,27,33,42,2
2026-06-03,S02,P334,33.0,0,20,13,42,2
2026-06-04,S02,P334,13.0,52,18,47,42,2
2026-06-05,S02,P334,47.0,0,17,30,42,2
2026-06-06,S02,P334,30.0,0,27,3,42,2
2026-06-07,S02,P334,3.0,55,18,40,42,2
2026-06-08,S02,P334,40.0,0,14,26,42,2
2026-06-09,S02,P334,26.0,45,21,50,42,2
2026-06-10,S02,P334,50.0,0,14,36,42,2
2026-06-11,S02,P334,36.0,0,18,18,42,2
2026-06-12,S02,P334,18.0,49,14,53,42,2
2026-06-14,S02,P334,32.0,0,20,12,42,2
2026-06-15,S02,P334,12.0,53,14,51,42,2
2026-06-16,S02,P334,51.0,0,18,33,42,2
2026-06-17,S02,P334,33.0,0,15,18,42,2
2026-06-18,S02,P334,18.0,52,17,53,42,2
2026-06-19,S02,P334,53.0,0,12,41,42,2
2026-06-20,S02,P334,41.0,0,21,20,42,2
2026-06-21,S02,P334,20.0,44,9,55,42,2
2026-06-22,S02,P334,55.0,0,9,46,42,2
2026-06-23,S02,P334,46.0,0,20,26,42,2
2026-06-24,S02,P334,26.0,0,22,4,42,2
2026-06-25,S02,P334,4.0,59,38,25,42,2
2026-06-26,S02,P334,25.0,0,19,6,42,2
2026-06-27,S02,P334,6.0,60,37,29,42,2
2026-06-28,S02,P334,29.0,0,29,0,42,2
2026-06-29,S02,P334,0.0,56,9,47,42,2
2026-06-30,S02,P334,47.0,0,4,43,42,2
2026-07-01,S02,P334,43.0,0,15,28,42,2
2026-07-02,S02,P334,28.0,0,7,21,42,2
2026-07-03,S02,P334,21.0,57,22,56,42,2
2026-07-04,S02,P334,56.0,0,27,29,42,2
2026-07-05,S02,P334,29.0,0,19,10,42,2
2026-07-06,S02,P334,10.0,56,21,45,42,2
2026-07-07,S02,P334,45.0,0,14,31,42,2
2026-07-08,S02,P334,31.0,0,9,22,42,2
2026-07-09,S02,P334,22.0,54,8,68,42,2
2026-07-10,S02,P334,68.0,0,9,59,42,2
2026-07-11,S02,P334,59.0,0,19,40,42,2
2026-07-12,S02,P334,40.0,0,19,21,42,2
2026-07-13,S02,P334,21.0,45,16,50,42,2
2026-07-14,S02,P334,50.0,0,23,27,42,2
2026-07-15,S02,P334,27.0,0,18,9,42,2
2026-07-16,S02,P334,9.0,58,16,51,42,2
2026-07-17,S02,P334,51.0,0,17,34,42,2
2026-07-18,S02,P334,34.0,0,23,11,42,2
2026-07-19,S02,P334,11.0,51,25,37,42,2
2026-07-20,S02,P334,37.0,0,10,27,42,2
2026-07-21,S02,P334,27.0,48,17,58,42,2
2026-07-22,S02,P334,58.0,0,18,40,42,2
2026-07-23,S02,P334,40.0,0,9,31,42,2
2026-07-24,S02,P334,31.0,45,12,64,42,2
2026-07-25,S02,P334,64.0,0,19,45,42,2
2026-07-26,S02,P334,45.0,0,24,21,42,2
2026-07-27,S02,P334,21.0,0,14,7,42,2
2026-07-28,S02,P334,7.0,0,7,0,42,2
2026-07-29,S02,P334,0.0,64,17,47,42,2
2026-07-30,S02,P334,47.0,0,17,30,42,2
2026-07-31,S02,P334,30.0,0,11,19,42,2
2026-08-01,S02,P334,19.0,55,11,63,42,2
2026-08-03,S02,P334,40.0,0,19,21,42,2
2026-08-04,S02,P334,21.0,45,25,41,42,2
2026-08-05,S02,P334,41.0,0,13,28,42,2
2026-08-06,S02,P334,28.0,44,14,58,42,2
2026-08-07,S02,P334,58.0,0,17,41,42,2
2026-08-08,S02,P334,41.0,0,14,27,42,2
2026-08-09,S02,P334,27.0,44,12,59,42,2
2026-08-10,S02,P334,59.0,0,14,45,42,2
2026-08-11,S02,P334,45.0,0,17,28,42,2
2026-08-12,S02,P334,28.0,0,16,12,42,2
2026-08-13,S02,P334,12.0,57,21,48,42,2
2026-08-14,S02,P334,48.0,0,28,20,42,2
2026-08-15,S02,P334,20.0,0,20,0,42,2
2026-08-16,S02,P334,0.0,65,40,25,42,2
2026-08-17,S02,P334,25.0,0,25,0,42,2
2026-08-18,S02,P334,0.0,60,16,44,42,2
2026-08-19,S02,P334,44.0,0,21,23,42,2
2026-08-20,S02,P334,23.0,0,17,6,42,2
2026-08-21,S02,P334,6.0,62,16,52,42,2
2026-08-22,S02,P334,52.0,0,23,29,42,2
2026-08-23,S02,P334,29.0,0,10,19,42,2
2026-08-24,S02,P334,19.0,56,21,54,42,2
2026-08-25,S02,P334,54.0,0,16,38,42,2
2026-08-26,S02,P334,38.0,0,15,23,42,2
2026-08-27,S02,P334,23.0,47,15,55,42,2
2026-08-28,S02,P334,55.0,0,23,32,42,2
2026-08-29,S02,P334,32.0,0,9,23,42,2
2026-08-30,S02,P334,23.0,53,20,56,42,2
2026-08-31,S02,P334,56.0,0,15,41,42,2
2026-05-01,S02,P442,363.0,0,38,325,204,3
2026-05-02,S02,P442,325.0,0,50,275,204,3
2026-05-03,S02,P442,275.0,0,90,185,204,3
2026-05-04,S02,P442,185.0,0,64,121,204,3
2026-05-05,S02,P442,121.0,0,32,89,204,3
2026-05-06,S02,P442,89.0,0,47,42,204,3
2026-05-07,S02,P442,42.0,178,50,170,204,3
2026-05-08,S02,P442,170.0,0,56,114,204,3
2026-05-09,S02,P442,114.0,0,114,0,204,3
2026-05-10,S02,P442,0.0,193,148,45,204,3
2026-05-11,S02,P442,45.0,0,45,0,204,3
2026-05-12,S02,P442,0.0,170,104,66,204,3
2026-05-13,S02,P442,66.0,0,63,34,204,3
2026-05-14,S02,P442,3.0,193,59,137,204,3
2026-05-15,S02,P442,137.0,0,57,104,204,3
2026-05-16,S02,P442,80.0,167,58,189,204,3
2026-05-17,S02,P442,189.0,0,68,121,204,3
2026-05-18,S02,P442,121.0,0,38,83,204,3
2026-05-19,S02,P442,83.0,174,66,191,204,3
2026-05-20,S02,P442,191.0,0,46,145,204,3
2026-05-21,S02,P442,145.0,0,47,98,204,3
2026-05-22,S02,P442,98.0,172,39,231,204,3
2026-05-23,S02,P442,231.0,0,69,162,204,3
2026-05-24,S02,P442,162.0,0,76,86,204,3
2026-05-25,S02,P442,86.0,0,46,40,204,3
2026-05-26,S02,P442,40.0,201,97,144,204,3
2026-05-27,S02,P442,144.0,0,87,57,204,3
2026-05-28,S02,P442,57.0,0,57,0,204,3
2026-05-29,S02,P442,0.0,0,0,0,204,3
2026-05-30,S02,P442,0.0,219,110,109,204,3
2026-05-31,S02,P442,109.0,0,109,0,204,3
2026-06-01,S02,P442,0.0,0,0,0,204,3
2026-06-02,S02,P442,0.0,254,55,199,204,3
2026-06-03,S02,P442,199.0,0,74,125,204,3
2026-06-04,S02,P442,125.0,0,44,81,204,3
2026-06-05,S02,P442,81.0,164,48,197,204,3
2026-06-06,S02,P442,197.0,0,122,75,204,3
2026-06-07,S02,P442,75.0,0,41,34,204,3
2026-06-08,S02,P442,34.0,166,44,156,204,3
2026-06-09,S02,P442,156.0,0,43,113,204,3
2026-06-10,S02,P442,113.0,163,56,220,204,3
2026-06-11,S02,P442,220.0,0,38,182,204,3
2026-06-12,S02,P442,182.0,0,43,139,204,3
2026-06-13,S02,P442,139.0,0,48,91,204,3
2026-06-14,S02,P442,91.0,181,67,205,204,3
2026-06-15,S02,P442,205.0,0,54,151,204,3
2026-06-16,S02,P442,151.0,0,36,115,204,3
2026-06-17,S02,P442,115.0,0,44,71,204,3
2026-06-18,S02,P442,71.0,212,86,197,204,3
2026-06-19,S02,P442,197.0,0,65,132,204,3
2026-06-20,S02,P442,132.0,0,101,31,204,3
2026-06-21,S02,P442,31.0,166,109,88,204,3
2026-06-22,S02,P442,88.0,0,71,17,204,3
2026-06-23,S02,P442,17.0,0,17,0,204,3
2026-06-24,S02,P442,0.0,166,56,110,204,3
2026-06-25,S02,P442,110.0,180,73,217,204,3
2026-06-26,S02,P442,217.0,0,78,139,204,3
2026-06-27,S02,P442,139.0,0,60,79,204,3
2026-06-28,S02,P442,79.0,0,66,13,204,3
2026-06-29,S02,P442,13.0,224,61,176,204,3
2026-06-30,S02,P442,176.0,0,48,128,204,3
2026-07-01,S02,P442,128.0,0,46,82,204,3
2026-07-02,S02,P442,82.0,187,78,191,204,3
2026-07-03,S02,P442,191.0,0,47,144,204,3
2026-07-04,S02,P442,144.0,0,62,82,204,3
2026-07-05,S02,P442,82.0,172,84,170,204,3
2026-07-06,S02,P442,170.0,0,86,84,204,3
2026-07-07,S02,P442,84.0,0,55,29,204,3
2026-07-08,S02,P442,29.0,193,75,147,204,3
2026-07-09,S02,P442,147.0,0,75,72,204,3
2026-07-10,S02,P442,72.0,0,58,14,204,3
2026-07-11,S02,P442,14.0,216,102,128,204,3
2026-07-12,S02,P442,128.0,0,84,44,204,3
2026-07-13,S02,P442,44.0,0,44,0,204,3
2026-07-14,S02,P442,0.0,235,56,179,204,3
2026-07-15,S02,P442,179.0,0,31,148,204,3
2026-07-16,S02,P442,148.0,0,34,114,204,3
2026-07-17,S02,P442,114.0,184,44,254,204,3
2026-07-18,S02,P442,254.0,0,60,194,204,3
2026-07-19,S02,P442,194.0,0,53,141,204,3
2026-07-20,S02,P442,141.0,0,36,105,204,3
2026-07-21,S02,P442,105.0,169,37,237,204,3
2026-07-22,S02,P442,237.0,0,41,196,204,3
2026-07-23,S02,P442,196.0,0,35,161,204,3
2026-07-24,S02,P442,161.0,0,70,91,204,3
2026-07-25,S02,P442,91.0,167,54,204,204,3
2026-07-26,S02,P442,204.0,0,90,114,204,3
2026-07-27,S02,P442,114.0,0,37,77,204,3
2026-07-28,S02,P442,77.0,159,45,191,204,3
2026-07-29,S02,P442,191.0,0,34,157,204,3
2026-07-30,S02,P442,157.0,0,51,106,204,3
2026-07-31,S02,P442,106.0,172,49,229,204,3
2026-08-01,S02,P442,229.0,0,57,172,204,3
2026-08-02,S02,P442,172.0,0,87,85,204,3
2026-08-03,S02,P442,85.0,0,70,15,204,3
2026-08-04,S02,P442,15.0,191,55,151,204,3
2026-08-05,S02,P442,151.0,0,70,81,204,3
2026-08-06,S02,P442,81.0,0,68,13,204,3
2026-08-07,S02,P442,13.0,212,80,145,204,3
2026-08-08,S02,P442,145.0,0,114,31,204,3
2026-08-09,S02,P442,31.0,0,31,0,204,3
2026-08-10,S02,P442,0.0,218,52,171,204,3
2026-08-11,S02,P442,166.0,0,39,127,204,3
2026-08-12,S02,P442,127.0,0,73,54,204,3
2026-08-13,S02,P442,54.0,0,52,2,204,3
2026-08-14,S02,P442,2.0,197,67,132,204,3
2026-08-15,S02,P442,132.0,0,112,20,204,3
2026-08-16,S02,P442,20.0,164,63,121,204,3
2026-08-17,S02,P442,121.0,0,38,83,204,3
2026-08-18,S02,P442,83.0,179,49,213,204,3
2026-08-19,S02,P442,213.0,0,58,155,204,3
2026-08-20,S02,P442,155.0,0,39,116,204,3
2026-08-21,S02,P442,116.0,0,68,48,204,3
2026-08-22,S02,P442,48.0,208,107,149,204,3
2026-08-23,S02,P442,149.0,0,92,57,204,3
2026-08-24,S02,P442,57.0,0,57,0,204,3
2026-08-25,S02,P442,0.0,214,130,84,204,3
2026-08-26,S02,P442,84.0,0,84,0,204,3
2026-08-27,S02,P442,0.0,0,0,0,204,3
2026-08-28,S02,P442,0.0,279,50,229,204,3
2026-08-29,S02,P442,229.0,0,68,161,204,3
2026-08-30,S02,P442,161.0,0,81,80,204,3
2026-08-31,S02,P442,80.0,0,58,22,204,3
2026-05-01,S02,P443,315.0,0,75,240,177,3
2026-05-02,S02,P443,240.0,0,66,174,177,3
2026-05-03,S02,P443,174.0,0,76,98,177,3
2026-05-04,S02,P443,98.0,0,41,57,177,3
2026-05-05,S02,P443,57.0,141,44,154,177,3
2026-05-06,S02,P443,154.0,0,33,121,177,3
2026-05-07,S02,P443,121.0,0,39,82,177,3
2026-05-08,S02,P443,82.0,161,54,189,177,3
2026-05-09,S02,P443,189.0,0,48,141,177,3
2026-05-10,S02,P443,141.0,0,48,93,177,3
2026-05-11,S02,P443,93.0,0,59,34,177,3
2026-05-12,S02,P443,34.0,174,36,193,177,3
2026-05-13,S02,P443,172.0,0,40,132,177,3
2026-05-14,S02,P443,132.0,0,67,65,177,3
2026-05-15,S02,P443,65.0,143,145,63,177,3
2026-05-16,S02,P443,63.0,0,63,0,177,3
2026-05-17,S02,P443,0.0,0,0,0,177,3
2026-05-18,S02,P443,0.0,252,76,176,177,3
2026-05-19,S02,P443,176.0,0,67,109,177,3
2026-05-20,S02,P443,109.0,0,96,13,177,3
2026-05-21,S02,P443,13.0,139,59,93,177,3
2026-05-22,S02,P443,93.0,0,33,60,177,3
2026-05-23,S02,P443,60.0,163,84,139,177,3
2026-05-24,S02,P443,139.0,0,44,95,177,3
2026-05-25,S02,P443,95.0,0,34,61,177,3
2026-05-26,S02,P443,61.0,176,59,178,177,3
2026-05-27,S02,P443,178.0,0,84,94,177,3
2026-05-28,S02,P443,94.0,0,52,42,177,3
2026-05-29,S02,P443,42.0,0,40,2,177,3
2026-05-30,S02,P443,2.0,221,62,161,177,3
2026-05-31,S02,P443,161.0,0,47,114,177,3
2026-06-01,S02,P443,114.0,0,50,64,177,3
2026-06-02,S02,P443,64.0,154,37,181,177,3
2026-06-03,S02,P443,181.0,0,45,136,177,3
2026-06-04,S02,P443,136.0,0,61,75,177,3
2026-06-05,S02,P443,75.0,0,75,0,177,3
2026-06-06,S02,P443,0.0,0,0,0,177,3
2026-06-07,S02,P443,0.0,179,79,100,177,3
2026-06-08,S02,P443,100.0,0,58,42,177,3
2026-06-09,S02,P443,42.0,0,42,0,177,3
2026-06-10,S02,P443,0.0,215,55,160,177,3
2026-06-11,S02,P443,160.0,0,37,123,177,3
2026-06-12,S02,P443,123.0,0,61,62,177,3
2026-06-13,S02,P443,62.0,155,55,162,177,3
2026-06-14,S02,P443,162.0,0,49,113,177,3
2026-06-15,S02,P443,113.0,0,49,64,177,3
2026-06-16,S02,P443,64.0,153,39,178,177,3
2026-06-17,S02,P443,178.0,0,44,134,177,3
2026-06-18,S02,P443,134.0,0,36,98,177,3
2026-06-19,S02,P443,98.0,0,37,61,177,3
2026-06-20,S02,P443,61.0,181,54,188,177,3
2026-06-21,S02,P443,188.0,0,76,112,177,3
2026-06-22,S02,P443,112.0,0,50,62,177,3
2026-06-23,S02,P443,62.0,0,37,25,177,3
2026-06-24,S02,P443,25.0,203,94,134,177,3
2026-06-25,S02,P443,134.0,0,85,49,177,3
2026-06-26,S02,P443,49.0,0,49,0,177,3
2026-06-27,S02,P443,0.0,181,132,49,177,3
2026-06-28,S02,P443,49.0,0,49,0,177,3
2026-06-29,S02,P443,0.0,0,0,0,177,3
2026-06-30,S02,P443,0.0,266,52,179,177,3
2026-07-01,S02,P443,214.0,0,50,164,177,3
2026-07-02,S02,P443,164.0,0,18,146,177,3
2026-07-03,S02,P443,146.0,0,36,110,177,3
2026-07-04,S02,P443,110.0,151,52,209,177,3
2026-07-05,S02,P443,209.0,0,50,159,177,3
2026-07-06,S02,P443,159.0,0,57,102,177,3
2026-07-07,S02,P443,102.0,0,37,65,177,3
2026-07-08,S02,P443,65.0,156,46,175,177,3
2026-07-09,S02,P443,175.0,0,55,120,177,3
2026-07-10,S02,P443,120.0,0,48,72,177,3
2026-07-11,S02,P443,72.0,140,46,166,177,3
2026-07-12,S02,P443,166.0,0,48,118,177,3
2026-07-13,S02,P443,118.0,0,56,62,177,3
2026-07-14,S02,P443,62.0,149,57,154,177,3
2026-07-15,S02,P443,154.0,0,72,82,177,3
2026-07-16,S02,P443,82.0,0,42,40,177,3
2026-07-17,S02,P443,40.0,161,40,161,177,3
2026-07-18,S02,P443,161.0,0,62,99,177,3
2026-07-19,S02,P443,99.0,0,59,40,177,3
2026-07-20,S02,P443,40.0,154,45,149,177,3
2026-07-21,S02,P443,149.0,0,45,104,177,3
2026-07-22,S02,P443,104.0,0,35,69,177,3
2026-07-23,S02,P443,69.0,0,49,20,177,3
2026-07-24,S02,P443,20.0,166,54,132,177,3
2026-07-25,S02,P443,132.0,0,56,76,177,3
2026-07-26,S02,P443,76.0,0,63,13,177,3
2026-07-27,S02,P443,13.0,183,62,124,177,3
2026-07-28,S02,P443,134.0,0,65,69,177,3
2026-07-29,S02,P443,69.0,0,32,37,177,3
2026-07-30,S02,P443,37.0,181,51,167,177,3
2026-07-31,S02,P443,167.0,0,61,106,177,3
2026-08-01,S02,P443,106.0,0,106,0,177,3
2026-08-02,S02,P443,0.0,148,148,0,177,3
2026-08-03,S02,P443,0.0,0,0,0,177,3
2026-08-04,S02,P443,0.0,167,108,59,177,3
2026-08-05,S02,P443,59.0,148,60,147,177,3
2026-08-06,S02,P443,147.0,0,78,69,177,3
2026-08-07,S02,P443,69.0,0,54,15,177,3
2026-08-08,S02,P443,15.0,168,70,113,177,3
2026-08-09,S02,P443,113.0,0,61,52,177,3
2026-08-10,S02,P443,52.0,0,35,17,177,3
2026-08-11,S02,P443,17.0,202,60,159,177,3
2026-08-12,S02,P443,159.0,0,70,89,177,3
2026-08-13,S02,P443,89.0,0,68,21,177,3
2026-08-14,S02,P443,21.0,156,88,89,177,3
2026-08-15,S02,P443,89.0,0,80,9,177,3
2026-08-16,S02,P443,9.0,0,9,0,177,3
2026-08-17,S02,P443,0.0,138,57,81,177,3
2026-08-18,S02,P443,81.0,168,49,200,177,3
2026-08-19,S02,P443,200.0,0,42,158,177,3
2026-08-20,S02,P443,158.0,0,42,116,177,3
2026-08-21,S02,P443,116.0,0,80,36,177,3
2026-08-22,S02,P443,36.0,157,81,112,177,3
2026-08-23,S02,P443,112.0,0,79,33,177,3
2026-08-24,S02,P443,33.0,0,33,0,177,3
2026-08-25,S02,P443,0.0,203,71,132,177,3
2026-08-26,S02,P443,132.0,0,44,88,177,3
2026-08-27,S02,P443,88.0,0,52,36,177,3
2026-08-28,S02,P443,36.0,183,73,146,177,3
2026-08-29,S02,P443,146.0,0,46,100,177,3
2026-08-30,S02,P443,100.0,0,76,24,177,3
2026-08-31,S02,P443,24.0,169,57,136,177,3
2026-05-01,S02,P444,197.0,0,30,167,111,3
2026-05-02,S02,P444,167.0,0,41,126,111,3
2026-05-03,S02,P444,126.0,0,28,98,111,3
2026-05-04,S02,P444,98.0,0,32,66,111,3
2026-05-05,S02,P444,66.0,0,27,39,111,3
2026-05-06,S02,P444,39.0,99,26,112,111,3
2026-05-07,S02,P444,112.0,0,18,94,111,3
2026-05-08,S02,P444,94.0,0,19,75,111,3
2026-05-09,S02,P444,75.0,0,33,42,111,3
2026-05-10,S02,P444,42.0,103,20,125,111,3
2026-05-11,S02,P444,125.0,0,22,103,111,3
2026-05-12,S02,P444,103.0,0,14,89,111,3
2026-05-13,S02,P444,89.0,0,40,49,111,3
2026-05-14,S02,P444,49.0,94,14,129,111,3
2026-05-15,S02,P444,129.0,0,17,112,111,3
2026-05-16,S02,P444,112.0,0,53,59,111,3
2026-05-17,S02,P444,59.0,0,16,43,111,3
2026-05-18,S02,P444,43.0,0,14,29,111,3
2026-05-19,S02,P444,29.0,138,17,150,111,3
2026-05-20,S02,P444,150.0,0,21,129,111,3
2026-05-21,S02,P444,129.0,0,33,96,111,3
2026-05-22,S02,P444,96.0,0,14,82,111,3
2026-05-23,S02,P444,82.0,0,28,54,111,3
2026-05-24,S02,P444,54.0,101,51,104,111,3
2026-05-25,S02,P444,104.0,0,14,90,111,3
2026-05-26,S02,P444,90.0,0,23,67,111,3
2026-05-27,S02,P444,67.0,93,36,124,111,3
2026-05-28,S02,P444,124.0,0,21,103,111,3
2026-05-29,S02,P444,103.0,0,19,84,111,3
2026-05-30,S02,P444,84.0,0,51,33,111,3
2026-05-31,S02,P444,33.0,0,28,5,111,3
2026-06-01,S02,P444,5.0,94,22,77,111,3
2026-06-02,S02,P444,77.0,0,22,55,111,3
2026-06-03,S02,P444,55.0,98,27,126,111,3
2026-06-04,S02,P444,126.0,0,33,93,111,3
2026-06-05,S02,P444,93.0,0,22,71,111,3
2026-06-05,S02,P444,93.0,0,22,71,111,3
2026-06-06,S02,P444,71.0,0,18,53,111,3
2026-06-07,S02,P444,53.0,104,34,123,111,3
2026-06-08,S02,P444,123.0,0,24,99,111,3
2026-06-09,S02,P444,99.0,0,13,86,111,3
2026-06-10,S02,P444,86.0,0,25,61,111,3
2026-06-11,S02,P444,61.0,98,26,133,111,3
2026-06-12,S02,P444,133.0,0,28,105,111,3
2026-06-13,S02,P444,105.0,0,25,80,111,3
2026-06-14,S02,P444,80.0,0,32,48,111,3
2026-06-15,S02,P444,48.0,92,19,121,111,3
2026-06-16,S02,P444,121.0,0,18,103,111,3
2026-06-17,S02,P444,103.0,0,24,79,111,3
2026-06-18,S02,P444,79.0,0,20,59,111,3
2026-06-19,S02,P444,59.0,94,33,120,111,3
2026-06-20,S02,P444,120.0,0,28,92,111,3
2026-06-21,S02,P444,92.0,0,28,64,111,3
2026-06-22,S02,P444,64.0,0,37,27,111,3
2026-06-23,S02,P444,27.0,105,16,116,111,3
2026-06-24,S02,P444,116.0,0,27,89,111,3
2026-06-25,S02,P444,89.0,0,20,69,111,3
2026-06-26,S02,P444,69.0,0,29,40,111,3
2026-06-27,S02,P444,40.0,108,33,115,111,3
2026-06-28,S02,P444,115.0,0,28,87,111,3
2026-06-29,S02,P444,87.0,0,43,44,111,3
2026-06-30,S02,P444,44.0,0,44,0,111,3
2026-07-01,S02,P444,0.0,110,48,62,111,3
2026-07-02,S02,P444,62.0,0,22,40,111,3
2026-07-03,S02,P444,40.0,87,21,106,111,3
2026-07-04,S02,P444,106.0,0,27,79,111,3
2026-07-05,S02,P444,79.0,0,23,56,111,3
2026-07-06,S02,P444,56.0,91,17,130,111,3
2026-07-07,S02,P444,130.0,0,18,112,111,3
2026-07-08,S02,P444,112.0,0,16,96,111,3
2026-07-09,S02,P444,96.0,0,32,64,111,3
2026-07-10,S02,P444,64.0,0,24,40,111,3
2026-07-11,S02,P444,40.0,101,40,101,111,3
2026-07-12,S02,P444,101.0,0,34,67,111,3
2026-07-13,S02,P444,67.0,0,24,43,111,3
2026-07-14,S02,P444,43.0,96,17,140,111,3
2026-07-15,S02,P444,122.0,0,15,107,111,3
2026-07-16,S02,P444,107.0,0,20,87,111,3
2026-07-17,S02,P444,87.0,0,34,53,111,3
2026-07-18,S02,P444,53.0,90,42,101,111,3
2026-07-19,S02,P444,101.0,0,25,76,111,3
2026-07-20,S02,P444,76.0,0,20,56,111,3
2026-07-21,S02,P444,56.0,96,17,135,111,3
2026-07-22,S02,P444,135.0,0,16,119,111,3
2026-07-23,S02,P444,119.0,0,20,99,111,3
2026-07-24,S02,P444,99.0,0,34,65,111,3
2026-07-25,S02,P444,65.0,0,30,35,111,3
2026-07-26,S02,P444,35.0,98,36,97,111,3
2026-07-27,S02,P444,97.0,0,21,76,111,3
2026-07-28,S02,P444,76.0,0,20,56,111,3
2026-07-29,S02,P444,56.0,100,16,140,111,3
2026-07-30,S02,P444,140.0,0,32,108,111,3
2026-07-31,S02,P444,108.0,0,19,89,111,3
2026-08-01,S02,P444,89.0,0,38,51,111,3
2026-08-02,S02,P444,51.0,89,27,113,111,3
2026-08-03,S02,P444,113.0,0,44,63,111,3
2026-08-04,S02,P444,69.0,0,25,44,111,3
2026-08-05,S02,P444,44.0,0,28,16,111,3
2026-08-06,S02,P444,16.0,128,24,120,111,3
2026-08-07,S02,P444,120.0,0,25,95,111,3
2026-08-08,S02,P444,95.0,0,30,65,111,3
2026-08-09,S02,P444,65.0,0,18,47,111,3
2026-08-10,S02,P444,47.0,102,29,120,111,3
2026-08-11,S02,P444,120.0,0,24,96,111,3
2026-08-12,S02,P444,96.0,0,32,91,111,3
2026-08-13,S02,P444,64.0,0,24,40,111,3
2026-08-14,S02,P444,40.0,101,48,93,111,3
2026-08-15,S02,P444,93.0,0,40,53,111,3
2026-08-16,S02,P444,53.0,0,17,36,111,3
2026-08-17,S02,P444,36.0,104,37,111,111,3
2026-08-18,S02,P444,103.0,0,40,63,111,3
2026-08-19,S02,P444,63.0,0,57,6,111,3
2026-08-20,S02,P444,6.0,94,45,55,111,3
2026-08-21,S02,P444,55.0,0,55,0,111,3
2026-08-22,S02,P444,0.0,97,55,42,111,3
2026-08-23,S02,P444,42.0,0,42,0,111,3
2026-08-24,S02,P444,0.0,100,20,80,111,3
2026-08-25,S02,P444,80.0,0,35,45,111,3
2026-08-26,S02,P444,45.0,97,34,108,111,3
2026-08-27,S02,P444,108.0,0,30,78,111,3
2026-08-28,S02,P444,78.0,0,27,51,111,3
2026-08-29,S02,P444,51.0,89,39,101,111,3
2026-08-30,S02,P444,101.0,0,28,73,111,3
2026-08-31,S02,P444,73.0,0,28,45,111,3
2026-05-01,S02,P445,217.0,0,37,180,122,3
2026-05-02,S02,P445,180.0,0,48,132,122,3
2026-05-03,S02,P445,132.0,0,30,102,122,3
2026-05-04,S02,P445,102.0,0,37,65,122,3
2026-05-05,S02,P445,65.0,0,27,38,122,3
2026-05-06,S02,P445,38.0,115,26,127,122,3
2026-05-07,S02,P445,127.0,0,28,99,122,3
2026-05-08,S02,P445,99.0,0,20,79,122,3
2026-05-09,S02,P445,79.0,0,36,43,122,3
2026-05-10,S02,P445,43.0,118,27,134,122,3
2026-05-11,S02,P445,134.0,0,20,114,122,3
2026-05-12,S02,P445,114.0,0,27,87,122,3
2026-05-13,S02,P445,87.0,0,29,58,122,3
2026-05-14,S02,P445,58.0,103,29,132,122,3
2026-05-15,S02,P445,132.0,0,12,120,122,3
2026-05-16,S02,P445,120.0,0,43,77,122,3
2026-05-17,S02,P445,77.0,0,41,36,122,3
2026-05-18,S02,P445,36.0,97,21,112,122,3
2026-05-19,S02,P445,112.0,0,43,69,122,3
2026-05-20,S02,P445,69.0,0,53,16,122,3
2026-05-21,S02,P445,16.0,105,46,75,122,3
2026-05-22,S02,P445,75.0,0,40,35,122,3
2026-05-23,S02,P445,35.0,96,57,74,122,3
2026-05-24,S02,P445,74.0,0,53,21,122,3
2026-05-25,S02,P445,21.0,0,21,0,122,3
2026-05-26,S02,P445,0.0,143,33,110,122,3
2026-05-27,S02,P445,110.0,0,35,75,122,3
2026-05-28,S02,P445,75.0,0,33,42,122,3
2026-05-29,S02,P445,42.0,107,26,123,122,3
2026-05-30,S02,P445,123.0,0,39,84,122,3
2026-05-31,S02,P445,84.0,0,41,43,122,3
2026-06-01,S02,P445,43.0,0,21,22,122,3
2026-06-02,S02,P445,22.0,133,29,126,122,3
2026-06-03,S02,P445,126.0,0,32,94,122,3
2026-06-04,S02,P445,94.0,0,36,58,122,3
2026-06-05,S02,P445,58.0,0,16,42,122,3
2026-06-06,S02,P445,42.0,123,33,132,122,3
2026-06-07,S02,P445,132.0,0,23,109,122,3
2026-06-08,S02,P445,109.0,0,19,90,122,3
2026-06-09,S02,P445,90.0,0,25,65,122,3
2026-06-10,S02,P445,65.0,108,25,148,122,3
2026-06-11,S02,P445,148.0,0,37,111,122,3
2026-06-12,S02,P445,111.0,0,22,89,122,3
2026-06-13,S02,P445,89.0,0,43,46,122,3
2026-06-14,S02,P445,46.0,106,71,81,122,3
2026-06-15,S02,P445,81.0,0,52,29,122,3
2026-06-16,S02,P445,29.0,0,29,0,122,3
2026-06-17,S02,P445,0.0,136,28,108,122,3
2026-06-18,S02,P445,108.0,0,22,86,122,3
2026-06-19,S02,P445,86.0,0,31,55,122,3
2026-06-20,S02,P445,55.0,109,38,126,122,3
2026-06-21,S02,P445,126.0,0,44,82,122,3
2026-06-22,S02,P445,82.0,0,25,57,122,3
2026-06-23,S02,P445,57.0,0,25,32,122,3
2026-06-24,S02,P445,32.0,135,24,143,122,3
2026-06-25,S02,P445,143.0,0,37,106,122,3
2026-06-26,S02,P445,106.0,0,51,55,122,3
2026-06-27,S02,P445,55.0,0,44,11,122,3
2026-06-28,S02,P445,11.0,111,39,83,122,3
2026-06-29,S02,P445,83.0,0,29,54,122,3
2026-06-30,S02,P445,54.0,95,42,107,122,3
2026-07-01,S02,P445,107.0,0,44,63,122,3
2026-07-02,S02,P445,63.0,0,33,30,122,3
2026-07-03,S02,P445,30.0,0,27,3,122,3
2026-07-04,S02,P445,3.0,110,33,80,122,3
2026-07-05,S02,P445,80.0,0,59,21,122,3
2026-07-06,S02,P445,21.0,104,19,106,122,3
2026-07-07,S02,P445,106.0,0,21,85,122,3
2026-07-08,S02,P445,85.0,0,22,63,122,3
2026-07-09,S02,P445,63.0,111,53,121,122,3
2026-07-10,S02,P445,121.0,0,36,85,122,3
2026-07-11,S02,P445,85.0,0,61,24,122,3
2026-07-12,S02,P445,24.0,96,48,72,122,3
2026-07-13,S02,P445,72.0,0,17,55,122,3
2026-07-14,S02,P445,55.0,97,18,134,122,3
2026-07-15,S02,P445,134.0,0,26,108,122,3
2026-07-16,S02,P445,108.0,0,19,89,122,3
2026-07-17,S02,P445,89.0,0,28,61,122,3
2026-07-18,S02,P445,61.0,109,36,134,122,3
2026-07-19,S02,P445,134.0,0,28,106,122,3
2026-07-20,S02,P445,106.0,0,28,78,122,3
2026-07-21,S02,P445,78.0,0,28,50,122,3
2026-07-22,S02,P445,50.0,111,44,117,122,3
2026-07-23,S02,P445,117.0,0,25,92,122,3
2026-07-24,S02,P445,92.0,0,38,54,122,3
2026-07-25,S02,P445,54.0,100,35,119,122,3
2026-07-26,S02,P445,119.0,0,38,81,122,3
2026-07-27,S02,P445,81.0,0,30,51,122,3
2026-07-28,S02,P445,51.0,98,32,117,122,3
2026-07-29,S02,P445,117.0,0,23,94,122,3
2026-07-30,S02,P445,94.0,0,21,73,122,3
2026-07-31,S02,P445,73.0,100,14,159,122,3
2026-08-01,S02,P445,159.0,0,28,131,122,3
2026-08-02,S02,P445,131.0,0,45,86,122,3
2026-08-03,S02,P445,86.0,0,48,38,122,3
2026-08-04,S02,P445,38.0,0,29,9,122,3
2026-08-05,S02,P445,9.0,131,30,110,122,3
2026-08-06,S02,P445,110.0,0,28,82,122,3
2026-08-07,S02,P445,82.0,0,29,53,122,3
2026-08-08,S02,P445,53.0,107,51,109,122,3
2026-08-09,S02,P445,109.0,0,48,61,122,3
2026-08-10,S02,P445,61.0,0,61,0,122,3
2026-08-11,S02,P445,0.0,108,33,75,122,3
2026-08-12,S02,P445,75.0,0,37,38,122,3
2026-08-13,S02,P445,38.0,109,25,122,122,3
2026-08-14,S02,P445,122.0,0,51,71,122,3
2026-08-15,S02,P445,71.0,0,35,36,122,3
2026-08-16,S02,P445,36.0,95,38,93,122,3
2026-08-17,S02,P445,93.0,0,20,73,122,3
2026-08-18,S02,P445,73.0,0,19,54,122,3
2026-08-19,S02,P445,54.0,0,38,16,122,3
2026-08-20,S02,P445,16.0,124,43,97,122,3
2026-08-21,S02,P445,97.0,0,51,46,122,3
2026-08-22,S02,P445,46.0,0,46,0,122,3
2026-08-23,S02,P445,0.0,120,35,85,122,3
2026-08-24,S02,P445,85.0,0,50,35,122,3
2026-08-25,S02,P445,35.0,97,45,87,122,3
2026-08-26,S02,P445,87.0,0,65,22,122,3
2026-08-27,S02,P445,22.0,0,22,0,122,3
2026-08-28,S02,P445,0.0,130,51,79,122,3
2026-08-29,S02,P445,79.0,0,51,28,122,3
2026-08-30,S02,P445,28.0,0,28,0,122,3
2026-08-31,S02,P445,0.0,138,35,103,122,3
2026-05-01,S02,P446,315.0,0,58,257,177,3
2026-05-02,S02,P446,257.0,0,36,221,177,3
2026-05-03,S02,P446,221.0,0,63,158,177,3
2026-05-04,S02,P446,158.0,0,44,114,177,3
2026-05-05,S02,P446,114.0,0,40,74,177,3
2026-05-06,S02,P446,74.0,157,33,198,177,3
2026-05-07,S02,P446,198.0,0,49,149,177,3
2026-05-08,S02,P446,149.0,0,53,96,177,3
2026-05-09,S02,P446,96.0,0,31,65,177,3
2026-05-10,S02,P446,65.0,166,58,173,177,3
2026-05-11,S02,P446,173.0,0,34,139,177,3
2026-05-12,S02,P446,139.0,0,44,95,177,3
2026-05-13,S02,P446,95.0,142,29,208,177,3
2026-05-14,S02,P446,208.0,0,44,164,177,3
2026-05-15,S02,P446,164.0,0,38,126,177,3
2026-05-16,S02,P446,126.0,0,76,50,177,3
2026-05-17,S02,P446,50.0,151,50,151,177,3
2026-05-18,S02,P446,151.0,0,79,72,177,3
2026-05-19,S02,P446,72.0,0,72,0,177,3
2026-05-20,S02,P446,0.0,164,79,85,177,3
2026-05-21,S02,P446,85.0,0,61,24,177,3
2026-05-22,S02,P446,24.0,151,85,90,177,3
2026-05-23,S02,P446,90.0,0,47,43,177,3
2026-05-24,S02,P446,43.0,140,47,136,177,3
2026-05-25,S02,P446,136.0,0,44,92,177,3
2026-05-26,S02,P446,92.0,0,35,57,177,3
2026-05-27,S02,P446,57.0,179,48,188,177,3
2026-05-28,S02,P446,188.0,0,39,149,177,3
2026-05-29,S02,P446,149.0,0,27,122,177,3
2026-05-30,S02,P446,122.0,0,60,62,177,3
2026-05-31,S02,P446,62.0,166,68,160,177,3
2026-06-01,S02,P446,160.0,0,54,106,177,3
2026-06-02,S02,P446,106.0,0,38,68,177,3
2026-06-03,S02,P446,68.0,155,37,186,177,3
2026-06-04,S02,P446,186.0,0,63,123,177,3
2026-06-05,S02,P446,123.0,0,42,81,177,3
2026-06-06,S02,P446,81.0,0,42,39,177,3
2026-06-07,S02,P446,39.0,192,48,183,177,3
2026-06-08,S02,P446,183.0,0,30,153,177,3
2026-06-09,S02,P446,153.0,0,50,103,177,3
2026-06-10,S02,P446,103.0,0,33,70,177,3
2026-06-11,S02,P446,70.0,162,52,180,177,3
2026-06-12,S02,P446,180.0,0,37,143,177,3
2026-06-13,S02,P446,143.0,0,50,93,177,3
2026-06-14,S02,P446,93.0,0,93,0,177,3
2026-06-15,S02,P446,0.0,0,0,-29,177,3
2026-06-16,S02,P446,0.0,172,43,129,177,3
2026-06-17,S02,P446,129.0,143,83,189,177,3
2026-06-18,S02,P446,189.0,0,71,118,177,3
2026-06-19,S02,P446,118.0,0,29,89,177,3
2026-06-20,S02,P446,89.0,0,42,47,177,3
2026-06-21,S02,P446,47.0,197,46,198,177,3
2026-06-22,S02,P446,198.0,0,47,151,177,3
2026-06-23,S02,P446,151.0,0,41,110,177,3
2026-06-24,S02,P446,110.0,0,40,70,177,3
2026-06-25,S02,P446,70.0,164,41,193,177,3
2026-06-26,S02,P446,193.0,0,57,136,177,3
2026-06-27,S02,P446,136.0,0,86,50,177,3
2026-06-28,S02,P446,50.0,0,50,0,177,3
2026-06-29,S02,P446,0.0,179,49,130,177,3
2026-06-30,S02,P446,130.0,0,34,96,177,3
2026-07-01,S02,P446,96.0,0,33,63,177,3
2026-07-02,S02,P446,63.0,185,37,211,177,3
2026-07-03,S02,P446,211.0,0,46,165,177,3
2026-07-04,S02,P446,165.0,0,92,73,177,3
2026-07-05,S02,P446,73.0,0,71,2,177,3
2026-07-06,S02,P446,2.0,150,50,102,177,3
2026-07-07,S02,P446,102.0,0,26,76,177,3
2026-07-08,S02,P446,76.0,163,26,213,177,3
2026-07-09,S02,P446,213.0,0,43,170,177,3
2026-07-10,S02,P446,170.0,0,31,139,177,3
2026-07-11,S02,P446,139.0,0,41,98,177,3
2026-07-12,S02,P446,98.0,0,90,8,177,3
2026-07-13,S02,P446,8.0,0,8,0,177,3
2026-07-14,S02,P446,0.0,145,49,96,177,3
2026-07-15,S02,P446,96.0,162,96,125,177,3
2026-07-16,S02,P446,162.0,0,79,83,177,3
2026-07-17,S02,P446,83.0,0,58,25,177,3
2026-07-18,S02,P446,25.0,153,68,110,177,3
2026-07-19,S02,P446,110.0,0,54,56,177,3
2026-07-20,S02,P446,56.0,0,52,4,177,3
2026-07-21,S02,P446,4.0,205,35,149,177,3
2026-07-22,S02,P446,174.0,0,47,127,177,3
2026-07-23,S02,P446,127.0,0,58,69,177,3
2026-07-24,S02,P446,69.0,141,35,175,177,3
2026-07-25,S02,P446,175.0,0,61,114,177,3
2026-07-26,S02,P446,114.0,0,63,44,177,3
2026-07-27,S02,P446,51.0,140,21,170,177,3
2026-07-28,S02,P446,170.0,0,45,125,177,3
2026-07-29,S02,P446,125.0,0,54,71,177,3
2026-07-30,S02,P446,71.0,145,50,166,177,3
2026-07-31,S02,P446,166.0,0,51,115,177,3
2026-08-01,S02,P446,115.0,0,60,55,177,3
2026-08-02,S02,P446,55.0,149,52,152,177,3
2026-08-03,S02,P446,152.0,0,83,69,177,3
2026-08-04,S02,P446,69.0,0,69,0,177,3
2026-08-05,S02,P446,0.0,163,63,100,177,3
2026-08-06,S02,P446,100.0,0,52,48,177,3
2026-08-07,S02,P446,48.0,152,30,170,177,3
2026-08-08,S02,P446,170.0,0,66,104,177,3
2026-08-09,S02,P446,104.0,0,65,39,177,3
2026-08-10,S02,P446,39.0,145,39,145,177,3
2026-08-11,S02,P446,145.0,0,36,109,177,3
2026-08-12,S02,P446,109.0,0,52,57,177,3
2026-08-13,S02,P446,57.0,170,40,187,177,3
2026-08-14,S02,P446,187.0,0,44,143,177,3
2026-08-15,S02,P446,143.0,0,83,60,177,3
2026-08-16,S02,P446,60.0,0,37,23,177,3
2026-08-17,S02,P446,23.0,172,37,158,177,3
2026-08-18,S02,P446,158.0,0,46,112,177,3
2026-08-19,S02,P446,112.0,0,30,82,177,3
2026-08-20,S02,P446,82.0,157,49,190,177,3
2026-08-21,S02,P446,190.0,0,71,119,177,3
2026-08-22,S02,P446,119.0,0,98,21,177,3
2026-08-23,S02,P446,21.0,0,21,0,177,3
2026-08-24,S02,P446,0.0,196,61,135,177,3
2026-08-25,S02,P446,135.0,0,97,38,177,3
2026-08-26,S02,P446,38.0,0,38,0,177,3
2026-08-27,S02,P446,0.0,180,48,132,177,3
2026-08-28,S02,P446,132.0,0,32,100,177,3
2026-08-29,S02,P446,100.0,0,48,52,177,3
2026-08-30,S02,P446,52.0,183,57,178,177,3
2026-08-31,S02,P446,178.0,0,38,140,177,3
2026-05-01,S02,P501,262.0,0,27,235,147,3
2026-05-02,S02,P501,235.0,0,65,170,147,3
2026-05-03,S02,P501,170.0,0,40,130,147,3
2026-05-04,S02,P501,130.0,0,28,102,147,3
2026-05-05,S02,P501,102.0,0,36,66,147,3
2026-05-06,S02,P501,66.0,132,58,140,147,3
2026-05-07,S02,P501,140.0,0,47,93,147,3
2026-05-08,S02,P501,93.0,0,51,42,147,3
2026-05-09,S02,P501,42.0,122,46,118,147,3
2026-05-10,S02,P501,118.0,0,52,66,147,3
2026-05-11,S02,P501,66.0,0,29,37,147,3
2026-05-12,S02,P501,37.0,144,38,143,147,3
2026-05-13,S02,P501,143.0,0,26,117,147,3
2026-05-14,S02,P501,117.0,0,20,97,147,3
2026-05-15,S02,P501,97.0,119,38,178,147,3
2026-05-16,S02,P501,178.0,0,64,114,147,3
2026-05-17,S02,P501,114.0,0,41,73,147,3
2026-05-18,S02,P501,73.0,0,31,42,147,3
2026-05-19,S02,P501,42.0,148,29,161,147,3
2026-05-20,S02,P501,161.0,0,39,122,147,3
2026-05-21,S02,P501,122.0,0,30,92,147,3
2026-05-22,S02,P501,92.0,0,36,56,147,3
2026-05-23,S02,P501,56.0,140,29,167,147,3
2026-05-24,S02,P501,167.0,0,71,96,147,3
2026-05-25,S02,P501,96.0,0,31,65,147,3
2026-05-26,S02,P501,65.0,0,65,0,147,3
2026-05-27,S02,P501,0.0,166,35,131,147,3
2026-05-28,S02,P501,131.0,0,33,98,147,3
2026-05-29,S02,P501,98.0,0,41,57,147,3
2026-05-30,S02,P501,57.0,131,39,149,147,3
2026-05-31,S02,P501,149.0,0,30,119,147,3
2026-06-01,S02,P501,119.0,0,21,98,147,3
2026-06-02,S02,P501,98.0,0,31,67,147,3
2026-06-03,S02,P501,67.0,143,36,174,147,3
2026-06-04,S02,P501,174.0,0,43,131,147,3
2026-06-05,S02,P501,131.0,0,36,95,147,3
2026-06-06,S02,P501,95.0,0,22,73,147,3
2026-06-07,S02,P501,73.0,131,15,189,147,3
2026-06-08,S02,P501,189.0,0,28,161,147,3
2026-06-09,S02,P501,161.0,0,21,140,147,3
2026-06-10,S02,P501,140.0,0,29,111,147,3
2026-06-11,S02,P501,111.0,0,35,76,147,3
2026-06-12,S02,P501,76.0,122,40,158,147,3
2026-06-13,S02,P501,158.0,0,16,142,147,3
2026-06-14,S02,P501,142.0,0,44,98,147,3
2026-06-15,S02,P501,98.0,0,35,63,147,3
2026-06-16,S02,P501,63.0,120,32,151,147,3
2026-06-17,S02,P501,151.0,0,46,105,147,3
2026-06-18,S02,P501,105.0,0,32,73,147,3
2026-06-19,S02,P501,73.0,0,29,44,147,3
2026-06-20,S02,P501,44.0,157,31,170,147,3
2026-06-21,S02,P501,170.0,0,42,128,147,3
2026-06-22,S02,P501,128.0,0,56,72,147,3
2026-06-23,S02,P501,72.0,0,49,23,147,3
2026-06-24,S02,P501,23.0,134,43,114,147,3
2026-06-25,S02,P501,114.0,0,43,71,147,3
2026-06-26,S02,P501,71.0,0,44,27,147,3
2026-06-27,S02,P501,27.0,148,44,131,147,3
2026-06-28,S02,P501,131.0,0,35,96,147,3
2026-06-29,S02,P501,96.0,0,32,64,147,3
2026-06-30,S02,P501,64.0,131,24,171,147,3
2026-07-01,S02,P501,171.0,0,42,129,147,3
2026-07-02,S02,P501,129.0,0,41,88,147,3
2026-07-03,S02,P501,88.0,0,46,42,147,3
2026-07-04,S02,P501,42.0,133,52,123,147,3
2026-07-05,S02,P501,123.0,0,61,62,147,3
2026-07-06,S02,P501,62.0,0,19,43,147,3
2026-07-07,S02,P501,43.0,0,27,16,147,3
2026-07-08,S02,P501,16.0,0,16,0,147,3
2026-07-09,S02,P501,0.0,139,58,81,147,3
2026-07-10,S02,P501,81.0,0,59,22,147,3
2026-07-11,S02,P501,22.0,0,22,0,147,3
2026-07-12,S02,P501,0.0,123,70,53,147,3
2026-07-13,S02,P501,53.0,117,20,150,147,3
2026-07-14,S02,P501,150.0,0,27,123,147,3
2026-07-15,S02,P501,123.0,0,29,94,147,3
2026-07-16,S02,P501,94.0,0,29,65,147,3
2026-07-17,S02,P501,65.0,139,41,163,147,3
2026-07-18,S02,P501,163.0,0,33,130,147,3
2026-07-19,S02,P501,130.0,0,33,97,147,3
2026-07-20,S02,P501,97.0,0,49,48,147,3
2026-07-21,S02,P501,48.0,0,34,14,147,3
2026-07-22,S02,P501,14.0,132,34,112,147,3
2026-07-23,S02,P501,112.0,0,46,66,147,3
2026-07-24,S02,P501,66.0,116,28,154,147,3
2026-07-25,S02,P501,154.0,0,31,123,147,3
2026-07-26,S02,P501,123.0,0,35,88,147,3
2026-07-27,S02,P501,88.0,0,59,29,147,3
2026-07-28,S02,P501,29.0,139,37,131,147,3
2026-07-29,S02,P501,131.0,0,44,87,147,3
2026-07-30,S02,P501,87.0,0,22,65,147,3
2026-07-31,S02,P501,65.0,131,35,161,147,3
2026-08-01,S02,P501,161.0,0,35,126,147,3
2026-08-02,S02,P501,126.0,0,67,59,147,3
2026-08-03,S02,P501,59.0,0,55,4,147,3
2026-08-04,S02,P501,4.0,136,19,121,147,3
2026-08-05,S02,P501,121.0,0,52,69,147,3
2026-08-06,S02,P501,69.0,122,33,158,147,3
2026-08-07,S02,P501,158.0,0,73,85,147,3
2026-08-08,S02,P501,85.0,0,46,39,147,3
2026-08-09,S02,P501,39.0,0,39,0,147,3
2026-08-10,S02,P501,0.0,177,40,137,147,3
2026-08-11,S02,P501,137.0,0,27,110,147,3
2026-08-12,S02,P501,110.0,0,27,83,147,3
2026-08-13,S02,P501,83.0,125,45,163,147,3
2026-08-14,S02,P501,163.0,0,51,112,147,3
2026-08-15,S02,P501,112.0,0,33,79,147,3
2026-08-16,S02,P501,79.0,0,26,53,147,3
2026-08-17,S02,P501,53.0,150,42,161,147,3
2026-08-18,S02,P501,161.0,0,21,140,147,3
2026-08-19,S02,P501,140.0,0,35,105,147,3
2026-08-20,S02,P501,105.0,0,41,64,147,3
2026-08-21,S02,P501,64.0,122,73,113,147,3
2026-08-22,S02,P501,113.0,0,37,76,147,3
2026-08-23,S02,P501,76.0,0,49,27,147,3
2026-08-24,S02,P501,27.0,149,52,124,147,3
2026-08-25,S02,P501,124.0,0,65,59,147,3
2026-08-26,S02,P501,59.0,0,59,0,147,3
2026-08-27,S02,P501,0.0,138,65,73,147,3
2026-08-28,S02,P501,73.0,0,66,7,147,3
2026-08-29,S02,P501,7.0,124,70,61,147,3
2026-08-30,S02,P501,61.0,0,56,5,147,3
2026-08-31,S02,P501,5.0,131,60,76,147,3
2026-05-01,S02,P502,186.0,0,48,138,105,3
2026-05-02,S02,P502,138.0,0,33,105,105,3
2026-05-03,S02,P502,105.0,0,40,65,105,3
2026-05-04,S02,P502,65.0,0,34,31,105,3
2026-05-05,S02,P502,31.0,81,20,92,105,3
2026-05-06,S02,P502,92.0,0,25,67,105,3
2026-05-07,S02,P502,67.0,0,30,37,105,3
2026-05-08,S02,P502,37.0,94,37,94,105,3
2026-05-09,S02,P502,94.0,0,25,69,105,3
2026-05-10,S02,P502,69.0,0,22,47,105,3
2026-05-11,S02,P502,47.0,92,26,113,105,3
2026-05-12,S02,P502,113.0,0,15,98,105,3
2026-05-13,S02,P502,98.0,0,30,68,105,3
2026-05-14,S02,P502,68.0,0,18,50,105,3
2026-05-15,S02,P502,50.0,88,29,109,105,3
2026-05-16,S02,P502,109.0,0,25,84,105,3
2026-05-17,S02,P502,84.0,0,35,49,105,3
2026-05-18,S02,P502,49.0,0,26,23,105,3
2026-05-19,S02,P502,23.0,102,24,101,105,3
2026-05-20,S02,P502,101.0,0,25,76,105,3
2026-05-21,S02,P502,76.0,0,11,65,105,3
2026-05-22,S02,P502,65.0,85,30,120,105,3
2026-05-23,S02,P502,120.0,0,41,79,105,3
2026-05-24,S02,P502,79.0,0,36,43,105,3
2026-05-25,S02,P502,43.0,0,37,6,105,3
2026-05-26,S02,P502,6.0,107,71,42,105,3
2026-05-27,S02,P502,42.0,0,41,1,105,3
2026-05-28,S02,P502,1.0,0,1,0,105,3
2026-05-29,S02,P502,0.0,144,17,127,105,3
2026-05-30,S02,P502,127.0,0,22,105,105,3
2026-05-31,S02,P502,105.0,0,43,62,105,3
2026-06-01,S02,P502,62.0,0,28,34,105,3
2026-06-02,S02,P502,34.0,0,14,20,105,3
2026-06-03,S02,P502,20.0,81,34,67,105,3
2026-06-04,S02,P502,67.0,0,26,41,105,3
2026-06-05,S02,P502,41.0,85,33,93,105,3
2026-06-06,S02,P502,93.0,0,27,66,105,3
2026-06-07,S02,P502,66.0,0,10,56,105,3
2026-06-08,S02,P502,56.0,93,33,116,105,3
2026-06-09,S02,P502,116.0,0,20,96,105,3
2026-06-10,S02,P502,96.0,0,32,64,105,3
2026-06-11,S02,P502,64.0,0,37,27,105,3
2026-06-12,S02,P502,27.0,0,27,0,105,3
2026-06-13,S02,P502,0.0,0,0,24,105,3
2026-06-14,S02,P502,0.0,90,54,36,105,3
2026-06-15,S02,P502,36.0,96,25,107,105,3
2026-06-16,S02,P502,107.0,0,35,72,105,3
2026-06-17,S02,P502,72.0,0,15,57,105,3
2026-06-18,S02,P502,57.0,0,27,30,105,3
2026-06-19,S02,P502,30.0,114,25,119,105,3
2026-06-20,S02,P502,119.0,0,34,85,105,3
2026-06-21,S02,P502,85.0,0,23,31,105,3
2026-06-22,S02,P502,62.0,0,34,28,105,3
2026-06-23,S02,P502,28.0,101,19,110,105,3
2026-06-24,S02,P502,110.0,0,23,87,105,3
2026-06-25,S02,P502,87.0,0,35,52,105,3
2026-06-26,S02,P502,52.0,0,34,18,105,3
2026-06-27,S02,P502,18.0,0,17,1,105,3
2026-06-28,S02,P502,1.0,99,29,71,105,3
2026-06-29,S02,P502,71.0,0,23,48,105,3
2026-06-30,S02,P502,48.0,0,22,26,105,3
2026-07-01,S02,P502,26.0,0,26,0,105,3
2026-07-02,S02,P502,0.0,86,26,60,105,3
2026-07-03,S02,P502,60.0,0,21,39,105,3
2026-07-04,S02,P502,39.0,100,17,122,105,3
2026-07-05,S02,P502,122.0,0,26,96,105,3
2026-07-06,S02,P502,96.0,0,22,74,105,3
2026-07-07,S02,P502,74.0,0,28,46,105,3
2026-07-08,S02,P502,46.0,90,26,110,105,3
2026-07-09,S02,P502,110.0,0,24,86,105,3
2026-07-10,S02,P502,86.0,0,34,52,105,3
2026-07-11,S02,P502,52.0,0,16,36,105,3
2026-07-12,S02,P502,36.0,100,17,119,105,3
2026-07-13,S02,P502,119.0,0,13,89,105,3
2026-07-14,S02,P502,106.0,0,30,76,105,3
2026-07-15,S02,P502,76.0,0,23,53,105,3
2026-07-16,S02,P502,53.0,0,45,8,105,3
2026-07-17,S02,P502,8.0,110,29,89,105,3
2026-07-18,S02,P502,89.0,0,49,40,105,3
2026-07-19,S02,P502,40.0,0,40,0,105,3
2026-07-20,S02,P502,0.0,97,25,72,105,3
2026-07-21,S02,P502,72.0,0,31,41,105,3
2026-07-22,S02,P502,41.0,0,25,16,105,3
2026-07-23,S02,P502,16.0,89,28,77,105,3
2026-07-24,S02,P502,77.0,0,28,49,105,3
2026-07-25,S02,P502,49.0,81,45,85,105,3
2026-07-26,S02,P502,85.0,0,31,54,105,3
2026-07-27,S02,P502,54.0,0,22,32,105,3
2026-07-28,S02,P502,32.0,101,30,103,105,3
2026-07-29,S02,P502,103.0,0,23,80,105,3
2026-07-30,S02,P502,80.0,0,14,66,105,3
2026-07-31,S02,P502,66.0,83,38,111,105,3
2026-08-01,S02,P502,111.0,0,19,92,105,3
2026-08-02,S02,P502,92.0,0,56,36,105,3
2026-08-03,S02,P502,36.0,0,33,3,105,3
2026-08-04,S02,P502,3.0,94,48,49,105,3
2026-08-05,S02,P502,49.0,0,48,1,105,3
2026-08-06,S02,P502,1.0,0,1,0,105,3
2026-08-07,S02,P502,0.0,0,0,0,105,3
2026-08-08,S02,P502,0.0,185,47,138,105,3
2026-08-09,S02,P502,138.0,0,26,112,105,3
2026-08-10,S02,P502,112.0,0,28,84,105,3
2026-08-11,S02,P502,84.0,0,23,61,105,3
2026-08-12,S02,P502,61.0,0,21,40,105,3
2026-08-13,S02,P502,40.0,102,26,116,105,3
2026-08-14,S02,P502,116.0,0,19,97,105,3
2026-08-15,S02,P502,97.0,0,41,56,105,3
2026-08-16,S02,P502,56.0,0,25,31,105,3
2026-08-17,S02,P502,31.0,0,31,0,105,3
2026-08-18,S02,P502,0.0,0,0,0,105,3
2026-08-19,S02,P502,0.0,89,35,54,105,3
2026-08-20,S02,P502,54.0,97,21,130,105,3
2026-08-21,S02,P502,130.0,0,47,83,105,3
2026-08-22,S02,P502,83.0,0,52,31,105,3
2026-08-23,S02,P502,31.0,0,31,0,105,3
2026-08-24,S02,P502,0.0,103,41,62,105,3
2026-08-25,S02,P502,62.0,0,36,26,105,3
2026-08-26,S02,P502,26.0,83,43,66,105,3
2026-08-27,S02,P502,66.0,0,18,48,105,3
2026-08-28,S02,P502,48.0,0,29,19,105,3
2026-08-29,S02,P502,19.0,120,38,101,105,3
2026-08-30,S02,P502,101.0,0,59,42,105,3
2026-08-31,S02,P502,42.0,0,42,0,105,3
2026-05-01,S02,P503,200.0,0,26,174,112,3
2026-05-02,S02,P503,174.0,0,21,153,112,3
2026-05-03,S02,P503,153.0,0,24,129,112,3
2026-05-04,S02,P503,129.0,0,31,98,112,3
2026-05-05,S02,P503,98.0,0,34,64,112,3
2026-05-06,S02,P503,64.0,0,37,27,112,3
2026-05-07,S02,P503,27.0,102,26,103,112,3
2026-05-08,S02,P503,103.0,0,24,79,112,3
2026-05-09,S02,P503,79.0,0,27,52,112,3
2026-05-10,S02,P503,52.0,97,28,121,112,3
2026-05-11,S02,P503,121.0,0,25,96,112,3
2026-05-12,S02,P503,96.0,0,20,76,112,3
2026-05-14,S02,P503,38.0,104,26,116,112,3
2026-05-15,S02,P503,116.0,0,19,97,112,3
2026-05-16,S02,P503,97.0,0,46,51,112,3
2026-05-17,S02,P503,51.0,0,51,0,112,3
2026-05-18,S02,P503,0.0,103,22,81,112,3
2026-05-19,S02,P503,81.0,0,23,58,112,3
2026-05-20,S02,P503,58.0,97,41,114,112,3
2026-05-21,S02,P503,114.0,0,38,76,112,3
2026-05-22,S02,P503,76.0,0,46,30,112,3
2026-05-23,S02,P503,30.0,0,30,0,112,3
2026-05-24,S02,P503,0.0,124,54,70,112,3
2026-05-25,S02,P503,70.0,0,52,18,112,3
2026-05-26,S02,P503,18.0,0,18,0,112,3
2026-05-27,S02,P503,0.0,0,0,0,112,3
2026-05-28,S02,P503,0.0,130,23,107,112,3
2026-05-29,S02,P503,107.0,0,28,79,112,3
2026-05-30,S02,P503,79.0,0,38,41,112,3
2026-05-31,S02,P503,41.0,93,26,91,112,3
2026-06-01,S02,P503,108.0,0,21,87,112,3
2026-06-02,S02,P503,87.0,0,29,58,112,3
2026-06-03,S02,P503,58.0,92,35,115,112,3
2026-06-04,S02,P503,115.0,0,18,97,112,3
2026-06-05,S02,P503,97.0,0,22,75,112,3
2026-06-06,S02,P503,75.0,0,24,51,112,3
2026-06-07,S02,P503,51.0,103,37,117,112,3
2026-06-08,S02,P503,117.0,0,24,74,112,3
2026-06-09,S02,P503,93.0,0,24,69,112,3
2026-06-10,S02,P503,69.0,0,25,44,112,3
2026-06-11,S02,P503,44.0,107,25,126,112,3
2026-06-12,S02,P503,126.0,0,14,112,112,3
2026-06-13,S02,P503,112.0,0,22,90,112,3
2026-06-14,S02,P503,90.0,0,33,57,112,3
2026-06-15,S02,P503,57.0,88,44,101,112,3
2026-06-16,S02,P503,101.0,0,31,70,112,3
2026-06-17,S02,P503,70.0,0,44,26,112,3
2026-06-18,S02,P503,26.0,99,57,68,112,3
2026-06-19,S02,P503,68.0,0,24,44,112,3
2026-06-20,S02,P503,44.0,0,36,8,112,3
2026-06-21,S02,P503,8.0,132,32,108,112,3
2026-06-22,S02,P503,108.0,0,24,84,112,3
2026-06-23,S02,P503,84.0,0,48,36,112,3
2026-06-24,S02,P503,36.0,92,20,108,112,3
2026-06-25,S02,P503,108.0,0,32,76,112,3
2026-06-26,S02,P503,76.0,0,27,49,112,3
2026-06-27,S02,P503,49.0,92,20,121,112,3
2026-06-28,S02,P503,121.0,0,13,108,112,3
2026-06-29,S02,P503,108.0,0,37,71,112,3
2026-06-30,S02,P503,71.0,0,20,51,112,3
2026-07-01,S02,P503,51.0,92,31,112,112,3
2026-07-02,S02,P503,112.0,0,19,93,112,3
2026-07-03,S02,P503,93.0,0,28,81,112,3
2026-07-04,S02,P503,65.0,88,34,119,112,3
2026-07-05,S02,P503,119.0,0,41,78,112,3
2026-07-06,S02,P503,78.0,0,33,45,112,3
2026-07-07,S02,P503,45.0,0,19,26,112,3
2026-07-08,S02,P503,26.0,122,22,126,112,3
2026-07-09,S02,P503,126.0,0,24,102,112,3
2026-07-11,S02,P503,75.0,0,32,43,112,3
2026-07-12,S02,P503,43.0,98,59,82,112,3
2026-07-13,S02,P503,82.0,0,50,32,112,3
2026-07-14,S02,P503,32.0,0,32,12,112,3
2026-07-15,S02,P503,0.0,118,30,88,112,3
2026-07-16,S02,P503,88.0,0,51,37,112,3
2026-07-17,S02,P503,37.0,0,37,0,112,3
2026-07-18,S02,P503,0.0,112,37,75,112,3
2026-07-19,S02,P503,75.0,0,34,41,112,3
2026-07-20,S02,P503,41.0,88,25,104,112,3
2026-07-21,S02,P503,104.0,0,25,79,112,3
2026-07-22,S02,P503,79.0,0,30,49,112,3
2026-07-23,S02,P503,49.0,96,23,122,112,3
2026-07-24,S02,P503,122.0,0,28,94,112,3
2026-07-25,S02,P503,94.0,0,28,66,112,3
2026-07-26,S02,P503,66.0,0,33,33,112,3
2026-07-27,S02,P503,33.0,106,21,118,112,3
2026-07-28,S02,P503,118.0,0,23,95,112,3
2026-07-29,S02,P503,95.0,0,25,70,112,3
2026-07-30,S02,P503,70.0,0,19,51,112,3
2026-07-31,S02,P503,51.0,105,33,123,112,3
2026-08-01,S02,P503,123.0,0,24,99,112,3
2026-08-02,S02,P503,99.0,0,52,47,112,3
2026-08-03,S02,P503,47.0,0,26,21,112,3
2026-08-04,S02,P503,21.0,101,25,97,112,3
2026-08-05,S02,P503,97.0,0,33,64,112,3
2026-08-06,S02,P503,64.0,0,33,31,112,3
2026-08-07,S02,P503,31.0,103,48,86,112,3
2026-08-08,S02,P503,86.0,0,65,21,112,3
2026-08-09,S02,P503,21.0,0,21,0,112,3
2026-08-10,S02,P503,0.0,114,33,81,112,3
2026-08-11,S02,P503,81.0,0,55,26,112,3
2026-08-12,S02,P503,26.0,0,22,4,112,3
2026-08-13,S02,P503,4.0,119,36,87,112,3
2026-08-14,S02,P503,87.0,0,28,59,112,3
2026-08-15,S02,P503,59.0,0,49,10,112,3
2026-08-16,S02,P503,10.0,113,37,86,112,3
2026-08-17,S02,P503,86.0,0,38,48,112,3
2026-08-18,S02,P503,48.0,0,27,21,112,3
2026-08-19,S02,P503,21.0,114,21,114,112,3
2026-08-20,S02,P503,114.0,0,38,76,112,3
2026-08-21,S02,P503,76.0,0,58,18,112,3
2026-08-22,S02,P503,18.0,0,14,4,112,3
2026-08-23,S02,P503,4.0,124,34,94,112,3
2026-08-24,S02,P503,94.0,0,50,44,112,3
2026-08-25,S02,P503,44.0,0,44,0,112,3
2026-08-26,S02,P503,0.0,106,59,47,112,3
2026-08-27,S02,P503,47.0,0,36,11,112,3
2026-08-28,S02,P503,11.0,94,40,65,112,3
2026-08-29,S02,P503,65.0,0,26,39,112,3
2026-08-30,S02,P503,39.0,95,37,97,112,3
2026-08-31,S02,P503,97.0,0,18,79,112,3
2026-05-01,S02,P504,135.0,0,21,114,76,3
2026-05-02,S02,P504,114.0,0,17,97,76,3
2026-05-03,S02,P504,97.0,0,22,75,76,3
2026-05-04,S02,P504,75.0,0,14,61,76,3
2026-05-05,S02,P504,61.0,0,29,32,76,3
2026-05-06,S02,P504,32.0,60,36,56,76,3
2026-05-07,S02,P504,56.0,0,33,23,76,3
2026-05-08,S02,P504,23.0,0,19,4,76,3
2026-05-09,S02,P504,4.0,79,68,15,76,3
2026-05-10,S02,P504,15.0,0,15,0,76,3
2026-05-11,S02,P504,0.0,0,0,0,76,3
2026-05-12,S02,P504,0.0,120,16,104,76,3
2026-05-13,S02,P504,104.0,0,16,88,76,3
2026-05-14,S02,P504,88.0,0,19,69,76,3
2026-05-15,S02,P504,69.0,0,23,46,76,3
2026-05-16,S02,P504,46.0,0,16,30,76,3
2026-05-17,S02,P504,30.0,66,19,77,76,3
2026-05-18,S02,P504,77.0,0,14,63,76,3
2026-05-19,S02,P504,63.0,0,11,52,76,3
2026-05-20,S02,P504,52.0,0,12,40,76,3
2026-05-21,S02,P504,40.0,72,18,94,76,3
2026-05-22,S02,P504,94.0,0,14,80,76,3
2026-05-23,S02,P504,80.0,0,22,91,76,3
2026-05-24,S02,P504,58.0,0,20,38,76,3
2026-05-25,S02,P504,38.0,0,7,31,76,3
2026-05-26,S02,P504,31.0,77,13,95,76,3
2026-05-27,S02,P504,95.0,0,22,73,76,3
2026-05-28,S02,P504,73.0,0,22,51,76,3
2026-05-29,S02,P504,51.0,0,28,23,76,3
2026-05-30,S02,P504,23.0,62,24,61,76,3
2026-05-31,S02,P504,61.0,0,16,45,76,3
2026-06-01,S02,P504,45.0,0,45,0,76,3
2026-06-02,S02,P504,0.0,74,26,48,76,3
2026-06-03,S02,P504,48.0,0,32,16,76,3
2026-06-04,S02,P504,16.0,61,62,15,76,3
2026-06-05,S02,P504,15.0,0,15,0,76,3
2026-06-06,S02,P504,0.0,0,0,0,76,3
2026-06-07,S02,P504,0.0,120,15,105,76,3
2026-06-08,S02,P504,105.0,0,26,79,76,3
2026-06-09,S02,P504,79.0,0,16,63,76,3
2026-06-10,S02,P504,63.0,0,17,46,76,3
2026-06-11,S02,P504,46.0,0,12,34,76,3
2026-06-12,S02,P504,34.0,72,15,91,76,3
2026-06-13,S02,P504,91.0,0,25,66,76,3
2026-06-14,S02,P504,66.0,0,9,57,76,3
2026-06-15,S02,P504,57.0,0,14,43,76,3
2026-06-16,S02,P504,43.0,69,13,99,76,3
2026-06-17,S02,P504,99.0,0,33,66,76,3
2026-06-18,S02,P504,66.0,0,22,44,76,3
2026-06-19,S02,P504,44.0,0,21,23,76,3
2026-06-20,S02,P504,23.0,0,23,0,76,3
2026-06-21,S02,P504,0.0,69,22,47,76,3
2026-06-22,S02,P504,47.0,0,22,25,76,3
2026-06-23,S02,P504,25.0,66,40,51,76,3
2026-06-24,S02,P504,51.0,0,16,35,76,3
2026-06-25,S02,P504,35.0,0,33,2,76,3
2026-06-26,S02,P504,2.0,84,22,64,76,3
2026-06-27,S02,P504,64.0,0,19,45,76,3
2026-06-28,S02,P504,45.0,0,14,31,76,3
2026-06-29,S02,P504,31.0,71,14,88,76,3
2026-06-30,S02,P504,88.0,0,23,65,76,3
2026-07-01,S02,P504,65.0,0,19,46,76,3
2026-07-02,S02,P504,46.0,0,18,28,76,3
2026-07-03,S02,P504,28.0,70,26,72,76,3
2026-07-04,S02,P504,72.0,0,24,48,76,3
2026-07-05,S02,P504,48.0,0,17,31,76,3
2026-07-06,S02,P504,31.0,63,20,74,76,3
2026-07-07,S02,P504,74.0,0,14,60,76,3
2026-07-08,S02,P504,60.0,0,15,45,76,3
2026-07-09,S02,P504,45.0,61,18,127,76,3
2026-07-10,S02,P504,88.0,0,19,69,76,3
2026-07-11,S02,P504,69.0,0,18,51,76,3
2026-07-12,S02,P504,51.0,0,29,22,76,3
2026-07-13,S02,P504,22.0,66,12,76,76,3
2026-07-14,S02,P504,76.0,0,13,63,76,3
2026-07-15,S02,P504,63.0,0,10,53,76,3
2026-07-16,S02,P504,53.0,59,14,98,76,3
2026-07-17,S02,P504,98.0,0,30,68,76,3
2026-07-18,S02,P504,68.0,0,23,45,76,3
2026-07-19,S02,P504,45.0,0,39,6,76,3
2026-07-20,S02,P504,6.0,67,31,42,76,3
2026-07-21,S02,P504,42.0,0,31,11,76,3
2026-07-22,S02,P504,11.0,62,44,29,76,3
2026-07-23,S02,P504,29.0,0,16,13,76,3
2026-07-24,S02,P504,13.0,62,22,53,76,3
2026-07-25,S02,P504,53.0,0,28,25,76,3
2026-07-26,S02,P504,25.0,0,25,0,76,3
2026-07-27,S02,P504,0.0,60,16,44,76,3
2026-07-28,S02,P504,44.0,0,31,13,76,3
2026-07-29,S02,P504,13.0,75,14,74,76,3
2026-07-30,S02,P504,74.0,0,12,62,76,3
2026-07-31,S02,P504,62.0,0,13,49,76,3
2026-08-01,S02,P504,49.0,0,42,7,76,3
2026-08-02,S02,P504,7.0,61,17,51,76,3
2026-08-03,S02,P504,51.0,0,34,17,76,3
2026-08-04,S02,P504,17.0,67,25,59,76,3
2026-08-05,S02,P504,59.0,0,26,33,76,3
2026-08-06,S02,P504,33.0,0,26,7,76,3
2026-08-07,S02,P504,7.0,76,7,76,76,3
2026-08-08,S02,P504,76.0,0,19,57,76,3
2026-08-09,S02,P504,57.0,0,22,35,76,3
2026-08-10,S02,P504,35.0,59,18,76,76,3
2026-08-11,S02,P504,76.0,0,16,60,76,3
2026-08-12,S02,P504,60.0,0,15,45,76,3
2026-08-13,S02,P504,45.0,59,16,88,76,3
2026-08-14,S02,P504,88.0,0,23,65,76,3
2026-08-15,S02,P504,65.0,0,18,47,76,3
2026-08-16,S02,P504,47.0,0,21,26,76,3
2026-08-17,S02,P504,26.0,70,20,76,76,3
2026-08-18,S02,P504,76.0,0,16,60,76,3
2026-08-19,S02,P504,60.0,0,15,45,76,3
2026-08-20,S02,P504,45.0,0,18,27,76,3
2026-08-21,S02,P504,27.0,59,38,48,76,3
2026-08-22,S02,P504,48.0,0,24,24,76,3
2026-08-23,S02,P504,24.0,0,21,3,76,3
2026-08-24,S02,P504,3.0,87,14,76,76,3
2026-08-25,S02,P504,76.0,0,14,62,76,3
2026-08-26,S02,P504,62.0,0,38,24,76,3
2026-08-27,S02,P504,24.0,59,14,69,76,3
2026-08-28,S02,P504,69.0,0,15,54,76,3
2026-08-29,S02,P504,54.0,0,34,20,76,3
2026-08-30,S02,P504,20.0,66,23,63,76,3
2026-08-31,S02,P504,63.0,0,21,42,76,3
2026-05-01,S02,P505,172.0,0,22,150,97,3
2026-05-02,S02,P505,150.0,0,21,129,97,3
2026-05-03,S02,P505,129.0,0,25,104,97,3
2026-05-04,S02,P505,104.0,0,31,73,97,3
2026-05-05,S02,P505,73.0,0,18,55,97,3
2026-05-06,S02,P505,55.0,0,13,42,97,3
2026-05-07,S02,P505,42.0,99,18,123,97,3
2026-05-08,S02,P505,123.0,0,27,96,97,3
2026-05-09,S02,P505,96.0,0,24,72,97,3
2026-05-10,S02,P505,72.0,0,29,43,97,3
2026-05-11,S02,P505,43.0,0,19,24,97,3
2026-05-12,S02,P505,24.0,76,20,80,97,3
2026-05-13,S02,P505,80.0,0,38,42,97,3
2026-05-14,S02,P505,42.0,0,42,0,97,3
2026-05-15,S02,P505,0.0,92,24,68,97,3
2026-05-16,S02,P505,68.0,0,24,44,97,3
2026-05-17,S02,P505,44.0,0,15,29,97,3
2026-05-18,S02,P505,29.0,0,15,14,97,3
2026-05-19,S02,P505,14.0,80,20,74,97,3
2026-05-20,S02,P505,74.0,0,14,60,97,3
2026-05-21,S02,P505,60.0,78,15,123,97,3
2026-05-22,S02,P505,123.0,0,11,112,97,3
2026-05-23,S02,P505,112.0,0,17,95,97,3
2026-05-24,S02,P505,95.0,0,32,63,97,3
2026-05-25,S02,P505,63.0,0,19,44,97,3
2026-05-26,S02,P505,44.0,0,26,18,97,3
2026-05-27,S02,P505,18.0,0,18,0,97,3
2026-05-28,S02,P505,0.0,77,22,55,97,3
2026-05-29,S02,P505,55.0,77,15,117,97,3
2026-05-30,S02,P505,117.0,0,17,100,97,3
2026-05-31,S02,P505,100.0,0,11,89,97,3
2026-06-01,S02,P505,89.0,0,18,71,97,3
2026-06-02,S02,P505,71.0,0,18,53,97,3
2026-06-03,S02,P505,53.0,83,17,119,97,3
2026-06-04,S02,P505,119.0,0,20,99,97,3
2026-06-05,S02,P505,99.0,0,20,79,97,3
2026-06-06,S02,P505,79.0,0,23,56,97,3
2026-06-07,S02,P505,56.0,0,15,41,97,3
2026-06-08,S02,P505,41.0,93,24,110,97,3
2026-06-09,S02,P505,110.0,0,25,85,97,3
2026-06-10,S02,P505,85.0,0,25,60,97,3
2026-06-11,S02,P505,60.0,0,20,40,97,3
2026-06-12,S02,P505,40.0,87,25,102,97,3
2026-06-13,S02,P505,102.0,0,30,72,97,3
2026-06-14,S02,P505,72.0,0,41,31,97,3
2026-06-15,S02,P505,31.0,0,13,18,97,3
2026-06-16,S02,P505,18.0,100,34,84,97,3
2026-06-17,S02,P505,84.0,0,18,66,97,3
2026-06-18,S02,P505,66.0,0,21,45,97,3
2026-06-19,S02,P505,45.0,88,22,111,97,3
2026-06-20,S02,P505,111.0,0,33,78,97,3
2026-06-21,S02,P505,78.0,0,29,49,97,3
2026-06-22,S02,P505,49.0,0,25,24,97,3
2026-06-23,S02,P505,24.0,94,14,104,97,3
2026-06-24,S02,P505,104.0,0,19,85,97,3
2026-06-25,S02,P505,85.0,0,24,61,97,3
2026-06-26,S02,P505,61.0,0,21,40,97,3
2026-06-27,S02,P505,40.0,87,27,100,97,3
2026-06-28,S02,P505,100.0,0,23,77,97,3
2026-06-29,S02,P505,77.0,0,26,51,97,3
2026-06-30,S02,P505,51.0,0,16,35,97,3
2026-07-01,S02,P505,35.0,95,16,114,97,3
2026-07-02,S02,P505,114.0,0,21,93,97,3
2026-07-03,S02,P505,93.0,0,30,63,97,3
2026-07-04,S02,P505,63.0,0,31,32,97,3
2026-07-05,S02,P505,32.0,79,34,77,97,3
2026-07-06,S02,P505,77.0,0,26,51,97,3
2026-07-07,S02,P505,51.0,0,24,27,97,3
2026-07-08,S02,P505,27.0,95,14,108,97,3
2026-07-09,S02,P505,108.0,0,13,95,97,3
2026-07-10,S02,P505,95.0,0,19,76,97,3
2026-07-11,S02,P505,76.0,0,17,59,97,3
2026-07-12,S02,P505,59.0,77,33,103,97,3
2026-07-13,S02,P505,103.0,0,10,93,97,3
2026-07-14,S02,P505,93.0,0,15,78,97,3
2026-07-15,S02,P505,78.0,0,20,58,97,3
2026-07-16,S02,P505,58.0,0,23,35,97,3
2026-07-17,S02,P505,35.0,79,21,93,97,3
2026-07-18,S02,P505,93.0,0,24,69,97,3
2026-07-19,S02,P505,69.0,0,20,49,97,3
2026-07-20,S02,P505,49.0,79,19,109,97,3
2026-07-21,S02,P505,109.0,0,18,91,97,3
2026-07-22,S02,P505,91.0,0,9,82,97,3
2026-07-23,S02,P505,82.0,0,29,53,97,3
2026-07-24,S02,P505,53.0,81,18,116,97,3
2026-07-25,S02,P505,116.0,0,15,101,97,3
2026-07-26,S02,P505,101.0,0,29,72,97,3
2026-07-27,S02,P505,72.0,0,25,47,97,3
2026-07-28,S02,P505,47.0,0,21,26,97,3
2026-07-29,S02,P505,26.0,0,24,2,97,3
2026-07-30,S02,P505,2.0,0,2,-28,97,3
2026-07-31,S02,P505,0.0,100,28,72,97,3
2026-08-01,S02,P505,72.0,0,25,47,97,3
2026-08-02,S02,P505,47.0,0,29,18,97,3
2026-08-03,S02,P505,18.0,100,29,89,97,3
2026-08-04,S02,P505,89.0,0,22,67,97,3
2026-08-05,S02,P505,67.0,0,11,56,97,3
2026-08-06,S02,P505,56.0,83,20,119,97,3
2026-08-07,S02,P505,119.0,0,22,97,97,3
2026-08-08,S02,P505,97.0,0,19,78,97,3
2026-08-09,S02,P505,78.0,0,11,67,97,3
2026-08-10,S02,P505,67.0,75,11,131,97,3
2026-08-11,S02,P505,131.0,0,16,115,97,3
2026-08-12,S02,P505,115.0,0,25,90,97,3
2026-08-13,S02,P505,90.0,0,27,63,97,3
2026-08-14,S02,P505,63.0,0,21,42,97,3
2026-08-15,S02,P505,42.0,82,18,106,97,3
2026-08-16,S02,P505,106.0,0,19,87,97,3
2026-08-17,S02,P505,87.0,0,20,67,97,3
2026-08-18,S02,P505,67.0,0,19,48,97,3
2026-08-19,S02,P505,48.0,85,18,115,97,3
2026-08-20,S02,P505,115.0,0,28,87,97,3
2026-08-21,S02,P505,87.0,0,43,26,97,3
2026-08-22,S02,P505,44.0,0,29,15,97,3
2026-08-23,S02,P505,15.0,0,15,0,97,3
2026-08-24,S02,P505,0.0,85,17,68,97,3
2026-08-25,S02,P505,68.0,0,33,35,97,3
2026-08-26,S02,P505,35.0,87,64,58,97,3
2026-08-27,S02,P505,58.0,0,20,38,97,3
2026-08-28,S02,P505,38.0,0,31,7,97,3
2026-08-29,S02,P505,7.0,114,20,101,97,3
2026-08-30,S02,P505,101.0,0,28,73,97,3
2026-08-31,S02,P505,73.0,0,21,52,97,3
2026-05-01,S02,P506,186.0,0,68,118,116,1
2026-05-02,S02,P506,118.0,0,66,52,116,1
2026-05-03,S02,P506,52.0,134,69,117,116,1
2026-05-04,S02,P506,117.0,0,58,59,116,1
2026-05-05,S02,P506,59.0,127,53,133,116,1
2026-05-06,S02,P506,133.0,0,41,92,116,1
2026-05-07,S02,P506,92.0,0,49,43,116,1
2026-05-08,S02,P506,43.0,94,77,60,116,1
2026-05-09,S02,P506,60.0,0,60,0,116,1
2026-05-10,S02,P506,0.0,126,50,76,116,1
2026-05-11,S02,P506,76.0,110,45,141,116,1
2026-05-12,S02,P506,141.0,0,42,99,116,1
2026-05-13,S02,P506,99.0,87,45,141,116,1
2026-05-14,S02,P506,141.0,0,42,99,116,1
2026-05-15,S02,P506,99.0,87,121,65,116,1
2026-05-16,S02,P506,65.0,121,147,39,116,1
2026-05-17,S02,P506,39.0,147,91,95,116,1
2026-05-18,S02,P506,95.0,0,95,0,116,1
2026-05-19,S02,P506,0.0,186,36,150,116,1
2026-05-20,S02,P506,150.0,0,60,90,116,1
2026-05-21,S02,P506,90.0,96,59,127,116,1
2026-05-22,S02,P506,127.0,0,50,77,116,1
2026-05-23,S02,P506,77.0,109,77,109,116,1
2026-05-24,S02,P506,109.0,77,70,116,116,1
2026-05-25,S02,P506,116.0,70,58,128,116,1
2026-05-26,S02,P506,128.0,0,54,74,116,1
2026-05-27,S02,P506,74.0,112,51,135,116,1
2026-05-28,S02,P506,135.0,0,42,93,116,1
2026-05-29,S02,P506,93.0,93,66,120,116,1
2026-05-30,S02,P506,120.0,0,70,50,116,1
2026-05-31,S02,P506,50.0,136,68,118,116,1
2026-06-01,S02,P506,118.0,0,101,17,116,1
2026-06-02,S02,P506,17.0,169,66,120,116,1
2026-06-03,S02,P506,120.0,0,62,58,116,1
2026-06-04,S02,P506,58.0,128,80,106,116,1
2026-06-05,S02,P506,106.0,80,70,116,116,1
2026-06-06,S02,P506,116.0,70,97,89,116,1
2026-06-07,S02,P506,89.0,97,69,117,116,1
2026-06-08,S02,P506,117.0,0,38,79,116,1
2026-06-09,S02,P506,79.0,107,51,135,116,1
2026-06-10,S02,P506,135.0,0,41,94,116,1
2026-06-11,S02,P506,94.0,92,62,124,116,1
2026-06-12,S02,P506,124.0,0,49,75,116,1
2026-06-13,S02,P506,75.0,111,44,142,116,1
2026-06-14,S02,P506,142.0,0,84,58,116,1
2026-06-15,S02,P506,58.0,128,71,115,116,1
2026-06-16,S02,P506,115.0,71,70,116,116,1
2026-06-17,S02,P506,116.0,0,78,38,116,1
2026-06-18,S02,P506,38.0,148,44,142,116,1
2026-06-19,S02,P506,142.0,0,53,89,116,1
2026-06-20,S02,P506,89.0,97,73,113,116,1
2026-06-21,S02,P506,113.0,73,106,80,116,1
2026-06-22,S02,P506,80.0,0,39,41,116,1
2026-06-23,S02,P506,41.0,106,37,110,116,1
2026-06-24,S02,P506,110.0,76,54,132,116,1
2026-06-25,S02,P506,132.0,0,50,82,116,1
2026-06-26,S02,P506,82.0,104,102,84,116,1
2026-06-27,S02,P506,84.0,102,63,123,116,1
2026-06-28,S02,P506,123.0,0,51,72,116,1
2026-06-29,S02,P506,72.0,114,108,78,116,1
2026-06-30,S02,P506,78.0,108,133,53,116,1
2026-07-01,S02,P506,53.0,133,118,68,116,1
2026-07-02,S02,P506,68.0,118,94,92,116,1
2026-07-03,S02,P506,92.0,0,92,0,116,1
2026-07-04,S02,P506,0.0,186,76,110,116,1
2026-07-05,S02,P506,110.0,76,66,120,116,1
2026-07-06,S02,P506,120.0,0,45,75,116,1
2026-07-07,S02,P506,75.0,111,49,137,116,1
2026-07-08,S02,P506,137.0,0,54,83,116,1
2026-07-09,S02,P506,83.0,103,53,133,116,1
2026-07-10,S02,P506,133.0,0,52,81,116,1
2026-07-11,S02,P506,81.0,0,70,11,116,1
2026-07-12,S02,P506,11.0,175,57,129,116,1
2026-07-13,S02,P506,129.0,0,53,76,116,1
2026-07-14,S02,P506,76.0,110,49,137,116,1
2026-07-15,S02,P506,137.0,0,45,92,116,1
2026-07-16,S02,P506,92.0,94,46,140,116,1
2026-07-17,S02,P506,140.0,0,30,110,116,1
2026-07-18,S02,P506,110.0,76,65,121,116,1
2026-07-19,S02,P506,121.0,0,45,76,116,1
2026-07-20,S02,P506,76.0,110,43,143,116,1
2026-07-21,S02,P506,143.0,0,38,105,116,1
2026-07-22,S02,P506,105.0,81,51,135,116,1
2026-07-23,S02,P506,135.0,0,57,78,116,1
2026-07-24,S02,P506,78.0,108,44,142,116,1
2026-07-25,S02,P506,142.0,0,70,72,116,1
2026-07-26,S02,P506,72.0,114,62,124,116,1
2026-07-27,S02,P506,124.0,0,87,37,116,1
2026-07-28,S02,P506,37.0,149,64,122,116,1
2026-07-29,S02,P506,122.0,0,79,43,116,1
2026-07-30,S02,P506,43.0,143,47,139,116,1
2026-07-31,S02,P506,139.0,0,63,76,116,1
2026-08-01,S02,P506,76.0,110,91,95,116,1
2026-08-02,S02,P506,95.0,91,69,117,116,1
2026-08-03,S02,P506,117.0,0,81,36,116,1
2026-08-04,S02,P506,36.0,150,70,116,116,1
2026-08-05,S02,P506,116.0,70,53,133,116,1
2026-08-06,S02,P506,133.0,0,34,99,116,1
2026-08-07,S02,P506,99.0,87,56,130,116,1
2026-08-08,S02,P506,130.0,0,71,59,116,1
2026-08-09,S02,P506,59.0,127,73,113,116,1
2026-08-10,S02,P506,113.0,73,61,125,116,1
2026-08-11,S02,P506,125.0,0,47,78,116,1
2026-08-12,S02,P506,78.0,0,78,0,116,1
2026-08-13,S02,P506,0.0,186,64,122,116,1
2026-08-14,S02,P506,122.0,0,70,52,116,1
2026-08-15,S02,P506,52.0,134,84,102,116,1
2026-08-16,S02,P506,102.0,84,87,99,116,1
2026-08-17,S02,P506,99.0,87,87,99,116,1
2026-08-18,S02,P506,99.0,87,59,127,116,1
2026-08-19,S02,P506,127.0,0,48,79,116,1
2026-08-20,S02,P506,79.0,107,73,113,116,1
2026-08-21,S02,P506,113.0,73,122,64,116,1
2026-08-22,S02,P506,64.0,122,109,77,116,1
2026-08-23,S02,P506,77.0,109,126,60,116,1
2026-08-24,S02,P506,60.0,126,80,106,116,1
2026-08-25,S02,P506,106.0,80,120,66,116,1
2026-08-26,S02,P506,66.0,120,102,84,116,1
2026-08-27,S02,P506,84.0,102,56,130,116,1
2026-08-28,S02,P506,130.0,0,44,86,116,1
2026-08-29,S02,P506,86.0,100,35,151,116,1
2026-08-30,S02,P506,151.0,0,82,69,116,1
2026-08-31,S02,P506,69.0,117,55,131,116,1
2026-05-01,S02,P205,167.0,0,19,148,102,4
2026-05-02,S02,P205,148.0,0,24,124,102,4
2026-05-03,S02,P205,124.0,0,18,106,102,4
2026-05-04,S02,P205,106.0,0,7,99,102,4
2026-05-05,S02,P205,99.0,0,18,81,102,4
2026-05-06,S02,P205,81.0,0,18,63,102,4
2026-05-07,S02,P205,63.0,0,17,46,102,4
2026-05-08,S02,P205,46.0,68,24,90,102,4
2026-05-09,S02,P205,90.0,0,23,67,102,4
2026-05-10,S02,P205,67.0,0,32,35,102,4
2026-05-11,S02,P205,35.0,0,15,20,102,4
2026-05-12,S02,P205,20.0,77,8,89,102,4
2026-05-13,S02,P205,89.0,0,12,77,102,4
2026-05-14,S02,P205,77.0,0,28,49,102,4
2026-05-15,S02,P205,49.0,70,29,90,102,4
2026-05-16,S02,P205,90.0,0,29,61,102,4
2026-05-17,S02,P205,61.0,0,31,30,102,4
2026-05-18,S02,P205,30.0,0,21,9,102,4
2026-05-19,S02,P205,9.0,77,22,64,102,4
2026-05-20,S02,P205,64.0,0,21,43,102,4
2026-05-21,S02,P205,43.0,0,12,31,102,4
2026-05-22,S02,P205,31.0,81,12,100,102,4
2026-05-23,S02,P205,100.0,0,20,80,102,4
2026-05-24,S02,P205,80.0,0,21,59,102,4
2026-05-25,S02,P205,59.0,0,20,39,102,4
2026-05-26,S02,P205,39.0,67,19,87,102,4
2026-05-27,S02,P205,87.0,0,11,76,102,4
2026-05-28,S02,P205,76.0,0,19,57,102,4
2026-05-29,S02,P205,57.0,0,17,40,102,4
2026-05-30,S02,P205,40.0,80,18,102,102,4
2026-05-31,S02,P205,102.0,0,7,95,102,4
2026-06-01,S02,P205,95.0,0,16,79,102,4
2026-06-02,S02,P205,79.0,0,24,55,102,4
2026-06-03,S02,P205,55.0,65,15,105,102,4
2026-06-04,S02,P205,105.0,0,15,90,102,4
2026-06-05,S02,P205,90.0,0,27,63,102,4
2026-06-06,S02,P205,63.0,0,34,29,102,4
2026-06-07,S02,P205,29.0,0,29,0,102,4
2026-06-08,S02,P205,0.0,77,25,52,102,4
2026-06-09,S02,P205,52.0,0,19,33,102,4
2026-06-10,S02,P205,33.0,0,25,8,102,4
2026-06-11,S02,P205,8.0,90,23,75,102,4
2026-06-12,S02,P205,75.0,0,18,57,102,4
2026-06-13,S02,P205,57.0,0,13,44,102,4
2026-06-14,S02,P205,44.0,69,23,90,102,4
2026-06-15,S02,P205,90.0,0,20,70,102,4
2026-06-16,S02,P205,70.0,0,9,61,102,4
2026-06-17,S02,P205,61.0,0,26,35,102,4
2026-06-18,S02,P205,35.0,77,10,102,102,4
2026-06-19,S02,P205,102.0,0,17,85,102,4
2026-06-20,S02,P205,85.0,0,13,72,102,4
2026-06-21,S02,P205,72.0,0,11,61,102,4
2026-06-22,S02,P205,61.0,65,16,110,102,4
2026-06-23,S02,P205,110.0,0,13,97,102,4
2026-06-24,S02,P205,97.0,0,11,86,102,4
2026-06-25,S02,P205,86.0,0,28,58,102,4
2026-06-26,S02,P205,58.0,0,26,32,102,4
2026-06-27,S02,P205,32.0,70,18,84,102,4
2026-06-28,S02,P205,84.0,0,22,62,102,4
2026-06-29,S02,P205,62.0,0,21,41,102,4
2026-06-30,S02,P205,41.0,65,13,93,102,4
2026-07-01,S02,P205,93.0,0,11,82,102,4
2026-07-02,S02,P205,82.0,0,17,65,102,4
2026-07-03,S02,P205,65.0,0,15,50,102,4
2026-07-04,S02,P205,50.0,74,22,102,102,4
2026-07-05,S02,P205,102.0,0,33,69,102,4
2026-07-06,S02,P205,69.0,0,24,45,102,4
2026-07-07,S02,P205,45.0,0,33,12,102,4
2026-07-08,S02,P205,12.0,65,10,67,102,4
2026-07-09,S02,P205,67.0,0,15,52,102,4
2026-07-10,S02,P205,52.0,0,24,28,102,4
2026-07-11,S02,P205,28.0,90,18,100,102,4
2026-07-12,S02,P205,100.0,0,13,87,102,4
2026-07-13,S02,P205,87.0,0,18,69,102,4
2026-07-14,S02,P205,69.0,0,20,49,102,4
2026-07-15,S02,P205,49.0,67,20,96,102,4
2026-07-16,S02,P205,96.0,0,24,72,102,4
2026-07-17,S02,P205,72.0,0,28,44,102,4
2026-07-18,S02,P205,44.0,0,24,20,102,4
2026-07-19,S02,P205,20.0,71,20,71,102,4
2026-07-20,S02,P205,71.0,0,22,49,102,4
2026-07-21,S02,P205,49.0,0,22,27,102,4
2026-07-22,S02,P205,27.0,0,16,11,102,4
2026-07-23,S02,P205,11.0,76,24,63,102,4
2026-07-24,S02,P205,63.0,0,16,47,102,4
2026-07-25,S02,P205,47.0,0,15,32,102,4
2026-07-26,S02,P205,32.0,80,16,96,102,4
2026-07-27,S02,P205,96.0,0,17,79,102,4
2026-07-28,S02,P205,79.0,0,23,56,102,4
2026-07-29,S02,P205,56.0,0,11,45,102,4
2026-07-30,S02,P205,45.0,71,24,92,102,4
2026-07-31,S02,P205,92.0,0,20,72,102,4
2026-08-01,S02,P205,72.0,0,25,47,102,4
2026-08-02,S02,P205,47.0,0,34,13,102,4
2026-08-03,S02,P205,13.0,75,30,58,102,4
2026-08-04,S02,P205,58.0,0,25,33,102,4
2026-08-05,S02,P205,33.0,0,16,17,102,4
2026-08-06,S02,P205,17.0,79,22,74,102,4
2026-08-07,S02,P205,74.0,0,16,58,102,4
2026-08-08,S02,P205,58.0,0,27,31,102,4
2026-08-09,S02,P205,31.0,71,27,75,102,4
2026-08-10,S02,P205,75.0,0,14,61,102,4
2026-08-11,S02,P205,61.0,0,26,35,102,4
2026-08-12,S02,P205,35.0,65,15,85,102,4
2026-08-13,S02,P205,85.0,0,23,62,102,4
2026-08-14,S02,P205,62.0,0,19,43,102,4
2026-08-15,S02,P205,43.0,67,20,90,102,4
2026-08-16,S02,P205,90.0,0,18,72,102,4
2026-08-17,S02,P205,72.0,0,19,53,102,4
2026-08-18,S02,P205,53.0,0,30,23,102,4
2026-08-19,S02,P205,23.0,77,31,69,102,4
2026-08-20,S02,P205,69.0,0,25,44,102,4
2026-08-21,S02,P205,44.0,0,23,21,102,4
2026-08-22,S02,P205,21.0,67,18,70,102,4
2026-08-23,S02,P205,70.0,0,24,46,102,4
2026-08-24,S02,P205,46.0,0,41,5,102,4
2026-08-25,S02,P205,5.0,79,16,68,102,4
2026-08-26,S02,P205,68.0,0,9,59,102,4
2026-08-27,S02,P205,59.0,0,18,41,102,4
2026-08-28,S02,P205,41.0,83,33,91,102,4
2026-08-29,S02,P205,91.0,0,18,73,102,4
2026-08-30,S02,P205,73.0,0,20,53,102,4
2026-08-31,S02,P205,53.0,0,17,36,102,4
2026-05-01,S02,P206,301.0,0,36,265,184,4
2026-05-02,S02,P206,265.0,0,53,212,184,4
2026-05-03,S02,P206,212.0,0,33,179,184,4
2026-05-04,S02,P206,179.0,0,24,155,184,4
2026-05-05,S02,P206,155.0,0,60,95,184,4
2026-05-06,S02,P206,95.0,0,29,66,184,4
2026-05-07,S02,P206,66.0,122,56,132,184,4
2026-05-08,S02,P206,132.0,0,53,79,184,4
2026-05-09,S02,P206,79.0,0,42,37,184,4
2026-05-10,S02,P206,37.0,0,37,0,184,4
2026-05-11,S02,P206,0.0,169,50,119,184,4
2026-05-12,S02,P206,119.0,0,36,83,184,4
2026-05-13,S02,P206,83.0,0,26,57,184,4
2026-05-14,S02,P206,57.0,132,30,159,184,4
2026-05-15,S02,P206,159.0,0,44,115,184,4
2026-05-16,S02,P206,115.0,0,21,94,184,4
2026-05-17,S02,P206,94.0,0,29,65,184,4
2026-05-18,S02,P206,65.0,142,23,184,184,4
2026-05-19,S02,P206,184.0,0,24,160,184,4
2026-05-20,S02,P206,160.0,0,46,114,184,4
2026-05-21,S02,P206,114.0,0,18,96,184,4
2026-05-22,S02,P206,96.0,117,27,186,184,4
2026-05-23,S02,P206,186.0,0,30,156,184,4
2026-05-24,S02,P206,156.0,0,39,117,184,4
2026-05-25,S02,P206,117.0,0,43,74,184,4
2026-05-26,S02,P206,74.0,0,24,50,184,4
2026-05-27,S02,P206,50.0,145,20,175,184,4
2026-05-28,S02,P206,175.0,0,33,142,184,4
2026-05-29,S02,P206,142.0,0,31,111,184,4
2026-05-30,S02,P206,111.0,0,41,70,184,4
2026-05-31,S02,P206,70.0,126,40,156,184,4
2026-06-01,S02,P206,156.0,0,44,112,184,4
2026-06-02,S02,P206,112.0,0,28,84,184,4
2026-06-03,S02,P206,84.0,0,36,48,184,4
2026-06-04,S02,P206,48.0,145,40,153,184,4
2026-06-05,S02,P206,153.0,0,29,124,184,4
2026-06-06,S02,P206,124.0,0,30,94,184,4
2026-06-07,S02,P206,94.0,0,48,46,184,4
2026-06-08,S02,P206,46.0,148,27,167,184,4
2026-06-09,S02,P206,167.0,0,33,134,184,4
2026-06-10,S02,P206,134.0,0,48,86,184,4
2026-06-11,S02,P206,86.0,0,21,65,184,4
2026-06-12,S02,P206,65.0,134,35,164,184,4
2026-06-13,S02,P206,164.0,0,32,132,184,4
2026-06-14,S02,P206,132.0,0,36,96,184,4
2026-06-15,S02,P206,96.0,0,33,63,184,4
2026-06-16,S02,P206,63.0,137,28,172,184,4
2026-06-17,S02,P206,172.0,0,31,121,184,4
2026-06-18,S02,P206,141.0,0,29,94,184,4
2026-06-19,S02,P206,112.0,0,21,91,184,4
2026-06-20,S02,P206,91.0,0,18,73,184,4
2026-06-21,S02,P206,73.0,129,29,173,184,4
2026-06-22,S02,P206,173.0,0,40,133,184,4
2026-06-23,S02,P206,133.0,0,40,93,184,4
2026-06-24,S02,P206,93.0,0,50,43,184,4
2026-06-25,S02,P206,43.0,128,30,141,184,4
2026-06-26,S02,P206,141.0,0,26,115,184,4
2026-06-27,S02,P206,115.0,0,38,77,184,4
2026-06-28,S02,P206,77.0,130,37,170,184,4
2026-06-29,S02,P206,170.0,0,28,142,184,4
2026-06-30,S02,P206,142.0,0,42,100,184,4
2026-07-01,S02,P206,100.0,0,28,72,184,4
2026-07-02,S02,P206,72.0,131,23,180,184,4
2026-07-03,S02,P206,180.0,0,39,141,184,4
2026-07-04,S02,P206,141.0,0,46,95,184,4
2026-07-05,S02,P206,95.0,0,37,58,184,4
2026-07-06,S02,P206,58.0,121,48,131,184,4
2026-07-07,S02,P206,131.0,0,15,116,184,4
2026-07-08,S02,P206,116.0,0,26,121,184,4
2026-07-09,S02,P206,90.0,122,35,177,184,4
2026-07-10,S02,P206,177.0,0,37,140,184,4
2026-07-11,S02,P206,140.0,0,41,116,184,4
2026-07-12,S02,P206,99.0,0,25,74,184,4
2026-07-13,S02,P206,74.0,124,32,166,184,4
2026-07-14,S02,P206,166.0,0,28,138,184,4
2026-07-15,S02,P206,138.0,0,27,111,184,4
2026-07-16,S02,P206,111.0,0,37,74,184,4
2026-07-17,S02,P206,74.0,135,20,189,184,4
2026-07-18,S02,P206,189.0,0,14,175,184,4
2026-07-19,S02,P206,175.0,0,38,160,184,4
2026-07-20,S02,P206,137.0,0,26,111,184,4
2026-07-21,S02,P206,111.0,0,32,79,184,4
2026-07-22,S02,P206,79.0,126,49,156,184,4
2026-07-23,S02,P206,156.0,0,55,101,184,4
2026-07-24,S02,P206,101.0,0,26,75,184,4
2026-07-25,S02,P206,75.0,0,20,55,184,4
2026-07-26,S02,P206,55.0,145,48,152,184,4
2026-07-27,S02,P206,152.0,0,24,128,184,4
2026-07-28,S02,P206,128.0,0,32,96,184,4
2026-07-29,S02,P206,96.0,0,34,62,184,4
2026-07-30,S02,P206,62.0,149,22,189,184,4
2026-07-31,S02,P206,189.0,0,27,162,184,4
2026-08-01,S02,P206,162.0,0,45,117,184,4
2026-08-02,S02,P206,117.0,0,55,62,184,4
2026-08-03,S02,P206,62.0,0,23,39,184,4
2026-08-04,S02,P206,39.0,139,26,152,184,4
2026-08-05,S02,P206,152.0,0,39,113,184,4
2026-08-06,S02,P206,113.0,0,31,82,184,4
2026-08-07,S02,P206,82.0,123,56,149,184,4
2026-08-08,S02,P206,149.0,0,42,107,184,4
2026-08-09,S02,P206,107.0,0,64,43,184,4
2026-08-10,S02,P206,43.0,0,39,4,184,4
2026-08-11,S02,P206,4.0,152,22,134,184,4
2026-08-12,S02,P206,134.0,0,28,106,184,4
2026-08-13,S02,P206,106.0,0,30,76,184,4
2026-08-14,S02,P206,76.0,145,36,185,184,4
2026-08-15,S02,P206,185.0,0,27,158,184,4
2026-08-16,S02,P206,158.0,0,38,120,184,4
2026-08-17,S02,P206,120.0,0,17,103,184,4
2026-08-18,S02,P206,103.0,0,43,60,184,4
2026-08-19,S02,P206,60.0,143,36,167,184,4
2026-08-20,S02,P206,167.0,0,29,138,184,4
2026-08-21,S02,P206,138.0,0,45,93,184,4
2026-08-22,S02,P206,93.0,0,34,59,184,4
2026-08-23,S02,P206,59.0,0,21,38,184,4
2026-08-24,S02,P206,38.0,134,23,141,184,4
2026-08-25,S02,P206,149.0,0,10,139,184,4
2026-08-26,S02,P206,139.0,0,28,111,184,4
2026-08-27,S02,P206,111.0,129,35,205,184,4
2026-08-28,S02,P206,205.0,0,38,167,184,4
2026-08-29,S02,P206,167.0,0,37,130,184,4
2026-08-30,S02,P206,130.0,0,23,107,184,4
2026-08-31,S02,P206,107.0,0,32,75,184,4
2026-05-01,S02,P207,198.0,0,21,177,121,4
2026-05-02,S02,P207,177.0,0,17,160,121,4
2026-05-03,S02,P207,160.0,0,21,139,121,4
2026-05-04,S02,P207,139.0,0,20,119,121,4
2026-05-05,S02,P207,119.0,0,25,94,121,4
2026-05-06,S02,P207,94.0,0,23,71,121,4
2026-05-07,S02,P207,71.0,0,32,39,121,4
2026-05-08,S02,P207,39.0,79,24,94,121,4
2026-05-09,S02,P207,94.0,0,24,70,121,4
2026-05-10,S02,P207,70.0,0,23,47,121,4
2026-05-11,S02,P207,47.0,80,40,87,121,4
2026-05-12,S02,P207,87.0,0,35,52,121,4
2026-05-13,S02,P207,52.0,0,24,28,121,4
2026-05-14,S02,P207,28.0,0,28,0,121,4
2026-05-15,S02,P207,0.0,111,32,79,121,4
2026-05-16,S02,P207,79.0,0,30,49,121,4
2026-05-17,S02,P207,49.0,0,17,32,121,4
2026-05-18,S02,P207,32.0,87,17,102,121,4
2026-05-19,S02,P207,102.0,0,18,84,121,4
2026-05-20,S02,P207,84.0,0,25,59,121,4
2026-05-21,S02,P207,59.0,79,21,117,121,4
2026-05-22,S02,P207,117.0,0,19,98,121,4
2026-05-23,S02,P207,98.0,0,32,66,121,4
2026-05-24,S02,P207,66.0,0,26,40,121,4
2026-05-25,S02,P207,40.0,81,22,99,121,4
2026-05-26,S02,P207,99.0,0,18,81,121,4
2026-05-27,S02,P207,81.0,0,15,55,121,4
2026-05-28,S02,P207,66.0,77,37,106,121,4
2026-05-29,S02,P207,106.0,0,20,105,121,4
2026-05-30,S02,P207,86.0,0,29,57,121,4
2026-05-31,S02,P207,57.0,0,26,31,121,4
2026-06-01,S02,P207,31.0,92,15,108,121,4
2026-06-02,S02,P207,108.0,0,19,89,121,4
2026-06-03,S02,P207,89.0,0,29,60,121,4
2026-06-04,S02,P207,60.0,0,31,29,121,4
2026-06-05,S02,P207,29.0,90,33,86,121,4
2026-06-06,S02,P207,86.0,0,33,53,121,4
2026-06-07,S02,P207,53.0,0,29,24,121,4
2026-06-08,S02,P207,24.0,79,24,79,121,4
2026-06-09,S02,P207,79.0,0,20,59,121,4
2026-06-10,S02,P207,59.0,0,16,43,121,4
2026-06-11,S02,P207,43.0,95,26,112,121,4
2026-06-12,S02,P207,112.0,0,21,91,121,4
2026-06-13,S02,P207,91.0,0,32,59,121,4
2026-06-14,S02,P207,59.0,0,20,39,121,4
2026-06-15,S02,P207,39.0,86,20,105,121,4
2026-06-16,S02,P207,105.0,0,36,69,121,4
2026-06-17,S02,P207,69.0,0,26,43,121,4
2026-06-18,S02,P207,43.0,0,12,31,121,4
2026-06-19,S02,P207,31.0,93,23,101,121,4
2026-06-20,S02,P207,101.0,0,19,82,121,4
2026-06-21,S02,P207,82.0,0,18,64,121,4
2026-06-22,S02,P207,64.0,0,29,35,121,4
2026-06-23,S02,P207,35.0,97,25,107,121,4
2026-06-24,S02,P207,107.0,0,31,76,121,4
2026-06-25,S02,P207,76.0,0,23,81,121,4
2026-06-26,S02,P207,53.0,0,20,33,121,4
2026-06-27,S02,P207,33.0,91,25,99,121,4
2026-06-28,S02,P207,99.0,0,20,79,121,4
2026-06-29,S02,P207,79.0,0,46,33,121,4
2026-06-30,S02,P207,33.0,0,30,3,121,4
2026-07-01,S02,P207,3.0,99,29,73,121,4
2026-07-02,S02,P207,73.0,0,16,57,121,4
2026-07-03,S02,P207,57.0,0,26,31,121,4
2026-07-04,S02,P207,31.0,0,31,0,121,4
2026-07-05,S02,P207,0.0,96,37,59,121,4
2026-07-06,S02,P207,59.0,0,22,37,121,4
2026-07-07,S02,P207,37.0,0,15,22,121,4
2026-07-08,S02,P207,22.0,102,26,98,121,4
2026-07-09,S02,P207,98.0,0,17,81,121,4
2026-07-10,S02,P207,81.0,0,16,65,121,4
2026-07-11,S02,P207,65.0,0,24,41,121,4
2026-07-12,S02,P207,41.0,100,18,123,121,4
2026-07-13,S02,P207,123.0,0,22,101,121,4
2026-07-14,S02,P207,101.0,0,22,79,121,4
2026-07-15,S02,P207,79.0,0,9,70,121,4
2026-07-16,S02,P207,70.0,0,20,50,121,4
2026-07-17,S02,P207,50.0,97,18,129,121,4
2026-07-18,S02,P207,129.0,0,32,97,121,4
2026-07-19,S02,P207,97.0,0,34,63,121,4
2026-07-20,S02,P207,63.0,0,34,29,121,4
2026-07-21,S02,P207,29.0,0,27,2,121,4
2026-07-22,S02,P207,2.0,101,19,84,121,4
2026-07-23,S02,P207,84.0,0,24,60,121,4
2026-07-24,S02,P207,60.0,0,30,30,121,4
2026-07-25,S02,P207,30.0,95,45,80,121,4
2026-07-26,S02,P207,80.0,0,40,40,121,4
2026-07-27,S02,P207,40.0,0,40,0,121,4
2026-07-28,S02,P207,0.0,0,0,0,121,4
2026-07-29,S02,P207,0.0,118,37,81,121,4
2026-07-30,S02,P207,81.0,0,17,64,121,4
2026-07-31,S02,P207,64.0,80,14,130,121,4
2026-08-01,S02,P207,130.0,0,30,100,121,4
2026-08-02,S02,P207,100.0,0,30,70,121,4
2026-08-03,S02,P207,70.0,0,19,51,121,4
2026-08-04,S02,P207,51.0,0,24,27,121,4
2026-08-05,S02,P207,27.0,98,21,104,121,4
2026-08-06,S02,P207,104.0,0,21,83,121,4
2026-08-07,S02,P207,83.0,0,18,65,121,4
2026-08-08,S02,P207,65.0,0,18,47,121,4
2026-08-09,S02,P207,47.0,94,23,118,121,4
2026-08-10,S02,P207,118.0,0,19,99,121,4
2026-08-11,S02,P207,99.0,0,19,80,121,4
2026-08-12,S02,P207,80.0,0,27,53,121,4
2026-08-13,S02,P207,53.0,80,27,106,121,4
2026-08-14,S02,P207,106.0,0,16,90,121,4
2026-08-15,S02,P207,90.0,0,22,68,121,4
2026-08-16,S02,P207,68.0,0,19,49,121,4
2026-08-17,S02,P207,49.0,92,31,83,121,4
2026-08-18,S02,P207,110.0,0,20,90,121,4
2026-08-19,S02,P207,90.0,0,18,72,121,4
2026-08-20,S02,P207,72.0,0,18,54,121,4
2026-08-21,S02,P207,54.0,88,39,103,121,4
2026-08-22,S02,P207,103.0,0,44,59,121,4
2026-08-23,S02,P207,59.0,0,31,28,121,4
2026-08-24,S02,P207,28.0,0,28,0,121,4
2026-08-25,S02,P207,0.0,95,38,57,121,4
2026-08-26,S02,P207,57.0,0,57,0,121,4
2026-08-27,S02,P207,0.0,0,0,0,121,4
2026-08-29,S02,P207,83.0,0,22,61,121,4
2026-08-30,S02,P207,61.0,95,36,120,121,4
2026-08-31,S02,P207,120.0,0,21,99,121,4
2026-05-01,S02,P208,92.0,0,15,77,56,4
2026-05-02,S02,P208,77.0,0,11,66,56,4
2026-05-03,S02,P208,66.0,0,14,52,56,4
2026-05-04,S02,P208,52.0,0,9,43,56,4
2026-05-05,S02,P208,43.0,0,11,32,56,4
2026-05-06,S02,P208,32.0,0,8,24,56,4
2026-05-07,S02,P208,24.0,40,13,51,56,4
2026-05-08,S02,P208,51.0,0,10,41,56,4
2026-05-09,S02,P208,41.0,0,10,31,56,4
2026-05-10,S02,P208,31.0,0,8,23,56,4
2026-05-11,S02,P208,23.0,0,5,18,56,4
2026-05-12,S02,P208,18.0,41,24,35,56,4
2026-05-13,S02,P208,35.0,0,15,20,56,4
2026-05-14,S02,P208,20.0,0,14,-24,56,4
2026-05-15,S02,P208,6.0,0,6,0,56,4
2026-05-16,S02,P208,0.0,0,0,0,56,4
2026-05-17,S02,P208,0.0,57,20,37,56,4
2026-05-18,S02,P208,37.0,0,13,24,56,4
2026-05-19,S02,P208,24.0,0,4,20,56,4
2026-05-20,S02,P208,20.0,0,8,12,56,4
2026-05-21,S02,P208,12.0,55,3,64,56,4
2026-05-22,S02,P208,64.0,0,12,52,56,4
2026-05-23,S02,P208,52.0,0,17,35,56,4
2026-05-24,S02,P208,35.0,0,7,28,56,4
2026-05-25,S02,P208,28.0,0,7,21,56,4
2026-05-26,S02,P208,21.0,40,3,58,56,4
2026-05-27,S02,P208,58.0,0,5,53,56,4
2026-05-28,S02,P208,53.0,0,13,40,56,4
2026-05-29,S02,P208,40.0,0,16,24,56,4
2026-05-30,S02,P208,24.0,0,12,12,56,4
2026-05-31,S02,P208,12.0,39,27,24,56,4
2026-06-01,S02,P208,24.0,0,24,0,56,4
2026-06-02,S02,P208,0.0,0,0,-18,56,4
2026-06-03,S02,P208,0.0,0,0,0,56,4
2026-06-04,S02,P208,0.0,41,16,25,56,4
2026-06-05,S02,P208,25.0,51,12,64,56,4
2026-06-06,S02,P208,64.0,0,15,49,56,4
2026-06-07,S02,P208,49.0,0,10,39,56,4
2026-06-08,S02,P208,39.0,0,9,30,56,4
2026-06-09,S02,P208,30.0,0,6,24,56,4
2026-06-10,S02,P208,24.0,0,14,10,56,4
2026-06-11,S02,P208,10.0,43,10,43,56,4
2026-06-12,S02,P208,43.0,0,10,33,56,4
2026-06-13,S02,P208,33.0,0,9,24,56,4
2026-06-14,S02,P208,24.0,39,15,48,56,4
2026-06-15,S02,P208,48.0,0,11,3,56,4
2026-06-16,S02,P208,37.0,0,8,29,56,4
2026-06-17,S02,P208,29.0,0,14,15,56,4
2026-06-18,S02,P208,15.0,44,10,49,56,4
2026-06-19,S02,P208,49.0,0,13,36,56,4
2026-06-20,S02,P208,36.0,0,21,15,56,4
2026-06-21,S02,P208,15.0,0,9,6,56,4
2026-06-22,S02,P208,6.0,43,10,39,56,4
2026-06-23,S02,P208,39.0,0,5,34,56,4
2026-06-24,S02,P208,34.0,0,16,18,56,4
2026-06-25,S02,P208,18.0,43,5,56,56,4
2026-06-26,S02,P208,56.0,0,14,42,56,4
2026-06-27,S02,P208,42.0,0,8,34,56,4
2026-06-28,S02,P208,34.0,0,18,16,56,4
2026-06-29,S02,P208,16.0,36,12,40,56,4
2026-06-30,S02,P208,40.0,0,16,24,56,4
2026-07-01,S02,P208,24.0,0,24,0,56,4
2026-07-02,S02,P208,0.0,40,21,19,56,4
2026-07-03,S02,P208,19.0,0,19,0,56,4
2026-07-04,S02,P208,0.0,0,0,0,56,4
2026-07-05,S02,P208,0.0,52,39,13,56,4
2026-07-06,S02,P208,13.0,0,6,7,56,4
2026-07-07,S02,P208,7.0,40,11,36,56,4
2026-07-08,S02,P208,36.0,0,6,30,56,4
2026-07-09,S02,P208,30.0,39,12,57,56,4
2026-07-09,S02,P208,30.0,39,12,57,56,4
2026-07-10,S02,P208,57.0,0,5,52,56,4
2026-07-11,S02,P208,52.0,0,9,43,56,4
2026-07-12,S02,P208,43.0,0,9,34,56,4
2026-07-13,S02,P208,34.0,0,10,24,56,4
2026-07-14,S02,P208,24.0,40,7,57,56,4
2026-07-15,S02,P208,57.0,0,11,46,56,4
2026-07-16,S02,P208,46.0,0,11,35,56,4
2026-07-17,S02,P208,35.0,0,14,21,56,4
2026-07-18,S02,P208,21.0,0,9,12,56,4
2026-07-19,S02,P208,12.0,0,9,3,56,4
2026-07-20,S02,P208,3.0,46,12,37,56,4
2026-07-21,S02,P208,37.0,0,4,33,56,4
2026-07-22,S02,P208,33.0,0,12,21,56,4
2026-07-23,S02,P208,21.0,43,16,48,56,4
2026-07-24,S02,P208,48.0,0,17,31,56,4
2026-07-25,S02,P208,31.0,0,9,22,56,4
2026-07-26,S02,P208,22.0,0,14,8,56,4
2026-07-27,S02,P208,8.0,0,8,0,56,4
2026-07-28,S02,P208,0.0,44,18,26,56,4
2026-07-29,S02,P208,26.0,0,26,0,56,4
2026-07-30,S02,P208,0.0,40,21,19,56,4
2026-07-31,S02,P208,19.0,0,19,0,56,4
2026-08-01,S02,P208,0.0,0,0,0,56,4
2026-08-02,S02,P208,0.0,52,19,33,56,4
2026-08-03,S02,P208,33.0,0,7,26,56,4
2026-08-04,S02,P208,26.0,40,17,49,56,4
2026-08-05,S02,P208,49.0,0,8,41,56,4
2026-08-06,S02,P208,41.0,0,7,34,56,4
2026-08-07,S02,P208,34.0,0,11,23,56,4
2026-08-08,S02,P208,23.0,43,16,50,56,4
2026-08-09,S02,P208,50.0,0,12,38,56,4
2026-08-10,S02,P208,38.0,0,14,24,56,4
2026-08-11,S02,P208,24.0,0,15,9,56,4
2026-08-12,S02,P208,9.0,42,5,46,56,4
2026-08-13,S02,P208,46.0,0,9,37,56,4
2026-08-14,S02,P208,37.0,0,12,25,56,4
2026-08-15,S02,P208,25.0,41,14,52,56,4
2026-08-16,S02,P208,52.0,0,11,41,56,4
2026-08-17,S02,P208,41.0,0,11,30,56,4
2026-08-18,S02,P208,30.0,0,14,16,56,4
2026-08-19,S02,P208,16.0,40,13,43,56,4
2026-08-20,S02,P208,43.0,0,19,24,56,4
2026-08-21,S02,P208,24.0,0,13,11,56,4
2026-08-22,S02,P208,11.0,36,33,14,56,4
2026-08-23,S02,P208,14.0,0,14,0,56,4
2026-08-24,S02,P208,0.0,0,0,0,56,4
2026-08-25,S02,P208,0.0,45,13,32,56,4
2026-08-26,S02,P208,32.0,0,7,25,56,4
2026-08-27,S02,P208,25.0,47,13,59,56,4
2026-08-28,S02,P208,59.0,0,9,50,56,4
2026-08-29,S02,P208,50.0,0,12,38,56,4
2026-08-30,S02,P208,38.0,0,10,28,56,4
2026-08-31,S02,P208,28.0,0,8,20,56,4
2026-05-01,S02,P601,150.0,0,16,134,92,4
2026-05-02,S02,P601,134.0,0,23,111,92,4
2026-05-03,S02,P601,111.0,0,37,74,92,4
2026-05-04,S02,P601,74.0,0,18,56,92,4
2026-05-05,S02,P601,56.0,0,24,32,92,4
2026-05-06,S02,P601,32.0,0,16,16,92,4
2026-05-07,S02,P601,16.0,76,23,69,92,4
2026-05-08,S02,P601,69.0,0,21,48,92,4
2026-05-09,S02,P601,48.0,0,10,38,92,4
2026-05-10,S02,P601,38.0,58,19,77,92,4
2026-05-11,S02,P601,77.0,0,16,61,92,4
2026-05-12,S02,P601,61.0,0,21,40,92,4
2026-05-13,S02,P601,40.0,0,17,23,92,4
2026-05-14,S02,P601,23.0,73,22,74,92,4
2026-05-15,S02,P601,74.0,0,23,51,92,4
2026-05-16,S02,P601,51.0,0,16,35,92,4
2026-05-17,S02,P601,35.0,0,23,12,92,4
2026-05-18,S02,P601,12.0,76,20,68,92,4
2026-05-19,S02,P601,68.0,0,35,33,92,4
2026-05-20,S02,P601,33.0,0,33,0,92,4
2026-05-21,S02,P601,0.0,62,36,26,92,4
2026-05-22,S02,P601,26.0,0,26,0,92,4
2026-05-23,S02,P601,0.0,0,0,0,92,4
2026-05-24,S02,P601,0.0,88,24,64,92,4
2026-05-25,S02,P601,64.0,0,18,46,92,4
2026-05-26,S02,P601,46.0,62,16,92,92,4
2026-05-27,S02,P601,92.0,0,27,65,92,4
2026-05-28,S02,P601,65.0,0,13,52,92,4
2026-05-29,S02,P601,52.0,0,21,3,92,4
2026-05-30,S02,P601,31.0,0,23,8,92,4
2026-05-31,S02,P601,8.0,58,23,43,92,4
2026-06-01,S02,P601,43.0,0,31,12,92,4
2026-06-02,S02,P601,12.0,61,18,55,92,4
2026-06-03,S02,P601,55.0,0,29,26,92,4
2026-06-04,S02,P601,26.0,0,22,4,92,4
2026-06-05,S02,P601,4.0,77,18,63,92,4
2026-06-06,S02,P601,63.0,0,27,36,92,4
2026-06-07,S02,P601,36.0,0,16,20,92,4
2026-06-08,S02,P601,20.0,69,16,73,92,4
2026-06-09,S02,P601,73.0,0,18,55,92,4
2026-06-10,S02,P601,55.0,0,15,40,92,4
2026-06-11,S02,P601,40.0,61,14,87,92,4
2026-06-12,S02,P601,87.0,0,22,39,92,4
2026-06-13,S02,P601,65.0,0,21,44,92,4
2026-06-14,S02,P601,44.0,0,25,19,92,4
2026-06-15,S02,P601,19.0,63,8,74,92,4
2026-06-16,S02,P601,74.0,0,17,57,92,4
2026-06-17,S02,P601,57.0,0,33,24,92,4
2026-06-18,S02,P601,24.0,68,42,50,92,4
2026-06-19,S02,P601,50.0,0,40,10,92,4
2026-06-20,S02,P601,10.0,0,10,0,92,4
2026-06-21,S02,P601,0.0,58,36,22,92,4
2026-06-22,S02,P601,22.0,0,22,0,92,4
2026-06-23,S02,P601,0.0,82,34,48,92,4
2026-06-24,S02,P601,48.0,0,21,27,92,4
2026-06-25,S02,P601,27.0,0,18,9,92,4
2026-06-26,S02,P601,9.0,68,23,54,92,4
2026-06-27,S02,P601,54.0,0,23,31,92,4
2026-06-28,S02,P601,31.0,0,23,8,92,4
2026-06-29,S02,P601,8.0,73,24,57,92,4
2026-06-30,S02,P601,57.0,0,21,36,92,4
2026-07-01,S02,P601,36.0,0,21,15,92,4
2026-07-02,S02,P601,15.0,69,32,52,92,4
2026-07-03,S02,P601,52.0,0,18,34,92,4
2026-07-04,S02,P601,34.0,0,16,18,92,4
2026-07-05,S02,P601,18.0,66,50,34,92,4
2026-07-06,S02,P601,34.0,0,21,13,92,4
2026-07-07,S02,P601,13.0,0,13,0,92,4
2026-07-08,S02,P601,0.0,66,40,26,92,4
2026-07-09,S02,P601,26.0,0,26,0,92,4
2026-07-10,S02,P601,0.0,71,34,37,92,4
2026-07-11,S02,P601,37.0,0,37,0,92,4
2026-07-12,S02,P601,0.0,0,0,0,92,4
2026-07-13,S02,P601,0.0,0,0,0,92,4
2026-07-14,S02,P601,0.0,79,16,63,92,4
2026-07-15,S02,P601,63.0,71,16,118,92,4
2026-07-16,S02,P601,118.0,0,23,95,92,4
2026-07-17,S02,P601,95.0,0,17,78,92,4
2026-07-18,S02,P601,78.0,0,25,53,92,4
2026-07-19,S02,P601,53.0,0,18,35,92,4
2026-07-20,S02,P601,35.0,0,31,4,92,4
2026-07-21,S02,P601,4.0,72,20,56,92,4
2026-07-22,S02,P601,56.0,0,21,35,92,4
2026-07-23,S02,P601,35.0,0,21,14,92,4
2026-07-24,S02,P601,14.0,74,13,75,92,4
2026-07-25,S02,P601,75.0,0,17,58,92,4
2026-07-26,S02,P601,58.0,0,26,32,92,4
2026-07-27,S02,P601,32.0,62,38,56,92,4
2026-07-28,S02,P601,56.0,0,15,41,92,4
2026-07-29,S02,P601,41.0,0,15,26,92,4
2026-07-30,S02,P601,26.0,0,25,1,92,4
2026-07-31,S02,P601,1.0,94,23,72,92,4
2026-08-01,S02,P601,72.0,0,24,48,92,4
2026-08-02,S02,P601,48.0,0,31,17,92,4
2026-08-03,S02,P601,17.0,0,16,1,92,4
2026-08-04,S02,P601,1.0,78,24,55,92,4
2026-08-05,S02,P601,,0,23,32,92,4
2026-08-06,S02,P601,32.0,0,13,19,92,4
2026-08-07,S02,P601,19.0,71,31,59,92,4
2026-08-08,S02,P601,59.0,0,38,21,92,4
2026-08-09,S02,P601,21.0,0,21,0,92,4
2026-08-10,S02,P601,0.0,0,0,0,92,4
2026-08-11,S02,P601,0.0,60,26,34,92,4
2026-08-12,S02,P601,34.0,0,21,13,92,4
2026-08-13,S02,P601,13.0,69,34,48,92,4
2026-08-14,S02,P601,48.0,0,21,27,92,4
2026-08-15,S02,P601,27.0,0,22,5,92,4
2026-08-16,S02,P601,5.0,68,25,48,92,4
2026-08-17,S02,P601,48.0,0,26,22,92,4
2026-08-18,S02,P601,22.0,0,18,4,92,4
2026-08-19,S02,P601,4.0,77,17,64,92,4
2026-08-20,S02,P601,64.0,0,20,44,92,4
2026-08-21,S02,P601,44.0,0,24,20,92,4
2026-08-22,S02,P601,20.0,69,33,56,92,4
2026-08-23,S02,P601,56.0,0,27,29,92,4
2026-08-24,S02,P601,29.0,0,21,8,92,4
2026-08-25,S02,P601,8.0,61,42,27,92,4
2026-08-26,S02,P601,27.0,0,27,26,92,4
2026-08-27,S02,P601,0.0,60,26,34,92,4
2026-08-28,S02,P601,34.0,0,34,0,92,4
2026-08-29,S02,P601,0.0,0,0,0,92,4
2026-08-30,S02,P601,0.0,63,37,26,92,4
2026-08-31,S02,P601,26.0,0,17,9,92,4
2026-05-01,S02,P602,133.0,0,25,108,81,4
2026-05-02,S02,P602,108.0,0,28,80,81,4
2026-05-03,S02,P602,80.0,0,20,60,81,4
2026-05-04,S02,P602,60.0,0,13,47,81,4
2026-05-05,S02,P602,47.0,0,26,21,81,4
2026-05-06,S02,P602,21.0,0,19,2,81,4
2026-05-07,S02,P602,2.0,0,2,0,81,4
2026-05-08,S02,P602,0.0,53,16,37,81,4
2026-05-09,S02,P602,37.0,59,35,61,81,4
2026-05-10,S02,P602,61.0,0,32,29,81,4
2026-05-11,S02,P602,29.0,0,10,19,81,4
2026-05-12,S02,P602,19.0,0,14,5,81,4
2026-05-13,S02,P602,5.0,72,14,63,81,4
2026-05-14,S02,P602,63.0,0,8,55,81,4
2026-05-15,S02,P602,55.0,0,11,44,81,4
2026-05-16,S02,P602,44.0,56,43,57,81,4
2026-05-17,S02,P602,57.0,0,31,26,81,4
2026-05-18,S02,P602,26.0,0,21,5,81,4
2026-05-19,S02,P602,5.0,0,5,0,81,4
2026-05-20,S02,P602,0.0,76,25,51,81,4
2026-05-21,S02,P602,51.0,0,23,28,81,4
2026-05-22,S02,P602,28.0,52,11,69,81,4
2026-05-23,S02,P602,69.0,0,25,44,81,4
2026-05-24,S02,P602,44.0,0,22,22,81,4
2026-05-25,S02,P602,22.0,53,14,61,81,4
2026-05-26,S02,P602,61.0,0,22,39,81,4
2026-05-27,S02,P602,39.0,0,13,26,81,4
2026-05-28,S02,P602,26.0,58,9,75,81,4
2026-05-29,S02,P602,75.0,0,17,58,81,4
2026-05-30,S02,P602,58.0,0,15,43,81,4
2026-05-31,S02,P602,43.0,0,23,20,81,4
2026-06-01,S02,P602,20.0,58,34,44,81,4
2026-06-02,S02,P602,44.0,0,17,27,81,4
2026-06-03,S02,P602,27.0,0,21,6,81,4
2026-06-04,S02,P602,6.0,55,46,15,81,4
2026-06-05,S02,P602,15.0,0,15,0,81,4
2026-06-06,S02,P602,0.0,0,0,0,81,4
2026-06-07,S02,P602,0.0,72,15,57,81,4
2026-06-08,S02,P602,57.0,0,25,32,81,4
2026-06-09,S02,P602,32.0,61,18,75,81,4
2026-06-10,S02,P602,75.0,0,13,31,81,4
2026-06-11,S02,P602,62.0,0,23,39,81,4
2026-06-12,S02,P602,39.0,0,12,27,81,4
2026-06-13,S02,P602,27.0,58,16,74,81,4
2026-06-14,S02,P602,69.0,0,20,49,81,4
2026-06-15,S02,P602,49.0,0,27,22,81,4
2026-06-16,S02,P602,22.0,0,22,0,81,4
2026-06-17,S02,P602,0.0,64,25,39,81,4
2026-06-18,S02,P602,39.0,0,15,24,81,4
2026-06-19,S02,P602,24.0,0,19,5,81,4
2026-06-20,S02,P602,5.0,69,14,60,81,4
2026-06-21,S02,P602,60.0,0,23,37,81,4
2026-06-22,S02,P602,37.0,0,17,20,81,4
2026-06-23,S02,P602,20.0,59,12,67,81,4
2026-06-24,S02,P602,67.0,0,25,42,81,4
2026-06-25,S02,P602,42.0,0,18,24,81,4
2026-06-26,S02,P602,24.0,54,23,55,81,4
2026-06-27,S02,P602,55.0,0,9,46,81,4
2026-06-28,S02,P602,46.0,0,18,28,81,4
2026-06-29,S02,P602,28.0,55,23,60,81,4
2026-06-30,S02,P602,60.0,0,10,50,81,4
2026-07-01,S02,P602,50.0,0,18,32,81,4
2026-07-02,S02,P602,32.0,0,12,20,81,4
2026-07-03,S02,P602,20.0,73,27,71,81,4
2026-07-04,S02,P602,66.0,0,35,31,81,4
2026-07-05,S02,P602,31.0,0,31,0,81,4
2026-07-06,S02,P602,0.0,0,0,0,81,4
2026-07-07,S02,P602,0.0,67,31,36,81,4
2026-07-08,S02,P602,36.0,0,21,15,81,4
2026-07-09,S02,P602,15.0,66,18,63,81,4
2026-07-10,S02,P602,63.0,0,18,45,81,4
2026-07-11,S02,P602,45.0,0,8,37,81,4
2026-07-12,S02,P602,37.0,52,24,65,81,4
2026-07-13,S02,P602,65.0,0,14,51,81,4
2026-07-14,S02,P602,51.0,0,21,30,81,4
2026-07-15,S02,P602,30.0,0,21,9,81,4
2026-07-16,S02,P602,9.0,68,29,48,81,4
2026-07-17,S02,P602,48.0,0,13,35,81,4
2026-07-18,S02,P602,35.0,0,27,8,81,4
2026-07-19,S02,P602,8.0,56,21,43,81,4
2026-07-20,S02,P602,43.0,0,16,27,81,4
2026-07-21,S02,P602,27.0,0,18,9,81,4
2026-07-22,S02,P602,9.0,69,15,63,81,4
2026-07-23,S02,P602,63.0,0,22,41,81,4
2026-07-24,S02,P602,41.0,0,37,4,81,4
2026-07-25,S02,P602,4.0,55,34,25,81,4
2026-07-26,S02,P602,25.0,0,25,0,81,4
2026-07-27,S02,P602,0.0,0,0,0,81,4
2026-07-28,S02,P602,0.0,0,0,0,81,4
2026-07-29,S02,P602,0.0,74,22,52,81,4
2026-07-30,S02,P602,52.0,59,9,102,81,4
2026-07-31,S02,P602,102.0,0,13,89,81,4
2026-08-01,S02,P602,89.0,0,18,71,81,4
2026-08-02,S02,P602,71.0,0,27,44,81,4
2026-08-03,S02,P602,44.0,0,17,27,81,4
2026-08-04,S02,P602,27.0,0,19,8,81,4
2026-08-05,S02,P602,8.0,62,21,49,81,4
2026-08-06,S02,P602,49.0,0,28,43,81,4
2026-08-07,S02,P602,21.0,0,16,5,81,4
2026-08-08,S02,P602,5.0,63,24,44,81,4
2026-08-09,S02,P602,44.0,0,16,28,81,4
2026-08-10,S02,P602,28.0,0,21,7,81,4
2026-08-11,S02,P602,7.0,65,18,54,81,4
2026-08-12,S02,P602,54.0,0,17,37,81,4
2026-08-13,S02,P602,37.0,0,27,10,81,4
2026-08-14,S02,P602,10.0,61,15,56,81,4
2026-08-15,S02,P602,56.0,0,27,29,81,4
2026-08-16,S02,P602,29.0,0,21,8,81,4
2026-08-17,S02,P602,8.0,62,19,51,81,4
2026-08-18,S02,P602,51.0,0,15,36,81,4
2026-08-19,S02,P602,36.0,0,29,7,81,4
2026-08-20,S02,P602,7.0,63,12,58,81,4
2026-08-21,S02,P602,58.0,0,20,38,81,4
2026-08-22,S02,P602,38.0,0,25,13,81,4
2026-08-23,S02,P602,13.0,63,25,51,81,4
2026-08-24,S02,P602,51.0,0,21,30,81,4
2026-08-25,S02,P602,30.0,0,30,0,81,4
2026-08-26,S02,P602,0.0,57,16,41,81,4
2026-08-27,S02,P602,41.0,0,36,5,81,4
2026-08-28,S02,P602,5.0,0,5,0,81,4
2026-08-29,S02,P602,0.0,76,27,49,81,4
2026-08-30,S02,P602,49.0,0,17,32,81,4
2026-08-31,S02,P602,32.0,0,12,20,81,4
2026-05-01,S02,P603,103.0,0,13,90,63,4
2026-05-02,S02,P603,90.0,0,10,80,63,4
2026-05-03,S02,P603,80.0,0,16,64,63,4
2026-05-04,S02,P603,64.0,0,12,52,63,4
2026-05-05,S02,P603,52.0,0,12,40,63,4
2026-05-06,S02,P603,40.0,0,12,28,63,4
2026-05-07,S02,P603,28.0,0,9,19,63,4
2026-05-08,S02,P603,19.0,51,13,57,63,4
2026-05-09,S02,P603,57.0,0,19,38,63,4
2026-05-10,S02,P603,38.0,0,15,2,63,4
2026-05-11,S02,P603,23.0,0,17,6,63,4
2026-05-12,S02,P603,6.0,46,20,32,63,4
2026-05-13,S02,P603,32.0,0,15,17,63,4
2026-05-14,S02,P603,17.0,0,17,0,63,4
2026-05-15,S02,P603,0.0,51,15,36,63,4
2026-05-16,S02,P603,36.0,0,12,24,63,4
2026-05-17,S02,P603,24.0,0,18,6,63,4
2026-05-18,S02,P603,6.0,52,16,42,63,4
2026-05-19,S02,P603,42.0,0,8,34,63,4
2026-05-20,S02,P603,34.0,0,16,18,63,4
2026-05-21,S02,P603,18.0,45,18,45,63,4
2026-05-22,S02,P603,45.0,0,4,41,63,4
2026-05-23,S02,P603,41.0,0,20,21,63,4
2026-05-24,S02,P603,21.0,0,14,7,63,4
2026-05-25,S02,P603,7.0,40,13,34,63,4
2026-05-26,S02,P603,34.0,0,7,27,63,4
2026-05-27,S02,P603,27.0,42,7,62,63,4
2026-05-28,S02,P603,62.0,0,12,50,63,4
2026-05-29,S02,P603,50.0,0,14,36,63,4
2026-05-30,S02,P603,36.0,0,17,19,63,4
2026-05-31,S02,P603,19.0,0,16,3,63,4
2026-06-01,S02,P603,3.0,41,11,33,63,4
2026-06-02,S02,P603,33.0,0,7,26,63,4
2026-06-03,S02,P603,26.0,43,18,51,63,4
2026-06-04,S02,P603,51.0,0,10,41,63,4
2026-06-05,S02,P603,41.0,0,14,27,63,4
2026-06-06,S02,P603,27.0,0,13,14,63,4
2026-06-07,S02,P603,14.0,0,14,0,63,4
2026-06-08,S02,P603,0.0,52,10,42,63,4
2026-06-09,S02,P603,42.0,0,8,34,63,4
2026-06-10,S02,P603,34.0,0,29,5,63,4
2026-06-11,S02,P603,5.0,51,24,32,63,4
2026-06-12,S02,P603,32.0,0,32,0,63,4
2026-06-13,S02,P603,0.0,0,0,0,63,4
2026-06-14,S02,P603,0.0,47,20,27,63,4
2026-06-15,S02,P603,27.0,0,11,16,63,4
2026-06-16,S02,P603,16.0,56,14,58,63,4
2026-06-17,S02,P603,58.0,0,15,43,63,4
2026-06-18,S02,P603,43.0,0,11,32,63,4
2026-06-19,S02,P603,32.0,0,13,19,63,4
2026-06-20,S02,P603,19.0,45,14,50,63,4
2026-06-21,S02,P603,50.0,0,14,36,63,4
2026-06-22,S02,P603,36.0,0,4,32,63,4
2026-06-23,S02,P603,32.0,0,14,18,63,4
2026-06-24,S02,P603,18.0,53,11,60,63,4
2026-06-25,S02,P603,60.0,0,20,40,63,4
2026-06-26,S02,P603,40.0,0,5,35,63,4
2026-06-27,S02,P603,35.0,0,11,24,63,4
2026-06-28,S02,P603,24.0,43,14,53,63,4
2026-06-29,S02,P603,53.0,0,10,43,63,4
2026-06-30,S02,P603,43.0,0,7,36,63,4
2026-07-01,S02,P603,36.0,0,17,19,63,4
2026-07-02,S02,P603,19.0,50,19,50,63,4
2026-07-03,S02,P603,50.0,0,9,41,63,4
2026-07-04,S02,P603,41.0,0,21,20,63,4
2026-07-05,S02,P603,20.0,0,16,4,63,4
2026-07-06,S02,P603,4.0,53,5,52,63,4
2026-07-07,S02,P603,52.0,0,13,39,63,4
2026-07-08,S02,P603,39.0,0,15,24,63,4
2026-07-09,S02,P603,24.0,46,11,59,63,4
2026-07-10,S02,P603,59.0,0,9,50,63,4
2026-07-11,S02,P603,50.0,0,9,41,63,4
2026-07-12,S02,P603,41.0,0,8,33,63,4
2026-07-13,S02,P603,33.0,44,13,64,63,4
2026-07-14,S02,P603,64.0,0,12,52,63,4
2026-07-15,S02,P603,52.0,0,8,44,63,4
2026-07-16,S02,P603,44.0,0,16,28,63,4
2026-07-17,S02,P603,28.0,0,14,14,63,4
2026-07-18,S02,P603,14.0,51,14,51,63,4
2026-07-19,S02,P603,51.0,0,14,37,63,4
2026-07-20,S02,P603,37.0,0,11,26,63,4
2026-07-21,S02,P603,26.0,0,15,11,63,4
2026-07-22,S02,P603,11.0,52,14,49,63,4
2026-07-23,S02,P603,49.0,0,16,33,63,4
2026-07-24,S02,P603,33.0,0,21,12,63,4
2026-07-25,S02,P603,12.0,40,7,45,63,4
2026-07-26,S02,P603,45.0,0,9,36,63,4
2026-07-27,S02,P603,36.0,0,22,14,63,4
2026-07-28,S02,P603,14.0,51,8,57,63,4
2026-07-29,S02,P603,57.0,0,9,48,63,4
2026-07-30,S02,P603,48.0,0,3,45,63,4
2026-07-31,S02,P603,45.0,0,15,30,63,4
2026-08-01,S02,P603,30.0,0,23,7,63,4
2026-08-02,S02,P603,7.0,0,7,0,63,4
2026-08-03,S02,P603,0.0,46,13,33,63,4
2026-08-04,S02,P603,33.0,0,11,22,63,4
2026-08-05,S02,P603,22.0,0,8,14,63,4
2026-08-06,S02,P603,14.0,50,15,49,63,4
2026-08-07,S02,P603,49.0,0,18,31,63,4
2026-08-08,S02,P603,31.0,0,31,0,63,4
2026-08-09,S02,P603,0.0,0,0,0,63,4
2026-08-10,S02,P603,0.0,54,19,35,63,4
2026-08-11,S02,P603,35.0,0,21,14,63,4
2026-08-12,S02,P603,14.0,49,13,50,63,4
2026-08-13,S02,P603,50.0,0,12,38,63,4
2026-08-14,S02,P603,38.0,0,15,23,63,4
2026-08-15,S02,P603,23.0,40,12,51,63,4
2026-08-16,S02,P603,51.0,0,8,43,63,4
2026-08-17,S02,P603,43.0,0,9,34,63,4
2026-08-18,S02,P603,34.0,0,17,17,63,4
2026-08-19,S02,P603,17.0,40,14,43,63,4
2026-08-20,S02,P603,43.0,0,11,32,63,4
2026-08-21,S02,P603,32.0,0,12,20,63,4
2026-08-22,S02,P603,20.0,46,19,47,63,4
2026-08-23,S02,P603,47.0,0,17,30,63,4
2026-08-24,S02,P603,30.0,0,7,23,63,4
2026-08-25,S02,P603,23.0,0,11,12,63,4
2026-08-26,S02,P603,12.0,56,16,52,63,4
2026-08-27,S02,P603,52.0,0,13,39,63,4
2026-08-28,S02,P603,39.0,0,13,26,63,4
2026-08-29,S02,P603,26.0,0,4,22,63,4
2026-08-30,S02,P603,22.0,51,8,65,63,4
2026-08-31,S02,P603,65.0,0,12,53,63,4
2026-05-01,S02,P604,132.0,0,13,119,81,4
2026-05-02,S02,P604,119.0,0,14,105,81,4
2026-05-03,S02,P604,105.0,0,27,78,81,4
2026-05-04,S02,P604,78.0,0,14,64,81,4
2026-05-05,S02,P604,64.0,0,10,54,81,4
2026-05-06,S02,P604,54.0,0,12,42,81,4
2026-05-07,S02,P604,42.0,54,18,78,81,4
2026-05-08,S02,P604,78.0,0,11,67,81,4
2026-05-09,S02,P604,67.0,0,10,57,81,4
2026-05-10,S02,P604,57.0,0,16,41,81,4
2026-05-11,S02,P604,41.0,54,12,83,81,4
2026-05-12,S02,P604,83.0,0,12,71,81,4
2026-05-13,S02,P604,71.0,0,14,57,81,4
2026-05-14,S02,P604,57.0,0,13,44,81,4
2026-05-15,S02,P604,44.0,0,24,20,81,4
2026-05-16,S02,P604,20.0,61,18,63,81,4
2026-05-17,S02,P604,63.0,0,22,41,81,4
2026-05-18,S02,P604,41.0,0,10,31,81,4
2026-05-19,S02,P604,31.0,51,28,54,81,4
2026-05-20,S02,P604,54.0,0,25,29,81,4
2026-05-21,S02,P604,29.0,0,29,0,81,4
2026-05-22,S02,P604,0.0,0,0,0,81,4
2026-05-23,S02,P604,0.0,78,23,55,81,4
2026-05-24,S02,P604,55.0,0,10,45,81,4
2026-05-25,S02,P604,45.0,0,10,35,81,4
2026-05-26,S02,P604,35.0,0,6,29,81,4
2026-05-27,S02,P604,29.0,54,18,65,81,4
2026-05-28,S02,P604,65.0,0,10,55,81,4
2026-05-29,S02,P604,55.0,0,13,42,81,4
2026-05-30,S02,P604,42.0,0,8,34,81,4
2026-05-31,S02,P604,34.0,67,21,80,81,4
2026-06-01,S02,P604,80.0,0,14,66,81,4
2026-06-02,S02,P604,66.0,0,13,53,81,4
2026-06-03,S02,P604,53.0,0,14,39,81,4
2026-06-04,S02,P604,39.0,52,16,75,81,4
2026-06-05,S02,P604,75.0,0,17,58,81,4
2026-06-06,S02,P604,58.0,0,11,47,81,4
2026-06-07,S02,P604,47.0,0,18,29,81,4
2026-06-08,S02,P604,29.0,57,7,79,81,4
2026-06-09,S02,P604,79.0,0,12,67,81,4
2026-06-10,S02,P604,67.0,0,8,59,81,4
2026-06-11,S02,P604,59.0,0,10,49,81,4
2026-06-12,S02,P604,49.0,53,19,83,81,4
2026-06-13,S02,P604,83.0,0,19,64,81,4
2026-06-14,S02,P604,64.0,0,18,46,81,4
2026-06-15,S02,P604,46.0,0,26,20,81,4
2026-06-16,S02,P604,20.0,0,20,0,81,4
2026-06-17,S02,P604,0.0,68,30,38,81,4
2026-06-18,S02,P604,38.0,0,10,28,81,4
2026-06-19,S02,P604,28.0,0,7,21,81,4
2026-06-20,S02,P604,21.0,64,15,70,81,4
2026-06-21,S02,P604,70.0,0,19,51,81,4
2026-06-22,S02,P604,51.0,0,12,39,81,4
2026-06-23,S02,P604,39.0,0,18,21,81,4
2026-06-24,S02,P604,21.0,62,16,67,81,4
2026-06-25,S02,P604,67.0,0,15,52,81,4
2026-06-26,S02,P604,52.0,0,13,39,81,4
2026-06-27,S02,P604,39.0,0,12,27,81,4
2026-06-28,S02,P604,27.0,0,19,8,81,4
2026-06-29,S02,P604,8.0,65,11,62,81,4
2026-06-30,S02,P604,62.0,0,8,54,81,4
2026-07-01,S02,P604,54.0,0,11,43,81,4
2026-07-02,S02,P604,43.0,0,16,2,81,4
2026-07-03,S02,P604,27.0,59,10,76,81,4
2026-07-04,S02,P604,76.0,0,26,50,81,4
2026-07-05,S02,P604,50.0,0,12,38,81,4
2026-07-06,S02,P604,38.0,0,14,24,81,4
2026-07-07,S02,P604,24.0,56,18,62,81,4
2026-07-08,S02,P604,62.0,0,17,45,81,4
2026-07-09,S02,P604,45.0,0,15,30,81,4
2026-07-10,S02,P604,30.0,52,11,71,81,4
2026-07-11,S02,P604,71.0,0,12,59,81,4
2026-07-12,S02,P604,59.0,0,8,51,81,4
2026-07-13,S02,P604,51.0,0,13,38,81,4
2026-07-14,S02,P604,38.0,61,20,79,81,4
2026-07-15,S02,P604,79.0,0,15,64,81,4
2026-07-16,S02,P604,64.0,0,21,43,81,4
2026-07-17,S02,P604,43.0,0,19,24,81,4
2026-07-18,S02,P604,24.0,53,22,55,81,4
2026-07-19,S02,P604,55.0,0,39,-20,81,4
2026-07-20,S02,P604,16.0,0,16,0,81,4
2026-07-21,S02,P604,0.0,0,0,0,81,4
2026-07-22,S02,P604,0.0,55,18,37,81,4
2026-07-23,S02,P604,37.0,0,15,22,81,4
2026-07-24,S02,P604,22.0,61,16,67,81,4
2026-07-25,S02,P604,67.0,0,12,55,81,4
2026-07-26,S02,P604,55.0,0,10,45,81,4
2026-07-27,S02,P604,45.0,0,10,35,81,4
2026-07-28,S02,P604,35.0,0,11,24,81,4
2026-07-29,S02,P604,24.0,65,12,77,81,4
2026-07-30,S02,P604,77.0,0,13,64,81,4
2026-07-31,S02,P604,64.0,0,16,48,81,4
2026-08-01,S02,P604,48.0,0,23,25,81,4
2026-08-02,S02,P604,25.0,55,39,41,81,4
2026-08-03,S02,P604,41.0,0,34,7,81,4
2026-08-04,S02,P604,7.0,0,7,0,81,4
2026-08-05,S02,P604,0.0,52,20,32,81,4
2026-08-06,S02,P604,32.0,0,22,10,81,4
2026-08-07,S02,P604,10.0,73,9,74,81,4
2026-08-08,S02,P604,74.0,0,19,55,81,4
2026-08-09,S02,P604,55.0,0,19,36,81,4
2026-08-10,S02,P604,36.0,0,11,25,81,4
2026-08-11,S02,P604,25.0,58,10,73,81,4
2026-08-12,S02,P604,73.0,0,16,57,81,4
2026-08-13,S02,P604,57.0,0,7,50,81,4
2026-08-14,S02,P604,50.0,0,21,29,81,4
2026-08-15,S02,P604,29.0,59,28,60,81,4
2026-08-16,S02,P604,60.0,0,11,49,81,4
2026-08-17,S02,P604,49.0,0,12,37,81,4
2026-08-18,S02,P604,37.0,0,16,21,81,4
2026-08-19,S02,P604,21.0,72,7,86,81,4
2026-08-20,S02,P604,86.0,0,23,63,81,4
2026-08-21,S02,P604,63.0,0,9,54,81,4
2026-08-22,S02,P604,54.0,0,25,29,81,4
2026-08-23,S02,P604,29.0,0,17,12,81,4
2026-08-24,S02,P604,12.0,69,11,70,81,4
2026-08-25,S02,P604,70.0,0,21,49,81,4
2026-08-26,S02,P604,49.0,0,17,32,81,4
2026-08-27,S02,P604,32.0,51,12,71,81,4
2026-08-28,S02,P604,71.0,0,10,61,81,4
2026-08-29,S02,P604,61.0,0,18,43,81,4
2026-08-30,S02,P604,43.0,0,16,27,81,4
2026-08-31,S02,P604,27.0,61,16,72,81,4
2026-05-01,S02,P701,152.0,0,15,137,76,2
2026-05-02,S02,P701,137.0,0,31,106,76,2
2026-05-03,S02,P701,106.0,0,28,78,76,2
2026-05-04,S02,P701,78.0,0,35,43,76,2
2026-05-05,S02,P701,43.0,0,21,22,76,2
2026-05-06,S02,P701,22.0,109,44,87,76,2
2026-05-07,S02,P701,87.0,0,31,56,76,2
2026-05-08,S02,P701,56.0,0,21,35,76,2
2026-05-09,S02,P701,35.0,96,31,100,76,2
2026-05-10,S02,P701,100.0,0,37,63,76,2
2026-05-11,S02,P701,63.0,0,24,39,76,2
2026-05-12,S02,P701,39.0,89,33,95,76,2
2026-05-13,S02,P701,95.0,0,36,59,76,2
2026-05-14,S02,P701,59.0,0,20,39,76,2
2026-05-15,S02,P701,39.0,93,27,105,76,2
2026-05-16,S02,P701,105.0,0,32,73,76,2
2026-05-17,S02,P701,73.0,0,23,50,76,2
2026-05-18,S02,P701,50.0,79,44,85,76,2
2026-05-19,S02,P701,85.0,0,31,54,76,2
2026-05-20,S02,P701,54.0,0,21,33,76,2
2026-05-21,S02,P701,33.0,98,37,94,76,2
2026-05-22,S02,P701,94.0,0,27,34,76,2
2026-05-23,S02,P701,67.0,0,19,48,76,2
2026-05-24,S02,P701,48.0,85,31,102,76,2
2026-05-25,S02,P701,102.0,0,16,86,76,2
2026-05-26,S02,P701,86.0,0,45,41,76,2
2026-05-27,S02,P701,41.0,0,41,0,76,2
2026-05-28,S02,P701,0.0,0,0,0,76,2
2026-05-29,S02,P701,0.0,111,23,88,76,2
2026-05-30,S02,P701,88.0,0,47,41,76,2
2026-05-31,S02,P701,41.0,0,36,5,76,2
2026-06-01,S02,P701,5.0,0,5,0,76,2
2026-06-02,S02,P701,0.0,0,0,0,76,2
2026-06-03,S02,P701,0.0,111,22,89,76,2
2026-06-04,S02,P701,89.0,0,23,66,76,2
2026-06-05,S02,P701,66.0,0,28,38,76,2
2026-06-06,S02,P701,38.0,86,49,75,76,2
2026-06-07,S02,P701,75.0,0,37,38,76,2
2026-06-08,S02,P701,38.0,77,21,94,76,2
2026-06-09,S02,P701,94.0,0,37,57,76,2
2026-06-10,S02,P701,57.0,0,29,28,76,2
2026-06-11,S02,P701,28.0,95,15,108,76,2
2026-06-12,S02,P701,108.0,0,25,83,76,2
2026-06-13,S02,P701,83.0,0,41,42,76,2
2026-06-14,S02,P701,42.0,0,41,1,76,2
2026-06-15,S02,P701,1.0,0,1,0,76,2
2026-06-16,S02,P701,0.0,110,32,78,76,2
2026-06-17,S02,P701,78.0,0,30,48,76,2
2026-06-18,S02,P701,48.0,0,28,20,76,2
2026-06-19,S02,P701,20.0,104,22,102,76,2
2026-06-20,S02,P701,102.0,0,56,46,76,2
2026-06-21,S02,P701,46.0,0,46,0,76,2
2026-06-22,S02,P701,0.0,106,22,84,76,2
2026-06-23,S02,P701,84.0,0,40,44,76,2
2026-06-24,S02,P701,44.0,0,14,30,76,2
2026-06-25,S02,P701,30.0,108,25,113,76,2
2026-06-26,S02,P701,113.0,0,28,85,76,2
2026-06-27,S02,P701,85.0,0,31,54,76,2
2026-06-28,S02,P701,54.0,0,24,30,76,2
2026-06-29,S02,P701,30.0,98,23,105,76,2
2026-06-30,S02,P701,105.0,0,25,80,76,2
2026-07-01,S02,P701,80.0,0,16,64,76,2
2026-07-02,S02,P701,64.0,0,21,43,76,2
2026-07-03,S02,P701,43.0,88,25,106,76,2
2026-07-04,S02,P701,106.0,0,26,80,76,2
2026-07-05,S02,P701,80.0,0,53,27,76,2
2026-07-06,S02,P701,27.0,0,15,12,76,2
2026-07-07,S02,P701,12.0,125,20,117,76,2
2026-07-08,S02,P701,117.0,0,24,93,76,2
2026-07-09,S02,P701,93.0,0,36,57,76,2
2026-07-10,S02,P701,57.0,0,57,0,76,2
2026-07-11,S02,P701,0.0,95,48,47,76,2
2026-07-12,S02,P701,47.0,0,47,0,76,2
2026-07-13,S02,P701,0.0,105,23,82,76,2
2026-07-14,S02,P701,82.0,0,16,66,76,2
2026-07-15,S02,P701,66.0,0,41,25,76,2
2026-07-16,S02,P701,25.0,0,25,0,76,2
2026-07-17,S02,P701,0.0,86,22,64,76,2
2026-07-18,S02,P701,64.0,0,29,35,76,2
2026-07-19,S02,P701,35.0,88,27,96,76,2
2026-07-20,S02,P701,96.0,0,24,72,76,2
2026-07-21,S02,P701,72.0,0,27,45,76,2
2026-07-22,S02,P701,45.0,80,27,98,76,2
2026-07-23,S02,P701,98.0,0,22,76,76,2
2026-07-24,S02,P701,76.0,0,16,60,76,2
2026-07-25,S02,P701,60.0,76,38,98,76,2
2026-07-26,S02,P701,98.0,0,33,65,76,2
2026-07-27,S02,P701,65.0,0,27,38,76,2
2026-07-28,S02,P701,38.0,87,33,92,76,2
2026-07-29,S02,P701,92.0,0,22,70,76,2
2026-07-30,S02,P701,70.0,0,28,42,76,2
2026-07-31,S02,P701,42.0,82,20,104,76,2
2026-08-01,S02,P701,104.0,0,30,74,76,2
2026-08-02,S02,P701,74.0,0,39,35,76,2
2026-08-03,S02,P701,35.0,78,41,72,76,2
2026-08-04,S02,P701,72.0,0,23,49,76,2
2026-08-05,S02,P701,49.0,80,33,96,76,2
2026-08-06,S02,P701,96.0,0,22,74,76,2
2026-08-07,S02,P701,74.0,0,29,45,76,2
2026-08-08,S02,P701,45.0,78,36,87,76,2
2026-08-09,S02,P701,87.0,0,30,57,76,2
2026-08-10,S02,P701,57.0,0,31,26,76,2
2026-08-11,S02,P701,26.0,95,38,83,76,2
2026-08-12,S02,P701,83.0,0,15,68,76,2
2026-08-13,S02,P701,68.0,0,30,38,76,2
2026-08-14,S02,P701,38.0,84,23,99,76,2
2026-08-15,S02,P701,99.0,0,52,47,76,2
2026-08-16,S02,P701,47.0,0,22,25,76,2
2026-08-17,S02,P701,25.0,105,22,108,76,2
2026-08-18,S02,P701,108.0,0,36,72,76,2
2026-08-19,S02,P701,72.0,0,41,31,76,2
2026-08-20,S02,P701,31.0,80,21,90,76,2
2026-08-21,S02,P701,90.0,0,41,49,76,2
2026-08-22,S02,P701,49.0,0,49,0,76,2
2026-08-23,S02,P701,0.0,103,29,95,76,2
2026-08-24,S02,P701,74.0,0,33,41,76,2
2026-08-25,S02,P701,41.0,78,36,83,76,2
2026-08-26,S02,P701,83.0,0,24,59,76,2
2026-08-27,S02,P701,59.0,0,33,26,76,2
2026-08-28,S02,P701,26.0,93,28,91,76,2
2026-08-29,S02,P701,91.0,0,30,61,76,2
2026-08-30,S02,P701,61.0,0,39,22,76,2
2026-08-31,S02,P701,22.0,91,38,75,76,2
2026-05-01,S02,P702,80.0,0,11,69,40,2
2026-05-02,S02,P702,69.0,0,15,54,40,2
2026-05-03,S02,P702,54.0,0,23,31,40,2
2026-05-04,S02,P702,31.0,0,8,23,40,2
2026-05-05,S02,P702,23.0,49,15,57,40,2
2026-05-06,S02,P702,57.0,0,12,45,40,2
2026-05-07,S02,P702,45.0,0,12,33,40,2
2026-05-08,S02,P702,33.0,0,14,19,40,2
2026-05-09,S02,P702,19.0,47,21,45,40,2
2026-05-10,S02,P702,45.0,0,29,16,40,2
2026-05-11,S02,P702,16.0,0,10,6,40,2
2026-05-12,S02,P702,6.0,0,6,0,40,2
2026-05-13,S02,P702,0.0,64,13,51,40,2
2026-05-14,S02,P702,51.0,0,10,5,40,2
2026-05-15,S02,P702,41.0,0,8,33,40,2
2026-05-16,S02,P702,33.0,0,15,18,40,2
2026-05-17,S02,P702,18.0,0,18,0,40,2
2026-05-18,S02,P702,0.0,47,28,19,40,2
2026-05-19,S02,P702,19.0,0,17,2,40,2
2026-05-20,S02,P702,2.0,61,23,40,40,2
2026-05-21,S02,P702,40.0,0,19,56,40,2
2026-05-22,S02,P702,21.0,40,25,36,40,2
2026-05-23,S02,P702,36.0,0,36,0,40,2
2026-05-24,S02,P702,0.0,44,38,6,40,2
2026-05-25,S02,P702,6.0,0,6,0,40,2
2026-05-26,S02,P702,0.0,74,9,65,40,2
2026-05-27,S02,P702,65.0,0,14,51,40,2
2026-05-28,S02,P702,51.0,0,23,28,40,2
2026-05-29,S02,P702,28.0,0,19,9,40,2
2026-05-30,S02,P702,9.0,52,14,47,40,2
2026-05-31,S02,P702,47.0,0,19,28,40,2
2026-06-01,S02,P702,28.0,0,14,14,40,2
2026-06-02,S02,P702,14.0,52,15,51,40,2
2026-06-03,S02,P702,51.0,0,5,46,40,2
2026-06-04,S02,P702,46.0,0,7,39,40,2
2026-06-05,S02,P702,39.0,0,23,16,40,2
2026-06-06,S02,P702,16.0,41,17,40,40,2
2026-06-07,S02,P702,40.0,0,21,19,40,2
2026-06-08,S02,P702,19.0,0,14,5,40,2
2026-06-09,S02,P702,5.0,40,14,31,40,2
2026-06-10,S02,P702,31.0,0,10,21,40,2
2026-06-11,S02,P702,21.0,49,11,59,40,2
2026-06-12,S02,P702,59.0,0,6,53,40,2
2026-06-13,S02,P702,53.0,0,22,31,40,2
2026-06-14,S02,P702,31.0,0,16,15,40,2
2026-06-15,S02,P702,15.0,0,6,9,40,2
2026-06-16,S02,P702,9.0,49,14,44,40,2
2026-06-17,S02,P702,44.0,0,10,34,40,2
2026-06-18,S02,P702,34.0,0,10,24,40,2
2026-06-19,S02,P702,24.0,46,10,60,40,2
2026-06-20,S02,P702,60.0,0,15,45,40,2
2026-06-21,S02,P702,45.0,0,26,19,40,2
2026-06-22,S02,P702,19.0,0,16,3,40,2
2026-06-23,S02,P702,3.0,61,27,1,40,2
2026-06-24,S02,P702,37.0,0,20,17,40,2
2026-06-25,S02,P702,17.0,43,25,35,40,2
2026-06-26,S02,P702,35.0,0,24,11,40,2
2026-06-27,S02,P702,11.0,45,11,45,40,2
2026-06-28,S02,P702,45.0,0,16,29,40,2
2026-06-29,S02,P702,29.0,0,9,20,40,2
2026-06-30,S02,P702,20.0,0,7,13,40,2
2026-07-01,S02,P702,13.0,51,14,50,40,2
2026-07-02,S02,P702,50.0,0,19,31,40,2
2026-07-03,S02,P702,31.0,0,14,17,40,2
2026-07-04,S02,P702,17.0,49,12,54,40,2
2026-07-05,S02,P702,54.0,0,15,39,40,2
2026-07-06,S02,P702,39.0,0,7,32,40,2
2026-07-07,S02,P702,32.0,41,8,65,40,2
2026-07-08,S02,P702,65.0,0,8,57,40,2
2026-07-09,S02,P702,57.0,0,14,43,40,2
2026-07-10,S02,P702,43.0,0,11,32,40,2
2026-07-11,S02,P702,32.0,0,13,19,40,2
2026-07-12,S02,P702,19.0,48,22,45,40,2
2026-07-13,S02,P702,45.0,0,13,32,40,2
2026-07-14,S02,P702,32.0,0,13,19,40,2
2026-07-15,S02,P702,19.0,48,17,50,40,2
2026-07-16,S02,P702,50.0,0,13,37,40,2
2026-07-17,S02,P702,37.0,0,15,22,40,2
2026-07-18,S02,P702,22.0,0,22,0,40,2
2026-07-19,S02,P702,0.0,43,19,24,40,2
2026-07-20,S02,P702,24.0,0,17,7,40,2
2026-07-21,S02,P702,7.0,56,16,47,40,2
2026-07-22,S02,P702,47.0,0,15,32,40,2
2026-07-23,S02,P702,32.0,0,8,24,40,2
2026-07-24,S02,P702,24.0,48,12,60,40,2
2026-07-25,S02,P702,60.0,0,20,40,40,2
2026-07-26,S02,P702,40.0,0,28,12,40,2
2026-07-27,S02,P702,12.0,40,9,43,40,2
2026-07-28,S02,P702,43.0,0,18,25,40,2
2026-07-29,S02,P702,25.0,0,16,9,40,2
2026-07-30,S02,P702,9.0,55,16,48,40,2
2026-07-31,S02,P702,48.0,0,16,32,40,2
2026-08-01,S02,P702,32.0,0,17,15,40,2
2026-08-02,S02,P702,15.0,48,21,42,40,2
2026-08-03,S02,P702,42.0,0,19,23,40,2
2026-08-04,S02,P702,23.0,0,19,4,40,2
2026-08-05,S02,P702,4.0,57,13,48,40,2
2026-08-06,S02,P702,48.0,0,15,33,40,2
2026-08-07,S02,P702,33.0,0,9,24,40,2
2026-08-08,S02,P702,24.0,47,24,47,40,2
2026-08-09,S02,P702,47.0,0,10,37,40,2
2026-08-10,S02,P702,37.0,0,6,31,40,2
2026-08-11,S02,P702,31.0,43,15,59,40,2
2026-08-12,S02,P702,59.0,0,10,49,40,2
2026-08-13,S02,P702,49.0,0,13,36,40,2
2026-08-14,S02,P702,36.0,0,11,25,40,2
2026-08-15,S02,P702,25.0,44,31,38,40,2
2026-08-16,S02,P702,38.0,0,22,16,40,2
2026-08-17,S02,P702,16.0,42,15,43,40,2
2026-08-18,S02,P702,43.0,0,15,28,40,2
2026-08-19,S02,P702,28.0,0,14,14,40,2
2026-08-20,S02,P702,14.0,0,9,5,40,2
2026-08-21,S02,P702,5.0,52,20,37,40,2
2026-08-22,S02,P702,37.0,0,12,25,40,2
2026-08-23,S02,P702,25.0,43,21,47,40,2
2026-08-24,S02,P702,47.0,0,18,29,40,2
2026-08-25,S02,P702,29.0,0,21,8,40,2
2026-08-26,S02,P702,8.0,51,15,44,40,2
2026-08-27,S02,P702,44.0,0,6,38,40,2
2026-08-28,S02,P702,38.0,0,11,27,40,2
2026-08-29,S02,P702,27.0,42,12,57,40,2
2026-08-30,S02,P702,57.0,0,17,40,40,2
2026-08-31,S02,P702,40.0,0,14,26,40,2
2026-05-01,S02,P703,53.0,0,20,33,27,2
2026-05-02,S02,P703,33.0,0,11,22,27,2
2026-05-03,S02,P703,22.0,0,9,13,27,2
2026-05-04,S02,P703,13.0,31,12,32,27,2
2026-05-05,S02,P703,32.0,0,9,23,27,2
2026-05-06,S02,P703,23.0,0,9,14,27,2
2026-05-07,S02,P703,14.0,30,7,37,27,2
2026-05-08,S02,P703,37.0,0,10,27,27,2
2026-05-09,S02,P703,27.0,0,13,14,27,2
2026-05-10,S02,P703,14.0,26,24,16,27,2
2026-05-11,S02,P703,16.0,0,14,2,27,2
2026-05-12,S02,P703,2.0,0,2,0,27,2
2026-05-13,S02,P703,0.0,0,0,0,27,2
2026-05-14,S02,P703,0.0,37,21,54,27,2
2026-05-15,S02,P703,16.0,0,9,7,27,2
2026-05-16,S02,P703,7.0,37,13,31,27,2
2026-05-17,S02,P703,31.0,0,15,16,27,2
2026-05-18,S02,P703,16.0,0,5,11,27,2
2026-05-19,S02,P703,11.0,37,11,37,27,2
2026-05-20,S02,P703,37.0,0,12,25,27,2
2026-05-21,S02,P703,25.0,0,10,15,27,2
2026-05-22,S02,P703,15.0,28,14,29,27,2
2026-05-23,S02,P703,29.0,0,14,15,27,2
2026-05-24,S02,P703,15.0,0,14,1,27,2
2026-05-25,S02,P703,1.0,38,19,20,27,2
2026-05-26,S02,P703,20.0,0,13,7,27,2
2026-05-27,S02,P703,7.0,33,11,29,27,2
2026-05-28,S02,P703,29.0,0,9,20,27,2
2026-05-29,S02,P703,20.0,0,8,12,27,2
2026-05-30,S02,P703,12.0,0,12,0,27,2
2026-05-31,S02,P703,0.0,33,7,26,27,2
2026-06-01,S02,P703,26.0,0,13,13,27,2
2026-06-02,S02,P703,13.0,27,10,30,27,2
2026-06-03,S02,P703,30.0,0,18,12,27,2
2026-06-04,S02,P703,12.0,0,11,1,27,2
2026-06-05,S02,P703,1.0,41,16,26,27,2
2026-06-06,S02,P703,26.0,0,15,11,27,2
2026-06-07,S02,P703,11.0,27,10,28,27,2
2026-06-08,S02,P703,28.0,0,12,16,27,2
2026-06-09,S02,P703,16.0,0,9,7,27,2
2026-06-10,S02,P703,7.0,37,10,34,27,2
2026-06-11,S02,P703,34.0,0,18,16,27,2
2026-06-12,S02,P703,16.0,0,7,9,27,2
2026-06-13,S02,P703,9.0,37,22,24,27,2
2026-06-14,S02,P703,24.0,0,11,13,27,2
2026-06-15,S02,P703,13.0,29,6,36,27,2
2026-06-16,S02,P703,36.0,0,10,26,27,2
2026-06-17,S02,P703,26.0,0,10,16,27,2
2026-06-18,S02,P703,16.0,27,11,32,27,2
2026-06-19,S02,P703,32.0,0,7,25,27,2
2026-06-20,S02,P703,25.0,0,22,3,27,2
2026-06-21,S02,P703,3.0,28,13,18,27,2
2026-06-22,S02,P703,18.0,0,9,9,27,2
2026-06-23,S02,P703,9.0,35,13,31,27,2
2026-06-24,S02,P703,31.0,0,9,22,27,2
2026-06-25,S02,P703,22.0,0,13,9,27,2
2026-06-26,S02,P703,9.0,31,12,28,27,2
2026-06-27,S02,P703,28.0,0,13,15,27,2
2026-06-28,S02,P703,15.0,0,15,0,27,2
2026-06-29,S02,P703,0.0,38,8,30,27,2
2026-06-30,S02,P703,30.0,0,8,22,27,2
2026-07-01,S02,P703,22.0,0,7,15,27,2
2026-07-02,S02,P703,15.0,31,5,41,27,2
2026-07-03,S02,P703,41.0,0,6,35,27,2
2026-07-04,S02,P703,35.0,0,35,0,27,2
2026-07-05,S02,P703,0.0,0,0,0,27,2
2026-07-06,S02,P703,0.0,53,26,27,27,2
2026-07-07,S02,P703,27.0,0,19,8,27,2
2026-07-08,S02,P703,8.0,26,22,12,27,2
2026-07-09,S02,P703,12.0,0,12,0,27,2
2026-07-10,S02,P703,0.0,0,0,0,27,2
2026-07-11,S02,P703,0.0,41,9,32,27,2
2026-07-12,S02,P703,32.0,0,20,12,27,2
2026-07-13,S02,P703,12.0,0,7,5,27,2
2026-07-14,S02,P703,5.0,0,5,0,27,2
2026-07-15,S02,P703,0.0,0,0,0,27,2
2026-07-16,S02,P703,0.0,41,10,31,27,2
2026-07-17,S02,P703,31.0,0,7,24,27,2
2026-07-18,S02,P703,24.0,0,11,13,27,2
2026-07-19,S02,P703,13.0,29,12,30,27,2
2026-07-20,S02,P703,30.0,0,12,18,27,2
2026-07-21,S02,P703,18.0,0,15,3,27,2
2026-07-22,S02,P703,3.0,35,10,28,27,2
2026-07-23,S02,P703,28.0,0,10,18,27,2
2026-07-24,S02,P703,18.0,0,10,8,27,2
2026-07-25,S02,P703,8.0,35,9,34,27,2
2026-07-26,S02,P703,34.0,0,15,19,27,2
2026-07-27,S02,P703,19.0,0,11,8,27,2
2026-07-28,S02,P703,8.0,34,6,36,27,2
2026-07-29,S02,P703,36.0,0,9,27,27,2
2026-07-30,S02,P703,27.0,0,15,12,27,2
2026-07-31,S02,P703,12.0,26,9,29,27,2
2026-08-01,S02,P703,29.0,0,29,0,27,2
2026-08-02,S02,P703,0.0,0,0,0,27,2
2026-08-03,S02,P703,0.0,53,12,25,27,2
2026-08-04,S02,P703,41.0,0,12,29,27,2
2026-08-05,S02,P703,29.0,0,10,19,27,2
2026-08-06,S02,P703,19.0,0,10,9,27,2
2026-08-07,S02,P703,9.0,34,19,24,27,2
2026-08-08,S02,P703,24.0,0,11,13,27,2
2026-08-09,S02,P703,13.0,29,8,34,27,2
2026-08-10,S02,P703,34.0,0,5,29,27,2
2026-08-11,S02,P703,29.0,0,12,17,27,2
2026-08-12,S02,P703,17.0,0,12,5,27,2
2026-08-13,S02,P703,5.0,36,16,25,27,2
2026-08-14,S02,P703,25.0,0,7,18,27,2
2026-08-15,S02,P703,18.0,28,19,27,27,2
2026-08-16,S02,P703,27.0,0,11,16,27,2
2026-08-17,S02,P703,16.0,26,13,29,27,2
2026-08-18,S02,P703,29.0,0,17,12,27,2
2026-08-19,S02,P703,12.0,0,4,8,27,2
2026-08-20,S02,P703,8.0,41,11,38,27,2
2026-08-21,S02,P703,38.0,0,10,28,27,2
2026-08-22,S02,P703,28.0,0,16,12,27,2
2026-08-23,S02,P703,12.0,0,11,1,27,2
2026-08-24,S02,P703,1.0,41,9,33,27,2
2026-08-25,S02,P703,33.0,0,8,25,27,2
2026-08-26,S02,P703,25.0,0,20,5,27,2
2026-08-27,S02,P703,5.0,28,9,24,27,2
2026-08-28,S02,P703,24.0,0,24,0,27,2
2026-08-29,S02,P703,0.0,29,18,11,27,2
2026-08-30,S02,P703,11.0,0,11,0,27,2
2026-08-31,S02,P703,0.0,0,0,0,27,2
2026-05-01,S02,P704,61.0,0,13,48,30,2
2026-05-02,S02,P704,48.0,0,18,30,30,2
2026-05-03,S02,P704,30.0,0,5,25,30,2
2026-05-04,S02,P704,25.0,31,7,49,30,2
2026-05-05,S02,P704,49.0,0,11,38,30,2
2026-05-06,S02,P704,38.0,0,11,27,30,2
2026-05-07,S02,P704,27.0,0,20,7,30,2
2026-05-08,S02,P704,7.0,34,11,30,30,2
2026-05-09,S02,P704,30.0,0,12,18,30,2
2026-05-10,S02,P704,18.0,31,12,37,30,2
2026-05-11,S02,P704,37.0,0,13,24,30,2
2026-05-12,S02,P704,24.0,0,8,16,30,2
2026-05-13,S02,P704,16.0,37,12,41,30,2
2026-05-14,S02,P704,41.0,0,9,32,30,2
2026-05-15,S02,P704,32.0,0,10,22,30,2
2026-05-16,S02,P704,22.0,0,9,13,30,2
2026-05-17,S02,P704,13.0,39,8,44,30,2
2026-05-18,S02,P704,44.0,0,10,34,30,2
2026-05-19,S02,P704,34.0,0,14,20,30,2
2026-05-20,S02,P704,20.0,0,8,12,30,2
2026-05-21,S02,P704,12.0,41,7,46,30,2
2026-05-22,S02,P704,46.0,0,9,37,30,2
2026-05-23,S02,P704,37.0,0,16,21,30,2
2026-05-24,S02,P704,21.0,0,19,2,30,2
2026-05-25,S02,P704,2.0,40,7,35,30,2
2026-05-26,S02,P704,35.0,0,12,23,30,2
2026-05-27,S02,P704,23.0,0,8,15,30,2
2026-05-28,S02,P704,15.0,38,8,45,30,2
2026-05-29,S02,P704,45.0,0,14,31,30,2
2026-05-30,S02,P704,31.0,0,10,21,30,2
2026-05-31,S02,P704,21.0,0,7,14,30,2
2026-06-01,S02,P704,14.0,40,15,39,30,2
2026-06-02,S02,P704,39.0,0,10,29,30,2
2026-06-03,S02,P704,29.0,0,12,17,30,2
2026-06-04,S02,P704,17.0,0,6,11,30,2
2026-06-05,S02,P704,11.0,32,12,31,30,2
2026-06-06,S02,P704,31.0,0,10,21,30,2
2026-06-07,S02,P704,21.0,0,11,10,30,2
2026-06-08,S02,P704,10.0,40,5,45,30,2
2026-06-09,S02,P704,45.0,0,13,32,30,2
2026-06-10,S02,P704,32.0,0,8,24,30,2
2026-06-11,S02,P704,24.0,0,11,13,30,2
2026-06-12,S02,P704,13.0,0,7,6,30,2
2026-06-13,S02,P704,6.0,37,13,30,30,2
2026-06-14,S02,P704,30.0,0,18,12,30,2
2026-06-15,S02,P704,12.0,0,10,2,30,2
2026-06-16,S02,P704,2.0,31,6,27,30,2
2026-06-17,S02,P704,27.0,0,11,16,30,2
2026-06-18,S02,P704,16.0,34,10,40,30,2
2026-06-19,S02,P704,40.0,0,9,31,30,2
2026-06-20,S02,P704,31.0,0,24,7,30,2
2026-06-21,S02,P704,7.0,0,7,0,30,2
2026-06-22,S02,P704,0.0,54,17,37,30,2
2026-06-23,S02,P704,37.0,0,16,21,30,2
2026-06-24,S02,P704,21.0,0,21,0,30,2
2026-06-25,S02,P704,0.0,40,11,29,30,2
2026-06-26,S02,P704,29.0,0,13,16,30,2
2026-06-27,S02,P704,16.0,32,9,39,30,2
2026-06-28,S02,P704,39.0,0,17,22,30,2
2026-06-29,S02,P704,22.0,0,12,10,30,2
2026-06-30,S02,P704,10.0,39,3,46,30,2
2026-07-01,S02,P704,46.0,0,12,34,30,2
2026-07-02,S02,P704,34.0,0,17,17,30,2
2026-07-03,S02,P704,17.0,0,11,6,30,2
2026-07-04,S02,P704,6.0,44,7,43,30,2
2026-07-05,S02,P704,43.0,0,9,34,30,2
2026-07-06,S02,P704,34.0,0,5,29,30,2
2026-07-07,S02,P704,29.0,0,11,18,30,2
2026-07-08,S02,P704,18.0,32,12,38,30,2
2026-07-09,S02,P704,38.0,0,17,21,30,2
2026-07-10,S02,P704,21.0,0,13,8,30,2
2026-07-11,S02,P704,8.0,40,19,29,30,2
2026-07-12,S02,P704,29.0,0,22,7,30,2
2026-07-13,S02,P704,7.0,32,11,28,30,2
2026-07-14,S02,P704,28.0,0,17,11,30,2
2026-07-15,S02,P704,11.0,33,10,34,30,2
2026-07-16,S02,P704,34.0,0,6,28,30,2
2026-07-17,S02,P704,28.0,0,7,21,30,2
2026-07-18,S02,P704,21.0,33,9,45,30,2
2026-07-19,S02,P704,45.0,0,13,32,30,2
2026-07-20,S02,P704,32.0,0,13,19,30,2
2026-07-21,S02,P704,19.0,0,14,5,30,2
2026-07-22,S02,P704,5.0,0,5,0,30,2
2026-07-23,S02,P704,0.0,42,8,34,30,2
2026-07-24,S02,P704,34.0,0,15,19,30,2
2026-07-25,S02,P704,19.0,0,13,6,30,2
2026-07-26,S02,P704,6.0,42,19,29,30,2
2026-07-27,S02,P704,29.0,0,7,22,30,2
2026-07-28,S02,P704,22.0,0,9,13,30,2
2026-07-29,S02,P704,13.0,0,5,8,30,2
2026-07-30,S02,P704,8.0,32,8,32,30,2
2026-07-31,S02,P704,32.0,0,13,19,30,2
2026-08-01,S02,P704,19.0,0,11,8,30,2
2026-08-02,S02,P704,8.0,42,22,28,30,2
2026-08-03,S02,P704,28.0,0,9,19,30,2
2026-08-04,S02,P704,19.0,33,20,32,30,2
2026-08-05,S02,P704,32.0,0,7,25,30,2
2026-08-06,S02,P704,25.0,0,5,20,30,2
2026-08-07,S02,P704,20.0,36,7,49,30,2
2026-08-08,S02,P704,49.0,0,11,38,30,2
2026-08-09,S02,P704,38.0,0,26,12,30,2
2026-08-10,S02,P704,12.0,0,11,1,30,2
2026-08-11,S02,P704,1.0,0,1,0,30,2
2026-08-12,S02,P704,0.0,0,0,0,30,2
2026-08-13,S02,P704,0.0,49,8,41,30,2
2026-08-14,S02,P704,41.0,0,12,29,30,2
2026-08-15,S02,P704,29.0,0,14,15,30,2
2026-08-16,S02,P704,15.0,32,2,45,30,2
2026-08-17,S02,P704,45.0,0,9,36,30,2
2026-08-18,S02,P704,36.0,0,7,29,30,2
2026-08-19,S02,P704,29.0,0,6,23,30,2
2026-08-20,S02,P704,23.0,0,8,15,30,2
2026-08-21,S02,P704,15.0,32,12,35,30,2
2026-08-22,S02,P704,35.0,0,12,23,30,2
2026-08-23,S02,P704,23.0,0,15,8,30,2
2026-08-24,S02,P704,8.0,0,8,0,30,2
2026-08-25,S02,P704,0.0,0,0,0,30,2
2026-08-26,S02,P704,0.0,38,13,25,30,2
2026-08-27,S02,P704,25.0,0,13,12,30,2
2026-08-28,S02,P704,12.0,36,12,36,30,2
2026-08-29,S02,P704,36.0,0,13,23,30,2
2026-08-30,S02,P704,23.0,0,19,4,30,2
2026-08-31,S02,P704,4.0,38,5,37,30,2
2026-08-24,S02,P447,242.0,0,47,195,136,3
2026-08-25,S02,P447,195.0,0,47,148,136,3
2026-08-26,S02,P447,148.0,0,80,68,136,3
2026-08-27,S02,P447,68.0,0,28,40,136,3
2026-08-28,S02,P447,40.0,0,36,4,136,3
2026-08-29,S02,P447,4.0,174,46,132,136,3
2026-08-30,S02,P447,132.0,0,62,70,136,3
2026-08-31,S02,P447,70.0,0,25,45,136,3
2026-08-27,S02,P335,233.0,0,25,208,131,3
2026-08-28,S02,P335,208.0,0,57,151,131,3
2026-08-29,S02,P335,151.0,0,24,127,131,3
2026-08-30,S02,P335,127.0,0,44,83,131,3
2026-08-31,S02,P335,83.0,0,26,57,131,3
2026-08-20,S02,P705,135.0,0,17,118,67,2
2026-08-21,S02,P705,118.0,0,33,85,67,2
2026-08-22,S02,P705,85.0,0,27,58,67,2
2026-08-23,S02,P705,58.0,0,27,31,67,2
2026-08-24,S02,P705,31.0,77,19,89,67,2
2026-08-25,S02,P705,89.0,0,28,61,67,2
2026-08-26,S02,P705,61.0,0,18,43,67,2
2026-08-27,S02,P705,43.0,74,25,92,67,2
2026-08-28,S02,P705,92.0,0,27,65,67,2
2026-08-29,S02,P705,65.0,0,41,24,67,2
2026-08-30,S02,P705,24.0,0,24,0,67,2
2026-08-31,S02,P705,0.0,70,29,41,67,2
2026-05-01,S03,P101,95.0,0,35,60,66,2
2026-05-02,S03,P101,60.0,0,24,36,66,2
2026-05-03,S03,P101,36.0,35,26,45,66,2
2026-05-04,S03,P101,45.0,0,26,19,66,2
2026-05-05,S03,P101,19.0,50,21,48,66,2
2026-05-06,S03,P101,48.0,0,23,25,66,2
2026-05-07,S03,P101,25.0,47,23,49,66,2
2026-05-08,S03,P101,49.0,0,21,28,66,2
2026-05-09,S03,P101,28.0,46,21,53,66,2
2026-05-10,S03,P101,53.0,0,27,26,66,2
2026-05-11,S03,P101,26.0,42,17,51,66,2
2026-05-12,S03,P101,51.0,0,19,32,66,2
2026-05-13,S03,P101,32.0,44,30,46,66,2
2026-05-14,S03,P101,46.0,0,26,20,66,2
2026-05-15,S03,P101,20.0,49,52,17,66,2
2026-05-16,S03,P101,17.0,0,17,0,66,2
2026-05-17,S03,P101,0.0,78,23,55,66,2
2026-05-18,S03,P101,55.0,0,35,20,66,2
2026-05-19,S03,P101,20.0,40,23,37,66,2
2026-05-20,S03,P101,37.0,35,16,56,66,2
2026-05-21,S03,P101,56.0,0,24,32,66,2
2026-05-22,S03,P101,32.0,39,16,55,66,2
2026-05-23,S03,P101,55.0,0,37,18,66,2
2026-05-24,S03,P101,18.0,40,35,23,66,2
2026-05-25,S03,P101,23.0,37,12,48,66,2
2026-05-26,S03,P101,48.0,35,19,64,66,2
2026-05-27,S03,P101,64.0,0,24,40,66,2
2026-05-28,S03,P101,40.0,31,18,53,66,2
2026-05-29,S03,P101,53.0,0,23,30,66,2
2026-05-30,S03,P101,30.0,42,29,43,66,2
2026-05-31,S03,P101,43.0,0,21,22,66,2
2026-06-01,S03,P101,22.0,52,18,56,66,2
2026-06-02,S03,P101,56.0,0,23,33,66,2
2026-06-03,S03,P101,33.0,39,28,44,66,2
2026-06-04,S03,P101,44.0,0,27,17,66,2
2026-06-05,S03,P101,17.0,51,29,39,66,2
2026-06-06,S03,P101,39.0,0,24,8,66,2
2026-06-07,S03,P101,15.0,56,24,47,66,2
2026-06-08,S03,P101,47.0,0,37,10,66,2
2026-06-09,S03,P101,10.0,48,34,24,66,2
2026-06-10,S03,P101,24.0,37,32,29,66,2
2026-06-11,S03,P101,29.0,34,34,29,66,2
2026-06-12,S03,P101,29.0,32,26,35,66,2
2026-06-13,S03,P101,35.0,34,26,43,66,2
2026-06-14,S03,P101,43.0,0,14,29,66,2
2026-06-15,S03,P101,29.0,52,31,50,66,2
2026-06-16,S03,P101,50.0,0,28,22,66,2
2026-06-17,S03,P101,22.0,45,27,40,66,2
2026-06-18,S03,P101,40.0,0,18,22,66,2
2026-06-19,S03,P101,22.0,55,12,65,66,2
2026-06-20,S03,P101,65.0,0,29,36,66,2
2026-06-21,S03,P101,36.0,0,19,17,66,2
2026-06-22,S03,P101,17.0,29,46,0,66,2
2026-06-23,S03,P101,0.0,30,28,2,66,2
2026-06-24,S03,P101,2.0,65,44,23,66,2
2026-06-25,S03,P101,23.0,0,23,0,66,2
2026-06-26,S03,P101,0.0,72,35,37,66,2
2026-06-27,S03,P101,37.0,0,18,19,66,2
2026-06-28,S03,P101,19.0,58,27,50,66,2
2026-06-29,S03,P101,50.0,0,11,39,66,2
2026-06-30,S03,P101,39.0,45,21,63,66,2
2026-07-01,S03,P101,63.0,0,31,32,66,2
2026-07-02,S03,P101,32.0,32,32,32,66,2
2026-07-03,S03,P101,32.0,31,18,45,66,2
2026-07-04,S03,P101,45.0,32,21,56,66,2
2026-07-05,S03,P101,56.0,0,10,46,66,2
2026-07-06,S03,P101,46.0,39,16,69,66,2
2026-07-07,S03,P101,69.0,0,22,47,66,2
2026-07-08,S03,P101,47.0,0,28,19,66,2
2026-07-09,S03,P101,19.0,48,31,36,66,2
2026-07-10,S03,P101,36.0,0,25,11,66,2
2026-07-11,S03,P101,11.0,59,19,51,66,2
2026-07-12,S03,P101,51.0,0,26,25,66,2
2026-07-13,S03,P101,25.0,44,33,36,66,2
2026-07-14,S03,P101,36.0,0,36,0,66,2
2026-07-15,S03,P101,0.0,59,19,40,66,2
2026-07-16,S03,P101,40.0,36,25,51,66,2
2026-07-17,S03,P101,51.0,0,23,28,66,2
2026-07-18,S03,P101,28.0,44,30,42,66,2
2026-07-19,S03,P101,42.0,0,35,7,66,2
2026-07-20,S03,P101,7.0,53,50,10,66,2
2026-07-21,S03,P101,10.0,35,45,0,66,2
2026-07-22,S03,P101,0.0,50,45,5,66,2
2026-07-23,S03,P101,5.0,0,5,0,66,2
2026-07-24,S03,P101,0.0,90,12,78,66,2
2026-07-25,S03,P101,78.0,0,20,58,66,2
2026-07-26,S03,P101,58.0,0,23,35,66,2
2026-07-27,S03,P101,35.0,37,15,57,66,2
2026-07-28,S03,P101,57.0,0,21,36,66,2
2026-07-29,S03,P101,36.0,38,22,52,66,2
2026-07-30,S03,P101,52.0,0,14,38,66,2
2026-07-31,S03,P101,38.0,43,28,53,66,2
2026-08-01,S03,P101,53.0,0,20,33,66,2
2026-08-02,S03,P101,33.0,42,36,39,66,2
2026-08-03,S03,P101,39.0,0,38,1,66,2
2026-08-04,S03,P101,1.0,56,29,28,66,2
2026-08-05,S03,P101,28.0,0,28,0,66,2
2026-08-06,S03,P101,0.0,29,17,12,66,2
2026-08-07,S03,P101,12.0,38,18,32,66,2
2026-08-08,S03,P101,32.0,45,42,35,66,2
2026-08-09,S03,P101,35.0,0,26,9,66,2
2026-08-10,S03,P101,9.0,60,32,37,66,2
2026-08-11,S03,P101,37.0,0,31,6,66,2
2026-08-12,S03,P101,6.0,58,24,40,66,2
2026-08-13,S03,P101,40.0,31,17,54,66,2
2026-08-14,S03,P101,54.0,0,11,43,66,2
2026-08-15,S03,P101,43.0,41,25,59,66,2
2026-08-16,S03,P101,59.0,0,27,32,66,2
2026-08-17,S03,P101,32.0,36,27,41,66,2
2026-08-18,S03,P101,41.0,0,11,30,66,2
2026-08-19,S03,P101,30.0,54,20,64,66,2
2026-08-20,S03,P101,64.0,0,27,37,66,2
2026-08-21,S03,P101,37.0,31,53,15,66,2
2026-08-22,S03,P101,15.0,0,15,0,66,2
2026-08-23,S03,P101,0.0,80,39,41,66,2
2026-08-24,S03,P101,41.0,0,30,11,66,2
2026-08-25,S03,P101,11.0,54,34,31,66,2
2026-08-26,S03,P101,31.0,30,60,1,66,2
2026-08-27,S03,P101,1.0,34,21,14,66,2
2026-08-28,S03,P101,14.0,60,26,48,66,2
2026-08-29,S03,P101,48.0,0,22,34,66,2
2026-08-30,S03,P101,26.0,47,18,55,66,2
2026-08-31,S03,P101,55.0,0,41,14,66,2
2026-05-01,S03,P103,23.0,0,2,21,13,3
2026-05-02,S03,P103,21.0,0,3,18,13,3
2026-05-03,S03,P103,18.0,0,1,17,13,3
2026-05-04,S03,P103,17.0,0,3,14,13,3
2026-05-05,S03,P103,14.0,0,6,8,13,3
2026-05-06,S03,P103,8.0,0,3,5,13,3
2026-05-07,S03,P103,5.0,0,3,2,13,3
2026-05-08,S03,P103,2.0,15,4,13,13,3
2026-05-09,S03,P103,13.0,0,3,10,13,3
2026-05-10,S03,P103,10.0,0,1,9,13,3
2026-05-11,S03,P103,9.0,10,3,16,13,3
2026-05-12,S03,P103,16.0,0,4,12,13,3
2026-05-13,S03,P103,12.0,0,2,10,13,3
2026-05-14,S03,P103,10.0,0,2,8,13,3
2026-05-15,S03,P103,8.0,11,4,15,13,3
2026-05-16,S03,P103,15.0,0,8,7,13,3
2026-05-17,S03,P103,7.0,0,7,0,13,3
2026-05-18,S03,P103,0.0,0,0,0,13,3
2026-05-19,S03,P103,0.0,16,2,14,13,3
2026-05-20,S03,P103,14.0,0,0,14,13,3
2026-05-21,S03,P103,14.0,0,4,10,13,3
2026-05-22,S03,P103,10.0,0,2,8,13,3
2026-05-23,S03,P103,8.0,0,2,6,13,3
2026-05-24,S03,P103,6.0,13,4,15,13,3
2026-05-25,S03,P103,15.0,0,3,12,13,3
2026-05-26,S03,P103,12.0,0,4,8,13,3
2026-05-27,S03,P103,8.0,0,4,4,13,3
2026-05-28,S03,P103,4.0,11,4,11,13,3
2026-05-29,S03,P103,11.0,0,2,9,13,3
2026-05-30,S03,P103,9.0,0,3,6,13,3
2026-05-31,S03,P103,6.0,12,2,16,13,3
2026-06-01,S03,P103,16.0,0,2,14,13,3
2026-06-02,S03,P103,14.0,0,2,12,13,3
2026-06-03,S03,P103,12.0,0,3,9,13,3
2026-06-04,S03,P103,9.0,0,2,7,13,3
2026-06-05,S03,P103,7.0,0,0,7,13,3
2026-06-06,S03,P103,7.0,11,3,15,13,3
2026-06-07,S03,P103,15.0,0,1,14,13,3
2026-06-08,S03,P103,14.0,0,2,12,13,3
2026-06-09,S03,P103,12.0,0,5,7,13,3
2026-06-10,S03,P103,7.0,0,4,3,13,3
2026-06-11,S03,P103,3.0,11,5,9,13,3
2026-06-12,S03,P103,9.0,0,3,6,13,3
2026-06-13,S03,P103,6.0,0,5,1,13,3
2026-06-14,S03,P103,1.0,14,1,14,13,3
2026-06-15,S03,P103,14.0,0,0,14,13,3
2026-06-16,S03,P103,14.0,0,3,11,13,3
2026-06-17,S03,P103,11.0,0,4,7,13,3
2026-06-18,S03,P103,7.0,0,7,0,13,3
2026-06-19,S03,P103,0.0,12,5,7,13,3
2026-06-20,S03,P103,7.0,0,3,4,13,3
2026-06-21,S03,P103,4.0,11,15,0,13,3
2026-06-22,S03,P103,0.0,0,0,0,13,3
2026-06-23,S03,P103,0.0,0,0,0,13,3
2026-06-24,S03,P103,0.0,23,4,25,13,3
2026-06-25,S03,P103,19.0,0,2,17,13,3
2026-06-26,S03,P103,17.0,0,2,15,13,3
2026-06-27,S03,P103,15.0,0,4,11,13,3
2026-06-28,S03,P103,11.0,0,1,10,13,3
2026-06-29,S03,P103,10.0,0,1,9,13,3
2026-06-30,S03,P103,9.0,12,4,17,13,3
2026-07-01,S03,P103,17.0,0,2,15,13,3
2026-07-02,S03,P103,15.0,0,2,13,13,3
2026-07-03,S03,P103,13.0,0,2,11,13,3
2026-07-04,S03,P103,11.0,0,1,10,13,3
2026-07-05,S03,P103,10.0,10,5,15,13,3
2026-07-06,S03,P103,15.0,0,2,13,13,3
2026-07-07,S03,P103,13.0,0,9,4,13,3
2026-07-08,S03,P103,4.0,0,4,0,13,3
2026-07-09,S03,P103,0.0,10,5,5,13,3
2026-07-10,S03,P103,5.0,0,5,0,13,3
2026-07-11,S03,P103,0.0,13,7,6,13,3
2026-07-12,S03,P103,6.0,0,5,1,13,3
2026-07-13,S03,P103,1.0,10,3,8,13,3
2026-07-14,S03,P103,8.0,0,2,6,13,3
2026-07-15,S03,P103,6.0,12,2,16,13,3
2026-07-16,S03,P103,16.0,0,2,14,13,3
2026-07-17,S03,P103,14.0,0,3,11,13,3
2026-07-18,S03,P103,11.0,0,1,10,13,3
2026-07-19,S03,P103,10.0,0,5,5,13,3
2026-07-20,S03,P103,5.0,12,1,16,13,3
2026-07-21,S03,P103,16.0,0,3,13,13,3
2026-07-22,S03,P103,13.0,0,5,-13,13,3
2026-07-23,S03,P103,8.0,0,3,5,13,3
2026-07-24,S03,P103,5.0,10,1,14,13,3
2026-07-25,S03,P103,14.0,0,4,10,13,3
2026-07-26,S03,P103,10.0,0,4,6,13,3
2026-07-27,S03,P103,6.0,0,3,3,13,3
2026-07-28,S03,P103,3.0,13,3,13,13,3
2026-07-29,S03,P103,13.0,0,2,11,13,3
2026-07-30,S03,P103,11.0,0,3,8,13,3
2026-07-31,S03,P103,8.0,0,0,8,13,3
2026-08-01,S03,P103,8.0,10,6,12,13,3
2026-08-02,S03,P103,12.0,0,5,7,13,3
2026-08-03,S03,P103,7.0,0,5,2,13,3
2026-08-04,S03,P103,2.0,0,2,0,13,3
2026-08-05,S03,P103,0.0,11,8,3,13,3
2026-08-06,S03,P103,3.0,10,8,5,13,3
2026-08-07,S03,P103,5.0,0,5,0,13,3
2026-08-08,S03,P103,0.0,10,3,7,13,3
2026-08-09,S03,P103,7.0,0,6,1,13,3
2026-08-10,S03,P103,1.0,13,4,10,13,3
2026-08-11,S03,P103,10.0,0,2,8,13,3
2026-08-12,S03,P103,8.0,0,4,4,13,3
2026-08-13,S03,P103,4.0,13,5,12,13,3
2026-08-14,S03,P103,12.0,0,1,11,13,3
2026-08-15,S03,P103,11.0,0,3,8,13,3
2026-08-16,S03,P103,8.0,11,3,16,13,3
2026-08-17,S03,P103,16.0,0,6,10,13,3
2026-08-18,S03,P103,10.0,0,4,6,13,3
2026-08-19,S03,P103,6.0,0,3,3,13,3
2026-08-20,S03,P103,3.0,0,3,0,13,3
2026-08-21,S03,P103,0.0,13,4,9,13,3
2026-08-22,S03,P103,9.0,0,2,7,13,3
2026-08-23,S03,P103,7.0,10,5,12,13,3
2026-08-24,S03,P103,12.0,0,4,8,13,3
2026-08-25,S03,P103,8.0,0,7,15,13,3
2026-08-26,S03,P103,1.0,11,4,8,13,3
2026-08-27,S03,P103,8.0,0,4,4,13,3
2026-08-28,S03,P103,4.0,11,7,8,13,3
2026-08-29,S03,P103,8.0,0,7,1,13,3
2026-08-30,S03,P103,1.0,0,1,0,13,3
2026-08-31,S03,P103,0.0,15,4,11,13,3
2026-05-01,S03,P104,29.0,0,5,24,16,3
2026-05-02,S03,P104,24.0,0,3,21,16,3
2026-05-03,S03,P104,21.0,0,4,17,16,3
2026-05-04,S03,P104,17.0,0,4,13,16,3
2026-05-05,S03,P104,13.0,0,2,11,16,3
2026-05-06,S03,P104,11.0,0,8,3,16,3
2026-05-07,S03,P104,3.0,16,3,16,16,3
2026-05-08,S03,P104,16.0,0,3,13,16,3
2026-05-09,S03,P104,13.0,0,5,8,16,3
2026-05-10,S03,P104,8.0,13,11,10,16,3
2026-05-11,S03,P104,10.0,0,5,5,16,3
2026-05-12,S03,P104,5.0,0,5,0,16,3
2026-05-13,S03,P104,0.0,19,5,14,16,3
2026-05-14,S03,P104,14.0,0,2,12,16,3
2026-05-15,S03,P104,12.0,0,5,7,16,3
2026-05-16,S03,P104,7.0,15,6,16,16,3
2026-05-17,S03,P104,16.0,0,3,13,16,3
2026-05-18,S03,P104,13.0,0,4,9,16,3
2026-05-19,S03,P104,9.0,13,4,18,16,3
2026-05-20,S03,P104,18.0,0,4,14,16,3
2026-05-21,S03,P104,14.0,0,4,10,16,3
2026-05-22,S03,P104,10.0,0,4,6,16,3
2026-05-23,S03,P104,6.0,15,5,16,16,3
2026-05-24,S03,P104,16.0,0,4,12,16,3
2026-05-25,S03,P104,12.0,0,6,6,16,3
2026-05-26,S03,P104,6.0,13,7,12,16,3
2026-05-27,S03,P104,12.0,0,5,7,16,3
2026-05-28,S03,P104,7.0,0,4,3,16,3
2026-05-29,S03,P104,3.0,17,4,16,16,3
2026-05-30,S03,P104,16.0,0,4,12,16,3
2026-05-31,S03,P104,12.0,0,4,8,16,3
2026-06-01,S03,P104,8.0,13,1,20,16,3
2026-06-02,S03,P104,20.0,0,4,16,16,3
2026-06-03,S03,P104,16.0,0,5,11,16,3
2026-06-04,S03,P104,11.0,0,0,11,16,3
2026-06-05,S03,P104,11.0,13,4,20,16,3
2026-06-06,S03,P104,20.0,0,2,18,16,3
2026-06-07,S03,P104,18.0,0,1,17,16,3
2026-06-08,S03,P104,17.0,0,3,14,16,3
2026-06-09,S03,P104,14.0,0,9,5,16,3
2026-06-10,S03,P104,5.0,0,5,0,16,3
2026-06-11,S03,P104,0.0,0,0,0,16,3
2026-06-12,S03,P104,0.0,15,1,14,16,3
2026-06-13,S03,P104,14.0,14,2,26,16,3
2026-06-14,S03,P104,26.0,0,3,23,16,3
2026-06-15,S03,P104,23.0,0,10,13,16,3
2026-06-16,S03,P104,13.0,0,5,8,16,3
2026-06-17,S03,P104,8.0,0,8,0,16,3
2026-06-18,S03,P104,0.0,16,3,13,16,3
2026-06-19,S03,P104,13.0,0,1,12,16,3
2026-06-20,S03,P104,12.0,13,6,19,16,3
2026-06-21,S03,P104,19.0,0,7,12,16,3
2026-06-22,S03,P104,12.0,0,5,7,16,3
2026-06-23,S03,P104,7.0,0,3,4,16,3
2026-06-24,S03,P104,4.0,17,3,18,16,3
2026-06-25,S03,P104,18.0,0,1,17,16,3
2026-06-26,S03,P104,17.0,0,5,12,16,3
2026-06-27,S03,P104,12.0,0,2,10,16,3
2026-06-28,S03,P104,10.0,0,3,7,16,3
2026-06-29,S03,P104,7.0,17,3,21,16,3
2026-06-30,S03,P104,21.0,0,4,17,16,3
2026-07-01,S03,P104,17.0,0,5,12,16,3
2026-07-02,S03,P104,12.0,0,5,7,16,3
2026-07-03,S03,P104,7.0,0,4,3,16,3
2026-07-04,S03,P104,3.0,17,5,15,16,3
2026-07-05,S03,P104,15.0,0,5,10,16,3
2026-07-06,S03,P104,10.0,0,1,9,16,3
2026-07-07,S03,P104,9.0,14,3,20,16,3
2026-07-08,S03,P104,20.0,0,6,14,16,3
2026-07-09,S03,P104,14.0,0,4,10,16,3
2026-07-10,S03,P104,10.0,0,4,6,16,3
2026-07-11,S03,P104,6.0,15,5,16,16,3
2026-07-12,S03,P104,16.0,0,0,16,16,3
2026-07-13,S03,P104,16.0,0,4,12,16,3
2026-07-14,S03,P104,12.0,13,3,22,16,3
2026-07-15,S03,P104,22.0,0,4,18,16,3
2026-07-16,S03,P104,18.0,0,7,11,16,3
2026-07-17,S03,P104,11.0,0,6,23,16,3
2026-07-18,S03,P104,5.0,0,4,1,16,3
2026-07-19,S03,P104,1.0,18,10,9,16,3
2026-07-20,S03,P104,9.0,0,5,4,16,3
2026-07-21,S03,P104,4.0,0,4,0,16,3
2026-07-22,S03,P104,0.0,0,0,0,16,3
2026-07-23,S03,P104,0.0,20,2,18,16,3
2026-07-24,S03,P104,18.0,0,3,15,16,3
2026-07-25,S03,P104,15.0,0,7,8,16,3
2026-07-26,S03,P104,8.0,0,4,4,16,3
2026-07-27,S03,P104,4.0,14,3,15,16,3
2026-07-28,S03,P104,15.0,0,5,10,16,3
2026-07-29,S03,P104,10.0,0,7,3,16,3
2026-07-30,S03,P104,3.0,14,5,12,16,3
2026-07-31,S03,P104,12.0,0,3,9,16,3
2026-08-01,S03,P104,9.0,0,7,2,16,3
2026-08-02,S03,P104,2.0,17,10,9,16,3
2026-08-03,S03,P104,9.0,0,5,4,16,3
2026-08-04,S03,P104,4.0,0,4,0,16,3
2026-08-05,S03,P104,0.0,20,6,14,16,3
2026-08-06,S03,P104,14.0,0,1,13,16,3
2026-08-07,S03,P104,13.0,0,2,11,16,3
2026-08-08,S03,P104,11.0,15,5,21,16,3
2026-08-09,S03,P104,21.0,0,2,19,16,3
2026-08-10,S03,P104,19.0,0,0,19,16,3
2026-08-11,S03,P104,19.0,0,4,15,16,3
2026-08-12,S03,P104,15.0,0,4,11,16,3
2026-08-13,S03,P104,11.0,0,1,10,16,3
2026-08-14,S03,P104,10.0,14,3,21,16,3
2026-08-15,S03,P104,21.0,0,4,17,16,3
2026-08-16,S03,P104,17.0,0,7,10,16,3
2026-08-17,S03,P104,10.0,0,3,7,16,3
2026-08-18,S03,P104,7.0,0,5,2,16,3
2026-08-19,S03,P104,2.0,19,5,16,16,3
2026-08-20,S03,P104,16.0,0,6,10,16,3
2026-08-21,S03,P104,10.0,0,10,0,16,3
2026-08-22,S03,P104,0.0,13,9,4,16,3
2026-08-23,S03,P104,4.0,0,4,0,16,3
2026-08-24,S03,P104,0.0,16,4,-18,16,3
2026-08-25,S03,P104,12.0,0,8,4,16,3
2026-08-26,S03,P104,4.0,13,11,6,16,3
2026-08-27,S03,P104,6.0,0,3,3,16,3
2026-08-28,S03,P104,3.0,0,3,0,16,3
2026-08-29,S03,P104,0.0,23,9,14,16,3
2026-08-30,S03,P104,14.0,0,5,9,16,3
2026-08-31,S03,P104,9.0,0,3,6,16,3
2026-05-01,S03,P105,20.0,0,1,19,11,3
2026-05-02,S03,P105,19.0,0,5,14,11,3
2026-05-03,S03,P105,14.0,0,2,12,11,3
2026-05-04,S03,P105,12.0,0,2,10,11,3
2026-05-05,S03,P105,10.0,0,2,8,11,3
2026-05-06,S03,P105,8.0,0,1,7,11,3
2026-05-07,S03,P105,7.0,10,2,15,11,3
2026-05-08,S03,P105,15.0,0,1,14,11,3
2026-05-09,S03,P105,14.0,0,3,11,11,3
2026-05-10,S03,P105,11.0,0,4,7,11,3
2026-05-11,S03,P105,7.0,0,5,2,11,3
2026-05-12,S03,P105,2.0,9,7,4,11,3
2026-05-13,S03,P105,4.0,0,4,0,11,3
2026-05-14,S03,P105,0.0,9,2,7,11,3
2026-05-15,S03,P105,7.0,0,1,6,11,3
2026-05-16,S03,P105,6.0,11,2,15,11,3
2026-05-17,S03,P105,15.0,0,1,14,11,3
2026-05-18,S03,P105,14.0,0,6,8,11,3
2026-05-19,S03,P105,8.0,0,1,7,11,3
2026-05-20,S03,P105,7.0,0,3,4,11,3
2026-05-21,S03,P105,4.0,12,3,13,11,3
2026-05-22,S03,P105,13.0,0,2,11,11,3
2026-05-23,S03,P105,11.0,0,2,9,11,3
2026-05-24,S03,P105,9.0,0,2,7,11,3
2026-05-25,S03,P105,7.0,9,2,14,11,3
2026-05-26,S03,P105,14.0,0,2,12,11,3
2026-05-27,S03,P105,12.0,0,8,4,11,3
2026-05-28,S03,P105,4.0,0,0,4,11,3
2026-05-29,S03,P105,4.0,0,1,3,11,3
2026-05-30,S03,P105,3.0,16,2,17,11,3
2026-05-31,S03,P105,17.0,0,2,15,11,3
2026-06-01,S03,P105,15.0,0,4,11,11,3
2026-06-02,S03,P105,11.0,0,1,10,11,3
2026-06-03,S03,P105,10.0,0,0,10,11,3
2026-06-04,S03,P105,10.0,9,2,17,11,3
2026-06-05,S03,P105,17.0,0,2,15,11,3
2026-06-06,S03,P105,15.0,0,1,14,11,3
2026-06-07,S03,P105,14.0,0,1,13,11,3
2026-06-08,S03,P105,13.0,0,3,10,11,3
2026-06-09,S03,P105,10.0,0,1,9,11,3
2026-06-10,S03,P105,9.0,0,9,0,11,3
2026-06-11,S03,P105,0.0,10,1,9,11,3
2026-06-12,S03,P105,9.0,0,0,9,11,3
2026-06-13,S03,P105,9.0,10,3,16,11,3
2026-06-14,S03,P105,16.0,0,3,13,11,3
2026-06-15,S03,P105,13.0,0,3,10,11,3
2026-06-16,S03,P105,10.0,0,1,9,11,3
2026-06-17,S03,P105,9.0,0,2,7,11,3
2026-06-18,S03,P105,7.0,10,1,16,11,3
2026-06-19,S03,P105,16.0,0,1,15,11,3
2026-06-20,S03,P105,15.0,0,1,14,11,3
2026-06-21,S03,P105,14.0,0,1,13,11,3
2026-06-22,S03,P105,13.0,0,2,11,11,3
2026-06-23,S03,P105,11.0,0,2,9,11,3
2026-06-24,S03,P105,9.0,0,2,7,11,3
2026-06-25,S03,P105,7.0,9,1,15,11,3
2026-06-26,S03,P105,15.0,0,1,14,11,3
2026-06-27,S03,P105,14.0,0,2,12,11,3
2026-06-28,S03,P105,12.0,0,2,10,11,3
2026-06-29,S03,P105,10.0,0,1,9,11,3
2026-06-30,S03,P105,9.0,0,1,8,11,3
2026-07-01,S03,P105,8.0,10,2,16,11,3
2026-07-02,S03,P105,16.0,0,6,10,11,3
2026-07-03,S03,P105,10.0,0,7,3,11,3
2026-07-04,S03,P105,3.0,0,3,0,11,3
2026-07-05,S03,P105,0.0,0,0,0,11,3
2026-07-06,S03,P105,0.0,10,6,4,11,3
2026-07-07,S03,P105,4.0,10,2,12,11,3
2026-07-08,S03,P105,12.0,0,2,10,11,3
2026-07-09,S03,P105,10.0,0,3,7,11,3
2026-07-10,S03,P105,7.0,0,1,6,11,3
2026-07-11,S03,P105,6.0,10,2,14,11,3
2026-07-12,S03,P105,14.0,0,2,12,11,3
2026-07-13,S03,P105,12.0,0,2,10,11,3
2026-07-14,S03,P105,10.0,0,1,9,11,3
2026-07-15,S03,P105,9.0,0,4,5,11,3
2026-07-16,S03,P105,5.0,10,3,12,11,3
2026-07-17,S03,P105,12.0,0,2,10,11,3
2026-07-18,S03,P105,10.0,0,7,3,11,3
2026-07-19,S03,P105,3.0,0,2,1,11,3
2026-07-20,S03,P105,1.0,10,4,7,11,3
2026-07-21,S03,P105,7.0,0,5,2,11,3
2026-07-22,S03,P105,2.0,9,2,9,11,3
2026-07-23,S03,P105,9.0,0,1,8,11,3
2026-07-24,S03,P105,8.0,9,2,15,11,3
2026-07-25,S03,P105,15.0,0,1,14,11,3
2026-07-26,S03,P105,14.0,0,1,13,11,3
2026-07-27,S03,P105,13.0,0,1,12,11,3
2026-07-28,S03,P105,12.0,0,7,5,11,3
2026-07-29,S03,P105,5.0,0,3,2,11,3
2026-07-30,S03,P105,2.0,0,1,1,11,3
2026-07-31,S03,P105,1.0,15,1,15,11,3
2026-08-01,S03,P105,15.0,0,4,11,11,3
2026-08-02,S03,P105,11.0,0,0,11,11,3
2026-08-03,S03,P105,11.0,0,5,6,11,3
2026-08-04,S03,P105,6.0,0,6,0,11,3
2026-08-05,S03,P105,0.0,9,1,8,11,3
2026-08-06,S03,P105,8.0,0,5,-27,11,3
2026-08-07,S03,P105,3.0,11,9,5,11,3
2026-08-08,S03,P105,5.0,0,4,1,11,3
2026-08-09,S03,P105,1.0,0,1,0,11,3
2026-08-10,S03,P105,0.0,15,3,12,11,3
2026-08-11,S03,P105,12.0,0,1,11,11,3
2026-08-12,S03,P105,11.0,0,0,11,11,3
2026-08-13,S03,P105,11.0,0,2,9,11,3
2026-08-14,S03,P105,9.0,9,0,18,11,3
2026-08-15,S03,P105,18.0,0,1,17,11,3
2026-08-16,S03,P105,17.0,0,4,13,11,3
2026-08-17,S03,P105,13.0,0,1,12,11,3
2026-08-18,S03,P105,12.0,0,1,11,11,3
2026-08-19,S03,P105,11.0,0,5,6,11,3
2026-08-20,S03,P105,6.0,0,3,3,11,3
2026-08-21,S03,P105,3.0,9,4,8,11,3
2026-08-22,S03,P105,8.0,0,6,2,11,3
2026-08-23,S03,P105,2.0,0,2,0,11,3
2026-08-24,S03,P105,0.0,12,2,10,11,3
2026-08-25,S03,P105,10.0,0,6,4,11,3
2026-08-26,S03,P105,4.0,0,4,0,11,3
2026-08-27,S03,P105,0.0,10,5,5,11,3
2026-08-28,S03,P105,5.0,0,4,1,11,3
2026-08-29,S03,P105,1.0,10,3,8,11,3
2026-08-30,S03,P105,8.0,0,1,7,11,3
2026-08-31,S03,P105,7.0,9,2,14,11,3
2026-05-01,S03,P330,133.0,0,21,112,82,4
2026-05-02,S03,P330,112.0,0,22,90,82,4
2026-05-03,S03,P330,90.0,0,21,69,82,4
2026-05-04,S03,P330,69.0,0,21,48,82,4
2026-05-05,S03,P330,48.0,0,25,23,82,4
2026-05-06,S03,P330,23.0,0,10,13,82,4
2026-05-07,S03,P330,13.0,64,14,63,82,4
2026-05-08,S03,P330,63.0,0,24,39,82,4
2026-05-09,S03,P330,39.0,0,20,19,82,4
2026-05-10,S03,P330,19.0,56,26,49,82,4
2026-05-11,S03,P330,49.0,0,19,30,82,4
2026-05-12,S03,P330,30.0,0,16,14,82,4
2026-05-13,S03,P330,14.0,58,13,59,82,4
2026-05-14,S03,P330,59.0,0,20,39,82,4
2026-05-15,S03,P330,39.0,0,19,20,82,4
2026-05-16,S03,P330,20.0,61,22,59,82,4
2026-05-17,S03,P330,59.0,0,25,34,82,4
2026-05-18,S03,P330,34.0,0,12,22,82,4
2026-05-19,S03,P330,22.0,52,25,49,82,4
2026-05-20,S03,P330,49.0,0,13,36,82,4
2026-05-21,S03,P330,36.0,0,12,24,82,4
2026-05-22,S03,P330,24.0,59,28,55,82,4
2026-05-23,S03,P330,55.0,0,18,37,82,4
2026-05-24,S03,P330,37.0,0,18,19,82,4
2026-05-25,S03,P330,19.0,0,10,9,82,4
2026-05-26,S03,P330,9.0,78,22,65,82,4
2026-05-27,S03,P330,65.0,0,11,54,82,4
2026-05-28,S03,P330,54.0,0,9,45,82,4
2026-05-29,S03,P330,45.0,0,10,35,82,4
2026-05-30,S03,P330,35.0,68,20,83,82,4
2026-05-31,S03,P330,83.0,0,30,53,82,4
2026-06-01,S03,P330,53.0,0,21,32,82,4
2026-06-02,S03,P330,32.0,0,20,12,82,4
2026-06-03,S03,P330,12.0,0,12,0,82,4
2026-06-04,S03,P330,0.0,80,17,63,82,4
2026-06-05,S03,P330,63.0,0,22,41,82,4
2026-06-06,S03,P330,41.0,0,16,25,82,4
2026-06-07,S03,P330,25.0,53,19,59,82,4
2026-06-08,S03,P330,59.0,0,9,50,82,4
2026-06-09,S03,P330,50.0,0,14,36,82,4
2026-06-10,S03,P330,36.0,55,12,79,82,4
2026-06-11,S03,P330,79.0,0,23,56,82,4
2026-06-12,S03,P330,56.0,0,15,41,82,4
2026-06-13,S03,P330,41.0,0,13,28,82,4
2026-06-14,S03,P330,28.0,54,23,59,82,4
2026-06-15,S03,P330,59.0,0,24,35,82,4
2026-06-16,S03,P330,35.0,0,15,20,82,4
2026-06-17,S03,P330,20.0,51,24,47,82,4
2026-06-18,S03,P330,47.0,0,14,33,82,4
2026-06-19,S03,P330,33.0,0,15,18,82,4
2026-06-20,S03,P330,18.0,62,24,56,82,4
2026-06-21,S03,P330,56.0,0,28,28,82,4
2026-06-22,S03,P330,28.0,0,26,2,82,4
2026-06-23,S03,P330,2.0,53,19,36,82,4
2026-06-24,S03,P330,36.0,0,25,11,82,4
2026-06-25,S03,P330,11.0,52,40,23,82,4
2026-06-26,S03,P330,23.0,0,22,1,82,4
2026-06-27,S03,P330,1.0,0,1,0,82,4
2026-06-28,S03,P330,0.0,0,0,0,82,4
2026-06-29,S03,P330,0.0,0,0,0,82,4
2026-06-30,S03,P330,0.0,70,7,63,82,4
2026-07-01,S03,P330,63.0,62,19,106,82,4
2026-07-02,S03,P330,106.0,0,27,79,82,4
2026-07-03,S03,P330,79.0,0,23,56,82,4
2026-07-04,S03,P330,56.0,0,21,35,82,4
2026-07-05,S03,P330,35.0,0,19,16,82,4
2026-07-06,S03,P330,16.0,54,14,56,82,4
2026-07-07,S03,P330,56.0,0,13,43,82,4
2026-07-08,S03,P330,43.0,0,9,34,82,4
2026-07-09,S03,P330,34.0,63,18,79,82,4
2026-07-10,S03,P330,79.0,0,23,56,82,4
2026-07-11,S03,P330,56.0,0,15,41,82,4
2026-07-12,S03,P330,41.0,0,38,3,82,4
2026-07-13,S03,P330,3.0,54,31,26,82,4
2026-07-14,S03,P330,26.0,0,20,6,82,4
2026-07-15,S03,P330,6.0,0,6,0,82,4
2026-07-16,S03,P330,0.0,76,18,30,82,4
2026-07-17,S03,P330,58.0,0,23,35,82,4
2026-07-18,S03,P330,35.0,51,24,62,82,4
2026-07-19,S03,P330,62.0,0,17,45,82,4
2026-07-20,S03,P330,45.0,0,21,24,82,4
2026-07-21,S03,P330,24.0,0,12,12,82,4
2026-07-22,S03,P330,12.0,71,11,72,82,4
2026-07-23,S03,P330,72.0,0,6,66,82,4
2026-07-24,S03,P330,66.0,0,29,37,82,4
2026-07-25,S03,P330,37.0,0,14,23,82,4
2026-07-26,S03,P330,23.0,61,29,55,82,4
2026-07-27,S03,P330,55.0,0,29,26,82,4
2026-07-28,S03,P330,26.0,0,25,1,82,4
2026-07-29,S03,P330,1.0,0,1,0,82,4
2026-07-30,S03,P330,0.0,78,15,63,82,4
2026-07-31,S03,P330,63.0,0,21,42,82,4
2026-08-01,S03,P330,42.0,54,36,60,82,4
2026-08-02,S03,P330,60.0,0,29,31,82,4
2026-08-03,S03,P330,31.0,0,31,0,82,4
2026-08-04,S03,P330,0.0,0,0,0,82,4
2026-08-05,S03,P330,0.0,73,17,29,82,4
2026-08-06,S03,P330,56.0,0,16,40,82,4
2026-08-07,S03,P330,40.0,60,18,82,82,4
2026-08-08,S03,P330,82.0,0,16,66,82,4
2026-08-09,S03,P330,66.0,0,30,36,82,4
2026-08-11,S03,P330,21.0,51,14,58,82,4
2026-08-12,S03,P330,58.0,0,16,42,82,4
2026-08-13,S03,P330,42.0,0,27,15,82,4
2026-08-14,S03,P330,15.0,61,18,58,82,4
2026-08-15,S03,P330,58.0,0,26,32,82,4
2026-08-16,S03,P330,32.0,0,24,8,82,4
2026-08-18,S03,P330,48.0,0,18,30,82,4
2026-08-19,S03,P330,30.0,0,17,13,82,4
2026-08-20,S03,P330,13.0,68,8,73,82,4
2026-08-21,S03,P330,73.0,0,24,49,82,4
2026-08-22,S03,P330,49.0,0,18,31,82,4
2026-08-23,S03,P330,31.0,52,28,55,82,4
2026-08-24,S03,P330,55.0,0,19,36,82,4
2026-08-25,S03,P330,36.0,0,25,11,82,4
2026-08-26,S03,P330,11.0,0,11,0,82,4
2026-08-27,S03,P330,0.0,78,24,54,82,4
2026-08-28,S03,P330,54.0,0,16,38,82,4
2026-08-29,S03,P330,38.0,0,16,22,82,4
2026-08-30,S03,P330,22.0,55,24,53,82,4
2026-08-31,S03,P330,53.0,0,13,40,82,4
2026-05-01,S03,P331,70.0,0,13,57,43,4
2026-05-02,S03,P331,57.0,0,12,45,43,4
2026-05-03,S03,P331,45.0,0,16,29,43,4
2026-05-04,S03,P331,29.0,0,13,16,43,4
2026-05-05,S03,P331,16.0,0,10,6,43,4
2026-05-06,S03,P331,6.0,0,6,0,43,4
2026-05-07,S03,P331,0.0,41,14,27,43,4
2026-05-08,S03,P331,27.0,0,8,19,43,4
2026-05-09,S03,P331,19.0,0,13,6,43,4
2026-05-10,S03,P331,6.0,0,6,0,43,4
2026-05-11,S03,P331,0.0,29,7,22,43,4
2026-05-12,S03,P331,22.0,0,7,15,43,4
2026-05-13,S03,P331,15.0,35,7,43,43,4
2026-05-14,S03,P331,43.0,0,11,32,43,4
2026-05-15,S03,P331,32.0,0,10,22,43,4
2026-05-17,S03,P331,13.0,27,8,32,43,4
2026-05-18,S03,P331,32.0,0,17,15,43,4
2026-05-19,S03,P331,15.0,0,10,5,43,4
2026-05-20,S03,P331,5.0,30,8,27,43,4
2026-05-21,S03,P331,27.0,0,7,20,43,4
2026-05-22,S03,P331,20.0,0,12,8,43,4
2026-05-23,S03,P331,8.0,35,14,29,43,4
2026-05-24,S03,P331,29.0,0,11,18,43,4
2026-05-25,S03,P331,18.0,0,5,13,43,4
2026-05-26,S03,P331,13.0,27,6,34,43,4
2026-05-27,S03,P331,34.0,0,15,19,43,4
2026-05-28,S03,P331,19.0,0,8,11,43,4
2026-05-29,S03,P331,11.0,30,6,35,43,4
2026-05-30,S03,P331,35.0,0,5,30,43,4
2026-05-31,S03,P331,30.0,0,13,17,43,4
2026-06-01,S03,P331,17.0,0,11,6,43,4
2026-06-02,S03,P331,6.0,29,8,27,43,4
2026-06-03,S03,P331,27.0,0,7,20,43,4
2026-06-04,S03,P331,20.0,0,10,10,43,4
2026-06-05,S03,P331,10.0,35,6,39,43,4
2026-06-06,S03,P331,39.0,0,8,31,43,4
2026-06-07,S03,P331,31.0,0,12,19,43,4
2026-06-08,S03,P331,19.0,0,6,13,43,4
2026-06-09,S03,P331,13.0,31,4,40,43,4
2026-06-10,S03,P331,40.0,0,10,30,43,4
2026-06-11,S03,P331,30.0,0,9,21,43,4
2026-06-12,S03,P331,21.0,0,14,7,43,4
2026-06-13,S03,P331,7.0,30,14,23,43,4
2026-06-14,S03,P331,23.0,0,15,8,43,4
2026-06-15,S03,P331,8.0,0,8,0,43,4
2026-06-16,S03,P331,0.0,33,12,21,43,4
2026-06-17,S03,P331,21.0,0,7,14,43,4
2026-06-18,S03,P331,14.0,29,5,38,43,4
2026-06-19,S03,P331,38.0,0,8,30,43,4
2026-06-20,S03,P331,30.0,0,10,20,43,4
2026-06-21,S03,P331,20.0,27,11,36,43,4
2026-06-22,S03,P331,36.0,0,14,22,43,4
2026-06-23,S03,P331,22.0,0,13,9,43,4
2026-06-24,S03,P331,9.0,0,9,0,43,4
2026-06-25,S03,P331,0.0,34,13,21,43,4
2026-06-26,S03,P331,21.0,0,12,9,43,4
2026-06-27,S03,P331,9.0,27,10,26,43,4
2026-06-28,S03,P331,26.0,0,17,9,43,4
2026-06-29,S03,P331,9.0,0,7,2,43,4
2026-06-30,S03,P331,2.0,0,2,0,43,4
2026-07-01,S03,P331,0.0,0,0,-8,43,4
2026-07-02,S03,P331,0.0,61,11,50,43,4
2026-07-03,S03,P331,50.0,0,9,41,43,4
2026-07-04,S03,P331,41.0,0,12,29,43,4
2026-07-05,S03,P331,29.0,0,11,18,43,4
2026-07-06,S03,P331,18.0,0,13,5,43,4
2026-07-07,S03,P331,5.0,29,15,19,43,4
2026-07-08,S03,P331,19.0,0,12,7,43,4
2026-07-09,S03,P331,7.0,0,7,0,43,4
2026-07-10,S03,P331,0.0,36,9,27,43,4
2026-07-11,S03,P331,27.0,0,7,20,43,4
2026-07-12,S03,P331,20.0,27,9,38,43,4
2026-07-13,S03,P331,38.0,0,6,32,43,4
2026-07-14,S03,P331,32.0,0,10,22,43,4
2026-07-15,S03,P331,22.0,0,10,12,43,4
2026-07-16,S03,P331,12.0,32,10,34,43,4
2026-07-17,S03,P331,34.0,0,7,27,43,4
2026-07-18,S03,P331,27.0,0,19,8,43,4
2026-07-19,S03,P331,8.0,0,8,0,43,4
2026-07-20,S03,P331,0.0,36,9,27,43,4
2026-07-21,S03,P331,27.0,0,13,14,43,4
2026-07-22,S03,P331,14.0,0,12,2,43,4
2026-07-23,S03,P331,2.0,34,9,27,43,4
2026-07-24,S03,P331,27.0,0,7,20,43,4
2026-07-25,S03,P331,20.0,0,3,17,43,4
2026-07-26,S03,P331,17.0,34,15,36,43,4
2026-07-27,S03,P331,36.0,0,12,24,43,4
2026-07-28,S03,P331,24.0,0,15,9,43,4
2026-07-29,S03,P331,9.0,0,7,2,43,4
2026-07-30,S03,P331,2.0,34,6,30,43,4
2026-07-31,S03,P331,30.0,0,10,20,43,4
2026-08-01,S03,P331,20.0,27,7,40,43,4
2026-08-02,S03,P331,40.0,0,12,28,43,4
2026-08-03,S03,P331,28.0,0,16,12,43,4
2026-08-04,S03,P331,12.0,0,8,4,43,4
2026-08-05,S03,P331,4.0,30,15,19,43,4
2026-08-06,S03,P331,19.0,0,12,7,43,4
2026-08-07,S03,P331,7.0,28,13,22,43,4
2026-08-08,S03,P331,22.0,0,7,15,43,4
2026-08-09,S03,P331,15.0,0,11,4,43,4
2026-08-10,S03,P331,4.0,35,10,29,43,4
2026-08-11,S03,P331,29.0,0,11,18,43,4
2026-08-12,S03,P331,18.0,0,17,1,43,4
2026-08-13,S03,P331,1.0,0,1,0,43,4
2026-08-14,S03,P331,0.0,31,10,21,43,4
2026-08-15,S03,P331,21.0,0,15,6,43,4
2026-08-16,S03,P331,6.0,38,9,35,43,4
2026-08-17,S03,P331,35.0,0,6,29,43,4
2026-08-18,S03,P331,29.0,0,5,24,43,4
2026-08-19,S03,P331,24.0,0,8,16,43,4
2026-08-20,S03,P331,16.0,35,13,38,43,4
2026-08-21,S03,P331,38.0,0,8,30,43,4
2026-08-22,S03,P331,30.0,0,9,21,43,4
2026-08-23,S03,P331,21.0,0,12,9,43,4
2026-08-24,S03,P331,9.0,32,8,33,43,4
2026-08-25,S03,P331,33.0,0,20,13,43,4
2026-08-26,S03,P331,13.0,0,13,0,43,4
2026-08-27,S03,P331,0.0,29,14,15,43,4
2026-08-28,S03,P331,15.0,0,10,5,43,4
2026-08-29,S03,P331,5.0,28,17,16,43,4
2026-08-30,S03,P331,16.0,0,13,3,43,4
2026-08-31,S03,P331,3.0,27,16,14,43,4
2026-05-01,S03,P333,119.0,0,26,93,67,3
2026-05-02,S03,P333,93.0,0,40,53,67,3
2026-05-03,S03,P333,53.0,0,31,22,67,3
2026-05-04,S03,P333,22.0,0,15,7,67,3
2026-05-05,S03,P333,7.0,66,44,29,67,3
2026-05-06,S03,P333,29.0,0,26,3,67,3
2026-05-07,S03,P333,3.0,0,3,0,67,3
2026-05-08,S03,P333,0.0,0,0,0,67,3
2026-05-09,S03,P333,0.0,90,26,64,67,3
2026-05-10,S03,P333,64.0,0,35,29,67,3
2026-05-11,S03,P333,29.0,0,16,13,67,3
2026-05-12,S03,P333,13.0,55,25,43,67,3
2026-05-13,S03,P333,43.0,0,16,27,67,3
2026-05-14,S03,P333,27.0,0,12,15,67,3
2026-05-15,S03,P333,15.0,76,17,74,67,3
2026-05-16,S03,P333,74.0,0,33,41,67,3
2026-05-17,S03,P333,41.0,0,22,19,67,3
2026-05-18,S03,P333,19.0,0,19,0,67,3
2026-05-19,S03,P333,0.0,78,17,61,67,3
2026-05-20,S03,P333,61.0,0,27,34,67,3
2026-05-21,S03,P333,34.0,0,19,15,67,3
2026-05-22,S03,P333,15.0,58,15,58,67,3
2026-05-23,S03,P333,58.0,0,33,25,67,3
2026-05-24,S03,P333,25.0,0,18,7,67,3
2026-05-25,S03,P333,7.0,61,14,59,67,3
2026-05-26,S03,P333,54.0,0,10,44,67,3
2026-05-27,S03,P333,44.0,0,21,23,67,3
2026-05-28,S03,P333,23.0,65,18,70,67,3
2026-05-29,S03,P333,70.0,0,12,58,67,3
2026-05-30,S03,P333,58.0,0,14,44,67,3
2026-05-31,S03,P333,44.0,0,27,17,67,3
2026-06-01,S03,P333,17.0,61,12,66,67,3
2026-06-02,S03,P333,66.0,0,18,48,67,3
2026-06-03,S03,P333,48.0,0,25,23,67,3
2026-06-04,S03,P333,23.0,0,18,5,67,3
2026-06-05,S03,P333,5.0,53,24,34,67,3
2026-06-06,S03,P333,34.0,0,34,0,67,3
2026-06-07,S03,P333,0.0,61,21,40,67,3
2026-06-08,S03,P333,40.0,0,25,15,67,3
2026-06-09,S03,P333,15.0,58,30,43,67,3
2026-06-10,S03,P333,43.0,0,16,27,67,3
2026-06-11,S03,P333,27.0,0,11,16,67,3
2026-06-12,S03,P333,16.0,76,17,75,67,3
2026-06-13,S03,P333,75.0,0,33,42,67,3
2026-06-14,S03,P333,42.0,0,17,25,67,3
2026-06-15,S03,P333,25.0,0,12,13,67,3
2026-06-16,S03,P333,13.0,77,11,79,67,3
2026-06-17,S03,P333,79.0,0,17,62,67,3
2026-06-18,S03,P333,62.0,0,20,42,67,3
2026-06-19,S03,P333,42.0,0,16,26,67,3
2026-06-20,S03,P333,26.0,0,26,0,67,3
2026-06-21,S03,P333,0.0,57,13,44,67,3
2026-06-22,S03,P333,44.0,0,39,5,67,3
2026-06-23,S03,P333,5.0,62,15,52,67,3
2026-06-24,S03,P333,52.0,0,18,34,67,3
2026-06-25,S03,P333,34.0,52,31,55,67,3
2026-06-26,S03,P333,55.0,0,45,10,67,3
2026-06-27,S03,P333,10.0,0,10,0,67,3
2026-06-28,S03,P333,0.0,64,43,21,67,3
2026-06-29,S03,P333,21.0,0,18,3,67,3
2026-06-30,S03,P333,3.0,55,41,17,67,3
2026-07-01,S03,P333,17.0,0,17,0,67,3
2026-07-02,S03,P333,0.0,61,37,24,67,3
2026-07-03,S03,P333,24.0,0,24,0,67,3
2026-07-04,S03,P333,0.0,0,0,0,67,3
2026-07-05,S03,P333,0.0,0,0,0,67,3
2026-07-06,S03,P333,0.0,119,5,114,67,3
2026-07-07,S03,P333,114.0,0,11,103,67,3
2026-07-08,S03,P333,103.0,0,17,86,67,3
2026-07-09,S03,P333,86.0,0,22,64,67,3
2026-07-10,S03,P333,64.0,0,19,45,67,3
2026-07-11,S03,P333,45.0,0,24,21,67,3
2026-07-12,S03,P333,21.0,55,19,57,67,3
2026-07-13,S03,P333,57.0,0,22,35,67,3
2026-07-14,S03,P333,35.0,0,21,14,67,3
2026-07-15,S03,P333,14.0,62,25,51,67,3
2026-07-16,S03,P333,51.0,0,22,29,67,3
2026-07-17,S03,P333,29.0,0,21,8,67,3
2026-07-18,S03,P333,8.0,68,37,39,67,3
2026-07-19,S03,P333,39.0,0,31,8,67,3
2026-07-20,S03,P333,8.0,0,8,0,67,3
2026-07-21,S03,P333,0.0,80,25,55,67,3
2026-07-22,S03,P333,55.0,0,21,34,67,3
2026-07-23,S03,P333,34.0,0,22,12,67,3
2026-07-24,S03,P333,12.0,0,12,0,67,3
2026-07-25,S03,P333,0.0,64,30,34,67,3
2026-07-26,S03,P333,34.0,0,21,13,67,3
2026-07-27,S03,P333,13.0,55,18,50,67,3
2026-07-28,S03,P333,50.0,0,19,31,67,3
2026-07-29,S03,P333,31.0,0,18,13,67,3
2026-07-30,S03,P333,13.0,69,19,63,67,3
2026-07-31,S03,P333,63.0,0,12,51,67,3
2026-08-01,S03,P333,51.0,0,30,21,67,3
2026-08-02,S03,P333,21.0,56,30,47,67,3
2026-08-03,S03,P333,47.0,0,32,15,67,3
2026-08-04,S03,P333,15.0,0,15,0,67,3
2026-08-05,S03,P333,0.0,72,26,46,67,3
2026-08-06,S03,P333,46.0,0,10,36,67,3
2026-08-07,S03,P333,36.0,0,32,4,67,3
2026-08-08,S03,P333,4.0,73,35,42,67,3
2026-08-09,S03,P333,42.0,0,29,13,67,3
2026-08-10,S03,P333,13.0,0,13,0,67,3
2026-08-11,S03,P333,0.0,77,21,56,67,3
2026-08-12,S03,P333,56.0,0,24,32,67,3
2026-08-13,S03,P333,32.0,0,23,9,67,3
2026-08-14,S03,P333,9.0,63,29,43,67,3
2026-08-15,S03,P333,43.0,0,32,11,67,3
2026-08-16,S03,P333,11.0,0,11,0,67,3
2026-08-17,S03,P333,0.0,76,21,55,67,3
2026-08-18,S03,P333,55.0,0,14,41,67,3
2026-08-19,S03,P333,41.0,0,32,9,67,3
2026-08-20,S03,P333,9.0,64,25,48,67,3
2026-08-21,S03,P333,48.0,0,20,28,67,3
2026-08-22,S03,P333,28.0,0,9,19,67,3
2026-08-23,S03,P333,19.0,71,35,55,67,3
2026-08-24,S03,P333,55.0,0,14,41,67,3
2026-08-25,S03,P333,41.0,0,28,13,67,3
2026-08-26,S03,P333,13.0,64,15,62,67,3
2026-08-27,S03,P333,62.0,0,14,48,67,3
2026-08-28,S03,P333,48.0,0,14,34,67,3
2026-08-29,S03,P333,34.0,0,27,7,67,3
2026-08-30,S03,P333,7.0,57,21,43,67,3
2026-08-31,S03,P333,43.0,0,15,28,67,3
2026-05-01,S03,P334,23.0,0,5,18,13,3
2026-05-02,S03,P334,18.0,0,5,13,13,3
2026-05-03,S03,P334,13.0,0,10,3,13,3
2026-05-04,S03,P334,3.0,0,3,0,13,3
2026-05-05,S03,P334,0.0,10,4,6,13,3
2026-05-06,S03,P334,6.0,10,8,8,13,3
2026-05-07,S03,P334,8.0,0,2,6,13,3
2026-05-08,S03,P334,6.0,0,6,0,13,3
2026-05-09,S03,P334,0.0,15,11,4,13,3
2026-05-10,S03,P334,4.0,0,4,0,13,3
2026-05-11,S03,P334,0.0,0,0,0,13,3
2026-05-12,S03,P334,0.0,0,0,0,13,3
2026-05-13,S03,P334,0.0,19,7,12,13,3
2026-05-14,S03,P334,12.0,0,12,0,13,3
2026-05-15,S03,P334,0.0,0,0,0,13,3
2026-05-16,S03,P334,0.0,11,1,10,13,3
2026-05-17,S03,P334,10.0,12,2,20,13,3
2026-05-18,S03,P334,20.0,0,3,17,13,3
2026-05-19,S03,P334,17.0,0,6,11,13,3
2026-05-20,S03,P334,11.0,0,3,35,13,3
2026-05-21,S03,P334,8.0,0,8,0,13,3
2026-05-22,S03,P334,0.0,12,2,10,13,3
2026-05-23,S03,P334,10.0,0,6,4,13,3
2026-05-24,S03,P334,4.0,11,3,-1,13,3
2026-05-25,S03,P334,12.0,0,5,7,13,3
2026-05-26,S03,P334,7.0,0,2,5,13,3
2026-05-27,S03,P334,5.0,11,8,8,13,3
2026-05-28,S03,P334,8.0,0,8,0,13,3
2026-05-29,S03,P334,0.0,0,0,0,13,3
2026-05-30,S03,P334,0.0,15,0,15,13,3
2026-05-31,S03,P334,15.0,0,4,11,13,3
2026-06-01,S03,P334,11.0,0,2,9,13,3
2026-06-02,S03,P334,9.0,0,4,5,13,3
2026-06-03,S03,P334,5.0,12,1,16,13,3
2026-06-04,S03,P334,16.0,0,7,9,13,3
2026-06-05,S03,P334,9.0,0,3,6,13,3
2026-06-06,S03,P334,6.0,0,2,4,13,3
2026-06-07,S03,P334,4.0,14,7,11,13,3
2026-06-08,S03,P334,11.0,0,2,9,13,3
2026-06-09,S03,P334,9.0,0,1,8,13,3
2026-06-10,S03,P334,8.0,12,2,18,13,3
2026-06-11,S03,P334,18.0,0,3,-13,13,3
2026-06-12,S03,P334,15.0,0,9,6,13,3
2026-06-13,S03,P334,6.0,0,6,0,13,3
2026-06-14,S03,P334,0.0,0,0,0,13,3
2026-06-15,S03,P334,0.0,17,10,7,13,3
2026-06-16,S03,P334,7.0,0,3,4,13,3
2026-06-17,S03,P334,4.0,0,4,0,13,3
2026-06-18,S03,P334,0.0,16,4,12,13,3
2026-06-19,S03,P334,12.0,0,5,7,13,3
2026-06-20,S03,P334,7.0,0,7,0,13,3
2026-06-21,S03,P334,0.0,11,5,6,13,3
2026-06-22,S03,P334,6.0,0,3,3,13,3
2026-06-23,S03,P334,3.0,12,2,13,13,3
2026-06-24,S03,P334,13.0,0,4,9,13,3
2026-06-25,S03,P334,9.0,0,7,2,13,3
2026-06-26,S03,P334,2.0,0,2,0,13,3
2026-06-27,S03,P334,0.0,10,5,5,13,3
2026-06-28,S03,P334,5.0,11,5,11,13,3
2026-06-29,S03,P334,11.0,0,7,4,13,3
2026-06-30,S03,P334,4.0,0,2,2,13,3
2026-07-01,S03,P334,2.0,12,5,9,13,3
2026-07-02,S03,P334,9.0,0,4,5,13,3
2026-07-03,S03,P334,5.0,0,5,0,13,3
2026-07-04,S03,P334,0.0,14,3,11,13,3
2026-07-05,S03,P334,11.0,0,8,3,13,3
2026-07-06,S03,P334,3.0,0,3,0,13,3
2026-07-07,S03,P334,0.0,12,2,10,13,3
2026-07-08,S03,P334,10.0,0,6,4,13,3
2026-07-09,S03,P334,4.0,11,4,11,13,3
2026-07-10,S03,P334,11.0,0,3,8,13,3
2026-07-11,S03,P334,8.0,0,7,1,13,3
2026-07-12,S03,P334,1.0,12,13,0,13,3
2026-07-13,S03,P334,0.0,0,0,0,13,3
2026-07-14,S03,P334,0.0,10,9,1,13,3
2026-07-15,S03,P334,1.0,13,5,9,13,3
2026-07-16,S03,P334,9.0,0,7,2,13,3
2026-07-17,S03,P334,2.0,0,2,0,13,3
2026-07-18,S03,P334,0.0,14,3,11,13,3
2026-07-19,S03,P334,11.0,0,2,9,13,3
2026-07-20,S03,P334,9.0,0,5,4,13,3
2026-07-21,S03,P334,4.0,12,0,16,13,3
2026-07-22,S03,P334,16.0,0,4,12,13,3
2026-07-23,S03,P334,12.0,0,2,10,13,3
2026-07-24,S03,P334,10.0,0,3,7,13,3
2026-07-25,S03,P334,7.0,11,3,15,13,3
2026-07-26,S03,P334,15.0,0,3,12,13,3
2026-07-27,S03,P334,12.0,0,2,10,13,3
2026-07-28,S03,P334,10.0,0,6,4,13,3
2026-07-29,S03,P334,4.0,11,4,11,13,3
2026-07-30,S03,P334,11.0,0,5,6,13,3
2026-07-31,S03,P334,6.0,0,2,4,13,3
2026-08-01,S03,P334,4.0,12,3,13,13,3
2026-08-02,S03,P334,13.0,0,8,5,13,3
2026-08-03,S03,P334,5.0,0,3,2,13,3
2026-08-04,S03,P334,2.0,10,8,4,13,3
2026-08-05,S03,P334,4.0,0,4,0,13,3
2026-08-06,S03,P334,0.0,11,6,5,13,3
2026-08-07,S03,P334,5.0,0,5,0,13,3
2026-08-08,S03,P334,0.0,12,10,2,13,3
2026-08-09,S03,P334,2.0,0,2,0,13,3
2026-08-10,S03,P334,0.0,11,4,7,13,3
2026-08-11,S03,P334,7.0,10,2,15,13,3
2026-08-12,S03,P334,15.0,0,8,7,13,3
2026-08-13,S03,P334,7.0,0,4,3,13,3
2026-08-14,S03,P334,3.0,0,2,1,13,3
2026-08-15,S03,P334,1.0,16,5,12,13,3
2026-08-16,S03,P334,12.0,0,5,7,13,3
2026-08-17,S03,P334,7.0,0,4,3,13,3
2026-08-18,S03,P334,3.0,11,2,12,13,3
2026-08-19,S03,P334,12.0,0,3,9,13,3
2026-08-20,S03,P334,9.0,0,2,7,13,3
2026-08-21,S03,P334,7.0,11,5,13,13,3
2026-08-22,S03,P334,13.0,0,5,8,13,3
2026-08-23,S03,P334,8.0,0,4,4,13,3
2026-08-24,S03,P334,4.0,10,5,9,13,3
2026-08-25,S03,P334,9.0,0,5,4,13,3
2026-08-26,S03,P334,4.0,0,4,0,13,3
2026-08-27,S03,P334,0.0,14,3,11,13,3
2026-08-28,S03,P334,11.0,0,2,9,13,3
2026-08-29,S03,P334,9.0,0,5,4,13,3
2026-08-30,S03,P334,4.0,12,6,10,13,3
2026-08-31,S03,P334,10.0,0,3,7,13,3
2026-05-01,S03,P442,116.0,0,13,103,71,4
2026-05-02,S03,P442,103.0,0,18,85,71,4
2026-05-03,S03,P442,85.0,0,13,72,71,4
2026-05-04,S03,P442,72.0,0,10,62,71,4
2026-05-05,S03,P442,62.0,0,9,53,71,4
2026-05-06,S03,P442,53.0,0,19,34,71,4
2026-05-07,S03,P442,34.0,0,13,21,71,4
2026-05-08,S03,P442,21.0,0,14,7,71,4
2026-05-09,S03,P442,7.0,54,11,50,71,4
2026-05-10,S03,P442,50.0,0,12,38,71,4
2026-05-11,S03,P442,38.0,0,10,28,71,4
2026-05-12,S03,P442,28.0,55,12,71,71,4
2026-05-13,S03,P442,71.0,0,11,60,71,4
2026-05-14,S03,P442,60.0,0,7,53,71,4
2026-05-15,S03,P442,53.0,0,23,30,71,4
2026-05-16,S03,P442,30.0,45,7,68,71,4
2026-05-17,S03,P442,68.0,0,10,58,71,4
2026-05-18,S03,P442,58.0,0,20,38,71,4
2026-05-19,S03,P442,38.0,0,19,19,71,4
2026-05-20,S03,P442,19.0,48,23,44,71,4
2026-05-21,S03,P442,44.0,0,16,28,71,4
2026-05-22,S03,P442,28.0,0,10,18,71,4
2026-05-23,S03,P442,18.0,49,9,58,71,4
2026-05-24,S03,P442,58.0,0,18,40,71,4
2026-05-25,S03,P442,40.0,0,15,25,71,4
2026-05-26,S03,P442,25.0,49,9,65,71,4
2026-05-27,S03,P442,65.0,0,16,49,71,4
2026-05-28,S03,P442,49.0,0,18,31,71,4
2026-05-29,S03,P442,31.0,0,11,20,71,4
2026-05-30,S03,P442,20.0,51,7,64,71,4
2026-05-31,S03,P442,64.0,0,7,57,71,4
2026-06-01,S03,P442,57.0,0,20,37,71,4
2026-06-02,S03,P442,37.0,45,9,73,71,4
2026-06-03,S03,P442,73.0,0,10,63,71,4
2026-06-04,S03,P442,63.0,0,10,53,71,4
2026-06-05,S03,P442,53.0,0,18,35,71,4
2026-06-06,S03,P442,35.0,0,18,17,71,4
2026-06-07,S03,P442,17.0,0,17,0,71,4
2026-06-08,S03,P442,0.0,0,0,0,71,4
2026-06-09,S03,P442,0.0,53,16,37,71,4
2026-06-10,S03,P442,37.0,46,8,75,71,4
2026-06-11,S03,P442,75.0,0,18,57,71,4
2026-06-12,S03,P442,57.0,0,14,43,71,4
2026-06-13,S03,P442,43.0,0,21,22,71,4
2026-06-14,S03,P442,22.0,0,19,3,71,4
2026-06-15,S03,P442,3.0,59,7,55,71,4
2026-06-16,S03,P442,55.0,0,9,46,71,4
2026-06-17,S03,P442,46.0,0,8,38,71,4
2026-06-18,S03,P442,38.0,54,10,82,71,4
2026-06-19,S03,P442,82.0,0,26,56,71,4
2026-06-20,S03,P442,56.0,0,29,27,71,4
2026-06-21,S03,P442,27.0,0,24,3,71,4
2026-06-22,S03,P442,3.0,0,3,0,71,4
2026-06-23,S03,P442,0.0,60,19,41,71,4
2026-06-24,S03,P442,41.0,0,10,31,71,4
2026-06-25,S03,P442,31.0,53,21,63,71,4
2026-06-26,S03,P442,63.0,0,10,53,71,4
2026-06-27,S03,P442,53.0,0,20,33,71,4
2026-06-28,S03,P442,33.0,0,19,14,71,4
2026-06-29,S03,P442,14.0,53,13,54,71,4
2026-06-30,S03,P442,54.0,0,8,46,71,4
2026-07-01,S03,P442,46.0,0,9,37,71,4
2026-07-02,S03,P442,37.0,49,9,77,71,4
2026-07-03,S03,P442,77.0,0,12,65,71,4
2026-07-04,S03,P442,65.0,0,14,51,71,4
2026-07-05,S03,P442,51.0,0,13,38,71,4
2026-07-06,S03,P442,38.0,0,10,28,71,4
2026-07-07,S03,P442,28.0,51,7,72,71,4
2026-07-08,S03,P442,72.0,0,12,60,71,4
2026-07-09,S03,P442,60.0,0,5,55,71,4
2026-07-10,S03,P442,55.0,0,14,41,71,4
2026-07-11,S03,P442,41.0,0,20,21,71,4
2026-07-12,S03,P442,21.0,56,48,29,71,4
2026-07-13,S03,P442,29.0,0,17,12,71,4
2026-07-14,S03,P442,12.0,0,12,0,71,4
2026-07-15,S03,P442,0.0,0,0,0,71,4
2026-07-16,S03,P442,0.0,87,12,75,71,4
2026-07-17,S03,P442,75.0,0,14,61,71,4
2026-07-18,S03,P442,61.0,0,16,45,71,4
2026-07-19,S03,P442,45.0,0,32,13,71,4
2026-07-20,S03,P442,13.0,0,13,0,71,4
2026-07-21,S03,P442,0.0,55,11,44,71,4
2026-07-22,S03,P442,44.0,0,10,34,71,4
2026-07-23,S03,P442,34.0,48,15,67,71,4
2026-07-24,S03,P442,67.0,0,11,56,71,4
2026-07-25,S03,P442,56.0,0,17,39,71,4
2026-07-26,S03,P442,39.0,0,13,26,71,4
2026-07-27,S03,P442,26.0,49,14,61,71,4
2026-07-28,S03,P442,61.0,0,17,44,71,4
2026-07-29,S03,P442,44.0,0,7,37,71,4
2026-07-30,S03,P442,37.0,0,15,22,71,4
2026-07-31,S03,P442,22.0,55,9,68,71,4
2026-08-01,S03,P442,68.0,0,23,45,71,4
2026-08-02,S03,P442,45.0,0,45,0,71,4
2026-08-03,S03,P442,0.0,0,0,0,71,4
2026-08-04,S03,P442,0.0,0,0,0,71,4
2026-08-05,S03,P442,0.0,48,14,34,71,4
2026-08-06,S03,P442,34.0,68,14,88,71,4
2026-08-07,S03,P442,88.0,0,6,82,71,4
2026-08-08,S03,P442,82.0,0,24,58,71,4
2026-08-09,S03,P442,58.0,0,16,42,71,4
2026-08-10,S03,P442,42.0,0,7,35,71,4
2026-08-11,S03,P442,35.0,0,24,11,71,4
2026-08-12,S03,P442,11.0,58,11,58,71,4
2026-08-13,S03,P442,58.0,0,14,44,71,4
2026-08-14,S03,P442,44.0,0,10,34,71,4
2026-08-15,S03,P442,34.0,47,32,49,71,4
2026-08-16,S03,P442,49.0,0,18,31,71,4
2026-08-17,S03,P442,31.0,0,7,24,71,4
2026-08-18,S03,P442,24.0,0,7,17,71,4
2026-08-19,S03,P442,17.0,67,13,71,71,4
2026-08-20,S03,P442,71.0,0,11,60,71,4
2026-08-21,S03,P442,60.0,0,34,26,71,4
2026-08-22,S03,P442,26.0,0,21,5,71,4
2026-08-23,S03,P442,5.0,45,22,28,71,4
2026-08-24,S03,P442,28.0,0,23,5,71,4
2026-08-25,S03,P442,5.0,0,5,0,71,4
2026-08-26,S03,P442,0.0,0,0,0,71,4
2026-08-27,S03,P442,0.0,45,13,32,71,4
2026-08-28,S03,P442,32.0,66,6,92,71,4
2026-08-29,S03,P442,92.0,0,11,81,71,4
2026-08-30,S03,P442,81.0,0,15,66,71,4
2026-08-31,S03,P442,66.0,0,12,54,71,4
2026-05-01,S03,P443,85.0,0,9,76,52,4
2026-05-02,S03,P443,76.0,0,14,62,52,4
2026-05-03,S03,P443,62.0,0,8,54,52,4
2026-05-04,S03,P443,54.0,0,18,36,52,4
2026-05-05,S03,P443,36.0,0,15,21,52,4
2026-05-06,S03,P443,21.0,0,5,16,52,4
2026-05-07,S03,P443,16.0,0,8,8,52,4
2026-05-08,S03,P443,8.0,49,11,46,52,4
2026-05-09,S03,P443,46.0,0,22,24,52,4
2026-05-10,S03,P443,24.0,0,13,11,52,4
2026-05-11,S03,P443,11.0,0,11,0,52,4
2026-05-12,S03,P443,0.0,39,14,25,52,4
2026-05-13,S03,P443,25.0,0,23,2,52,4
2026-05-14,S03,P443,2.0,35,12,25,52,4
2026-05-15,S03,P443,25.0,0,10,15,52,4
2026-05-16,S03,P443,15.0,0,10,5,52,4
2026-05-17,S03,P443,5.0,48,10,43,52,4
2026-05-18,S03,P443,43.0,0,10,33,52,4
2026-05-19,S03,P443,33.0,0,17,16,52,4
2026-05-20,S03,P443,16.0,0,7,9,52,4
2026-05-21,S03,P443,9.0,42,12,39,52,4
2026-05-22,S03,P443,39.0,0,8,31,52,4
2026-05-23,S03,P443,31.0,0,15,16,52,4
2026-05-24,S03,P443,16.0,34,16,34,52,4
2026-05-25,S03,P443,34.0,0,7,27,52,4
2026-05-26,S03,P443,27.0,0,8,19,52,4
2026-05-27,S03,P443,19.0,35,18,36,52,4
2026-05-28,S03,P443,36.0,0,12,24,52,4
2026-05-29,S03,P443,24.0,0,12,12,52,4
2026-05-30,S03,P443,12.0,0,12,0,52,4
2026-05-31,S03,P443,0.0,49,19,30,52,4
2026-06-01,S03,P443,30.0,0,22,8,52,4
2026-06-02,S03,P443,8.0,0,8,0,52,4
2026-06-03,S03,P443,0.0,36,25,11,52,4
2026-06-04,S03,P443,11.0,0,11,0,52,4
2026-06-05,S03,P443,0.0,41,7,34,52,4
2026-06-06,S03,P443,34.0,0,15,19,52,4
2026-06-07,S03,P443,19.0,33,12,40,52,4
2026-06-08,S03,P443,40.0,0,13,27,52,4
2026-06-09,S03,P443,27.0,0,24,3,52,4
2026-06-10,S03,P443,3.0,33,6,30,52,4
2026-06-11,S03,P443,30.0,0,11,19,52,4
2026-06-12,S03,P443,19.0,0,8,11,52,4
2026-06-13,S03,P443,11.0,49,13,47,52,4
2026-06-14,S03,P443,47.0,0,22,25,52,4
2026-06-15,S03,P443,25.0,0,10,15,52,4
2026-06-16,S03,P443,15.0,0,8,7,52,4
2026-06-17,S03,P443,7.0,38,13,32,52,4
2026-06-18,S03,P443,32.0,0,14,18,52,4
2026-06-19,S03,P443,18.0,0,13,5,52,4
2026-06-20,S03,P443,5.0,40,16,29,52,4
2026-06-21,S03,P443,29.0,0,12,17,52,4
2026-06-22,S03,P443,17.0,0,11,6,52,4
2026-06-23,S03,P443,6.0,40,13,33,52,4
2026-06-24,S03,P443,33.0,0,11,22,52,4
2026-06-25,S03,P443,22.0,0,22,0,52,4
2026-06-26,S03,P443,0.0,39,17,22,52,4
2026-06-27,S03,P443,22.0,0,22,0,52,4
2026-06-28,S03,P443,0.0,0,0,0,52,4
2026-06-29,S03,P443,0.0,46,7,39,52,4
2026-06-30,S03,P443,39.0,0,11,28,52,4
2026-07-01,S03,P443,28.0,39,18,49,52,4
2026-07-02,S03,P443,49.0,0,16,33,52,4
2026-07-03,S03,P443,33.0,0,5,28,52,4
2026-07-04,S03,P443,28.0,0,28,0,52,4
2026-07-05,S03,P443,0.0,36,14,22,52,4
2026-07-06,S03,P443,22.0,0,4,18,52,4
2026-07-07,S03,P443,18.0,0,8,10,52,4
2026-07-08,S03,P443,10.0,49,16,43,52,4
2026-07-09,S03,P443,43.0,0,10,33,52,4
2026-07-10,S03,P443,33.0,0,15,18,52,4
2026-07-11,S03,P443,18.0,0,17,1,52,4
2026-07-12,S03,P443,1.0,0,1,0,52,4
2026-07-13,S03,P443,0.0,42,14,28,52,4
2026-07-14,S03,P443,28.0,0,18,10,52,4
2026-07-15,S03,P443,10.0,42,12,40,52,4
2026-07-16,S03,P443,40.0,0,7,33,52,4
2026-07-17,S03,P443,33.0,0,10,23,52,4
2026-07-18,S03,P443,23.0,0,11,12,52,4
2026-07-19,S03,P443,12.0,33,11,34,52,4
2026-07-20,S03,P443,34.0,0,8,26,52,4
2026-07-21,S03,P443,26.0,0,7,19,52,4
2026-07-22,S03,P443,19.0,40,16,43,52,4
2026-07-23,S03,P443,43.0,0,14,29,52,4
2026-07-24,S03,P443,29.0,0,18,11,52,4
2026-07-25,S03,P443,11.0,0,11,0,52,4
2026-07-26,S03,P443,0.0,0,0,0,52,4
2026-07-27,S03,P443,0.0,42,12,30,52,4
2026-07-28,S03,P443,30.0,0,14,16,52,4
2026-07-29,S03,P443,16.0,43,12,47,52,4
2026-07-30,S03,P443,47.0,0,22,25,52,4
2026-07-31,S03,P443,25.0,0,3,22,52,4
2026-08-01,S03,P443,22.0,0,22,0,52,4
2026-08-02,S03,P443,0.0,0,0,0,52,4
2026-08-03,S03,P443,0.0,0,0,0,52,4
2026-08-04,S03,P443,0.0,38,4,34,52,4
2026-08-05,S03,P443,34.0,47,7,74,52,4
2026-08-06,S03,P443,74.0,0,14,60,52,4
2026-08-07,S03,P443,60.0,0,14,46,52,4
2026-08-08,S03,P443,46.0,0,9,37,52,4
2026-08-09,S03,P443,37.0,0,16,21,52,4
2026-08-10,S03,P443,21.0,0,9,12,52,4
2026-08-11,S03,P443,12.0,39,9,42,52,4
2026-08-12,S03,P443,42.0,0,24,18,52,4
2026-08-13,S03,P443,18.0,0,15,3,52,4
2026-08-14,S03,P443,3.0,34,17,20,52,4
2026-08-15,S03,P443,20.0,0,20,28,52,4
2026-08-16,S03,P443,0.0,33,17,16,52,4
2026-08-17,S03,P443,16.0,0,11,5,52,4
2026-08-18,S03,P443,5.0,0,5,0,52,4
2026-08-19,S03,P443,0.0,52,10,42,52,4
2026-08-20,S03,P443,42.0,0,10,32,52,4
2026-08-21,S03,P443,32.0,0,21,11,52,4
2026-08-22,S03,P443,11.0,0,11,0,52,4
2026-08-23,S03,P443,0.0,0,0,0,52,4
2026-08-24,S03,P443,0.0,33,25,8,52,4
2026-08-25,S03,P443,8.0,41,17,32,52,4
2026-08-26,S03,P443,32.0,0,29,3,52,4
2026-08-27,S03,P443,3.0,0,3,0,52,4
2026-08-28,S03,P443,0.0,0,0,0,52,4
2026-08-29,S03,P443,0.0,36,21,15,52,4
2026-08-30,S03,P443,15.0,0,15,0,52,4
2026-08-31,S03,P443,0.0,0,0,0,52,4
2026-05-01,S03,P444,47.0,0,3,44,29,4
2026-05-02,S03,P444,44.0,0,8,36,29,4
2026-05-03,S03,P444,36.0,0,4,32,29,4
2026-05-04,S03,P444,32.0,0,6,26,29,4
2026-05-05,S03,P444,26.0,0,3,23,29,4
2026-05-06,S03,P444,23.0,0,6,17,29,4
2026-05-07,S03,P444,17.0,0,1,16,29,4
2026-05-08,S03,P444,16.0,0,16,0,29,4
2026-05-09,S03,P444,0.0,21,12,9,29,4
2026-05-10,S03,P444,9.0,0,7,2,29,4
2026-05-11,S03,P444,2.0,0,2,0,29,4
2026-05-12,S03,P444,0.0,26,11,15,29,4
2026-05-13,S03,P444,15.0,0,3,12,29,4
2026-05-14,S03,P444,12.0,0,4,8,29,4
2026-05-15,S03,P444,8.0,19,5,22,29,4
2026-05-16,S03,P444,22.0,0,11,11,29,4
2026-05-17,S03,P444,11.0,0,5,6,29,4
2026-05-18,S03,P444,6.0,20,10,16,29,4
2026-05-19,S03,P444,16.0,0,9,7,29,4
2026-05-20,S03,P444,7.0,0,6,1,29,4
2026-05-21,S03,P444,1.0,0,1,0,29,4
2026-05-22,S03,P444,0.0,0,0,0,29,4
2026-05-23,S03,P444,0.0,40,7,33,29,4
2026-05-24,S03,P444,33.0,0,13,20,29,4
2026-05-25,S03,P444,20.0,0,6,14,29,4
2026-05-26,S03,P444,14.0,0,7,7,29,4
2026-05-27,S03,P444,7.0,0,7,0,29,4
2026-05-28,S03,P444,0.0,27,6,21,29,4
2026-05-29,S03,P444,21.0,0,1,20,29,4
2026-05-30,S03,P444,20.0,0,10,10,29,4
2026-05-31,S03,P444,,20,6,24,29,4
2026-06-01,S03,P444,24.0,0,5,19,29,4
2026-06-02,S03,P444,19.0,0,9,10,29,4
2026-06-03,S03,P444,10.0,0,8,2,29,4
2026-06-04,S03,P444,2.0,23,6,19,29,4
2026-06-05,S03,P444,19.0,0,4,15,29,4
2026-06-06,S03,P444,15.0,0,6,9,29,4
2026-06-07,S03,P444,9.0,22,9,22,29,4
2026-06-08,S03,P444,22.0,0,3,19,29,4
2026-06-09,S03,P444,19.0,0,5,14,29,4
2026-06-10,S03,P444,14.0,0,6,8,29,4
2026-06-11,S03,P444,8.0,25,8,25,29,4
2026-06-12,S03,P444,25.0,0,7,18,29,4
2026-06-13,S03,P444,18.0,0,10,8,29,4
2026-06-14,S03,P444,8.0,0,5,3,29,4
2026-06-15,S03,P444,3.0,22,4,21,29,4
2026-06-16,S03,P444,21.0,0,2,19,29,4
2026-06-17,S03,P444,19.0,0,5,14,29,4
2026-06-18,S03,P444,14.0,22,4,32,29,4
2026-06-19,S03,P444,32.0,0,1,31,29,4
2026-06-20,S03,P444,31.0,0,16,15,29,4
2026-06-21,S03,P444,15.0,0,15,0,29,4
2026-06-22,S03,P444,0.0,0,0,0,29,4
2026-06-23,S03,P444,0.0,0,0,0,29,4
2026-06-24,S03,P444,0.0,32,4,28,29,4
2026-06-25,S03,P444,28.0,0,7,21,29,4
2026-06-26,S03,P444,21.0,0,16,5,29,4
2026-06-27,S03,P444,5.0,0,5,0,29,4
2026-06-28,S03,P444,0.0,19,12,7,29,4
2026-06-29,S03,P444,7.0,0,3,4,29,4
2026-06-30,S03,P444,4.0,23,7,20,29,4
2026-07-01,S03,P444,20.0,0,7,13,29,4
2026-07-02,S03,P444,13.0,0,3,10,29,4
2026-07-03,S03,P444,10.0,20,8,22,29,4
2026-07-04,S03,P444,22.0,0,8,14,29,4
2026-07-05,S03,P444,14.0,0,7,7,29,4
2026-07-06,S03,P444,7.0,0,4,3,29,4
2026-07-07,S03,P444,3.0,25,6,22,29,4
2026-07-08,S03,P444,22.0,0,5,17,29,4
2026-07-09,S03,P444,17.0,0,4,13,29,4
2026-07-10,S03,P444,13.0,19,3,54,29,4
2026-07-11,S03,P444,29.0,0,8,21,29,4
2026-07-12,S03,P444,21.0,0,7,14,29,4
2026-07-13,S03,P444,14.0,0,5,9,29,4
2026-07-14,S03,P444,9.0,18,7,20,29,4
2026-07-15,S03,P444,20.0,0,6,14,29,4
2026-07-16,S03,P444,14.0,0,6,8,29,4
2026-07-17,S03,P444,8.0,20,8,20,29,4
2026-07-18,S03,P444,20.0,0,6,14,29,4
2026-07-19,S03,P444,14.0,0,14,0,29,4
2026-07-20,S03,P444,0.0,19,7,12,29,4
2026-07-21,S03,P444,12.0,0,7,5,29,4
2026-07-22,S03,P444,5.0,0,4,1,29,4
2026-07-23,S03,P444,1.0,28,6,23,29,4
2026-07-24,S03,P444,23.0,0,4,19,29,4
2026-07-25,S03,P444,19.0,0,7,12,29,4
2026-07-26,S03,P444,12.0,18,5,25,29,4
2026-07-27,S03,P444,25.0,0,7,18,29,4
2026-07-28,S03,P444,18.0,0,8,10,29,4
2026-07-29,S03,P444,10.0,0,10,0,29,4
2026-07-30,S03,P444,0.0,22,8,14,29,4
2026-07-31,S03,P444,14.0,0,6,8,29,4
2026-08-01,S03,P444,8.0,0,7,1,29,4
2026-08-02,S03,P444,1.0,25,11,15,29,4
2026-08-03,S03,P444,15.0,0,10,5,29,4
2026-08-04,S03,P444,5.0,0,5,0,29,4
2026-08-05,S03,P444,0.0,21,4,17,29,4
2026-08-06,S03,P444,17.0,0,9,8,29,4
2026-08-07,S03,P444,8.0,21,4,25,29,4
2026-08-08,S03,P444,25.0,0,14,11,29,4
2026-08-09,S03,P444,11.0,0,11,0,29,4
2026-08-10,S03,P444,0.0,18,5,13,29,4
2026-08-11,S03,P444,13.0,0,7,6,29,4
2026-08-12,S03,P444,6.0,18,11,13,29,4
2026-08-13,S03,P444,13.0,0,10,3,29,4
2026-08-14,S03,P444,3.0,0,3,0,29,4
2026-08-15,S03,P444,0.0,23,14,9,29,4
2026-08-16,S03,P444,9.0,0,5,4,29,4
2026-08-17,S03,P444,4.0,21,5,20,29,4
2026-08-18,S03,P444,20.0,0,10,10,29,4
2026-08-19,S03,P444,10.0,0,6,4,29,4
2026-08-20,S03,P444,4.0,22,7,19,29,4
2026-08-21,S03,P444,19.0,0,9,10,29,4
2026-08-22,S03,P444,10.0,0,10,0,29,4
2026-08-23,S03,P444,0.0,21,5,16,29,4
2026-08-24,S03,P444,16.0,0,9,7,29,4
2026-08-25,S03,P444,7.0,0,7,0,29,4
2026-08-26,S03,P444,0.0,26,7,19,29,4
2026-08-27,S03,P444,19.0,0,7,12,29,4
2026-08-28,S03,P444,12.0,0,10,2,29,4
2026-08-29,S03,P444,2.0,21,7,16,29,4
2026-08-30,S03,P444,16.0,0,9,7,29,4
2026-08-31,S03,P444,7.0,0,7,0,29,4
2026-05-01,S03,P445,62.0,0,9,53,38,4
2026-05-02,S03,P445,53.0,0,15,38,38,4
2026-05-03,S03,P445,38.0,0,6,32,38,4
2026-05-04,S03,P445,32.0,0,4,28,38,4
2026-05-05,S03,P445,28.0,0,17,11,38,4
2026-05-06,S03,P445,11.0,24,7,28,38,4
2026-05-07,S03,P445,28.0,0,11,17,38,4
2026-05-08,S03,P445,17.0,0,17,0,38,4
2026-05-09,S03,P445,0.0,27,14,13,38,4
2026-05-10,S03,P445,13.0,0,13,0,38,4
2026-05-11,S03,P445,0.0,0,0,0,38,4
2026-05-12,S03,P445,0.0,35,6,29,38,4
2026-05-13,S03,P445,29.0,0,8,21,38,4
2026-05-14,S03,P445,21.0,27,3,45,38,4
2026-05-15,S03,P445,45.0,0,8,37,38,4
2026-05-16,S03,P445,37.0,0,5,32,38,4
2026-05-17,S03,P445,32.0,0,10,22,38,4
2026-05-18,S03,P445,22.0,0,4,18,38,4
2026-05-19,S03,P445,18.0,25,6,37,38,4
2026-05-20,S03,P445,37.0,0,3,34,38,4
2026-05-21,S03,P445,34.0,0,6,28,38,4
2026-05-22,S03,P445,28.0,0,11,17,38,4
2026-05-23,S03,P445,17.0,25,4,38,38,4
2026-05-24,S03,P445,38.0,0,13,25,38,4
2026-05-25,S03,P445,25.0,0,7,18,38,4
2026-05-26,S03,P445,18.0,0,4,14,38,4
2026-05-27,S03,P445,14.0,24,12,26,38,4
2026-05-28,S03,P445,26.0,0,4,22,38,4
2026-05-29,S03,P445,22.0,0,7,15,38,4
2026-05-30,S03,P445,15.0,24,11,28,38,4
2026-05-31,S03,P445,28.0,0,10,18,38,4
2026-06-01,S03,P445,18.0,0,11,26,38,4
2026-06-02,S03,P445,7.0,0,2,5,38,4
2026-06-03,S03,P445,5.0,34,12,27,38,4
2026-06-04,S03,P445,27.0,0,9,18,38,4
2026-06-05,S03,P445,18.0,0,7,11,38,4
2026-06-06,S03,P445,11.0,0,8,3,38,4
2026-06-07,S03,P445,3.0,35,12,26,38,4
2026-06-08,S03,P445,26.0,0,5,21,38,4
2026-06-09,S03,P445,21.0,0,6,15,38,4
2026-06-10,S03,P445,15.0,24,12,27,38,4
2026-06-11,S03,P445,27.0,0,4,23,38,4
2026-06-12,S03,P445,23.0,0,4,-17,38,4
2026-06-13,S03,P445,19.0,0,4,15,38,4
2026-06-14,S03,P445,15.0,0,12,3,38,4
2026-06-15,S03,P445,3.0,35,21,17,38,4
2026-06-16,S03,P445,17.0,0,11,6,38,4
2026-06-17,S03,P445,6.0,0,5,1,38,4
2026-06-18,S03,P445,1.0,24,13,12,38,4
2026-06-19,S03,P445,12.0,0,6,6,38,4
2026-06-20,S03,P445,6.0,32,18,20,38,4
2026-06-21,S03,P445,20.0,0,8,12,38,4
2026-06-22,S03,P445,12.0,0,4,8,38,4
2026-06-23,S03,P445,8.0,24,11,21,38,4
2026-06-24,S03,P445,21.0,0,7,14,38,4
2026-06-25,S03,P445,14.0,26,5,35,38,4
2026-06-26,S03,P445,35.0,0,9,26,38,4
2026-06-27,S03,P445,26.0,0,2,24,38,4
2026-06-28,S03,P445,24.0,0,6,18,38,4
2026-06-29,S03,P445,18.0,27,9,36,38,4
2026-06-30,S03,P445,36.0,0,9,27,38,4
2026-07-01,S03,P445,27.0,0,10,17,38,4
2026-07-02,S03,P445,17.0,0,3,14,38,4
2026-07-03,S03,P445,14.0,26,7,33,38,4
2026-07-04,S03,P445,33.0,0,9,24,38,4
2026-07-05,S03,P445,24.0,0,7,17,38,4
2026-07-06,S03,P445,17.0,0,8,9,38,4
2026-07-07,S03,P445,9.0,29,7,31,38,4
2026-07-08,S03,P445,31.0,0,4,27,38,4
2026-07-09,S03,P445,27.0,0,10,17,38,4
2026-07-10,S03,P445,17.0,24,8,33,38,4
2026-07-11,S03,P445,33.0,0,9,24,38,4
2026-07-12,S03,P445,24.0,0,9,15,38,4
2026-07-13,S03,P445,15.0,0,5,10,38,4
2026-07-14,S03,P445,10.0,29,8,31,38,4
2026-07-15,S03,P445,31.0,0,6,25,38,4
2026-07-16,S03,P445,25.0,0,8,17,38,4
2026-07-17,S03,P445,17.0,0,10,7,38,4
2026-07-18,S03,P445,7.0,31,12,26,38,4
2026-07-19,S03,P445,26.0,0,7,19,38,4
2026-07-20,S03,P445,19.0,0,5,14,38,4
2026-07-21,S03,P445,14.0,24,5,33,38,4
2026-07-22,S03,P445,33.0,0,9,24,38,4
2026-07-23,S03,P445,24.0,0,11,13,38,4
2026-07-24,S03,P445,13.0,24,2,35,38,4
2026-07-25,S03,P445,35.0,0,10,25,38,4
2026-07-26,S03,P445,25.0,0,9,16,38,4
2026-07-27,S03,P445,16.0,25,3,38,38,4
2026-07-28,S03,P445,38.0,0,8,30,38,4
2026-07-29,S03,P445,30.0,0,4,26,38,4
2026-07-30,S03,P445,26.0,0,8,18,38,4
2026-07-31,S03,P445,18.0,24,9,33,38,4
2026-08-01,S03,P445,33.0,0,11,22,38,4
2026-08-02,S03,P445,22.0,0,18,4,38,4
2026-08-03,S03,P445,4.0,0,4,0,38,4
2026-08-04,S03,P445,0.0,29,3,26,38,4
2026-08-05,S03,P445,26.0,0,6,20,38,4
2026-08-06,S03,P445,20.0,29,4,45,38,4
2026-08-07,S03,P445,45.0,0,15,30,38,4
2026-08-08,S03,P445,30.0,0,16,14,38,4
2026-08-09,S03,P445,14.0,0,14,0,38,4
2026-08-10,S03,P445,0.0,0,0,0,38,4
2026-08-11,S03,P445,0.0,32,4,28,38,4
2026-08-12,S03,P445,28.0,0,16,12,38,4
2026-08-13,S03,P445,12.0,30,12,30,38,4
2026-08-14,S03,P445,30.0,0,18,12,38,4
2026-08-15,S03,P445,12.0,0,12,0,38,4
2026-08-16,S03,P445,0.0,0,0,0,38,4
2026-08-17,S03,P445,0.0,32,6,26,38,4
2026-08-18,S03,P445,26.0,0,3,23,38,4
2026-08-19,S03,P445,23.0,30,9,44,38,4
2026-08-20,S03,P445,44.0,0,4,40,38,4
2026-08-21,S03,P445,40.0,0,10,30,38,4
2026-08-22,S03,P445,30.0,0,7,23,38,4
2026-08-23,S03,P445,23.0,0,5,18,38,4
2026-08-24,S03,P445,18.0,0,16,2,38,4
2026-08-25,S03,P445,2.0,32,11,23,38,4
2026-08-26,S03,P445,23.0,0,7,16,38,4
2026-08-27,S03,P445,16.0,0,7,9,38,4
2026-08-28,S03,P445,9.0,28,8,29,38,4
2026-08-29,S03,P445,29.0,0,9,20,38,4
2026-08-30,S03,P445,20.0,0,10,10,38,4
2026-08-31,S03,P445,10.0,25,8,27,38,4
2026-05-01,S03,P446,91.0,0,10,81,56,4
2026-05-02,S03,P446,81.0,0,25,56,56,4
2026-05-03,S03,P446,56.0,0,21,35,56,4
2026-05-04,S03,P446,35.0,0,12,23,56,4
2026-05-05,S03,P446,23.0,0,12,11,56,4
2026-05-06,S03,P446,11.0,35,6,40,56,4
2026-05-07,S03,P446,40.0,0,5,35,56,4
2026-05-08,S03,P446,35.0,0,15,20,56,4
2026-05-09,S03,P446,20.0,0,19,1,56,4
2026-05-10,S03,P446,1.0,45,13,33,56,4
2026-05-11,S03,P446,33.0,0,8,25,56,4
2026-05-12,S03,P446,25.0,0,12,13,56,4
2026-05-13,S03,P446,13.0,45,8,50,56,4
2026-05-14,S03,P446,50.0,0,11,39,56,4
2026-05-15,S03,P446,39.0,0,17,22,56,4
2026-05-16,S03,P446,22.0,0,22,0,56,4
2026-05-17,S03,P446,0.0,41,19,22,56,4
2026-05-18,S03,P446,22.0,0,20,2,56,4
2026-05-19,S03,P446,2.0,0,2,0,56,4
2026-05-20,S03,P446,0.0,50,14,36,56,4
2026-05-21,S03,P446,36.0,0,10,26,56,4
2026-05-22,S03,P446,26.0,39,10,55,56,4
2026-05-23,S03,P446,55.0,0,14,41,56,4
2026-05-24,S03,P446,41.0,0,18,23,56,4
2026-05-25,S03,P446,23.0,0,4,19,56,4
2026-05-26,S03,P446,19.0,36,17,38,56,4
2026-05-27,S03,P446,38.0,0,20,18,56,4
2026-05-28,S03,P446,18.0,0,6,12,56,4
2026-05-29,S03,P446,12.0,36,12,36,56,4
2026-05-30,S03,P446,36.0,0,10,26,56,4
2026-05-31,S03,P446,26.0,37,11,52,56,4
2026-06-01,S03,P446,52.0,0,7,45,56,4
2026-06-02,S03,P446,45.0,0,13,32,56,4
2026-06-03,S03,P446,32.0,0,17,15,56,4
2026-06-04,S03,P446,15.0,39,9,45,56,4
2026-06-05,S03,P446,45.0,0,17,28,56,4
2026-06-06,S03,P446,28.0,0,21,7,56,4
2026-06-07,S03,P446,7.0,37,12,32,56,4
2026-06-08,S03,P446,32.0,0,6,26,56,4
2026-06-09,S03,P446,26.0,0,9,17,56,4
2026-06-10,S03,P446,17.0,47,14,50,56,4
2026-06-11,S03,P446,50.0,0,21,29,56,4
2026-06-12,S03,P446,29.0,0,19,10,56,4
2026-06-13,S03,P446,10.0,0,10,0,56,4
2026-06-14,S03,P446,0.0,41,20,21,56,4
2026-06-15,S03,P446,21.0,0,11,10,56,4
2026-06-16,S03,P446,10.0,40,5,45,56,4
2026-06-17,S03,P446,45.0,0,6,39,56,4
2026-06-18,S03,P446,39.0,0,13,26,56,4
2026-06-19,S03,P446,26.0,0,12,14,56,4
2026-06-20,S03,P446,14.0,41,13,42,56,4
2026-06-21,S03,P446,42.0,0,10,32,56,4
2026-06-22,S03,P446,32.0,0,7,25,56,4
2026-06-23,S03,P446,25.0,36,9,52,56,4
2026-06-24,S03,P446,52.0,0,9,43,56,4
2026-06-25,S03,P446,43.0,0,8,35,56,4
2026-06-26,S03,P446,35.0,0,23,12,56,4
2026-06-27,S03,P446,12.0,39,11,40,56,4
2026-06-28,S03,P446,40.0,0,14,26,56,4
2026-06-29,S03,P446,26.0,0,10,16,56,4
2026-06-30,S03,P446,16.0,40,10,46,56,4
2026-07-01,S03,P446,46.0,0,3,43,56,4
2026-07-02,S03,P446,43.0,0,20,23,56,4
2026-07-03,S03,P446,23.0,35,13,45,56,4
2026-07-04,S03,P446,45.0,0,33,12,56,4
2026-07-05,S03,P446,12.0,0,11,1,56,4
2026-07-06,S03,P446,1.0,0,1,0,56,4
2026-07-07,S03,P446,0.0,0,0,0,56,4
2026-07-08,S03,P446,0.0,46,6,40,56,4
2026-07-09,S03,P446,40.0,44,19,65,56,4
2026-07-10,S03,P446,65.0,0,6,59,56,4
2026-07-11,S03,P446,59.0,0,19,40,56,4
2026-07-12,S03,P446,40.0,0,15,25,56,4
2026-07-13,S03,P446,25.0,0,15,10,56,4
2026-07-14,S03,P446,10.0,0,10,0,56,4
2026-07-15,S03,P446,0.0,0,0,-26,56,4
2026-07-16,S03,P446,0.0,51,8,43,56,4
2026-07-17,S03,P446,43.0,0,21,22,56,4
2026-07-18,S03,P446,22.0,40,9,53,56,4
2026-07-19,S03,P446,53.0,0,14,39,56,4
2026-07-20,S03,P446,39.0,0,4,35,56,4
2026-07-21,S03,P446,35.0,0,8,27,56,4
2026-07-22,S03,P446,27.0,38,8,57,56,4
2026-07-23,S03,P446,57.0,0,15,42,56,4
2026-07-24,S03,P446,42.0,0,13,29,56,4
2026-07-25,S03,P446,29.0,0,16,13,56,4
2026-07-26,S03,P446,13.0,0,8,5,56,4
2026-07-27,S03,P446,5.0,49,19,35,56,4
2026-07-28,S03,P446,35.0,0,21,14,56,4
2026-07-29,S03,P446,14.0,0,14,0,56,4
2026-07-30,S03,P446,0.0,37,16,21,56,4
2026-07-31,S03,P446,21.0,0,13,8,56,4
2026-08-01,S03,P446,8.0,40,16,32,56,4
2026-08-02,S03,P446,32.0,0,21,11,56,4
2026-08-03,S03,P446,11.0,0,11,0,56,4
2026-08-04,S03,P446,0.0,43,8,35,56,4
2026-08-05,S03,P446,35.0,0,6,29,56,4
2026-08-06,S03,P446,29.0,37,3,63,56,4
2026-08-07,S03,P446,63.0,0,8,55,56,4
2026-08-08,S03,P446,55.0,0,7,48,56,4
2026-08-09,S03,P446,48.0,0,15,33,56,4
2026-08-10,S03,P446,33.0,0,5,28,56,4
2026-08-11,S03,P446,28.0,36,9,55,56,4
2026-08-12,S03,P446,55.0,0,20,35,56,4
2026-08-13,S03,P446,35.0,0,6,29,56,4
2026-08-14,S03,P446,29.0,0,20,9,56,4
2026-08-15,S03,P446,9.0,36,27,18,56,4
2026-08-16,S03,P446,18.0,0,16,2,56,4
2026-08-17,S03,P446,2.0,0,2,0,56,4
2026-08-18,S03,P446,0.0,46,9,37,56,4
2026-08-19,S03,P446,37.0,0,18,19,56,4
2026-08-20,S03,P446,19.0,43,12,50,56,4
2026-08-21,S03,P446,50.0,0,18,32,56,4
2026-08-22,S03,P446,32.0,0,19,13,56,4
2026-08-23,S03,P446,13.0,0,13,0,56,4
2026-08-24,S03,P446,0.0,41,11,30,56,4
2026-08-25,S03,P446,30.0,0,20,10,56,4
2026-08-26,S03,P446,10.0,37,18,29,56,4
2026-08-27,S03,P446,29.0,0,13,16,56,4
2026-08-28,S03,P446,16.0,0,16,0,56,4
2026-08-29,S03,P446,0.0,44,38,6,56,4
2026-08-30,S03,P446,6.0,0,6,0,56,4
2026-08-31,S03,P446,0.0,0,0,0,56,4
2026-05-01,S03,P501,75.0,0,2,73,46,4
2026-05-02,S03,P501,73.0,0,10,63,46,4
2026-05-03,S03,P501,63.0,0,15,48,46,4
2026-05-04,S03,P501,48.0,0,4,62,46,4
2026-05-05,S03,P501,44.0,0,6,38,46,4
2026-05-06,S03,P501,38.0,0,7,31,46,4
2026-05-07,S03,P501,31.0,0,10,21,46,4
2026-05-08,S03,P501,21.0,31,12,40,46,4
2026-05-09,S03,P501,40.0,0,16,24,46,4
2026-05-10,S03,P501,24.0,0,12,12,46,4
2026-05-11,S03,P501,12.0,0,11,1,46,4
2026-05-12,S03,P501,1.0,35,4,32,46,4
2026-05-13,S03,P501,32.0,0,5,27,46,4
2026-05-14,S03,P501,27.0,0,12,15,46,4
2026-05-15,S03,P501,15.0,39,7,47,46,4
2026-05-16,S03,P501,47.0,0,12,35,46,4
2026-05-17,S03,P501,35.0,0,13,22,46,4
2026-05-18,S03,P501,22.0,0,10,12,46,4
2026-05-19,S03,P501,12.0,0,7,5,46,4
2026-05-20,S03,P501,5.0,40,4,41,46,4
2026-05-21,S03,P501,41.0,0,10,31,46,4
2026-05-22,S03,P501,31.0,0,11,20,46,4
2026-05-23,S03,P501,20.0,0,15,5,46,4
2026-05-24,S03,P501,5.0,30,15,20,46,4
2026-05-25,S03,P501,20.0,0,14,6,46,4
2026-05-26,S03,P501,6.0,0,6,0,46,4
2026-05-27,S03,P501,0.0,40,11,29,46,4
2026-05-28,S03,P501,29.0,0,9,20,46,4
2026-05-29,S03,P501,20.0,29,5,44,46,4
2026-05-30,S03,P501,44.0,0,6,38,46,4
2026-05-31,S03,P501,38.0,0,14,24,46,4
2026-06-01,S03,P501,24.0,0,17,7,46,4
2026-06-02,S03,P501,7.0,0,7,0,46,4
2026-06-03,S03,P501,0.0,31,7,24,46,4
2026-06-04,S03,P501,24.0,0,5,19,46,4
2026-06-05,S03,P501,19.0,0,10,9,46,4
2026-06-06,S03,P501,9.0,37,10,36,46,4
2026-06-07,S03,P501,36.0,0,5,31,46,4
2026-06-08,S03,P501,31.0,0,10,21,46,4
2026-06-09,S03,P501,21.0,29,10,40,46,4
2026-06-10,S03,P501,40.0,0,6,34,46,4
2026-06-11,S03,P501,34.0,0,8,26,46,4
2026-06-12,S03,P501,26.0,0,8,18,46,4
2026-06-13,S03,P501,18.0,35,16,37,46,4
2026-06-14,S03,P501,37.0,0,9,28,46,4
2026-06-15,S03,P501,28.0,0,6,22,46,4
2026-06-16,S03,P501,22.0,0,9,13,46,4
2026-06-17,S03,P501,13.0,38,14,37,46,4
2026-06-18,S03,P501,37.0,0,6,31,46,4
2026-06-19,S03,P501,31.0,0,10,21,46,4
2026-06-20,S03,P501,21.0,0,10,11,46,4
2026-06-21,S03,P501,11.0,0,9,2,46,4
2026-06-22,S03,P501,2.0,38,17,23,46,4
2026-06-23,S03,P501,23.0,0,14,47,46,4
2026-06-24,S03,P501,9.0,0,9,0,46,4
2026-06-25,S03,P501,0.0,35,10,25,46,4
2026-06-26,S03,P501,25.0,0,14,11,46,4
2026-06-27,S03,P501,11.0,31,25,17,46,4
2026-06-28,S03,P501,17.0,0,17,0,46,4
2026-06-29,S03,P501,0.0,0,0,0,46,4
2026-06-30,S03,P501,0.0,33,9,24,46,4
2026-07-01,S03,P501,24.0,0,13,11,46,4
2026-07-02,S03,P501,11.0,42,19,34,46,4
2026-07-03,S03,P501,34.0,0,18,16,46,4
2026-07-04,S03,P501,16.0,0,16,0,46,4
2026-07-05,S03,P501,0.0,0,0,0,46,4
2026-07-06,S03,P501,0.0,41,10,31,46,4
2026-07-07,S03,P501,31.0,0,8,23,46,4
2026-07-08,S03,P501,23.0,34,16,41,46,4
2026-07-09,S03,P501,41.0,0,15,26,46,4
2026-07-10,S03,P501,26.0,0,7,19,46,4
2026-07-11,S03,P501,19.0,0,11,8,46,4
2026-07-12,S03,P501,8.0,34,11,31,46,4
2026-07-13,S03,P501,31.0,0,10,21,46,4
2026-07-14,S03,P501,21.0,0,10,11,46,4
2026-07-15,S03,P501,11.0,33,10,34,46,4
2026-07-16,S03,P501,34.0,0,8,26,46,4
2026-07-17,S03,P501,26.0,0,7,19,46,4
2026-07-18,S03,P501,19.0,31,12,38,46,4
2026-07-19,S03,P501,38.0,0,7,31,46,4
2026-07-20,S03,P501,31.0,0,4,27,46,4
2026-07-21,S03,P501,27.0,0,12,15,46,4
2026-07-22,S03,P501,15.0,37,7,45,46,4
2026-07-23,S03,P501,45.0,0,10,35,46,4
2026-07-24,S03,P501,35.0,0,22,13,46,4
2026-07-25,S03,P501,13.0,0,13,0,46,4
2026-07-26,S03,P501,0.0,30,23,7,46,4
2026-07-27,S03,P501,7.0,0,7,0,46,4
2026-07-28,S03,P501,0.0,32,14,18,46,4
2026-07-29,S03,P501,18.0,0,18,0,46,4
2026-07-30,S03,P501,0.0,36,15,21,46,4
2026-07-31,S03,P501,21.0,0,12,9,46,4
2026-08-01,S03,P501,9.0,0,9,0,46,4
2026-08-02,S03,P501,0.0,39,15,24,46,4
2026-08-03,S03,P501,24.0,0,9,38,46,4
2026-08-04,S03,P501,15.0,0,5,10,46,4
2026-08-05,S03,P501,10.0,36,13,54,46,4
2026-08-06,S03,P501,33.0,0,23,10,46,4
2026-08-07,S03,P501,10.0,0,10,0,46,4
2026-08-08,S03,P501,0.0,29,14,15,46,4
2026-08-09,S03,P501,15.0,0,5,10,46,4
2026-08-10,S03,P501,10.0,36,13,33,46,4
2026-08-11,S03,P501,33.0,0,10,23,46,4
2026-08-12,S03,P501,23.0,0,8,15,46,4
2026-08-13,S03,P501,15.0,29,11,33,46,4
2026-08-14,S03,P501,33.0,0,11,22,46,4
2026-08-15,S03,P501,22.0,0,13,-1,46,4
2026-08-16,S03,P501,9.0,31,9,31,46,4
2026-08-17,S03,P501,31.0,0,12,19,46,4
2026-08-18,S03,P501,19.0,0,11,8,46,4
2026-08-19,S03,P501,8.0,35,10,33,46,4
2026-08-20,S03,P501,33.0,0,5,28,46,4
2026-08-21,S03,P501,28.0,0,14,14,46,4
2026-08-22,S03,P501,14.0,32,22,24,46,4
2026-08-23,S03,P501,24.0,0,19,5,46,4
2026-08-24,S03,P501,5.0,0,5,0,46,4
2026-08-25,S03,P501,0.0,29,14,15,46,4
2026-08-26,S03,P501,15.0,0,12,3,46,4
2026-08-27,S03,P501,3.0,41,9,35,46,4
2026-08-28,S03,P501,35.0,0,5,30,46,4
2026-08-29,S03,P501,30.0,0,9,21,46,4
2026-08-30,S03,P501,21.0,31,9,43,46,4
2026-08-31,S03,P501,43.0,0,4,39,46,4
2026-05-01,S03,P502,61.0,0,7,54,37,4
2026-05-02,S03,P502,54.0,0,6,48,37,4
2026-05-03,S03,P502,48.0,0,11,37,37,4
2026-05-04,S03,P502,37.0,0,8,29,37,4
2026-05-05,S03,P502,29.0,0,7,22,37,4
2026-05-06,S03,P502,22.0,0,16,6,37,4
2026-05-07,S03,P502,6.0,24,10,20,37,4
2026-05-08,S03,P502,20.0,0,17,3,37,4
2026-05-09,S03,P502,3.0,0,3,0,37,4
2026-05-10,S03,P502,0.0,31,16,15,37,4
2026-05-11,S03,P502,15.0,0,7,8,37,4
2026-05-12,S03,P502,8.0,27,12,23,37,4
2026-05-13,S03,P502,23.0,0,11,12,37,4
2026-05-14,S03,P502,12.0,0,9,3,37,4
2026-05-15,S03,P502,3.0,26,5,24,37,4
2026-05-16,S03,P502,24.0,0,9,15,37,4
2026-05-17,S03,P502,15.0,0,11,4,37,4
2026-05-18,S03,P502,4.0,32,6,30,37,4
2026-05-19,S03,P502,30.0,0,8,22,37,4
2026-05-20,S03,P502,22.0,0,6,16,37,4
2026-05-21,S03,P502,16.0,25,5,36,37,4
2026-05-22,S03,P502,36.0,0,5,31,37,4
2026-05-23,S03,P502,31.0,0,6,25,37,4
2026-05-24,S03,P502,25.0,0,7,18,37,4
2026-05-26,S03,P502,37.0,0,2,35,37,4
2026-05-27,S03,P502,35.0,0,1,34,37,4
2026-05-28,S03,P502,34.0,0,3,31,37,4
2026-05-29,S03,P502,31.0,24,6,49,37,4
2026-05-30,S03,P502,49.0,0,20,29,37,4
2026-05-31,S03,P502,29.0,0,6,23,37,4
2026-06-01,S03,P502,23.0,0,12,11,37,4
2026-06-02,S03,P502,11.0,0,9,2,37,4
2026-06-03,S03,P502,2.0,32,5,29,37,4
2026-06-04,S03,P502,29.0,0,6,23,37,4
2026-06-05,S03,P502,23.0,0,7,16,37,4
2026-06-06,S03,P502,16.0,27,8,35,37,4
2026-06-07,S03,P502,35.0,0,13,22,37,4
2026-06-08,S03,P502,22.0,0,8,14,37,4
2026-06-09,S03,P502,14.0,0,5,9,37,4
2026-06-10,S03,P502,9.0,26,8,27,37,4
2026-06-11,S03,P502,27.0,0,9,18,37,4
2026-06-12,S03,P502,18.0,0,14,4,37,4
2026-06-13,S03,P502,4.0,26,7,23,37,4
2026-06-14,S03,P502,23.0,0,11,12,37,4
2026-06-15,S03,P502,12.0,0,4,-13,37,4
2026-06-16,S03,P502,8.0,31,7,32,37,4
2026-06-17,S03,P502,32.0,0,14,18,37,4
2026-06-18,S03,P502,18.0,0,7,11,37,4
2026-06-19,S03,P502,11.0,0,10,1,37,4
2026-06-20,S03,P502,1.0,29,8,22,37,4
2026-06-21,S03,P502,22.0,0,8,14,37,4
2026-06-22,S03,P502,14.0,0,4,10,37,4
2026-06-23,S03,P502,10.0,31,4,37,37,4
2026-06-24,S03,P502,37.0,0,7,30,37,4
2026-06-25,S03,P502,30.0,0,11,19,37,4
2026-06-26,S03,P502,19.0,0,11,8,37,4
2026-06-27,S03,P502,8.0,24,8,24,37,4
2026-06-28,S03,P502,24.0,0,16,8,37,4
2026-06-29,S03,P502,8.0,0,7,1,37,4
2026-06-30,S03,P502,1.0,29,5,25,37,4
2026-07-01,S03,P502,25.0,0,8,17,37,4
2026-07-02,S03,P502,17.0,24,13,28,37,4
2026-07-03,S03,P502,28.0,0,12,16,37,4
2026-07-04,S03,P502,16.0,0,8,8,37,4
2026-07-05,S03,P502,8.0,0,8,0,37,4
2026-07-06,S03,P502,0.0,33,5,28,37,4
2026-07-07,S03,P502,28.0,0,9,19,37,4
2026-07-08,S03,P502,19.0,0,4,15,37,4
2026-07-09,S03,P502,15.0,28,14,29,37,4
2026-07-10,S03,P502,29.0,0,1,28,37,4
2026-07-11,S03,P502,28.0,0,9,19,37,4
2026-07-12,S03,P502,19.0,0,4,15,37,4
2026-07-13,S03,P502,15.0,32,6,41,37,4
2026-07-14,S03,P502,41.0,0,9,32,37,4
2026-07-15,S03,P502,32.0,0,7,25,37,4
2026-07-16,S03,P502,25.0,0,11,14,37,4
2026-07-17,S03,P502,14.0,0,14,0,37,4
2026-07-18,S03,P502,0.0,29,19,10,37,4
2026-07-19,S03,P502,10.0,0,10,38,37,4
2026-07-20,S03,P502,0.0,0,0,0,37,4
2026-07-21,S03,P502,0.0,32,9,23,37,4
2026-07-22,S03,P502,23.0,0,6,17,37,4
2026-07-23,S03,P502,17.0,29,8,38,37,4
2026-07-24,S03,P502,38.0,0,12,26,37,4
2026-07-25,S03,P502,26.0,0,8,18,37,4
2026-07-26,S03,P502,18.0,0,9,9,37,4
2026-07-27,S03,P502,9.0,0,9,0,37,4
2026-07-28,S03,P502,0.0,35,12,23,37,4
2026-07-29,S03,P502,23.0,0,16,7,37,4
2026-07-30,S03,P502,7.0,0,7,0,37,4
2026-07-31,S03,P502,0.0,0,0,0,37,4
2026-08-01,S03,P502,0.0,26,11,15,37,4
2026-08-02,S03,P502,15.0,28,12,31,37,4
2026-08-03,S03,P502,31.0,0,9,22,37,4
2026-08-04,S03,P502,22.0,0,11,11,37,4
2026-08-05,S03,P502,11.0,0,11,0,37,4
2026-08-06,S03,P502,0.0,30,10,20,37,4
2026-08-07,S03,P502,20.0,0,7,13,37,4
2026-08-08,S03,P502,13.0,0,11,2,37,4
2026-08-09,S03,P502,2.0,31,22,11,37,4
2026-08-10,S03,P502,11.0,0,11,0,37,4
2026-08-11,S03,P502,0.0,0,0,0,37,4
2026-08-12,S03,P502,0.0,28,5,23,37,4
2026-08-13,S03,P502,23.0,0,4,19,37,4
2026-08-14,S03,P502,19.0,33,8,44,37,4
2026-08-15,S03,P502,44.0,0,10,34,37,4
2026-08-16,S03,P502,34.0,0,8,26,37,4
2026-08-17,S03,P502,26.0,0,13,13,37,4
2026-08-18,S03,P502,13.0,0,6,7,37,4
2026-08-19,S03,P502,7.0,27,8,26,37,4
2026-08-20,S03,P502,26.0,0,8,18,37,4
2026-08-21,S03,P502,18.0,0,6,12,37,4
2026-08-22,S03,P502,12.0,27,13,26,37,4
2026-08-23,S03,P502,26.0,0,13,13,37,4
2026-08-24,S03,P502,13.0,0,13,0,37,4
2026-08-25,S03,P502,0.0,0,0,0,37,4
2026-08-26,S03,P502,0.0,35,19,16,37,4
2026-08-27,S03,P502,16.0,0,10,6,37,4
2026-08-28,S03,P502,6.0,26,8,24,37,4
2026-08-29,S03,P502,24.0,0,7,17,37,4
2026-08-30,S03,P502,17.0,0,15,2,37,4
2026-08-31,S03,P502,2.0,29,10,21,37,4
2026-05-01,S03,P504,39.0,0,9,30,24,4
2026-05-02,S03,P504,30.0,0,8,22,24,4
2026-05-03,S03,P504,22.0,0,3,19,24,4
2026-05-04,S03,P504,19.0,0,5,14,24,4
2026-05-05,S03,P504,14.0,0,1,13,24,4
2026-05-06,S03,P504,13.0,17,3,27,24,4
2026-05-07,S03,P504,27.0,0,11,16,24,4
2026-05-08,S03,P504,16.0,0,3,13,24,4
2026-05-09,S03,P504,13.0,0,6,7,24,4
2026-05-10,S03,P504,7.0,0,7,0,24,4
2026-05-11,S03,P504,0.0,23,7,16,24,4
2026-05-12,S03,P504,16.0,0,3,13,24,4
2026-05-13,S03,P504,13.0,0,6,7,24,4
2026-05-14,S03,P504,7.0,16,6,17,24,4
2026-05-15,S03,P504,17.0,0,8,9,24,4
2026-05-16,S03,P504,9.0,0,5,4,24,4
2026-05-17,S03,P504,4.0,16,5,15,24,4
2026-05-18,S03,P504,15.0,0,3,12,24,4
2026-05-19,S03,P504,12.0,0,8,4,24,4
2026-05-20,S03,P504,4.0,19,5,18,24,4
2026-05-21,S03,P504,18.0,0,1,17,24,4
2026-05-22,S03,P504,17.0,0,8,9,24,4
2026-05-23,S03,P504,9.0,16,7,18,24,4
2026-05-24,S03,P504,18.0,0,6,12,24,4
2026-05-25,S03,P504,12.0,0,0,12,24,4
2026-05-26,S03,P504,12.0,0,3,9,24,4
2026-05-27,S03,P504,9.0,21,8,22,24,4
2026-05-28,S03,P504,22.0,0,1,21,24,4
2026-05-29,S03,P504,21.0,0,1,20,24,4
2026-05-30,S03,P504,20.0,0,5,15,24,4
2026-05-31,S03,P504,15.0,17,16,16,24,4
2026-06-01,S03,P504,16.0,0,8,8,24,4
2026-06-02,S03,P504,8.0,0,6,2,24,4
2026-06-03,S03,P504,2.0,0,2,0,24,4
2026-06-04,S03,P504,0.0,23,11,12,24,4
2026-06-05,S03,P504,12.0,0,11,1,24,4
2026-06-06,S03,P504,1.0,0,1,0,24,4
2026-06-07,S03,P504,0.0,16,5,11,24,4
2026-06-08,S03,P504,11.0,0,4,7,24,4
2026-06-09,S03,P504,7.0,22,4,25,24,4
2026-06-10,S03,P504,25.0,0,3,22,24,4
2026-06-11,S03,P504,22.0,0,0,22,24,4
2026-06-12,S03,P504,22.0,0,6,16,24,4
2026-06-13,S03,P504,16.0,0,11,5,24,4
2026-06-14,S03,P504,5.0,17,6,16,24,4
2026-06-15,S03,P504,16.0,0,5,11,24,4
2026-06-16,S03,P504,11.0,0,3,8,24,4
2026-06-17,S03,P504,8.0,17,3,22,24,4
2026-06-18,S03,P504,22.0,0,1,21,24,4
2026-06-19,S03,P504,21.0,0,4,17,24,4
2026-06-20,S03,P504,17.0,0,8,9,24,4
2026-06-21,S03,P504,9.0,17,5,21,24,4
2026-06-22,S03,P504,21.0,0,4,17,24,4
2026-06-23,S03,P504,17.0,0,1,16,24,4
2026-06-24,S03,P504,16.0,0,4,12,24,4
2026-06-25,S03,P504,12.0,18,2,28,24,4
2026-06-26,S03,P504,28.0,0,7,21,24,4
2026-06-27,S03,P504,21.0,0,4,17,24,4
2026-06-28,S03,P504,17.0,0,7,41,24,4
2026-06-29,S03,P504,10.0,0,5,5,24,4
2026-06-30,S03,P504,5.0,18,5,18,24,4
2026-07-01,S03,P504,18.0,0,7,11,24,4
2026-07-02,S03,P504,11.0,0,2,9,24,4
2026-07-03,S03,P504,9.0,16,15,10,24,4
2026-07-04,S03,P504,10.0,0,8,2,24,4
2026-07-05,S03,P504,2.0,0,2,0,24,4
2026-07-06,S03,P504,0.0,0,0,0,24,4
2026-07-07,S03,P504,0.0,29,5,24,24,4
2026-07-08,S03,P504,24.0,0,1,23,24,4
2026-07-09,S03,P504,23.0,0,4,19,24,4
2026-07-10,S03,P504,19.0,0,5,14,24,4
2026-07-11,S03,P504,14.0,0,2,12,24,4
2026-07-12,S03,P504,12.0,15,7,20,24,4
2026-07-13,S03,P504,20.0,0,7,13,24,4
2026-07-14,S03,P504,13.0,0,8,5,24,4
2026-07-15,S03,P504,5.0,0,2,3,24,4
2026-07-16,S03,P504,3.0,19,8,14,24,4
2026-07-17,S03,P504,14.0,0,7,7,24,4
2026-07-18,S03,P504,7.0,15,5,17,24,4
2026-07-19,S03,P504,17.0,0,7,10,24,4
2026-07-20,S03,P504,10.0,0,3,7,24,4
2026-07-21,S03,P504,7.0,17,10,14,24,4
2026-07-22,S03,P504,14.0,0,3,11,24,4
2026-07-23,S03,P504,11.0,0,4,7,24,4
2026-07-24,S03,P504,7.0,15,3,19,24,4
2026-07-25,S03,P504,19.0,0,6,13,24,4
2026-07-26,S03,P504,13.0,0,5,8,24,4
2026-07-27,S03,P504,8.0,17,15,10,24,4
2026-07-28,S03,P504,10.0,0,2,8,24,4
2026-07-29,S03,P504,8.0,0,6,2,24,4
2026-07-30,S03,P504,2.0,0,1,1,24,4
2026-07-31,S03,P504,1.0,0,1,0,24,4
2026-08-01,S03,P504,0.0,29,5,24,24,4
2026-08-02,S03,P504,24.0,0,7,17,24,4
2026-08-03,S03,P504,17.0,0,12,5,24,4
2026-08-04,S03,P504,5.0,0,5,0,24,4
2026-08-05,S03,P504,0.0,15,3,12,24,4
2026-08-06,S03,P504,12.0,0,3,9,24,4
2026-08-07,S03,P504,9.0,19,8,20,24,4
2026-08-08,S03,P504,20.0,0,6,14,24,4
2026-08-09,S03,P504,14.0,0,7,7,24,4
2026-08-10,S03,P504,7.0,0,2,5,24,4
2026-08-11,S03,P504,5.0,19,4,20,24,4
2026-08-12,S03,P504,20.0,0,1,19,24,4
2026-08-13,S03,P504,19.0,0,1,51,24,4
2026-08-14,S03,P504,18.0,15,6,27,24,4
2026-08-15,S03,P504,27.0,0,8,19,24,4
2026-08-16,S03,P504,19.0,0,8,11,24,4
2026-08-17,S03,P504,11.0,0,5,6,24,4
2026-08-18,S03,P504,6.0,0,6,0,24,4
2026-08-19,S03,P504,0.0,20,6,14,24,4
2026-08-20,S03,P504,14.0,0,10,4,24,4
2026-08-21,S03,P504,4.0,0,4,0,24,4
2026-08-22,S03,P504,0.0,19,6,13,24,4
2026-08-23,S03,P504,13.0,0,3,10,24,4
2026-08-24,S03,P504,10.0,16,10,16,24,4
2026-08-25,S03,P504,16.0,0,12,4,24,4
2026-08-26,S03,P504,4.0,0,4,0,24,4
2026-08-27,S03,P504,0.0,0,0,0,24,4
2026-08-28,S03,P504,0.0,23,9,14,24,4
2026-08-29,S03,P504,14.0,0,4,10,24,4
2026-08-30,S03,P504,10.0,16,4,22,24,4
2026-08-31,S03,P504,22.0,0,3,19,24,4
2026-05-01,S03,P505,45.0,0,5,40,27,4
2026-05-02,S03,P505,40.0,0,9,31,27,4
2026-05-03,S03,P505,31.0,0,8,23,27,4
2026-05-04,S03,P505,23.0,0,2,21,27,4
2026-05-05,S03,P505,21.0,0,4,17,27,4
2026-05-06,S03,P505,17.0,0,3,14,27,4
2026-05-07,S03,P505,14.0,22,3,33,27,4
2026-05-08,S03,P505,33.0,0,2,24,27,4
2026-05-09,S03,P505,31.0,0,8,23,27,4
2026-05-10,S03,P505,23.0,0,8,15,27,4
2026-05-11,S03,P505,15.0,0,5,10,27,4
2026-05-12,S03,P505,10.0,0,8,2,27,4
2026-05-13,S03,P505,2.0,0,2,0,27,4
2026-05-14,S03,P505,0.0,22,7,15,27,4
2026-05-15,S03,P505,15.0,0,8,7,27,4
2026-05-16,S03,P505,7.0,21,10,18,27,4
2026-05-17,S03,P505,18.0,0,5,13,27,4
2026-05-18,S03,P505,13.0,0,5,8,27,4
2026-05-19,S03,P505,8.0,0,2,6,27,4
2026-05-20,S03,P505,6.0,27,2,31,27,4
2026-05-21,S03,P505,31.0,0,8,23,27,4
2026-05-22,S03,P505,23.0,0,4,19,27,4
2026-05-23,S03,P505,19.0,0,6,13,27,4
2026-05-24,S03,P505,13.0,0,3,10,27,4
2026-05-25,S03,P505,10.0,0,4,6,27,4
2026-05-26,S03,P505,6.0,22,9,19,27,4
2026-05-27,S03,P505,19.0,0,6,13,27,4
2026-05-28,S03,P505,13.0,0,3,10,27,4
2026-05-29,S03,P505,10.0,0,7,3,27,4
2026-05-30,S03,P505,3.0,26,6,23,27,4
2026-05-31,S03,P505,23.0,0,5,18,27,4
2026-06-01,S03,P505,18.0,0,5,13,27,4
2026-06-02,S03,P505,13.0,0,5,8,27,4
2026-06-03,S03,P505,8.0,0,3,5,27,4
2026-06-04,S03,P505,5.0,22,6,21,27,4
2026-06-05,S03,P505,21.0,0,4,17,27,4
2026-06-06,S03,P505,17.0,0,10,7,27,4
2026-06-07,S03,P505,7.0,18,9,16,27,4
2026-06-08,S03,P505,16.0,0,11,5,27,4
2026-06-09,S03,P505,5.0,0,1,4,27,4
2026-06-10,S03,P505,4.0,20,5,19,27,4
2026-06-11,S03,P505,19.0,0,3,16,27,4
2026-06-12,S03,P505,16.0,20,6,30,27,4
2026-06-13,S03,P505,30.0,0,6,24,27,4
2026-06-14,S03,P505,24.0,0,7,17,27,4
2026-06-15,S03,P505,17.0,0,8,9,27,4
2026-06-16,S03,P505,9.0,0,9,0,27,4
2026-06-17,S03,P505,0.0,21,8,13,27,4
2026-06-18,S03,P505,13.0,0,7,6,27,4
2026-06-19,S03,P505,6.0,0,6,0,27,4
2026-06-20,S03,P505,0.0,24,10,14,27,4
2026-06-21,S03,P505,14.0,0,8,6,27,4
2026-06-22,S03,P505,6.0,0,5,1,27,4
2026-06-23,S03,P505,1.0,21,4,18,27,4
2026-06-24,S03,P505,18.0,0,7,11,27,4
2026-06-25,S03,P505,11.0,18,6,23,27,4
2026-06-26,S03,P505,23.0,0,11,12,27,4
2026-06-27,S03,P505,12.0,0,8,4,27,4
2026-06-28,S03,P505,4.0,0,4,0,27,4
2026-06-29,S03,P505,0.0,22,5,17,27,4
2026-06-30,S03,P505,17.0,0,4,13,27,4
2026-07-01,S03,P505,13.0,19,8,24,27,4
2026-07-02,S03,P505,24.0,0,3,21,27,4
2026-07-03,S03,P505,21.0,0,6,15,27,4
2026-07-04,S03,P505,15.0,0,12,3,27,4
2026-07-05,S03,P505,3.0,21,10,14,27,4
2026-07-06,S03,P505,14.0,0,11,3,27,4
2026-07-07,S03,P505,3.0,0,3,0,27,4
2026-07-08,S03,P505,0.0,0,0,0,27,4
2026-07-09,S03,P505,0.0,0,0,0,27,4
2026-07-10,S03,P505,0.0,42,8,34,27,4
2026-07-11,S03,P505,34.0,0,8,26,27,4
2026-07-12,S03,P505,26.0,0,7,19,27,4
2026-07-13,S03,P505,19.0,0,6,13,27,4
2026-07-14,S03,P505,13.0,0,8,5,27,4
2026-07-15,S03,P505,5.0,19,3,21,27,4
2026-07-16,S03,P505,21.0,0,5,16,27,4
2026-07-17,S03,P505,16.0,0,9,7,27,4
2026-07-18,S03,P505,7.0,21,9,19,27,4
2026-07-19,S03,P505,19.0,0,9,10,27,4
2026-07-20,S03,P505,10.0,0,7,3,27,4
2026-07-21,S03,P505,3.0,0,3,0,27,4
2026-07-22,S03,P505,0.0,26,4,22,27,4
2026-07-23,S03,P505,22.0,0,7,15,27,4
2026-07-24,S03,P505,15.0,0,7,8,27,4
2026-07-25,S03,P505,8.0,19,12,15,27,4
2026-07-26,S03,P505,15.0,0,10,5,27,4
2026-07-27,S03,P505,5.0,0,5,0,27,4
2026-07-28,S03,P505,0.0,18,2,16,27,4
2026-07-29,S03,P505,16.0,0,2,14,27,4
2026-07-30,S03,P505,14.0,22,2,34,27,4
2026-07-31,S03,P505,34.0,0,3,31,27,4
2026-08-01,S03,P505,31.0,0,12,19,27,4
2026-08-02,S03,P505,19.0,0,12,7,27,4
2026-08-03,S03,P505,7.0,0,4,3,27,4
2026-08-04,S03,P505,3.0,0,3,0,27,4
2026-08-05,S03,P505,0.0,26,4,22,27,4
2026-08-06,S03,P505,22.0,0,5,17,27,4
2026-08-07,S03,P505,17.0,0,8,9,27,4
2026-08-08,S03,P505,9.0,19,7,21,27,4
2026-08-09,S03,P505,21.0,0,10,11,27,4
2026-08-10,S03,P505,11.0,0,5,6,27,4
2026-08-11,S03,P505,6.0,0,6,0,27,4
2026-08-12,S03,P505,0.0,24,0,24,27,4
2026-08-13,S03,P505,24.0,0,8,16,27,4
2026-08-14,S03,P505,16.0,0,9,7,27,4
2026-08-15,S03,P505,7.0,21,10,18,27,4
2026-08-16,S03,P505,18.0,0,9,9,27,4
2026-08-17,S03,P505,9.0,0,1,8,27,4
2026-08-18,S03,P505,8.0,0,6,2,27,4
2026-08-19,S03,P505,2.0,27,11,18,27,4
2026-08-20,S03,P505,18.0,0,6,12,27,4
2026-08-21,S03,P505,12.0,0,9,3,27,4
2026-08-22,S03,P505,3.0,0,3,0,27,4
2026-08-23,S03,P505,0.0,27,11,16,27,4
2026-08-24,S03,P505,16.0,0,5,11,27,4
2026-08-25,S03,P505,11.0,0,11,0,27,4
2026-08-26,S03,P505,0.0,18,11,7,27,4
2026-08-27,S03,P505,7.0,0,1,6,27,4
2026-08-28,S03,P505,6.0,0,4,2,27,4
2026-08-29,S03,P505,2.0,27,11,18,27,4
2026-08-30,S03,P505,18.0,0,7,-11,27,4
2026-08-31,S03,P505,11.0,0,6,5,27,4
2026-05-01,S03,P506,59.0,0,15,44,41,2
2026-05-02,S03,P506,44.0,0,14,30,41,2
2026-05-03,S03,P506,30.0,0,25,5,41,2
2026-05-04,S03,P506,5.0,29,13,21,41,2
2026-05-05,S03,P506,21.0,25,12,34,41,2
2026-05-06,S03,P506,34.0,0,14,20,41,2
2026-05-07,S03,P506,20.0,0,15,5,41,2
2026-05-08,S03,P506,5.0,0,5,0,41,2
2026-05-09,S03,P506,0.0,25,11,14,41,2
2026-05-10,S03,P506,14.0,29,10,33,41,2
2026-05-11,S03,P506,33.0,0,14,19,41,2
2026-05-12,S03,P506,19.0,26,14,31,41,2
2026-05-13,S03,P506,31.0,0,13,18,41,2
2026-05-14,S03,P506,18.0,28,12,34,41,2
2026-05-15,S03,P506,34.0,0,23,11,41,2
2026-05-16,S03,P506,11.0,25,20,16,41,2
2026-05-17,S03,P506,16.0,23,14,25,41,2
2026-05-18,S03,P506,25.0,0,14,11,41,2
2026-05-19,S03,P506,11.0,20,20,11,41,2
2026-05-20,S03,P506,11.0,28,32,7,41,2
2026-05-21,S03,P506,7.0,20,27,0,41,2
2026-05-22,S03,P506,0.0,32,26,6,41,2
2026-05-23,S03,P506,6.0,27,33,0,41,2
2026-05-24,S03,P506,0.0,26,14,12,41,2
2026-05-25,S03,P506,12.0,33,18,27,41,2
2026-05-26,S03,P506,27.0,0,15,12,41,2
2026-05-27,S03,P506,12.0,32,24,20,41,2
2026-05-28,S03,P506,20.0,0,11,9,41,2
2026-05-29,S03,P506,9.0,39,11,37,41,2
2026-05-30,S03,P506,37.0,0,16,21,41,2
2026-05-31,S03,P506,21.0,22,8,35,41,2
2026-06-01,S03,P506,35.0,0,15,20,41,2
2026-06-02,S03,P506,20.0,24,18,26,41,2
2026-06-03,S03,P506,26.0,0,25,1,41,2
2026-06-04,S03,P506,1.0,0,1,0,41,2
2026-06-05,S03,P506,0.0,58,10,48,41,2
2026-06-06,S03,P506,48.0,0,19,29,41,2
2026-06-07,S03,P506,29.0,0,22,7,41,2
2026-06-08,S03,P506,7.0,0,7,0,41,2
2026-06-09,S03,P506,0.0,52,7,45,41,2
2026-06-10,S03,P506,45.0,0,20,25,41,2
2026-06-11,S03,P506,25.0,0,15,10,41,2
2026-06-12,S03,P506,10.0,34,7,37,41,2
2026-06-13,S03,P506,37.0,0,7,30,41,2
2026-06-14,S03,P506,30.0,22,12,40,41,2
2026-06-15,S03,P506,40.0,0,10,30,41,2
2026-06-16,S03,P506,30.0,19,15,34,41,2
2026-06-17,S03,P506,34.0,0,16,18,41,2
2026-06-18,S03,P506,18.0,25,9,34,41,2
2026-06-19,S03,P506,34.0,0,20,14,41,2
2026-06-20,S03,P506,14.0,25,27,12,41,2
2026-06-21,S03,P506,12.0,20,26,6,41,2
2026-06-22,S03,P506,6.0,27,16,17,41,2
2026-06-23,S03,P506,17.0,26,7,36,41,2
2026-06-24,S03,P506,36.0,0,14,22,41,2
2026-06-25,S03,P506,22.0,23,13,32,41,2
2026-06-26,S03,P506,32.0,0,20,12,41,2
2026-06-27,S03,P506,12.0,27,24,15,41,2
2026-06-28,S03,P506,15.0,20,14,21,41,2
2026-06-29,S03,P506,21.0,0,12,9,41,2
2026-06-30,S03,P506,9.0,24,15,18,41,2
2026-07-01,S03,P506,18.0,26,17,27,41,2
2026-07-02,S03,P506,27.0,0,12,15,41,2
2026-07-03,S03,P506,15.0,32,12,35,41,2
2026-07-04,S03,P506,35.0,0,35,0,41,2
2026-07-05,S03,P506,0.0,24,24,0,41,2
2026-07-06,S03,P506,0.0,35,35,0,41,2
2026-07-07,S03,P506,0.0,24,24,0,41,2
2026-07-08,S03,P506,0.0,35,16,19,41,2
2026-07-09,S03,P506,19.0,24,35,8,41,2
2026-07-10,S03,P506,8.0,0,8,0,41,2
2026-07-11,S03,P506,0.0,51,23,28,41,2
2026-07-12,S03,P506,28.0,0,13,15,41,2
2026-07-13,S03,P506,15.0,31,12,34,41,2
2026-07-14,S03,P506,34.0,0,27,7,41,2
2026-07-15,S03,P506,7.0,25,18,14,41,2
2026-07-16,S03,P506,14.0,27,13,28,41,2
2026-07-17,S03,P506,28.0,18,18,28,41,2
2026-07-18,S03,P506,28.0,0,20,8,41,2
2026-07-19,S03,P506,8.0,31,21,18,41,2
2026-07-20,S03,P506,18.0,20,11,27,41,2
2026-07-21,S03,P506,27.0,21,22,26,41,2
2026-07-22,S03,P506,26.0,0,18,8,41,2
2026-07-23,S03,P506,8.0,33,20,21,41,2
2026-07-24,S03,P506,21.0,18,25,14,41,2
2026-07-25,S03,P506,14.0,20,24,10,41,2
2026-07-26,S03,P506,10.0,25,26,9,41,2
2026-07-27,S03,P506,9.0,24,20,13,41,2
2026-07-28,S03,P506,13.0,26,10,29,41,2
2026-07-29,S03,P506,29.0,20,41,8,41,2
2026-07-30,S03,P506,8.0,0,8,0,41,2
2026-07-31,S03,P506,0.0,51,11,40,41,2
2026-08-01,S03,P506,40.0,0,17,23,41,2
2026-08-02,S03,P506,23.0,19,21,21,41,2
2026-08-03,S03,P506,21.0,0,21,0,41,2
2026-08-04,S03,P506,0.0,38,10,28,41,2
2026-08-05,S03,P506,28.0,0,11,17,41,2
2026-08-06,S03,P506,17.0,21,12,26,41,2
2026-08-07,S03,P506,26.0,21,12,35,41,2
2026-08-08,S03,P506,35.0,0,26,9,41,2
2026-08-09,S03,P506,9.0,24,6,27,41,2
2026-08-10,S03,P506,27.0,26,16,37,41,2
2026-08-11,S03,P506,37.0,0,9,28,41,2
2026-08-12,S03,P506,28.0,22,16,34,41,2
2026-08-13,S03,P506,34.0,0,13,21,41,2
2026-08-14,S03,P506,21.0,25,7,39,41,2
2026-08-15,S03,P506,39.0,0,18,21,41,2
2026-08-16,S03,P506,21.0,20,13,28,41,2
2026-08-17,S03,P506,28.0,18,19,27,41,2
2026-08-18,S03,P506,27.0,0,9,18,41,2
2026-08-19,S03,P506,18.0,32,15,35,41,2
2026-08-20,S03,P506,35.0,0,21,14,41,2
2026-08-21,S03,P506,14.0,0,14,0,41,2
2026-08-22,S03,P506,0.0,45,23,22,41,2
2026-08-23,S03,P506,22.0,0,22,0,41,2
2026-08-24,S03,P506,0.0,37,16,21,41,2
2026-08-25,S03,P506,21.0,22,34,9,41,2
2026-08-26,S03,P506,9.0,0,9,0,41,2
2026-08-27,S03,P506,0.0,50,10,40,41,2
2026-08-28,S03,P506,40.0,0,13,27,41,2
2026-08-29,S03,P506,27.0,19,16,30,41,2
2026-08-30,S03,P506,30.0,0,19,11,41,2
2026-08-31,S03,P506,11.0,29,15,25,41,2
2026-05-01,S03,P205,43.0,0,3,40,28,5
2026-05-02,S03,P205,40.0,0,3,37,28,5
2026-05-03,S03,P205,37.0,0,8,29,28,5
2026-05-04,S03,P205,29.0,0,6,23,28,5
2026-05-05,S03,P205,23.0,0,4,19,28,5
2026-05-06,S03,P205,19.0,0,3,16,28,5
2026-05-07,S03,P205,16.0,0,3,-25,28,5
2026-05-08,S03,P205,13.0,0,6,7,28,5
2026-05-09,S03,P205,7.0,20,6,21,28,5
2026-05-10,S03,P205,21.0,0,6,15,28,5
2026-05-11,S03,P205,15.0,0,4,11,28,5
2026-05-12,S03,P205,11.0,0,3,8,28,5
2026-05-13,S03,P205,8.0,16,3,21,28,5
2026-05-14,S03,P205,21.0,0,1,20,28,5
2026-05-15,S03,P205,20.0,0,9,11,28,5
2026-05-16,S03,P205,11.0,16,13,14,28,5
2026-05-17,S03,P205,14.0,0,2,12,28,5
2026-05-18,S03,P205,12.0,0,1,11,28,5
2026-05-19,S03,P205,11.0,0,3,8,28,5
2026-05-20,S03,P205,8.0,16,8,16,28,5
2026-05-21,S03,P205,16.0,0,7,9,28,5
2026-05-22,S03,P205,9.0,0,2,7,28,5
2026-05-23,S03,P205,7.0,0,7,0,28,5
2026-05-24,S03,P205,0.0,15,2,13,28,5
2026-05-25,S03,P205,13.0,0,5,8,28,5
2026-05-26,S03,P205,8.0,19,6,21,28,5
2026-05-27,S03,P205,21.0,0,4,17,28,5
2026-05-28,S03,P205,17.0,0,4,13,28,5
2026-05-29,S03,P205,13.0,0,2,11,28,5
2026-05-30,S03,P205,11.0,16,7,20,28,5
2026-05-31,S03,P205,20.0,0,6,14,28,5
2026-06-01,S03,P205,14.0,0,6,8,28,5
2026-06-02,S03,P205,8.0,0,3,5,28,5
2026-06-03,S03,P205,5.0,16,1,20,28,5
2026-06-04,S03,P205,20.0,0,10,10,28,5
2026-06-05,S03,P205,10.0,0,3,7,28,5
2026-06-06,S03,P205,7.0,19,4,1,28,5
2026-06-07,S03,P205,22.0,0,2,20,28,5
2026-06-08,S03,P205,20.0,0,4,16,28,5
2026-06-09,S03,P205,16.0,0,6,10,28,5
2026-06-10,S03,P205,10.0,17,0,27,28,5
2026-06-11,S03,P205,27.0,0,3,24,28,5
2026-06-12,S03,P205,24.0,0,1,23,28,5
2026-06-13,S03,P205,23.0,0,8,15,28,5
2026-06-14,S03,P205,15.0,16,6,25,28,5
2026-06-15,S03,P205,25.0,0,10,15,28,5
2026-06-17,S03,P205,10.0,0,5,-17,28,5
2026-06-18,S03,P205,5.0,0,4,1,28,5
2026-06-19,S03,P205,1.0,18,4,15,28,5
2026-06-20,S03,P205,15.0,0,7,8,28,5
2026-06-21,S03,P205,8.0,15,6,17,28,5
2026-06-22,S03,P205,17.0,0,6,11,28,5
2026-06-23,S03,P205,11.0,0,5,6,28,5
2026-06-24,S03,P205,6.0,0,3,3,28,5
2026-06-25,S03,P205,3.0,20,6,17,28,5
2026-06-26,S03,P205,17.0,0,10,7,28,5
2026-06-27,S03,P205,7.0,0,4,3,28,5
2026-06-28,S03,P205,3.0,17,5,15,28,5
2026-06-29,S03,P205,15.0,0,5,10,28,5
2026-06-30,S03,P205,10.0,0,5,5,28,5
2026-07-01,S03,P205,5.0,19,5,19,28,5
2026-07-02,S03,P205,19.0,0,10,9,28,5
2026-07-03,S03,P205,9.0,0,9,0,28,5
2026-07-04,S03,P205,0.0,0,0,0,28,5
2026-07-05,S03,P205,0.0,19,8,11,28,5
2026-07-06,S03,P205,11.0,0,6,5,28,5
2026-07-07,S03,P205,5.0,15,5,15,28,5
2026-07-08,S03,P205,15.0,0,4,11,28,5
2026-07-09,S03,P205,11.0,0,8,3,28,5
2026-07-10,S03,P205,3.0,17,6,14,28,5
2026-07-11,S03,P205,14.0,0,7,7,28,5
2026-07-12,S03,P205,7.0,0,7,0,28,5
2026-07-13,S03,P205,0.0,15,5,10,28,5
2026-07-14,S03,P205,10.0,0,4,6,28,5
2026-07-15,S03,P205,6.0,0,5,1,28,5
2026-07-16,S03,P205,1.0,21,2,20,28,5
2026-07-17,S03,P205,20.0,0,4,16,28,5
2026-07-18,S03,P205,16.0,0,3,13,28,5
2026-07-19,S03,P205,13.0,16,8,21,28,5
2026-07-20,S03,P205,21.0,0,2,19,28,5
2026-07-21,S03,P205,19.0,0,4,15,28,5
2026-07-22,S03,P205,15.0,0,5,10,28,5
2026-07-23,S03,P205,10.0,0,5,5,28,5
2026-07-24,S03,P205,5.0,22,7,20,28,5
2026-07-25,S03,P205,20.0,0,3,17,28,5
2026-07-26,S03,P205,17.0,0,8,9,28,5
2026-07-27,S03,P205,9.0,0,4,5,28,5
2026-07-28,S03,P205,5.0,16,8,13,28,5
2026-07-29,S03,P205,13.0,0,5,8,28,5
2026-07-30,S03,P205,8.0,0,3,5,28,5
2026-07-31,S03,P205,5.0,0,5,0,28,5
2026-08-01,S03,P205,0.0,18,4,14,28,5
2026-08-02,S03,P205,14.0,0,4,10,28,5
2026-08-03,S03,P205,10.0,17,9,18,28,5
2026-08-04,S03,P205,18.0,0,11,7,28,5
2026-08-05,S03,P205,7.0,0,5,2,28,5
2026-08-06,S03,P205,2.0,0,2,0,28,5
2026-08-07,S03,P205,0.0,16,1,15,28,5
2026-08-08,S03,P205,15.0,0,5,10,28,5
2026-08-09,S03,P205,10.0,0,10,0,28,5
2026-08-10,S03,P205,0.0,20,5,15,28,5
2026-08-11,S03,P205,15.0,0,8,7,28,5
2026-08-12,S03,P205,7.0,0,6,1,28,5
2026-08-13,S03,P205,1.0,0,1,0,28,5
2026-08-14,S03,P205,0.0,23,8,15,28,5
2026-08-15,S03,P205,15.0,0,7,8,28,5
2026-08-16,S03,P205,8.0,0,8,0,28,5
2026-08-17,S03,P205,0.0,19,3,16,28,5
2026-08-18,S03,P205,16.0,0,1,15,28,5
2026-08-19,S03,P205,15.0,0,3,12,28,5
2026-08-20,S03,P205,12.0,16,5,23,28,5
2026-08-21,S03,P205,23.0,0,1,22,28,5
2026-08-22,S03,P205,22.0,0,5,17,28,5
2026-08-23,S03,P205,17.0,0,12,5,28,5
2026-08-24,S03,P205,5.0,15,9,11,28,5
2026-08-25,S03,P205,11.0,0,8,3,28,5
2026-08-26,S03,P205,3.0,0,3,0,28,5
2026-08-27,S03,P205,0.0,0,0,0,28,5
2026-08-28,S03,P205,0.0,23,7,16,28,5
2026-08-29,S03,P205,16.0,0,8,8,28,5
2026-08-30,S03,P205,8.0,17,8,17,28,5
2026-08-31,S03,P205,17.0,0,2,15,28,5
2026-05-01,S03,P206,69.0,0,9,60,45,5
2026-05-02,S03,P206,60.0,0,5,55,45,5
2026-05-03,S03,P206,55.0,0,12,43,45,5
2026-05-04,S03,P206,43.0,0,6,37,45,5
2026-05-05,S03,P206,37.0,0,11,26,45,5
2026-05-06,S03,P206,26.0,0,7,19,45,5
2026-05-07,S03,P206,19.0,0,13,6,45,5
2026-05-08,S03,P206,6.0,26,12,20,45,5
2026-05-09,S03,P206,20.0,0,18,2,45,5
2026-05-10,S03,P206,2.0,0,2,0,45,5
2026-05-11,S03,P206,0.0,24,7,17,45,5
2026-05-12,S03,P206,17.0,0,10,7,45,5
2026-05-13,S03,P206,7.0,25,12,20,45,5
2026-05-14,S03,P206,20.0,0,5,15,45,5
2026-05-15,S03,P206,15.0,0,14,1,45,5
2026-05-16,S03,P206,1.0,27,6,22,45,5
2026-05-17,S03,P206,22.0,0,10,12,45,5
2026-05-18,S03,P206,12.0,0,3,9,45,5
2026-05-19,S03,P206,9.0,27,11,25,45,5
2026-05-20,S03,P206,25.0,0,7,18,45,5
2026-05-21,S03,P206,18.0,0,5,13,45,5
2026-05-22,S03,P206,13.0,0,2,11,45,5
2026-05-23,S03,P206,11.0,30,11,30,45,5
2026-05-24,S03,P206,30.0,0,9,21,45,5
2026-05-25,S03,P206,21.0,0,9,12,45,5
2026-05-26,S03,P206,12.0,26,4,34,45,5
2026-05-27,S03,P206,34.0,0,3,31,45,5
2026-05-28,S03,P206,31.0,0,6,25,45,5
2026-05-29,S03,P206,25.0,0,9,16,45,5
2026-05-30,S03,P206,16.0,31,8,39,45,5
2026-05-31,S03,P206,39.0,0,10,29,45,5
2026-06-01,S03,P206,29.0,0,15,14,45,5
2026-06-02,S03,P206,14.0,0,8,6,45,5
2026-06-03,S03,P206,6.0,0,6,0,45,5
2026-06-04,S03,P206,0.0,30,11,19,45,5
2026-06-05,S03,P206,19.0,0,10,9,45,5
2026-06-06,S03,P206,9.0,25,6,28,45,5
2026-06-07,S03,P206,28.0,0,8,20,45,5
2026-06-08,S03,P206,20.0,0,7,13,45,5
2026-06-09,S03,P206,13.0,25,5,33,45,5
2026-06-10,S03,P206,33.0,0,8,25,45,5
2026-06-11,S03,P206,25.0,0,9,16,45,5
2026-06-12,S03,P206,16.0,24,13,27,45,5
2026-06-13,S03,P206,27.0,0,7,20,45,5
2026-06-14,S03,P206,20.0,0,8,12,45,5
2026-06-15,S03,P206,12.0,0,12,0,45,5
2026-06-16,S03,P206,0.0,29,4,25,45,5
2026-06-17,S03,P206,25.0,0,6,19,45,5
2026-06-18,S03,P206,19.0,0,7,12,45,5
2026-06-19,S03,P206,12.0,28,17,23,45,5
2026-06-20,S03,P206,23.0,0,11,12,45,5
2026-06-21,S03,P206,12.0,0,12,0,45,5
2026-06-22,S03,P206,0.0,0,0,0,45,5
2026-06-23,S03,P206,0.0,29,19,10,45,5
2026-06-24,S03,P206,10.0,0,8,2,45,5
2026-06-25,S03,P206,2.0,28,11,19,45,5
2026-06-26,S03,P206,19.0,0,10,9,45,5
2026-06-27,S03,P206,9.0,0,5,4,45,5
2026-06-28,S03,P206,4.0,31,6,29,45,5
2026-06-29,S03,P206,29.0,0,7,22,45,5
2026-06-30,S03,P206,22.0,0,6,16,45,5
2026-07-01,S03,P206,16.0,29,8,37,45,5
2026-07-02,S03,P206,37.0,0,14,23,45,5
2026-07-03,S03,P206,23.0,0,8,15,45,5
2026-07-04,S03,P206,15.0,0,7,8,45,5
2026-07-05,S03,P206,8.0,24,12,20,45,5
2026-07-06,S03,P206,20.0,0,10,10,45,5
2026-07-07,S03,P206,10.0,0,10,0,45,5
2026-07-08,S03,P206,0.0,30,9,21,45,5
2026-07-09,S03,P206,21.0,0,21,0,45,5
2026-07-10,S03,P206,0.0,0,0,0,45,5
2026-07-11,S03,P206,0.0,29,14,15,45,5
2026-07-12,S03,P206,15.0,0,12,3,45,5
2026-07-13,S03,P206,3.0,0,3,0,45,5
2026-07-14,S03,P206,0.0,0,0,0,45,5
2026-07-15,S03,P206,0.0,40,11,29,45,5
2026-07-16,S03,P206,29.0,0,4,25,45,5
2026-07-17,S03,P206,25.0,26,6,45,45,5
2026-07-18,S03,P206,45.0,0,12,33,45,5
2026-07-19,S03,P206,33.0,0,9,6,45,5
2026-07-20,S03,P206,24.0,0,11,13,45,5
2026-07-21,S03,P206,13.0,0,4,9,45,5
2026-07-22,S03,P206,9.0,24,8,25,45,5
2026-07-23,S03,P206,25.0,0,5,20,45,5
2026-07-24,S03,P206,20.0,0,9,11,45,5
2026-07-25,S03,P206,11.0,32,6,37,45,5
2026-07-26,S03,P206,37.0,0,8,29,45,5
2026-07-27,S03,P206,29.0,0,12,17,45,5
2026-07-28,S03,P206,17.0,0,9,8,45,5
2026-07-29,S03,P206,8.0,26,8,26,45,5
2026-07-30,S03,P206,26.0,0,17,9,45,5
2026-07-31,S03,P206,9.0,0,9,0,45,5
2026-08-01,S03,P206,0.0,26,13,13,45,5
2026-08-02,S03,P206,13.0,0,13,0,45,5
2026-08-03,S03,P206,0.0,0,0,0,45,5
2026-08-04,S03,P206,0.0,34,17,17,45,5
2026-08-05,S03,P206,17.0,0,8,9,45,5
2026-08-06,S03,P206,9.0,0,9,0,45,5
2026-08-07,S03,P206,0.0,35,12,23,45,5
2026-08-08,S03,P206,23.0,0,13,10,45,5
2026-08-09,S03,P206,10.0,0,3,7,45,5
2026-08-10,S03,P206,7.0,25,5,27,45,5
2026-08-11,S03,P206,27.0,0,9,18,45,5
2026-08-12,S03,P206,18.0,0,6,12,45,5
2026-08-13,S03,P206,12.0,34,7,39,45,5
2026-08-14,S03,P206,39.0,0,4,35,45,5
2026-08-15,S03,P206,35.0,0,8,27,45,5
2026-08-16,S03,P206,27.0,0,5,22,45,5
2026-08-17,S03,P206,22.0,0,5,17,45,5
2026-08-18,S03,P206,17.0,0,4,13,45,5
2026-08-19,S03,P206,13.0,30,11,32,45,5
2026-08-20,S03,P206,32.0,0,8,24,45,5
2026-08-21,S03,P206,24.0,0,6,18,45,5
2026-08-22,S03,P206,18.0,0,9,9,45,5
2026-08-23,S03,P206,9.0,26,5,30,45,5
2026-08-24,S03,P206,30.0,0,15,15,45,5
2026-08-25,S03,P206,15.0,0,12,3,45,5
2026-08-26,S03,P206,3.0,25,14,14,45,5
2026-08-27,S03,P206,14.0,0,13,1,45,5
2026-08-28,S03,P206,1.0,0,1,0,45,5
2026-08-29,S03,P206,0.0,29,17,12,45,5
2026-08-30,S03,P206,12.0,0,9,3,45,5
2026-08-31,S03,P206,3.0,26,15,14,45,5
2026-05-01,S03,P207,60.0,0,11,49,39,5
2026-05-02,S03,P207,49.0,0,4,45,39,5
2026-05-03,S03,P207,45.0,0,10,35,39,5
2026-05-04,S03,P207,35.0,0,2,33,39,5
2026-05-05,S03,P207,33.0,0,5,28,39,5
2026-05-06,S03,P207,28.0,0,5,23,39,5
2026-05-07,S03,P207,23.0,0,10,13,39,5
2026-05-08,S03,P207,13.0,25,9,29,39,5
2026-05-09,S03,P207,29.0,0,3,26,39,5
2026-05-10,S03,P207,26.0,0,11,15,39,5
2026-05-11,S03,P207,15.0,0,4,11,39,5
2026-05-12,S03,P207,11.0,0,2,9,39,5
2026-05-13,S03,P207,9.0,0,7,2,39,5
2026-05-14,S03,P207,2.0,22,1,23,39,5
2026-05-15,S03,P207,23.0,23,9,37,39,5
2026-05-16,S03,P207,37.0,0,8,29,39,5
2026-05-17,S03,P207,29.0,0,2,27,39,5
2026-05-18,S03,P207,27.0,0,3,24,39,5
2026-05-19,S03,P207,24.0,0,4,-13,39,5
2026-05-20,S03,P207,20.0,23,16,27,39,5
2026-05-21,S03,P207,27.0,0,9,18,39,5
2026-05-22,S03,P207,18.0,0,7,11,39,5
2026-05-23,S03,P207,11.0,0,7,4,39,5
2026-05-24,S03,P207,4.0,0,4,0,39,5
2026-05-25,S03,P207,0.0,33,3,30,39,5
2026-05-26,S03,P207,30.0,0,6,24,39,5
2026-05-27,S03,P207,24.0,0,9,15,39,5
2026-05-28,S03,P207,15.0,23,2,60,39,5
2026-05-29,S03,P207,36.0,0,9,27,39,5
2026-05-30,S03,P207,27.0,0,8,19,39,5
2026-05-31,S03,P207,19.0,0,6,13,39,5
2026-06-01,S03,P207,13.0,22,5,30,39,5
2026-06-02,S03,P207,30.0,0,2,28,39,5
2026-06-03,S03,P207,28.0,0,6,22,39,5
2026-06-04,S03,P207,22.0,0,8,14,39,5
2026-06-05,S03,P207,14.0,25,11,28,39,5
2026-06-06,S03,P207,28.0,0,6,22,39,5
2026-06-07,S03,P207,22.0,0,5,17,39,5
2026-06-08,S03,P207,17.0,0,11,6,39,5
2026-06-09,S03,P207,6.0,21,3,24,39,5
2026-06-10,S03,P207,24.0,0,6,18,39,5
2026-06-11,S03,P207,18.0,0,8,10,39,5
2026-06-12,S03,P207,10.0,0,2,8,39,5
2026-06-13,S03,P207,8.0,22,7,23,39,5
2026-06-14,S03,P207,23.0,0,8,15,39,5
2026-06-15,S03,P207,15.0,0,4,11,39,5
2026-06-16,S03,P207,11.0,28,8,31,39,5
2026-06-17,S03,P207,31.0,0,4,27,39,5
2026-06-18,S03,P207,27.0,0,15,12,39,5
2026-06-19,S03,P207,12.0,0,2,10,39,5
2026-06-20,S03,P207,10.0,21,9,22,39,5
2026-06-21,S03,P207,22.0,0,2,20,39,5
2026-06-22,S03,P207,20.0,0,3,17,39,5
2026-06-23,S03,P207,17.0,27,7,37,39,5
2026-06-24,S03,P207,37.0,0,5,32,39,5
2026-06-25,S03,P207,32.0,0,9,23,39,5
2026-06-26,S03,P207,23.0,0,5,18,39,5
2026-06-27,S03,P207,18.0,0,4,14,39,5
2026-06-28,S03,P207,14.0,0,6,8,39,5
2026-06-29,S03,P207,8.0,23,8,23,39,5
2026-06-30,S03,P207,23.0,0,9,14,39,5
2026-07-01,S03,P207,14.0,0,11,3,39,5
2026-07-02,S03,P207,3.0,23,11,15,39,5
2026-07-03,S03,P207,15.0,0,7,8,39,5
2026-07-04,S03,P207,8.0,0,6,2,39,5
2026-07-05,S03,P207,2.0,23,7,18,39,5
2026-07-06,S03,P207,18.0,0,5,13,39,5
2026-07-07,S03,P207,13.0,22,3,32,39,5
2026-07-08,S03,P207,32.0,0,3,29,39,5
2026-07-09,S03,P207,29.0,0,5,24,39,5
2026-07-10,S03,P207,24.0,0,4,20,39,5
2026-07-11,S03,P207,20.0,25,11,34,39,5
2026-07-12,S03,P207,34.0,0,8,26,39,5
2026-07-13,S03,P207,26.0,0,12,14,39,5
2026-07-14,S03,P207,14.0,0,5,9,39,5
2026-07-15,S03,P207,9.0,0,3,6,39,5
2026-07-16,S03,P207,6.0,26,4,28,39,5
2026-07-17,S03,P207,28.0,0,6,22,39,5
2026-07-18,S03,P207,22.0,0,3,19,39,5
2026-07-19,S03,P207,19.0,25,7,37,39,5
2026-07-20,S03,P207,37.0,0,5,32,39,5
2026-07-21,S03,P207,32.0,0,11,21,39,5
2026-07-22,S03,P207,21.0,0,10,11,39,5
2026-07-23,S03,P207,11.0,0,7,4,39,5
2026-07-24,S03,P207,4.0,23,4,23,39,5
2026-07-25,S03,P207,23.0,0,2,21,39,5
2026-07-26,S03,P207,21.0,0,8,13,39,5
2026-07-27,S03,P207,13.0,26,8,31,39,5
2026-07-28,S03,P207,31.0,0,7,24,39,5
2026-07-29,S03,P207,24.0,0,10,14,39,5
2026-07-30,S03,P207,14.0,0,8,6,39,5
2026-07-31,S03,P207,6.0,21,10,17,39,5
2026-08-01,S03,P207,17.0,0,6,11,39,5
2026-08-02,S03,P207,11.0,0,11,0,39,5
2026-08-03,S03,P207,0.0,25,7,18,39,5
2026-08-04,S03,P207,18.0,0,10,8,39,5
2026-08-05,S03,P207,8.0,0,7,1,39,5
2026-08-06,S03,P207,1.0,24,5,20,39,5
2026-08-07,S03,P207,20.0,0,9,11,39,5
2026-08-08,S03,P207,11.0,0,7,4,39,5
2026-08-09,S03,P207,4.0,28,8,24,39,5
2026-08-10,S03,P207,24.0,0,3,21,39,5
2026-08-11,S03,P207,21.0,0,11,10,39,5
2026-08-12,S03,P207,10.0,21,8,23,39,5
2026-08-13,S03,P207,23.0,0,4,19,39,5
2026-08-14,S03,P207,19.0,0,6,13,39,5
2026-08-15,S03,P207,13.0,0,7,6,39,5
2026-08-16,S03,P207,6.0,29,6,29,39,5
2026-08-17,S03,P207,29.0,0,5,24,39,5
2026-08-18,S03,P207,24.0,0,6,18,39,5
2026-08-19,S03,P207,18.0,0,7,11,39,5
2026-08-20,S03,P207,11.0,25,2,34,39,5
2026-08-21,S03,P207,34.0,0,7,27,39,5
2026-08-22,S03,P207,27.0,0,8,19,39,5
2026-08-23,S03,P207,19.0,0,2,17,39,5
2026-08-24,S03,P207,17.0,24,5,36,39,5
2026-08-25,S03,P207,36.0,0,5,31,39,5
2026-08-26,S03,P207,31.0,0,5,26,39,5
2026-08-27,S03,P207,26.0,0,7,19,39,5
2026-08-28,S03,P207,19.0,0,5,14,39,5
2026-08-29,S03,P207,14.0,24,4,34,39,5
2026-08-30,S03,P207,34.0,0,12,22,39,5
2026-08-31,S03,P207,22.0,0,16,6,39,5
2026-05-01,S03,P208,26.0,0,3,23,17,5
2026-05-02,S03,P208,23.0,0,4,19,17,5
2026-05-03,S03,P208,19.0,0,1,18,17,5
2026-05-04,S03,P208,18.0,0,1,17,17,5
2026-05-05,S03,P208,17.0,0,1,16,17,5
2026-05-06,S03,P208,16.0,0,5,11,17,5
2026-05-07,S03,P208,11.0,0,1,10,17,5
2026-05-08,S03,P208,10.0,0,6,4,17,5
2026-05-09,S03,P208,4.0,9,0,13,17,5
2026-05-10,S03,P208,13.0,0,1,12,17,5
2026-05-11,S03,P208,12.0,0,2,10,17,5
2026-05-12,S03,P208,10.0,0,3,7,17,5
2026-05-13,S03,P208,7.0,13,6,14,17,5
2026-05-14,S03,P208,14.0,0,2,12,17,5
2026-05-15,S03,P208,12.0,0,2,10,17,5
2026-05-16,S03,P208,10.0,0,0,10,17,5
2026-05-17,S03,P208,10.0,0,2,8,17,5
2026-05-18,S03,P208,8.0,12,0,20,17,5
2026-05-19,S03,P208,20.0,0,3,17,17,5
2026-05-20,S03,P208,17.0,0,6,11,17,5
2026-05-21,S03,P208,11.0,0,3,8,17,5
2026-05-22,S03,P208,8.0,0,1,7,17,5
2026-05-23,S03,P208,7.0,0,6,1,17,5
2026-05-24,S03,P208,1.0,9,3,7,17,5
2026-05-25,S03,P208,7.0,0,3,4,17,5
2026-05-26,S03,P208,4.0,9,5,8,17,5
2026-05-27,S03,P208,8.0,0,4,4,17,5
2026-05-28,S03,P208,4.0,0,3,1,17,5
2026-05-29,S03,P208,1.0,10,7,4,17,5
2026-05-30,S03,P208,4.0,0,4,0,17,5
2026-05-31,S03,P208,0.0,0,0,0,17,5
2026-06-01,S03,P208,0.0,12,6,6,17,5
2026-06-02,S03,P208,6.0,0,3,3,17,5
2026-06-03,S03,P208,3.0,10,3,10,17,5
2026-06-04,S03,P208,10.0,0,2,8,17,5
2026-06-05,S03,P208,8.0,0,5,3,17,5
2026-06-06,S03,P208,3.0,10,6,7,17,5
2026-06-07,S03,P208,7.0,0,0,7,17,5
2026-06-08,S03,P208,7.0,0,3,4,17,5
2026-06-09,S03,P208,4.0,0,2,2,17,5
2026-06-10,S03,P208,2.0,13,3,12,17,5
2026-06-11,S03,P208,12.0,0,3,9,17,5
2026-06-12,S03,P208,9.0,0,3,6,17,5
2026-06-13,S03,P208,6.0,9,1,14,17,5
2026-06-14,S03,P208,14.0,0,3,11,17,5
2026-06-15,S03,P208,11.0,0,3,8,17,5
2026-06-16,S03,P208,8.0,0,1,7,17,5
2026-06-17,S03,P208,7.0,11,2,16,17,5
2026-06-18,S03,P208,16.0,0,1,15,17,5
2026-06-19,S03,P208,15.0,0,2,13,17,5
2026-06-20,S03,P208,13.0,0,2,11,17,5
2026-06-21,S03,P208,11.0,0,2,9,17,5
2026-06-22,S03,P208,9.0,10,2,17,17,5
2026-06-23,S03,P208,17.0,0,2,15,17,5
2026-06-24,S03,P208,15.0,0,5,10,17,5
2026-06-25,S03,P208,10.0,0,5,5,17,5
2026-06-26,S03,P208,5.0,0,5,0,17,5
2026-06-27,S03,P208,0.0,9,2,7,17,5
2026-06-28,S03,P208,7.0,0,3,4,17,5
2026-06-29,S03,P208,4.0,0,1,3,17,5
2026-06-30,S03,P208,3.0,12,2,13,17,5
2026-07-01,S03,P208,13.0,0,4,9,17,5
2026-07-02,S03,P208,9.0,0,2,7,17,5
2026-07-03,S03,P208,7.0,10,1,16,17,5
2026-07-04,S03,P208,16.0,0,3,13,17,5
2026-07-05,S03,P208,13.0,0,7,6,17,5
2026-07-06,S03,P208,6.0,0,0,6,17,5
2026-07-07,S03,P208,6.0,9,5,10,17,5
2026-07-08,S03,P208,10.0,0,0,10,17,5
2026-07-09,S03,P208,10.0,0,5,5,17,5
2026-07-10,S03,P208,5.0,11,4,12,17,5
2026-07-11,S03,P208,12.0,0,2,10,17,5
2026-07-12,S03,P208,10.0,0,5,5,17,5
2026-07-13,S03,P208,5.0,0,2,3,17,5
2026-07-14,S03,P208,3.0,10,2,11,17,5
2026-07-15,S03,P208,11.0,0,2,9,17,5
2026-07-16,S03,P208,9.0,0,3,6,17,5
2026-07-17,S03,P208,6.0,11,2,15,17,5
2026-07-18,S03,P208,15.0,0,4,11,17,5
2026-07-19,S03,P208,11.0,0,3,8,17,5
2026-07-20,S03,P208,8.0,0,8,0,17,5
2026-07-21,S03,P208,0.0,0,0,0,17,5
2026-07-22,S03,P208,0.0,9,2,7,17,5
2026-07-23,S03,P208,7.0,0,3,4,17,5
2026-07-24,S03,P208,4.0,9,3,10,17,5
2026-07-25,S03,P208,10.0,0,6,4,17,5
2026-07-26,S03,P208,4.0,0,1,3,17,5
2026-07-27,S03,P208,3.0,0,3,0,17,5
2026-07-28,S03,P208,0.0,10,3,7,17,5
2026-07-29,S03,P208,7.0,0,1,6,17,5
2026-07-30,S03,P208,6.0,12,1,17,17,5
2026-07-31,S03,P208,17.0,0,3,14,17,5
2026-08-01,S03,P208,14.0,0,4,10,17,5
2026-08-02,S03,P208,10.0,0,4,6,17,5
2026-08-03,S03,P208,6.0,0,1,-4,17,5
2026-08-04,S03,P208,5.0,9,4,10,17,5
2026-08-06,S03,P208,8.0,0,4,4,17,5
2026-08-07,S03,P208,4.0,11,1,14,17,5
2026-08-08,S03,P208,14.0,0,4,10,17,5
2026-08-09,S03,P208,10.0,0,5,5,17,5
2026-08-10,S03,P208,5.0,0,3,2,17,5
2026-08-11,S03,P208,2.0,11,5,8,17,5
2026-08-12,S03,P208,8.0,0,8,0,17,5
2026-08-13,S03,P208,0.0,0,0,0,17,5
2026-08-14,S03,P208,0.0,10,4,6,17,5
2026-08-15,S03,P208,6.0,0,6,0,17,5
2026-08-16,S03,P208,0.0,0,0,0,17,5
2026-08-17,S03,P208,0.0,0,0,0,17,5
2026-08-18,S03,P208,0.0,16,3,13,17,5
2026-08-19,S03,P208,13.0,0,3,10,17,5
2026-08-20,S03,P208,10.0,10,1,19,17,5
2026-08-21,S03,P208,19.0,0,5,14,17,5
2026-08-22,S03,P208,14.0,0,3,11,17,5
2026-08-23,S03,P208,11.0,0,2,9,17,5
2026-08-24,S03,P208,9.0,0,3,6,17,5
2026-08-25,S03,P208,6.0,0,2,4,17,5
2026-08-26,S03,P208,4.0,12,3,13,17,5
2026-08-27,S03,P208,13.0,0,5,8,17,5
2026-08-28,S03,P208,8.0,0,4,4,17,5
2026-08-29,S03,P208,4.0,0,4,0,17,5
2026-08-30,S03,P208,0.0,10,3,7,17,5
2026-08-31,S03,P208,7.0,0,2,5,17,5
2026-05-01,S03,P601,45.0,0,5,40,29,5
2026-05-02,S03,P601,40.0,0,3,37,29,5
2026-05-03,S03,P601,37.0,0,7,30,29,5
2026-05-04,S03,P601,30.0,0,6,24,29,5
2026-05-05,S03,P601,24.0,0,8,16,29,5
2026-05-06,S03,P601,16.0,0,4,12,29,5
2026-05-07,S03,P601,12.0,0,9,3,29,5
2026-05-08,S03,P601,3.0,0,3,0,29,5
2026-05-09,S03,P601,0.0,0,0,0,29,5
2026-05-10,S03,P601,0.0,21,13,8,29,5
2026-05-11,S03,P601,8.0,0,6,2,29,5
2026-05-12,S03,P601,2.0,21,11,12,29,5
2026-05-13,S03,P601,12.0,0,8,4,29,5
2026-05-14,S03,P601,4.0,0,4,0,29,5
2026-05-15,S03,P601,0.0,16,4,12,29,5
2026-05-16,S03,P601,12.0,0,4,8,29,5
2026-05-17,S03,P601,8.0,17,5,20,29,5
2026-05-18,S03,P601,20.0,0,3,17,29,5
2026-05-19,S03,P601,17.0,0,5,12,29,5
2026-05-20,S03,P601,12.0,16,2,26,29,5
2026-05-21,S03,P601,26.0,0,5,21,29,5
2026-05-22,S03,P601,21.0,0,5,16,29,5
2026-05-23,S03,P601,16.0,0,5,11,29,5
2026-05-24,S03,P601,11.0,17,4,24,29,5
2026-05-25,S03,P601,24.0,0,7,17,29,5
2026-05-26,S03,P601,17.0,0,1,16,29,5
2026-05-27,S03,P601,16.0,0,0,16,29,5
2026-05-28,S03,P601,16.0,17,3,30,29,5
2026-05-29,S03,P601,30.0,0,6,24,29,5
2026-05-30,S03,P601,24.0,0,6,18,29,5
2026-05-31,S03,P601,18.0,0,7,11,29,5
2026-06-01,S03,P601,11.0,0,3,8,29,5
2026-06-02,S03,P601,8.0,0,6,2,29,5
2026-06-03,S03,P601,2.0,21,7,16,29,5
2026-06-04,S03,P601,16.0,0,2,14,29,5
2026-06-05,S03,P601,14.0,0,11,3,29,5
2026-06-06,S03,P601,3.0,16,11,8,29,5
2026-06-07,S03,P601,8.0,0,8,0,29,5
2026-06-08,S03,P601,0.0,0,0,0,29,5
2026-06-09,S03,P601,0.0,0,0,0,29,5
2026-06-10,S03,P601,0.0,26,3,23,29,5
2026-06-11,S03,P601,23.0,0,12,11,29,5
2026-06-12,S03,P601,11.0,19,8,22,29,5
2026-06-13,S03,P601,22.0,0,3,19,29,5
2026-06-14,S03,P601,19.0,0,7,12,29,5
2026-06-15,S03,P601,12.0,0,10,2,29,5
2026-06-16,S03,P601,2.0,0,2,0,29,5
2026-06-17,S03,P601,0.0,23,10,13,29,5
2026-06-18,S03,P601,13.0,0,3,10,29,5
2026-06-19,S03,P601,10.0,0,2,8,29,5
2026-06-20,S03,P601,8.0,20,8,20,29,5
2026-06-21,S03,P601,20.0,0,7,13,29,5
2026-06-22,S03,P601,13.0,0,7,6,29,5
2026-06-23,S03,P601,6.0,0,3,3,29,5
2026-06-24,S03,P601,3.0,17,5,15,29,5
2026-06-25,S03,P601,15.0,0,6,9,29,5
2026-06-26,S03,P601,9.0,0,3,6,29,5
2026-06-27,S03,P601,6.0,22,15,13,29,5
2026-06-28,S03,P601,13.0,0,6,7,29,5
2026-06-29,S03,P601,7.0,0,7,0,29,5
2026-06-30,S03,P601,0.0,0,0,0,29,5
2026-07-01,S03,P601,0.0,0,0,0,29,5
2026-07-02,S03,P601,0.0,17,7,10,29,5
2026-07-03,S03,P601,10.0,21,10,21,29,5
2026-07-04,S03,P601,21.0,0,5,16,29,5
2026-07-05,S03,P601,16.0,0,3,13,29,5
2026-07-06,S03,P601,13.0,0,2,11,29,5
2026-07-07,S03,P601,11.0,0,5,6,29,5
2026-07-08,S03,P601,6.0,24,7,23,29,5
2026-07-09,S03,P601,23.0,0,1,22,29,5
2026-07-10,S03,P601,22.0,0,6,16,29,5
2026-07-11,S03,P601,16.0,0,7,2,29,5
2026-07-12,S03,P601,9.0,0,9,0,29,5
2026-07-13,S03,P601,0.0,22,10,12,29,5
2026-07-14,S03,P601,12.0,0,3,9,29,5
2026-07-15,S03,P601,9.0,0,8,1,29,5
2026-07-16,S03,P601,1.0,0,1,0,29,5
2026-07-17,S03,P601,0.0,23,7,16,29,5
2026-07-18,S03,P601,16.0,0,6,10,29,5
2026-07-19,S03,P601,10.0,0,6,4,29,5
2026-07-20,S03,P601,4.0,21,3,22,29,5
2026-07-21,S03,P601,22.0,0,7,15,29,5
2026-07-22,S03,P601,15.0,0,2,13,29,5
2026-07-23,S03,P601,13.0,0,3,10,29,5
2026-07-24,S03,P601,10.0,20,9,21,29,5
2026-07-25,S03,P601,21.0,0,8,13,29,5
2026-07-26,S03,P601,13.0,0,6,7,29,5
2026-07-27,S03,P601,7.0,0,3,4,29,5
2026-07-28,S03,P601,4.0,0,4,0,29,5
2026-07-29,S03,P601,0.0,24,2,22,29,5
2026-07-30,S03,P601,22.0,0,6,16,29,5
2026-07-31,S03,P601,16.0,0,3,13,29,5
2026-08-01,S03,P601,13.0,17,15,15,29,5
2026-08-02,S03,P601,15.0,0,12,3,29,5
2026-08-03,S03,P601,3.0,0,3,-17,29,5
2026-08-04,S03,P601,0.0,0,0,0,29,5
2026-08-05,S03,P601,0.0,0,0,0,29,5
2026-08-06,S03,P601,0.0,30,8,22,29,5
2026-08-07,S03,P601,22.0,0,4,18,29,5
2026-08-08,S03,P601,18.0,0,3,15,29,5
2026-08-09,S03,P601,15.0,0,10,5,29,5
2026-08-10,S03,P601,5.0,0,2,3,29,5
2026-08-11,S03,P601,3.0,23,7,19,29,5
2026-08-12,S03,P601,19.0,0,1,18,29,5
2026-08-13,S03,P601,18.0,0,6,12,29,5
2026-08-14,S03,P601,12.0,17,5,24,29,5
2026-08-15,S03,P601,24.0,0,6,18,29,5
2026-08-16,S03,P601,18.0,0,6,12,29,5
2026-08-17,S03,P601,12.0,0,4,8,29,5
2026-08-18,S03,P601,8.0,16,6,18,29,5
2026-08-19,S03,P601,18.0,0,0,18,29,5
2026-08-20,S03,P601,18.0,0,5,13,29,5
2026-08-21,S03,P601,13.0,17,6,24,29,5
2026-08-22,S03,P601,24.0,0,3,21,29,5
2026-08-23,S03,P601,21.0,0,7,14,29,5
2026-08-24,S03,P601,14.0,0,9,5,29,5
2026-08-25,S03,P601,5.0,0,5,-20,29,5
2026-08-26,S03,P601,0.0,21,2,19,29,5
2026-08-27,S03,P601,19.0,0,3,16,29,5
2026-08-28,S03,P601,16.0,0,5,11,29,5
2026-08-29,S03,P601,11.0,19,8,22,29,5
2026-08-30,S03,P601,22.0,0,6,16,29,5
2026-08-31,S03,P601,16.0,0,9,7,29,5
2026-05-01,S03,P602,44.0,0,2,42,29,5
2026-05-02,S03,P602,42.0,0,7,35,29,5
2026-05-03,S03,P602,35.0,0,4,31,29,5
2026-05-04,S03,P602,31.0,0,7,24,29,5
2026-05-05,S03,P602,24.0,0,2,22,29,5
2026-05-06,S03,P602,22.0,0,2,20,29,5
2026-05-07,S03,P602,20.0,0,5,15,29,5
2026-05-08,S03,P602,15.0,0,2,13,29,5
2026-05-09,S03,P602,13.0,20,9,6,29,5
2026-05-10,S03,P602,24.0,0,7,17,29,5
2026-05-11,S03,P602,17.0,0,2,15,29,5
2026-05-12,S03,P602,15.0,0,4,11,29,5
2026-05-13,S03,P602,11.0,0,5,6,29,5
2026-05-14,S03,P602,6.0,20,4,22,29,5
2026-05-15,S03,P602,22.0,0,2,20,29,5
2026-05-16,S03,P602,20.0,0,5,15,29,5
2026-05-17,S03,P602,15.0,0,6,9,29,5
2026-05-18,S03,P602,9.0,18,2,25,29,5
2026-05-19,S03,P602,25.0,0,2,23,29,5
2026-05-20,S03,P602,23.0,0,6,17,29,5
2026-05-21,S03,P602,17.0,0,6,11,29,5
2026-05-22,S03,P602,11.0,17,2,26,29,5
2026-05-23,S03,P602,26.0,0,8,18,29,5
2026-05-24,S03,P602,18.0,0,2,16,29,5
2026-05-25,S03,P602,16.0,0,4,12,29,5
2026-05-26,S03,P602,12.0,16,4,24,29,5
2026-05-27,S03,P602,24.0,0,6,18,29,5
2026-05-28,S03,P602,18.0,0,6,12,29,5
2026-05-29,S03,P602,12.0,0,2,10,29,5
2026-05-30,S03,P602,10.0,16,4,22,29,5
2026-05-31,S03,P602,22.0,0,3,19,29,5
2026-06-01,S03,P602,19.0,0,9,10,29,5
2026-06-02,S03,P602,10.0,16,5,21,29,5
2026-06-03,S03,P602,21.0,0,8,13,29,5
2026-06-04,S03,P602,13.0,0,5,8,29,5
2026-06-05,S03,P602,8.0,0,2,6,29,5
2026-06-06,S03,P602,6.0,18,7,17,29,5
2026-06-07,S03,P602,17.0,0,11,6,29,5
2026-06-08,S03,P602,6.0,0,6,0,29,5
2026-06-09,S03,P602,0.0,18,6,12,29,5
2026-06-10,S03,P602,12.0,0,4,8,29,5
2026-06-11,S03,P602,8.0,0,5,3,29,5
2026-06-12,S03,P602,3.0,20,3,-7,29,5
2026-06-13,S03,P602,20.0,0,6,14,29,5
2026-06-14,S03,P602,14.0,0,7,7,29,5
2026-06-15,S03,P602,7.0,16,6,17,29,5
2026-06-16,S03,P602,17.0,0,3,14,29,5
2026-06-18,S03,P602,7.0,0,5,2,29,5
2026-06-19,S03,P602,2.0,21,4,19,29,5
2026-06-20,S03,P602,19.0,0,2,17,29,5
2026-06-21,S03,P602,17.0,0,5,12,29,5
2026-06-22,S03,P602,12.0,0,5,7,29,5
2026-06-23,S03,P602,7.0,16,8,15,29,5
2026-06-24,S03,P602,15.0,0,11,4,29,5
2026-06-25,S03,P602,4.0,0,3,1,29,5
2026-06-26,S03,P602,1.0,16,6,11,29,5
2026-06-27,S03,P602,11.0,0,3,8,29,5
2026-06-28,S03,P602,8.0,0,4,4,29,5
2026-06-29,S03,P602,4.0,0,4,0,29,5
2026-06-30,S03,P602,0.0,24,8,16,29,5
2026-07-01,S03,P602,16.0,0,9,7,29,5
2026-07-02,S03,P602,7.0,0,3,4,29,5
2026-07-03,S03,P602,4.0,16,6,14,29,5
2026-07-04,S03,P602,14.0,0,6,8,29,5
2026-07-05,S03,P602,8.0,0,3,5,29,5
2026-07-06,S03,P602,5.0,21,2,24,29,5
2026-07-07,S03,P602,24.0,0,3,21,29,5
2026-07-08,S03,P602,21.0,0,4,17,29,5
2026-07-09,S03,P602,17.0,15,3,29,29,5
2026-07-10,S03,P602,29.0,0,7,22,29,5
2026-07-11,S03,P602,22.0,0,5,17,29,5
2026-07-12,S03,P602,17.0,0,4,13,29,5
2026-07-13,S03,P602,13.0,0,5,8,29,5
2026-07-14,S03,P602,8.0,15,6,17,29,5
2026-07-15,S03,P602,17.0,0,5,12,29,5
2026-07-16,S03,P602,12.0,0,2,10,29,5
2026-07-17,S03,P602,10.0,16,5,21,29,5
2026-07-18,S03,P602,21.0,0,4,17,29,5
2026-07-19,S03,P602,17.0,0,6,11,29,5
2026-07-20,S03,P602,11.0,16,4,23,29,5
2026-07-21,S03,P602,23.0,0,5,18,29,5
2026-07-22,S03,P602,18.0,0,1,17,29,5
2026-07-23,S03,P602,17.0,0,5,12,29,5
2026-07-24,S03,P602,12.0,0,10,2,29,5
2026-07-25,S03,P602,2.0,17,5,14,29,5
2026-07-26,S03,P602,14.0,0,6,8,29,5
2026-07-27,S03,P602,8.0,0,3,5,29,5
2026-07-28,S03,P602,5.0,15,10,10,29,5
2026-07-29,S03,P602,10.0,0,7,3,29,5
2026-07-30,S03,P602,3.0,15,7,11,29,5
2026-07-31,S03,P602,11.0,0,4,7,29,5
2026-08-01,S03,P602,7.0,0,3,4,29,5
2026-08-02,S03,P602,4.0,19,9,14,29,5
2026-08-03,S03,P602,14.0,0,10,4,29,5
2026-08-04,S03,P602,4.0,0,4,0,29,5
2026-08-05,S03,P602,0.0,18,3,15,29,5
2026-08-06,S03,P602,15.0,0,3,12,29,5
2026-08-07,S03,P602,12.0,0,10,2,29,5
2026-08-08,S03,P602,2.0,22,10,14,29,5
2026-08-09,S03,P602,14.0,0,8,6,29,5
2026-08-10,S03,P602,6.0,0,6,0,29,5
2026-08-11,S03,P602,0.0,0,0,0,29,5
2026-08-12,S03,P602,0.0,20,4,16,29,5
2026-08-13,S03,P602,16.0,0,2,14,29,5
2026-08-14,S03,P602,14.0,18,3,29,29,5
2026-08-15,S03,P602,29.0,0,5,24,29,5
2026-08-16,S03,P602,24.0,0,5,19,29,5
2026-08-17,S03,P602,19.0,0,7,12,29,5
2026-08-18,S03,P602,12.0,0,3,9,29,5
2026-08-19,S03,P602,9.0,15,3,21,29,5
2026-08-20,S03,P602,21.0,0,3,18,29,5
2026-08-21,S03,P602,18.0,0,5,13,29,5
2026-08-22,S03,P602,13.0,17,5,25,29,5
2026-08-23,S03,P602,25.0,0,12,13,29,5
2026-08-24,S03,P602,13.0,0,9,4,29,5
2026-08-25,S03,P602,4.0,0,1,3,29,5
2026-08-26,S03,P602,3.0,0,3,0,29,5
2026-08-27,S03,P602,0.0,19,2,17,29,5
2026-08-28,S03,P602,17.0,0,4,13,29,5
2026-08-29,S03,P602,13.0,21,9,25,29,5
2026-08-30,S03,P602,25.0,0,1,24,29,5
2026-08-31,S03,P602,24.0,0,6,18,29,5
2026-05-01,S03,P603,31.0,0,2,29,20,5
2026-05-02,S03,P603,29.0,0,2,27,20,5
2026-05-03,S03,P603,27.0,0,6,21,20,5
2026-05-04,S03,P603,21.0,0,6,15,20,5
2026-05-05,S03,P603,15.0,0,4,11,20,5
2026-05-06,S03,P603,11.0,0,2,4,20,5
2026-05-07,S03,P603,9.0,0,3,6,20,5
2026-05-08,S03,P603,6.0,0,6,0,20,5
2026-05-09,S03,P603,0.0,16,3,13,20,5
2026-05-10,S03,P603,13.0,0,5,8,20,5
2026-05-11,S03,P603,8.0,0,0,8,20,5
2026-05-12,S03,P603,8.0,0,2,6,20,5
2026-05-13,S03,P603,6.0,15,3,18,20,5
2026-05-14,S03,P603,18.0,0,9,9,20,5
2026-05-15,S03,P603,9.0,0,3,6,20,5
2026-05-16,S03,P603,6.0,0,3,3,20,5
2026-05-17,S03,P603,3.0,0,3,0,20,5
2026-05-18,S03,P603,0.0,0,0,0,20,5
2026-05-19,S03,P603,0.0,13,1,12,20,5
2026-05-20,S03,P603,12.0,12,5,19,20,5
2026-05-21,S03,P603,19.0,0,2,17,20,5
2026-05-22,S03,P603,17.0,0,2,15,20,5
2026-05-23,S03,P603,15.0,0,2,13,20,5
2026-05-24,S03,P603,13.0,0,3,-23,20,5
2026-05-25,S03,P603,10.0,12,7,15,20,5
2026-05-26,S03,P603,15.0,0,1,14,20,5
2026-05-27,S03,P603,14.0,0,1,13,20,5
2026-05-28,S03,P603,13.0,0,4,9,20,5
2026-05-29,S03,P603,9.0,0,5,4,20,5
2026-05-30,S03,P603,4.0,16,3,17,20,5
2026-05-31,S03,P603,17.0,0,5,12,20,5
2026-06-01,S03,P603,12.0,0,4,8,20,5
2026-06-02,S03,P603,8.0,0,2,6,20,5
2026-06-03,S03,P603,6.0,11,6,11,20,5
2026-06-04,S03,P603,11.0,0,1,10,20,5
2026-06-05,S03,P603,10.0,0,4,6,20,5
2026-06-06,S03,P603,6.0,12,0,18,20,5
2026-06-07,S03,P603,18.0,0,6,12,20,5
2026-06-08,S03,P603,12.0,0,6,6,20,5
2026-06-09,S03,P603,6.0,0,2,4,20,5
2026-06-10,S03,P603,4.0,13,6,11,20,5
2026-06-11,S03,P603,11.0,0,5,6,20,5
2026-06-12,S03,P603,6.0,0,4,2,20,5
2026-06-13,S03,P603,2.0,12,2,12,20,5
2026-06-14,S03,P603,12.0,0,2,10,20,5
2026-06-15,S03,P603,10.0,0,4,6,20,5
2026-06-16,S03,P603,6.0,13,1,18,20,5
2026-06-17,S03,P603,18.0,0,3,15,20,5
2026-06-18,S03,P603,15.0,0,3,12,20,5
2026-06-19,S03,P603,12.0,0,4,8,20,5
2026-06-20,S03,P603,8.0,12,3,17,20,5
2026-06-21,S03,P603,17.0,0,3,14,20,5
2026-06-22,S03,P603,14.0,0,5,-28,20,5
2026-06-23,S03,P603,9.0,0,0,9,20,5
2026-06-24,S03,P603,9.0,11,2,18,20,5
2026-06-25,S03,P603,18.0,0,4,14,20,5
2026-06-26,S03,P603,14.0,0,4,10,20,5
2026-06-27,S03,P603,10.0,11,3,18,20,5
2026-06-28,S03,P603,18.0,0,3,15,20,5
2026-06-29,S03,P603,15.0,0,4,11,20,5
2026-06-30,S03,P603,11.0,0,2,9,20,5
2026-07-01,S03,P603,9.0,0,2,7,20,5
2026-07-02,S03,P603,7.0,13,2,18,20,5
2026-07-03,S03,P603,18.0,0,4,14,20,5
2026-07-04,S03,P603,14.0,0,5,9,20,5
2026-07-05,S03,P603,9.0,0,5,4,20,5
2026-07-06,S03,P603,4.0,11,0,15,20,5
2026-07-07,S03,P603,15.0,0,3,12,20,5
2026-07-08,S03,P603,12.0,0,1,11,20,5
2026-07-09,S03,P603,11.0,11,2,20,20,5
2026-07-10,S03,P603,20.0,0,4,16,20,5
2026-07-11,S03,P603,16.0,0,1,15,20,5
2026-07-12,S03,P603,15.0,0,5,10,20,5
2026-07-13,S03,P603,10.0,0,6,4,20,5
2026-07-14,S03,P603,4.0,11,5,10,20,5
2026-07-15,S03,P603,10.0,0,1,9,20,5
2026-07-16,S03,P603,9.0,0,3,6,20,5
2026-07-17,S03,P603,6.0,0,5,1,20,5
2026-07-18,S03,P603,1.0,0,1,0,20,5
2026-07-19,S03,P603,0.0,16,4,12,20,5
2026-07-20,S03,P603,12.0,0,3,9,20,5
2026-07-21,S03,P603,9.0,0,1,8,20,5
2026-07-22,S03,P603,8.0,14,5,17,20,5
2026-07-23,S03,P603,17.0,0,2,15,20,5
2026-07-24,S03,P603,15.0,0,4,11,20,5
2026-07-25,S03,P603,11.0,0,1,22,20,5
2026-07-26,S03,P603,10.0,0,4,6,20,5
2026-07-27,S03,P603,6.0,14,6,14,20,5
2026-07-28,S03,P603,14.0,0,3,11,20,5
2026-07-29,S03,P603,11.0,0,6,5,20,5
2026-07-30,S03,P603,5.0,0,5,0,20,5
2026-07-31,S03,P603,0.0,11,2,9,20,5
2026-08-01,S03,P603,9.0,0,3,6,20,5
2026-08-02,S03,P603,6.0,0,2,4,20,5
2026-08-03,S03,P603,4.0,15,4,15,20,5
2026-08-04,S03,P603,15.0,0,3,12,20,5
2026-08-05,S03,P603,12.0,0,4,8,20,5
2026-08-06,S03,P603,8.0,0,7,1,20,5
2026-08-07,S03,P603,1.0,0,1,0,20,5
2026-08-08,S03,P603,0.0,12,4,8,20,5
2026-08-09,S03,P603,8.0,0,2,6,20,5
2026-08-10,S03,P603,6.0,0,3,3,20,5
2026-08-11,S03,P603,3.0,11,5,9,20,5
2026-08-12,S03,P603,9.0,0,3,6,20,5
2026-08-13,S03,P603,6.0,12,5,13,20,5
2026-08-14,S03,P603,13.0,0,2,11,20,5
2026-08-15,S03,P603,11.0,0,3,8,20,5
2026-08-16,S03,P603,8.0,0,0,8,20,5
2026-08-17,S03,P603,8.0,13,4,17,20,5
2026-08-18,S03,P603,17.0,0,4,13,20,5
2026-08-19,S03,P603,13.0,0,5,8,20,5
2026-08-20,S03,P603,8.0,0,4,4,20,5
2026-08-21,S03,P603,4.0,0,2,-15,20,5
2026-08-22,S03,P603,2.0,14,1,15,20,5
2026-08-23,S03,P603,15.0,0,1,14,20,5
2026-08-24,S03,P603,14.0,0,2,12,20,5
2026-08-25,S03,P603,12.0,13,4,21,20,5
2026-08-26,S03,P603,21.0,0,3,18,20,5
2026-08-27,S03,P603,18.0,0,5,13,20,5
2026-08-28,S03,P603,13.0,0,1,12,20,5
2026-08-29,S03,P603,12.0,0,4,8,20,5
2026-08-30,S03,P603,8.0,0,4,4,20,5
2026-08-31,S03,P603,4.0,13,2,15,20,5
2026-05-01,S03,P604,30.0,0,4,26,19,5
2026-05-02,S03,P604,26.0,0,4,22,19,5
2026-05-03,S03,P604,22.0,0,4,18,19,5
2026-05-04,S03,P604,18.0,0,9,9,19,5
2026-05-05,S03,P604,9.0,0,5,4,19,5
2026-05-06,S03,P604,4.0,0,4,0,19,5
2026-05-07,S03,P604,0.0,0,0,0,19,5
2026-05-08,S03,P604,0.0,12,2,10,19,5
2026-05-09,S03,P604,10.0,0,3,7,19,5
2026-05-10,S03,P604,7.0,14,2,19,19,5
2026-05-11,S03,P604,19.0,0,3,16,19,5
2026-05-12,S03,P604,16.0,0,3,13,19,5
2026-05-13,S03,P604,13.0,0,1,12,19,5
2026-05-14,S03,P604,12.0,0,3,9,19,5
2026-05-15,S03,P604,9.0,11,1,19,19,5
2026-05-16,S03,P604,19.0,0,4,15,19,5
2026-05-17,S03,P604,15.0,0,2,13,19,5
2026-05-18,S03,P604,13.0,0,3,10,19,5
2026-05-19,S03,P604,10.0,0,4,6,19,5
2026-05-20,S03,P604,6.0,11,3,14,19,5
2026-05-21,S03,P604,14.0,0,3,11,19,5
2026-05-22,S03,P604,11.0,0,6,5,19,5
2026-05-23,S03,P604,5.0,0,5,0,19,5
2026-05-24,S03,P604,0.0,13,6,7,19,5
2026-05-25,S03,P604,7.0,0,4,3,19,5
2026-05-26,S03,P604,3.0,0,3,0,19,5
2026-05-27,S03,P604,0.0,12,7,5,19,5
2026-05-28,S03,P604,5.0,0,2,3,19,5
2026-05-29,S03,P604,3.0,11,6,8,19,5
2026-05-30,S03,P604,8.0,0,5,3,19,5
2026-05-31,S03,P604,3.0,0,3,0,19,5
2026-06-01,S03,P604,0.0,14,4,10,19,5
2026-06-02,S03,P604,10.0,0,8,2,19,5
2026-06-03,S03,P604,2.0,0,2,0,19,5
2026-06-04,S03,P604,0.0,13,6,7,19,5
2026-06-05,S03,P604,7.0,0,4,3,19,5
2026-06-06,S03,P604,3.0,0,3,0,19,5
2026-06-07,S03,P604,0.0,15,3,12,19,5
2026-06-08,S03,P604,12.0,0,2,10,19,5
2026-06-09,S03,P604,10.0,0,6,4,19,5
2026-06-10,S03,P604,4.0,12,5,36,19,5
2026-06-11,S03,P604,11.0,0,3,8,19,5
2026-06-12,S03,P604,8.0,0,2,6,19,5
2026-06-13,S03,P604,6.0,0,6,0,19,5
2026-06-14,S03,P604,0.0,14,4,10,19,5
2026-06-15,S03,P604,10.0,0,7,3,19,5
2026-06-16,S03,P604,3.0,0,3,0,19,5
2026-06-17,S03,P604,0.0,0,0,0,19,5
2026-06-18,S03,P604,0.0,16,5,11,19,5
2026-06-19,S03,P604,11.0,0,8,3,19,5
2026-06-20,S03,P604,3.0,11,8,6,19,5
2026-06-21,S03,P604,6.0,0,2,4,19,5
2026-06-22,S03,P604,4.0,0,4,0,19,5
2026-06-23,S03,P604,0.0,0,0,0,19,5
2026-06-24,S03,P604,0.0,16,3,13,19,5
2026-06-25,S03,P604,13.0,0,5,8,19,5
2026-06-26,S03,P604,8.0,0,5,3,19,5
2026-06-27,S03,P604,3.0,14,3,14,19,5
2026-06-28,S03,P604,14.0,0,1,13,19,5
2026-06-29,S03,P604,13.0,0,2,11,19,5
2026-06-30,S03,P604,11.0,0,5,6,19,5
2026-07-01,S03,P604,6.0,13,6,13,19,5
2026-07-02,S03,P604,13.0,0,1,12,19,5
2026-07-03,S03,P604,12.0,0,3,9,19,5
2026-07-04,S03,P604,9.0,0,3,6,19,5
2026-07-05,S03,P604,6.0,11,4,13,19,5
2026-07-06,S03,P604,13.0,0,4,9,19,5
2026-07-07,S03,P604,9.0,0,5,4,19,5
2026-07-08,S03,P604,4.0,0,3,1,19,5
2026-07-09,S03,P604,1.0,13,4,10,19,5
2026-07-10,S03,P604,10.0,0,4,6,19,5
2026-07-11,S03,P604,6.0,0,1,5,19,5
2026-07-12,S03,P604,5.0,13,1,17,19,5
2026-07-13,S03,P604,17.0,0,5,12,19,5
2026-07-14,S03,P604,12.0,0,3,9,19,5
2026-07-15,S03,P604,9.0,11,3,17,19,5
2026-07-16,S03,P604,17.0,0,4,13,19,5
2026-07-17,S03,P604,13.0,0,3,10,19,5
2026-07-18,S03,P604,10.0,0,6,4,19,5
2026-07-19,S03,P604,4.0,0,4,0,19,5
2026-07-20,S03,P604,0.0,13,2,11,19,5
2026-07-21,S03,P604,11.0,0,4,7,19,5
2026-07-22,S03,P604,7.0,0,1,6,19,5
2026-07-23,S03,P604,6.0,13,3,16,19,5
2026-07-24,S03,P604,16.0,0,2,14,19,5
2026-07-25,S03,P604,14.0,0,3,11,19,5
2026-07-26,S03,P604,11.0,0,5,6,19,5
2026-07-27,S03,P604,6.0,11,2,15,19,5
2026-07-28,S03,P604,15.0,0,4,11,19,5
2026-07-29,S03,P604,11.0,0,6,5,19,5
2026-07-30,S03,P604,5.0,0,2,3,19,5
2026-07-31,S03,P604,3.0,13,6,10,19,5
2026-08-01,S03,P604,10.0,0,9,1,19,5
2026-08-02,S03,P604,1.0,0,1,0,19,5
2026-08-03,S03,P604,0.0,12,6,6,19,5
2026-08-04,S03,P604,6.0,0,5,1,19,5
2026-08-05,S03,P604,1.0,0,1,0,19,5
2026-08-06,S03,P604,0.0,0,0,0,19,5
2026-08-07,S03,P604,0.0,17,6,11,19,5
2026-08-08,S03,P604,11.0,0,5,6,19,5
2026-08-09,S03,P604,6.0,0,6,0,19,5
2026-08-10,S03,P604,0.0,12,1,11,19,5
2026-08-11,S03,P604,11.0,0,4,7,19,5
2026-08-12,S03,P604,7.0,0,4,3,19,5
2026-08-13,S03,P604,3.0,12,2,13,19,5
2026-08-14,S03,P604,13.0,0,3,10,19,5
2026-08-15,S03,P604,10.0,0,5,5,19,5
2026-08-16,S03,P604,5.0,11,3,13,19,5
2026-08-17,S03,P604,13.0,0,3,10,19,5
2026-08-18,S03,P604,10.0,0,6,4,19,5
2026-08-19,S03,P604,4.0,0,4,0,19,5
2026-08-20,S03,P604,0.0,14,0,14,19,5
2026-08-21,S03,P604,14.0,0,5,9,19,5
2026-08-22,S03,P604,9.0,0,3,6,19,5
2026-08-23,S03,P604,6.0,12,2,16,19,5
2026-08-24,S03,P604,16.0,0,5,11,19,5
2026-08-25,S03,P604,11.0,0,3,8,19,5
2026-08-26,S03,P604,8.0,0,2,6,19,5
2026-08-27,S03,P604,6.0,12,3,15,19,5
2026-08-28,S03,P604,15.0,0,2,13,19,5
2026-08-29,S03,P604,13.0,0,6,7,19,5
2026-08-30,S03,P604,7.0,0,7,0,19,5
2026-08-31,S03,P604,0.0,12,8,4,19,5
2026-05-01,S03,P701,49.0,0,6,43,27,3
2026-05-02,S03,P701,43.0,0,6,37,27,3
2026-05-03,S03,P701,37.0,0,9,28,27,3
2026-05-04,S03,P701,28.0,0,3,25,27,3
2026-05-05,S03,P701,25.0,0,5,20,27,3
2026-05-06,S03,P701,20.0,0,6,14,27,3
2026-05-07,S03,P701,14.0,0,3,11,27,3
2026-05-08,S03,P701,11.0,0,4,7,27,3
2026-05-09,S03,P701,7.0,24,10,21,27,3
2026-05-10,S03,P701,21.0,0,12,9,27,3
2026-05-11,S03,P701,9.0,0,9,0,27,3
2026-05-12,S03,P701,0.0,28,18,10,27,3
2026-05-13,S03,P701,10.0,0,10,0,27,3
2026-05-14,S03,P701,0.0,0,0,0,27,3
2026-05-15,S03,P701,0.0,0,0,0,27,3
2026-05-16,S03,P701,0.0,39,8,31,27,3
2026-05-17,S03,P701,31.0,0,8,23,27,3
2026-05-18,S03,P701,23.0,0,6,17,27,3
2026-05-19,S03,P701,17.0,0,8,9,27,3
2026-05-20,S03,P701,9.0,26,4,31,27,3
2026-05-21,S03,P701,31.0,0,4,27,27,3
2026-05-22,S03,P701,27.0,0,4,23,27,3
2026-05-23,S03,P701,23.0,0,5,18,27,3
2026-05-24,S03,P701,18.0,22,13,27,27,3
2026-05-25,S03,P701,27.0,0,5,22,27,3
2026-05-26,S03,P701,22.0,0,6,16,27,3
2026-05-27,S03,P701,16.0,22,11,27,27,3
2026-05-28,S03,P701,27.0,0,6,21,27,3
2026-05-29,S03,P701,21.0,0,7,14,27,3
2026-05-30,S03,P701,14.0,22,12,24,27,3
2026-05-31,S03,P701,24.0,0,14,10,27,3
2026-06-01,S03,P701,10.0,0,10,0,27,3
2026-06-02,S03,P701,0.0,25,3,22,27,3
2026-06-03,S03,P701,22.0,0,7,15,27,3
2026-06-04,S03,P701,15.0,0,10,5,27,3
2026-06-05,S03,P701,5.0,24,9,20,27,3
2026-06-06,S03,P701,20.0,0,7,13,27,3
2026-06-07,S03,P701,13.0,0,7,6,27,3
2026-06-08,S03,P701,6.0,29,9,26,27,3
2026-06-09,S03,P701,26.0,0,4,22,27,3
2026-06-10,S03,P701,22.0,0,4,18,27,3
2026-06-11,S03,P701,18.0,23,4,37,27,3
2026-06-12,S03,P701,37.0,0,2,35,27,3
2026-06-13,S03,P701,35.0,0,16,19,27,3
2026-06-14,S03,P701,19.0,0,11,8,27,3
2026-06-15,S03,P701,8.0,0,6,2,27,3
2026-06-16,S03,P701,2.0,30,13,19,27,3
2026-06-17,S03,P701,19.0,0,5,14,27,3
2026-06-18,S03,P701,14.0,0,4,10,27,3
2026-06-19,S03,P701,10.0,30,8,32,27,3
2026-06-20,S03,P701,32.0,0,10,22,27,3
2026-06-21,S03,P701,22.0,0,8,14,27,3
2026-06-22,S03,P701,14.0,0,13,1,27,3
2026-06-23,S03,P701,1.0,27,5,23,27,3
2026-06-24,S03,P701,23.0,0,9,14,27,3
2026-06-25,S03,P701,14.0,0,7,7,27,3
2026-06-26,S03,P701,7.0,0,7,0,27,3
2026-06-27,S03,P701,0.0,26,8,18,27,3
2026-06-28,S03,P701,18.0,0,5,13,27,3
2026-06-29,S03,P701,13.0,23,8,28,27,3
2026-06-30,S03,P701,28.0,0,10,18,27,3
2026-07-01,S03,P701,18.0,0,9,9,27,3
2026-07-02,S03,P701,9.0,0,4,5,27,3
2026-07-03,S03,P701,5.0,31,11,25,27,3
2026-07-04,S03,P701,25.0,0,22,3,27,3
2026-07-05,S03,P701,3.0,0,3,0,27,3
2026-07-06,S03,P701,0.0,24,10,14,27,3
2026-07-07,S03,P701,14.0,22,6,30,27,3
2026-07-08,S03,P701,30.0,0,1,29,27,3
2026-07-09,S03,P701,29.0,0,6,23,27,3
2026-07-10,S03,P701,23.0,0,1,22,27,3
2026-07-11,S03,P701,22.0,0,10,12,27,3
2026-07-12,S03,P701,12.0,26,7,31,27,3
2026-07-13,S03,P701,31.0,0,1,30,27,3
2026-07-14,S03,P701,30.0,0,6,24,27,3
2026-07-15,S03,P701,24.0,0,4,20,27,3
2026-07-16,S03,P701,20.0,0,6,14,27,3
2026-07-17,S03,P701,14.0,25,3,36,27,3
2026-07-18,S03,P701,36.0,0,6,30,27,3
2026-07-19,S03,P701,30.0,0,11,19,27,3
2026-07-20,S03,P701,19.0,0,7,12,27,3
2026-07-21,S03,P701,12.0,0,1,23,27,3
2026-07-22,S03,P701,11.0,30,10,31,27,3
2026-07-23,S03,P701,31.0,0,5,26,27,3
2026-07-24,S03,P701,26.0,0,2,24,27,3
2026-07-25,S03,P701,24.0,0,9,15,27,3
2026-07-26,S03,P701,15.0,0,3,12,27,3
2026-07-27,S03,P701,12.0,23,7,28,27,3
2026-07-28,S03,P701,28.0,0,14,14,27,3
2026-07-29,S03,P701,14.0,0,2,-4,27,3
2026-07-30,S03,P701,12.0,0,7,-24,27,3
2026-07-31,S03,P701,5.0,35,5,35,27,3
2026-08-01,S03,P701,35.0,0,13,22,27,3
2026-08-02,S03,P701,22.0,0,17,5,27,3
2026-08-03,S03,P701,5.0,0,5,0,27,3
2026-08-04,S03,P701,0.0,27,10,17,27,3
2026-08-05,S03,P701,17.0,0,11,6,27,3
2026-08-06,S03,P701,6.0,22,11,17,27,3
2026-08-07,S03,P701,17.0,0,4,13,27,3
2026-08-08,S03,P701,13.0,0,8,5,27,3
2026-08-09,S03,P701,5.0,32,8,29,27,3
2026-08-10,S03,P701,29.0,0,7,22,27,3
2026-08-11,S03,P701,22.0,0,9,13,27,3
2026-08-12,S03,P701,13.0,0,10,3,27,3
2026-08-13,S03,P701,3.0,0,3,0,27,3
2026-08-14,S03,P701,0.0,27,4,23,27,3
2026-08-15,S03,P701,23.0,0,13,10,27,3
2026-08-16,S03,P701,10.0,0,8,2,27,3
2026-08-17,S03,P701,2.0,22,6,18,27,3
2026-08-18,S03,P701,18.0,0,8,10,27,3
2026-08-19,S03,P701,10.0,25,7,28,27,3
2026-08-20,S03,P701,28.0,0,4,24,27,3
2026-08-21,S03,P701,24.0,0,12,12,27,3
2026-08-22,S03,P701,12.0,0,10,2,27,3
2026-08-23,S03,P701,2.0,25,3,24,27,3
2026-08-24,S03,P701,24.0,0,6,18,27,3
2026-08-25,S03,P701,18.0,22,7,33,27,3
2026-08-26,S03,P701,33.0,0,1,32,27,3
2026-08-27,S03,P701,32.0,0,4,28,27,3
2026-08-28,S03,P701,28.0,0,9,19,27,3
2026-08-29,S03,P701,19.0,0,8,11,27,3
2026-08-30,S03,P701,11.0,0,4,7,27,3
2026-08-31,S03,P701,7.0,30,5,32,27,3
2026-05-01,S03,P702,20.0,0,1,19,11,3
2026-05-02,S03,P702,19.0,0,4,15,11,3
2026-05-03,S03,P702,15.0,0,2,13,11,3
2026-05-04,S03,P702,13.0,0,5,8,11,3
2026-05-05,S03,P702,8.0,0,3,5,11,3
2026-05-06,S03,P702,5.0,0,3,2,11,3
2026-05-07,S03,P702,2.0,12,1,13,11,3
2026-05-08,S03,P702,13.0,0,5,8,11,3
2026-05-09,S03,P702,8.0,0,8,0,11,3
2026-05-10,S03,P702,0.0,0,0,0,11,3
2026-05-11,S03,P702,0.0,12,4,8,11,3
2026-05-12,S03,P702,8.0,0,2,6,11,3
2026-05-13,S03,P702,6.0,0,2,4,11,3
2026-05-14,S03,P702,4.0,12,3,13,11,3
2026-05-15,S03,P702,13.0,0,2,11,11,3
2026-05-16,S03,P702,11.0,0,6,5,11,3
2026-05-17,S03,P702,5.0,0,2,3,11,3
2026-05-18,S03,P702,3.0,9,0,12,11,3
2026-05-19,S03,P702,12.0,0,11,1,11,3
2026-05-20,S03,P702,1.0,0,1,0,11,3
2026-05-21,S03,P702,0.0,0,0,0,11,3
2026-05-22,S03,P702,0.0,19,3,16,11,3
2026-05-23,S03,P702,16.0,0,4,12,11,3
2026-05-24,S03,P702,12.0,0,5,7,11,3
2026-05-25,S03,P702,7.0,0,3,4,11,3
2026-05-26,S03,P702,4.0,0,4,0,11,3
2026-05-27,S03,P702,0.0,13,5,8,11,3
2026-05-28,S03,P702,8.0,0,1,7,11,3
2026-05-29,S03,P702,7.0,0,4,3,11,3
2026-05-30,S03,P702,3.0,12,3,12,11,3
2026-05-31,S03,P702,12.0,0,3,9,11,3
2026-06-01,S03,P702,9.0,0,5,4,11,3
2026-06-02,S03,P702,4.0,0,2,2,11,3
2026-06-03,S03,P702,2.0,11,1,12,11,3
2026-06-04,S03,P702,12.0,0,2,10,11,3
2026-06-05,S03,P702,10.0,0,2,8,11,3
2026-06-06,S03,P702,8.0,0,8,0,11,3
2026-06-07,S03,P702,0.0,10,4,6,11,3
2026-06-08,S03,P702,6.0,0,4,2,11,3
2026-06-09,S03,P702,2.0,10,3,9,11,3
2026-06-10,S03,P702,9.0,0,3,6,11,3
2026-06-11,S03,P702,6.0,0,5,1,11,3
2026-06-12,S03,P702,1.0,11,4,8,11,3
2026-06-13,S03,P702,8.0,0,6,2,11,3
2026-06-14,S03,P702,2.0,0,2,0,11,3
2026-06-15,S03,P702,0.0,12,4,8,11,3
2026-06-16,S03,P702,8.0,0,2,6,11,3
2026-06-17,S03,P702,6.0,0,5,1,11,3
2026-06-18,S03,P702,1.0,12,4,9,11,3
2026-06-19,S03,P702,9.0,0,1,8,11,3
2026-06-20,S03,P702,8.0,0,1,7,11,3
2026-06-21,S03,P702,7.0,11,6,12,11,3
2026-06-22,S03,P702,12.0,0,5,7,11,3
2026-06-23,S03,P702,7.0,0,2,5,11,3
2026-06-24,S03,P702,5.0,0,1,4,11,3
2026-06-25,S03,P702,4.0,13,3,14,11,3
2026-06-26,S03,P702,14.0,0,6,8,11,3
2026-06-27,S03,P702,8.0,0,3,5,11,3
2026-06-28,S03,P702,5.0,0,5,0,11,3
2026-06-29,S03,P702,0.0,12,5,7,11,3
2026-06-30,S03,P702,7.0,0,3,4,11,3
2026-07-01,S03,P702,4.0,0,2,2,11,3
2026-07-02,S03,P702,2.0,13,4,11,11,3
2026-07-03,S03,P702,11.0,0,4,7,11,3
2026-07-04,S03,P702,7.0,0,6,1,11,3
2026-07-05,S03,P702,1.0,0,1,0,11,3
2026-07-06,S03,P702,0.0,9,4,5,11,3
2026-07-07,S03,P702,5.0,10,2,13,11,3
2026-07-08,S03,P702,13.0,0,4,9,11,3
2026-07-09,S03,P702,9.0,0,4,5,11,3
2026-07-10,S03,P702,5.0,0,2,3,11,3
2026-07-11,S03,P702,3.0,11,5,9,11,3
2026-07-12,S03,P702,9.0,0,2,7,11,3
2026-07-13,S03,P702,7.0,0,4,3,11,3
2026-07-14,S03,P702,3.0,11,2,12,11,3
2026-07-15,S03,P702,12.0,0,1,11,11,3
2026-07-16,S03,P702,11.0,0,3,8,11,3
2026-07-17,S03,P702,8.0,0,6,2,11,3
2026-07-18,S03,P702,2.0,0,2,0,11,3
2026-07-19,S03,P702,0.0,9,4,5,11,3
2026-07-20,S03,P702,5.0,9,2,12,11,3
2026-07-21,S03,P702,12.0,0,3,9,11,3
2026-07-22,S03,P702,9.0,0,2,7,11,3
2026-07-23,S03,P702,7.0,0,2,5,11,3
2026-07-24,S03,P702,5.0,11,5,11,11,3
2026-07-25,S03,P702,11.0,0,4,7,11,3
2026-07-26,S03,P702,7.0,0,5,2,11,3
2026-07-27,S03,P702,2.0,9,5,6,11,3
2026-07-28,S03,P702,6.0,0,5,1,11,3
2026-07-29,S03,P702,1.0,0,1,0,11,3
2026-07-30,S03,P702,0.0,9,3,6,11,3
2026-07-31,S03,P702,6.0,10,4,12,11,3
2026-08-01,S03,P702,12.0,0,3,9,11,3
2026-08-02,S03,P702,9.0,0,5,4,11,3
2026-08-03,S03,P702,4.0,0,3,1,11,3
2026-08-04,S03,P702,1.0,11,2,10,11,3
2026-08-05,S03,P702,10.0,0,2,8,11,3
2026-08-06,S03,P702,8.0,0,2,6,11,3
2026-08-07,S03,P702,6.0,0,4,2,11,3
2026-08-08,S03,P702,2.0,10,2,10,11,3
2026-08-09,S03,P702,10.0,0,2,8,11,3
2026-08-10,S03,P702,8.0,0,5,3,11,3
2026-08-11,S03,P702,3.0,0,3,0,11,3
2026-08-12,S03,P702,0.0,10,1,9,11,3
2026-08-13,S03,P702,9.0,0,2,7,11,3
2026-08-14,S03,P702,7.0,10,6,11,11,3
2026-08-15,S03,P702,11.0,0,5,6,11,3
2026-08-16,S03,P702,6.0,0,5,1,11,3
2026-08-17,S03,P702,1.0,9,3,7,11,3
2026-08-18,S03,P702,7.0,0,3,4,11,3
2026-08-19,S03,P702,4.0,10,0,14,11,3
2026-08-20,S03,P702,14.0,0,4,10,11,3
2026-08-21,S03,P702,10.0,0,3,7,11,3
2026-08-22,S03,P702,7.0,0,2,5,11,3
2026-08-23,S03,P702,5.0,10,4,11,11,3
2026-08-24,S03,P702,11.0,0,2,9,11,3
2026-08-25,S03,P702,9.0,0,2,7,11,3
2026-08-26,S03,P702,7.0,9,2,14,11,3
2026-08-27,S03,P702,14.0,0,2,12,11,3
2026-08-28,S03,P702,12.0,0,3,9,11,3
2026-08-29,S03,P702,9.0,0,7,2,11,3
2026-08-30,S03,P702,2.0,0,2,0,11,3
2026-08-31,S03,P702,0.0,11,11,0,11,3
2026-05-01,S03,P703,19.0,0,0,19,11,3
2026-05-02,S03,P703,19.0,0,5,14,11,3
2026-05-03,S03,P703,14.0,0,4,10,11,3
2026-05-04,S03,P703,10.0,0,5,5,11,3
2026-05-05,S03,P703,5.0,0,5,0,11,3
2026-05-06,S03,P703,0.0,9,1,8,11,3
2026-05-07,S03,P703,8.0,0,5,3,11,3
2026-05-08,S03,P703,3.0,10,4,9,11,3
2026-05-09,S03,P703,9.0,0,5,4,11,3
2026-05-10,S03,P703,4.0,0,3,1,11,3
2026-05-11,S03,P703,1.0,10,5,6,11,3
2026-05-12,S03,P703,6.0,0,6,0,11,3
2026-05-13,S03,P703,0.0,0,0,0,11,3
2026-05-14,S03,P703,0.0,8,1,7,11,3
2026-05-15,S03,P703,7.0,11,3,15,11,3
2026-05-16,S03,P703,15.0,0,3,12,11,3
2026-05-17,S03,P703,12.0,0,5,7,11,3
2026-05-18,S03,P703,7.0,0,2,5,11,3
2026-05-19,S03,P703,5.0,0,2,3,11,3
2026-05-20,S03,P703,3.0,12,2,13,11,3
2026-05-21,S03,P703,13.0,0,0,13,11,3
2026-05-22,S03,P703,13.0,0,2,11,11,3
2026-05-23,S03,P703,11.0,0,4,7,11,3
2026-05-24,S03,P703,7.0,0,3,4,11,3
2026-05-25,S03,P703,4.0,8,5,7,11,3
2026-05-26,S03,P703,7.0,0,1,6,11,3
2026-05-27,S03,P703,6.0,0,2,4,11,3
2026-05-28,S03,P703,4.0,0,4,0,11,3
2026-05-29,S03,P703,0.0,12,6,6,11,3
2026-05-30,S03,P703,6.0,0,2,4,11,3
2026-05-31,S03,P703,4.0,0,4,0,11,3
2026-06-01,S03,P703,0.0,13,9,4,11,3
2026-06-02,S03,P703,4.0,0,1,3,11,3
2026-06-03,S03,P703,3.0,0,3,0,11,3
2026-06-04,S03,P703,0.0,15,2,13,11,3
2026-06-05,S03,P703,13.0,0,3,10,11,3
2026-06-06,S03,P703,10.0,0,3,7,11,3
2026-06-07,S03,P703,7.0,0,2,5,11,3
2026-06-08,S03,P703,5.0,9,2,12,11,3
2026-06-09,S03,P703,12.0,0,3,9,11,3
2026-06-10,S03,P703,9.0,0,3,6,11,3
2026-06-11,S03,P703,6.0,0,6,0,11,3
2026-06-12,S03,P703,0.0,10,3,7,11,3
2026-06-13,S03,P703,7.0,0,1,6,11,3
2026-06-14,S03,P703,6.0,9,4,11,11,3
2026-06-15,S03,P703,11.0,0,1,10,11,3
2026-06-16,S03,P703,10.0,0,1,9,11,3
2026-06-17,S03,P703,9.0,8,2,15,11,3
2026-06-18,S03,P703,15.0,0,2,13,11,3
2026-06-19,S03,P703,13.0,0,4,9,11,3
2026-06-20,S03,P703,9.0,0,3,6,11,3
2026-06-21,S03,P703,6.0,0,2,4,11,3
2026-06-22,S03,P703,4.0,10,3,11,11,3
2026-06-23,S03,P703,11.0,0,7,4,11,3
2026-06-24,S03,P703,4.0,0,3,1,11,3
2026-06-25,S03,P703,1.0,8,9,-18,11,3
2026-06-26,S03,P703,0.0,0,0,0,11,3
2026-06-27,S03,P703,0.0,10,4,6,11,3
2026-06-28,S03,P703,6.0,9,4,11,11,3
2026-06-29,S03,P703,11.0,0,3,8,11,3
2026-06-30,S03,P703,8.0,0,5,3,11,3
2026-07-01,S03,P703,3.0,8,2,9,11,3
2026-07-02,S03,P703,9.0,0,5,4,11,3
2026-07-03,S03,P703,4.0,8,4,8,11,3
2026-07-04,S03,P703,8.0,0,3,5,11,3
2026-07-05,S03,P703,5.0,0,3,2,11,3
2026-07-06,S03,P703,2.0,11,8,5,11,3
2026-07-07,S03,P703,5.0,0,5,0,11,3
2026-07-08,S03,P703,0.0,0,0,0,11,3
2026-07-09,S03,P703,0.0,14,2,12,11,3
2026-07-10,S03,P703,12.0,0,2,10,11,3
2026-07-11,S03,P703,10.0,0,6,4,11,3
2026-07-12,S03,P703,4.0,0,3,1,11,3
2026-07-13,S03,P703,1.0,9,3,7,11,3
2026-07-14,S03,P703,7.0,0,1,6,11,3
2026-07-15,S03,P703,6.0,9,1,14,11,3
2026-07-16,S03,P703,14.0,0,1,13,11,3
2026-07-17,S03,P703,13.0,0,1,12,11,3
2026-07-18,S03,P703,12.0,0,1,11,11,3
2026-07-19,S03,P703,11.0,0,3,8,11,3
2026-07-20,S03,P703,8.0,0,1,7,11,3
2026-07-21,S03,P703,7.0,8,3,12,11,3
2026-07-22,S03,P703,12.0,0,6,6,11,3
2026-07-23,S03,P703,6.0,0,6,0,11,3
2026-07-24,S03,P703,0.0,0,0,0,11,3
2026-07-25,S03,P703,0.0,0,0,0,11,3
2026-07-26,S03,P703,0.0,13,2,11,11,3
2026-07-27,S03,P703,11.0,0,6,5,11,3
2026-07-28,S03,P703,5.0,0,2,3,11,3
2026-07-29,S03,P703,3.0,0,1,2,11,3
2026-07-30,S03,P703,2.0,8,3,7,11,3
2026-07-31,S03,P703,7.0,8,0,15,11,3
2026-08-01,S03,P703,15.0,0,3,12,11,3
2026-08-02,S03,P703,12.0,0,5,7,11,3
2026-08-03,S03,P703,7.0,0,2,35,11,3
2026-08-04,S03,P703,5.0,0,4,1,11,3
2026-08-05,S03,P703,1.0,12,3,10,11,3
2026-08-06,S03,P703,10.0,0,4,6,11,3
2026-08-07,S03,P703,6.0,0,4,2,11,3
2026-08-08,S03,P703,2.0,9,7,4,11,3
2026-08-09,S03,P703,4.0,0,4,0,11,3
2026-08-10,S03,P703,0.0,8,2,6,11,3
2026-08-11,S03,P703,6.0,0,2,4,11,3
2026-08-12,S03,P703,4.0,11,3,12,11,3
2026-08-13,S03,P703,12.0,0,3,9,11,3
2026-08-14,S03,P703,9.0,0,3,6,11,3
2026-08-15,S03,P703,6.0,0,2,4,11,3
2026-08-16,S03,P703,4.0,10,3,11,11,3
2026-08-17,S03,P703,11.0,0,3,8,11,3
2026-08-18,S03,P703,8.0,0,4,4,11,3
2026-08-19,S03,P703,4.0,8,1,11,11,3
2026-08-20,S03,P703,11.0,0,2,9,11,3
2026-08-21,S03,P703,9.0,0,3,6,11,3
2026-08-22,S03,P703,6.0,0,2,4,11,3
2026-08-23,S03,P703,4.0,8,2,10,11,3
2026-08-24,S03,P703,10.0,0,4,6,11,3
2026-08-25,S03,P703,6.0,0,1,5,11,3
2026-08-26,S03,P703,5.0,9,4,10,11,3
2026-08-27,S03,P703,10.0,0,0,10,11,3
2026-08-28,S03,P703,10.0,0,0,10,11,3
2026-08-29,S03,P703,10.0,9,5,14,11,3
2026-08-30,S03,P703,14.0,0,4,10,11,3
2026-08-31,S03,P703,10.0,0,3,7,11,3
2026-05-01,S03,P704,18.0,0,7,11,10,3
2026-05-02,S03,P704,11.0,0,6,5,10,3
2026-05-03,S03,P704,5.0,0,4,1,10,3
2026-05-04,S03,P704,1.0,0,1,0,10,3
2026-05-05,S03,P704,0.0,0,0,0,10,3
2026-05-06,S03,P704,0.0,0,0,0,10,3
2026-05-07,S03,P704,0.0,13,2,11,10,3
2026-05-08,S03,P704,11.0,0,1,10,10,3
2026-05-09,S03,P704,10.0,0,3,7,10,3
2026-05-10,S03,P704,7.0,0,7,0,10,3
2026-05-11,S03,P704,0.0,8,5,3,10,3
2026-05-12,S03,P704,3.0,0,3,0,10,3
2026-05-13,S03,P704,0.0,10,6,4,10,3
2026-05-14,S03,P704,4.0,0,3,1,10,3
2026-05-15,S03,P704,1.0,8,3,6,10,3
2026-05-16,S03,P704,6.0,0,3,3,10,3
2026-05-17,S03,P704,3.0,9,4,8,10,3
2026-05-18,S03,P704,8.0,0,3,5,10,3
2026-05-19,S03,P704,5.0,0,2,3,10,3
2026-05-20,S03,P704,3.0,10,2,11,10,3
2026-05-21,S03,P704,11.0,0,0,11,10,3
2026-05-22,S03,P704,11.0,0,1,5,10,3
2026-05-23,S03,P704,10.0,0,4,6,10,3
2026-05-24,S03,P704,6.0,0,2,4,10,3
2026-05-25,S03,P704,4.0,8,5,7,10,3
2026-05-26,S03,P704,7.0,0,4,3,10,3
2026-05-27,S03,P704,3.0,0,3,0,10,3
2026-05-28,S03,P704,0.0,11,1,10,10,3
2026-05-29,S03,P704,10.0,0,1,9,10,3
2026-05-30,S03,P704,9.0,0,0,9,10,3
2026-05-31,S03,P704,9.0,8,6,11,10,3
2026-06-01,S03,P704,11.0,0,3,8,10,3
2026-06-02,S03,P704,8.0,0,1,7,10,3
2026-06-03,S03,P704,7.0,0,1,6,10,3
2026-06-04,S03,P704,6.0,10,2,14,10,3
2026-06-05,S03,P704,14.0,0,3,11,10,3
2026-06-06,S03,P704,11.0,0,5,6,10,3
2026-06-07,S03,P704,6.0,0,1,5,10,3
2026-06-08,S03,P704,5.0,0,5,0,10,3
2026-06-09,S03,P704,0.0,12,0,12,10,3
2026-06-10,S03,P704,12.0,0,4,8,10,3
2026-06-11,S03,P704,8.0,0,2,6,10,3
2026-06-12,S03,P704,6.0,0,2,4,10,3
2026-06-13,S03,P704,4.0,10,0,14,10,3
2026-06-14,S03,P704,14.0,0,5,9,10,3
2026-06-15,S03,P704,9.0,0,2,7,10,3
2026-06-16,S03,P704,7.0,0,4,3,10,3
2026-06-17,S03,P704,3.0,9,2,10,10,3
2026-06-18,S03,P704,10.0,0,1,9,10,3
2026-06-19,S03,P704,9.0,0,2,7,10,3
2026-06-20,S03,P704,7.0,0,0,7,10,3
2026-06-21,S03,P704,7.0,8,0,15,10,3
2026-06-22,S03,P704,15.0,0,6,9,10,3
2026-06-23,S03,P704,9.0,0,2,7,10,3
2026-06-24,S03,P704,7.0,0,5,2,10,3
2026-06-25,S03,P704,2.0,0,2,0,10,3
2026-06-26,S03,P704,0.0,9,3,6,10,3
2026-06-27,S03,P704,6.0,0,6,0,10,3
2026-06-28,S03,P704,0.0,0,0,0,10,3
2026-06-29,S03,P704,0.0,0,0,0,10,3
2026-06-30,S03,P704,0.0,18,3,15,10,3
2026-07-01,S03,P704,15.0,0,1,14,10,3
2026-07-02,S03,P704,,0,8,6,10,3
2026-07-03,S03,P704,6.0,0,3,3,10,3
2026-07-04,S03,P704,3.0,0,2,1,10,3
2026-07-05,S03,P704,1.0,12,6,7,10,3
2026-07-06,S03,P704,7.0,0,2,5,10,3
2026-07-07,S03,P704,5.0,0,3,2,10,3
2026-07-08,S03,P704,2.0,11,8,5,10,3
2026-07-09,S03,P704,5.0,0,5,0,10,3
2026-07-10,S03,P704,0.0,0,0,0,10,3
2026-07-11,S03,P704,0.0,0,0,0,10,3
2026-07-12,S03,P704,0.0,0,0,0,10,3
2026-07-13,S03,P704,0.0,13,0,13,10,3
2026-07-14,S03,P704,13.0,0,3,10,10,3
2026-07-15,S03,P704,10.0,0,5,5,10,3
2026-07-16,S03,P704,5.0,0,3,2,10,3
2026-07-17,S03,P704,2.0,8,1,9,10,3
2026-07-18,S03,P704,9.0,0,5,4,10,3
2026-07-19,S03,P704,4.0,8,7,5,10,3
2026-07-20,S03,P704,5.0,0,4,1,10,3
2026-07-21,S03,P704,1.0,0,1,0,10,3
2026-07-22,S03,P704,0.0,13,2,11,10,3
2026-07-23,S03,P704,11.0,0,1,10,10,3
2026-07-24,S03,P704,10.0,0,1,9,10,3
2026-07-25,S03,P704,9.0,0,4,5,10,3
2026-07-26,S03,P704,5.0,8,5,8,10,3
2026-07-27,S03,P704,8.0,0,2,6,10,3
2026-07-28,S03,P704,6.0,0,1,5,10,3
2026-07-29,S03,P704,5.0,10,3,12,10,3
2026-07-30,S03,P704,12.0,0,2,10,10,3
2026-07-31,S03,P704,10.0,0,3,7,10,3
2026-08-01,S03,P704,7.0,0,6,1,10,3
2026-08-02,S03,P704,1.0,8,6,3,10,3
2026-08-03,S03,P704,3.0,0,3,0,10,3
2026-08-04,S03,P704,0.0,0,0,0,10,3
2026-08-05,S03,P704,0.0,9,2,7,10,3
2026-08-06,S03,P704,7.0,9,1,15,10,3
2026-08-07,S03,P704,15.0,0,2,13,10,3
2026-08-08,S03,P704,13.0,0,2,11,10,3
2026-08-09,S03,P704,11.0,0,2,9,10,3
2026-08-10,S03,P704,9.0,0,1,8,10,3
2026-08-11,S03,P704,8.0,0,3,5,10,3
2026-08-12,S03,P704,5.0,9,5,9,10,3
2026-08-13,S03,P704,9.0,0,2,7,10,3
2026-08-14,S03,P704,7.0,0,2,5,10,3
2026-08-15,S03,P704,5.0,9,4,10,10,3
2026-08-16,S03,P704,10.0,0,10,0,10,3
2026-08-17,S03,P704,0.0,0,0,0,10,3
2026-08-18,S03,P704,0.0,8,8,0,10,3
2026-08-19,S03,P704,0.0,10,5,5,10,3
2026-08-20,S03,P704,5.0,0,5,0,10,3
2026-08-21,S03,P704,0.0,8,7,1,10,3
2026-08-22,S03,P704,1.0,0,1,0,10,3
2026-08-23,S03,P704,0.0,10,2,8,10,3
2026-08-24,S03,P704,8.0,0,3,5,10,3
2026-08-25,S03,P704,5.0,8,1,12,10,3
2026-08-26,S03,P704,12.0,0,4,8,10,3
2026-08-27,S03,P704,8.0,0,1,7,10,3
2026-08-28,S03,P704,7.0,0,3,4,10,3
2026-08-29,S03,P704,4.0,10,1,13,10,3
2026-08-30,S03,P704,13.0,0,1,12,10,3
2026-08-31,S03,P704,12.0,0,1,11,10,3
2026-08-24,S03,P447,68.0,0,18,50,42,4
2026-08-25,S03,P447,50.0,0,13,37,42,4
2026-08-26,S03,P447,37.0,0,15,22,42,4
2026-08-27,S03,P447,22.0,0,12,10,42,4
2026-08-28,S03,P447,10.0,0,6,4,42,4
2026-08-29,S03,P447,4.0,31,9,26,42,4
2026-08-30,S03,P447,26.0,0,5,21,42,4
2026-08-31,S03,P447,21.0,27,11,37,42,4
2026-08-27,S03,P335,50.0,0,7,43,31,4
2026-08-28,S03,P335,43.0,0,8,35,31,4
2026-08-29,S03,P335,35.0,0,6,29,31,4
2026-08-30,S03,P335,29.0,0,16,-3,31,4
2026-08-31,S03,P335,13.0,0,5,8,31,4
2026-08-20,S03,P705,30.0,0,14,16,17,3
2026-08-21,S03,P705,16.0,0,6,10,17,3
2026-08-22,S03,P705,10.0,0,6,-1,17,3
2026-08-23,S03,P705,4.0,14,13,5,17,3
2026-08-24,S03,P705,5.0,0,3,2,17,3
2026-08-25,S03,P705,2.0,0,2,0,17,3
2026-08-26,S03,P705,0.0,25,9,16,17,3
2026-08-27,S03,P705,16.0,0,3,13,17,3
2026-08-28,S03,P705,13.0,0,4,9,17,3
2026-08-29,S03,P705,9.0,14,10,13,17,3
2026-08-30,S03,P705,13.0,0,9,4,17,3
2026-08-31,S03,P705,4.0,0,4,0,17,3
2026-05-01,S04,P101,126.0,0,42,84,79,1
2026-05-02,S04,P101,84.0,0,47,37,79,1
2026-05-03,S04,P101,37.0,89,31,95,79,1
2026-05-04,S04,P101,95.0,0,34,61,79,1
2026-05-05,S04,P101,61.0,65,39,87,79,1
2026-05-06,S04,P101,87.0,0,27,60,79,1
2026-05-07,S04,P101,60.0,66,40,86,79,1
2026-05-08,S04,P101,86.0,0,44,42,79,1
2026-05-09,S04,P101,42.0,84,38,88,79,1
2026-05-10,S04,P101,88.0,0,21,67,79,1
2026-05-11,S04,P101,67.0,59,60,66,79,1
2026-05-12,S04,P101,66.0,60,27,99,79,1
2026-05-13,S04,P101,99.0,0,30,69,79,1
2026-05-14,S04,P101,69.0,57,23,103,79,1
2026-05-15,S04,P101,103.0,0,58,45,79,1
2026-05-16,S04,P101,45.0,81,44,82,79,1
2026-05-17,S04,P101,82.0,0,49,33,79,1
2026-05-18,S04,P101,33.0,93,24,102,79,1
2026-05-19,S04,P101,102.0,0,30,72,79,1
2026-05-20,S04,P101,72.0,54,23,103,79,1
2026-05-21,S04,P101,103.0,0,17,86,79,1
2026-05-22,S04,P101,86.0,0,28,58,79,1
2026-05-23,S04,P101,58.0,68,27,99,79,1
2026-05-24,S04,P101,99.0,0,28,71,79,1
2026-05-25,S04,P101,71.0,55,34,92,79,1
2026-05-26,S04,P101,92.0,0,37,55,79,1
2026-05-27,S04,P101,55.0,71,39,87,79,1
2026-05-28,S04,P101,87.0,0,34,53,79,1
2026-05-29,S04,P101,53.0,73,33,93,79,1
2026-05-30,S04,P101,93.0,0,24,69,79,1
2026-05-31,S04,P101,69.0,57,38,88,79,1
2026-06-01,S04,P101,88.0,0,22,66,79,1
2026-06-02,S04,P101,66.0,60,57,69,79,1
2026-06-03,S04,P101,69.0,0,47,22,79,1
2026-06-04,S04,P101,22.0,47,69,0,79,1
2026-06-05,S04,P101,0.0,126,54,72,79,1
2026-06-06,S04,P101,72.0,54,17,109,79,1
2026-06-07,S04,P101,109.0,0,41,68,79,1
2026-06-08,S04,P101,68.0,58,34,92,79,1
2026-06-09,S04,P101,92.0,0,30,62,79,1
2026-06-10,S04,P101,62.0,64,27,99,79,1
2026-06-11,S04,P101,99.0,0,27,72,79,1
2026-06-12,S04,P101,72.0,54,28,98,79,1
2026-06-13,S04,P101,98.0,0,28,70,79,1
2026-06-14,S04,P101,70.0,56,28,98,79,1
2026-06-15,S04,P101,98.0,0,20,78,79,1
2026-06-16,S04,P101,78.0,48,25,101,79,1
2026-06-17,S04,P101,101.0,0,27,74,79,1
2026-06-18,S04,P101,74.0,52,23,103,79,1
2026-06-19,S04,P101,103.0,0,35,68,79,1
2026-06-20,S04,P101,68.0,58,43,83,79,1
2026-06-21,S04,P101,83.0,0,29,54,79,1
2026-06-22,S04,P101,54.0,72,35,91,79,1
2026-06-23,S04,P101,91.0,0,24,67,79,1
2026-06-24,S04,P101,67.0,59,25,101,79,1
2026-06-25,S04,P101,101.0,0,40,61,79,1
2026-06-26,S04,P101,61.0,65,26,100,79,1
2026-06-27,S04,P101,100.0,0,47,53,79,1
2026-06-28,S04,P101,53.0,73,20,106,79,1
2026-06-29,S04,P101,106.0,0,12,94,79,1
2026-06-30,S04,P101,94.0,0,37,57,79,1
2026-07-01,S04,P101,57.0,69,23,103,79,1
2026-07-02,S04,P101,103.0,0,69,34,79,1
2026-07-03,S04,P101,34.0,0,34,0,79,1
2026-07-04,S04,P101,0.0,92,78,14,79,1
2026-07-05,S04,P101,14.0,112,92,34,79,1
2026-07-06,S04,P101,34.0,92,45,81,79,1
2026-07-07,S04,P101,81.0,0,46,35,79,1
2026-07-08,S04,P101,35.0,0,34,1,79,1
2026-07-09,S04,P101,1.0,0,1,0,79,1
2026-07-10,S04,P101,0.0,91,44,47,79,1
2026-07-11,S04,P101,47.0,79,27,99,79,1
2026-07-12,S04,P101,99.0,0,19,80,79,1
2026-07-13,S04,P101,80.0,0,35,45,79,1
2026-07-14,S04,P101,45.0,81,34,92,79,1
2026-07-15,S04,P101,92.0,0,33,59,79,1
2026-07-16,S04,P101,59.0,0,14,45,79,1
2026-07-17,S04,P101,45.0,67,17,95,79,1
2026-07-18,S04,P101,95.0,0,24,71,79,1
2026-07-19,S04,P101,71.0,55,37,89,79,1
2026-07-20,S04,P101,89.0,0,27,62,79,1
2026-07-21,S04,P101,62.0,0,9,53,79,1
2026-07-22,S04,P101,53.0,64,22,95,79,1
2026-07-23,S04,P101,95.0,0,28,67,79,1
2026-07-24,S04,P101,67.0,59,55,71,79,1
2026-07-25,S04,P101,71.0,55,60,66,79,1
2026-07-26,S04,P101,66.0,60,39,87,79,1
2026-07-27,S04,P101,87.0,0,66,21,79,1
2026-07-28,S04,P101,21.0,105,48,78,79,1
2026-07-29,S04,P101,78.0,0,48,30,79,1
2026-07-30,S04,P101,30.0,96,19,107,79,1
2026-07-31,S04,P101,107.0,0,22,85,79,1
2026-08-01,S04,P101,85.0,0,50,35,79,1
2026-08-02,S04,P101,35.0,91,46,80,79,1
2026-08-03,S04,P101,80.0,0,37,43,79,1
2026-08-04,S04,P101,43.0,83,50,76,79,1
2026-08-05,S04,P101,76.0,50,26,100,79,1
2026-08-06,S04,P101,100.0,0,23,83,79,1
2026-08-07,S04,P101,77.0,49,29,97,79,1
2026-08-08,S04,P101,97.0,0,41,56,79,1
2026-08-09,S04,P101,56.0,70,20,106,79,1
2026-08-10,S04,P101,106.0,0,38,68,79,1
2026-08-11,S04,P101,68.0,58,28,98,79,1
2026-08-12,S04,P101,98.0,0,43,55,79,1
2026-08-13,S04,P101,55.0,71,34,92,79,1
2026-08-14,S04,P101,92.0,0,30,62,79,1
2026-08-15,S04,P101,62.0,64,29,97,79,1
2026-08-16,S04,P101,97.0,0,23,74,79,1
2026-08-17,S04,P101,74.0,52,31,95,79,1
2026-08-18,S04,P101,95.0,0,33,62,79,1
2026-08-19,S04,P101,62.0,64,32,94,79,1
2026-08-20,S04,P101,94.0,0,26,68,79,1
2026-08-21,S04,P101,68.0,58,61,65,79,1
2026-08-22,S04,P101,65.0,61,39,87,79,1
2026-08-23,S04,P101,87.0,0,31,56,79,1
2026-08-24,S04,P101,56.0,70,84,42,79,1
2026-08-25,S04,P101,42.0,84,62,64,79,1
2026-08-26,S04,P101,64.0,62,57,69,79,1
2026-08-27,S04,P101,69.0,57,33,93,79,1
2026-08-28,S04,P101,93.0,0,25,39,79,1
2026-08-29,S04,P101,68.0,58,40,86,79,1
2026-08-30,S04,P101,86.0,0,25,61,79,1
2026-08-31,S04,P101,61.0,65,21,105,79,1
2026-05-01,S04,P102,55.0,0,14,41,34,1
2026-05-02,S04,P102,41.0,0,20,21,34,1
2026-05-03,S04,P102,21.0,34,19,36,34,1
2026-05-04,S04,P102,36.0,0,17,19,34,1
2026-05-05,S04,P102,19.0,36,11,44,34,1
2026-05-06,S04,P102,44.0,0,4,40,34,1
2026-05-07,S04,P102,40.0,0,28,12,34,1
2026-05-08,S04,P102,12.0,43,23,32,34,1
2026-05-09,S04,P102,32.0,23,7,48,34,1
2026-05-10,S04,P102,48.0,0,12,36,34,1
2026-05-11,S04,P102,36.0,0,11,25,34,1
2026-05-12,S04,P102,25.0,30,16,39,34,1
2026-05-13,S04,P102,39.0,0,17,22,34,1
2026-05-14,S04,P102,22.0,33,16,39,34,1
2026-05-15,S04,P102,39.0,0,20,19,34,1
2026-05-16,S04,P102,19.0,36,20,35,34,1
2026-05-17,S04,P102,35.0,0,17,18,34,1
2026-05-18,S04,P102,18.0,37,28,27,34,1
2026-05-19,S04,P102,27.0,28,14,41,34,1
2026-05-20,S04,P102,41.0,0,12,29,34,1
2026-05-21,S04,P102,29.0,0,11,18,34,1
2026-05-22,S04,P102,18.0,26,14,30,34,1
2026-05-23,S04,P102,30.0,25,20,35,34,1
2026-05-24,S04,P102,35.0,0,12,23,34,1
2026-05-25,S04,P102,23.0,32,13,42,34,1
2026-05-26,S04,P102,42.0,0,21,21,34,1
2026-05-27,S04,P102,21.0,34,26,-5,34,1
2026-05-28,S04,P102,29.0,26,7,48,34,1
2026-05-29,S04,P102,48.0,0,13,35,34,1
2026-05-30,S04,P102,35.0,0,11,24,34,1
2026-05-31,S04,P102,24.0,31,10,45,34,1
2026-06-01,S04,P102,45.0,0,13,32,34,1
2026-06-02,S04,P102,32.0,23,13,42,34,1
2026-06-03,S04,P102,42.0,0,15,27,34,1
2026-06-04,S04,P102,27.0,28,8,47,34,1
2026-06-05,S04,P102,47.0,0,12,35,34,1
2026-06-06,S04,P102,35.0,0,13,22,34,1
2026-06-07,S04,P102,22.0,33,12,43,34,1
2026-06-08,S04,P102,43.0,0,22,21,34,1
2026-06-09,S04,P102,21.0,34,18,37,34,1
2026-06-10,S04,P102,37.0,0,13,24,34,1
2026-06-11,S04,P102,24.0,0,13,11,34,1
2026-06-12,S04,P102,11.0,31,29,13,34,1
2026-06-13,S04,P102,13.0,0,11,2,34,1
2026-06-14,S04,P102,2.0,42,24,20,34,1
2026-06-15,S04,P102,20.0,35,15,40,34,1
2026-06-16,S04,P102,40.0,0,13,27,34,1
2026-06-17,S04,P102,27.0,28,4,51,34,1
2026-06-18,S04,P102,51.0,0,7,44,34,1
2026-06-19,S04,P102,44.0,0,12,32,34,1
2026-06-20,S04,P102,32.0,23,4,51,34,1
2026-06-21,S04,P102,51.0,0,23,28,34,1
2026-06-22,S04,P102,28.0,27,13,42,34,1
2026-06-23,S04,P102,42.0,0,12,30,34,1
2026-06-24,S04,P102,30.0,25,10,45,34,1
2026-06-25,S04,P102,45.0,0,16,29,34,1
2026-06-26,S04,P102,29.0,26,16,39,34,1
2026-06-27,S04,P102,39.0,0,15,24,34,1
2026-06-28,S04,P102,24.0,31,7,48,34,1
2026-06-29,S04,P102,48.0,0,11,37,34,1
2026-06-30,S04,P102,37.0,0,13,24,34,1
2026-07-01,S04,P102,24.0,31,5,50,34,1
2026-07-02,S04,P102,50.0,0,14,36,34,1
2026-07-03,S04,P102,36.0,0,10,26,34,1
2026-07-04,S04,P102,26.0,29,16,39,34,1
2026-07-05,S04,P102,39.0,0,13,26,34,1
2026-07-06,S04,P102,26.0,29,13,42,34,1
2026-07-07,S04,P102,42.0,0,23,19,34,1
2026-07-08,S04,P102,19.0,36,28,27,34,1
2026-07-09,S04,P102,27.0,28,29,26,34,1
2026-07-10,S04,P102,26.0,29,42,13,34,1
2026-07-11,S04,P102,13.0,42,28,27,34,1
2026-07-12,S04,P102,27.0,28,7,48,34,1
2026-07-13,S04,P102,48.0,0,11,37,34,1
2026-07-14,S04,P102,37.0,0,9,28,34,1
2026-07-15,S04,P102,28.0,27,11,44,34,1
2026-07-16,S04,P102,44.0,0,8,36,34,1
2026-07-17,S04,P102,36.0,0,11,25,34,1
2026-07-18,S04,P102,25.0,30,20,35,34,1
2026-07-19,S04,P102,35.0,0,18,17,34,1
2026-07-20,S04,P102,17.0,38,11,44,34,1
2026-07-21,S04,P102,44.0,0,14,30,34,1
2026-07-22,S04,P102,30.0,0,19,11,34,1
2026-07-23,S04,P102,11.0,25,5,31,34,1
2026-07-24,S04,P102,31.0,24,26,29,34,1
2026-07-25,S04,P102,29.0,26,17,38,34,1
2026-07-26,S04,P102,38.0,0,22,16,34,1
2026-07-27,S04,P102,16.0,39,18,37,34,1
2026-07-28,S04,P102,37.0,0,12,25,34,1
2026-07-29,S04,P102,25.0,30,12,43,34,1
2026-07-30,S04,P102,43.0,0,14,29,34,1
2026-07-31,S04,P102,29.0,0,22,7,34,1
2026-08-01,S04,P102,7.0,48,17,38,34,1
2026-08-02,S04,P102,38.0,0,9,29,34,1
2026-08-03,S04,P102,29.0,26,19,36,34,1
2026-08-04,S04,P102,36.0,0,18,18,34,1
2026-08-05,S04,P102,18.0,37,12,43,34,1
2026-08-06,S04,P102,43.0,0,28,32,34,1
2026-08-07,S04,P102,15.0,40,21,34,34,1
2026-08-08,S04,P102,34.0,21,34,21,34,1
2026-08-09,S04,P102,21.0,0,21,0,34,1
2026-08-10,S04,P102,0.0,55,18,37,34,1
2026-08-11,S04,P102,37.0,0,9,28,34,1
2026-08-12,S04,P102,28.0,27,13,42,34,1
2026-08-13,S04,P102,42.0,0,11,31,34,1
2026-08-14,S04,P102,31.0,0,19,12,34,1
2026-08-15,S04,P102,12.0,24,10,26,34,1
2026-08-16,S04,P102,26.0,29,6,49,34,1
2026-08-17,S04,P102,49.0,0,12,37,34,1
2026-08-18,S04,P102,37.0,0,16,21,34,1
2026-08-19,S04,P102,21.0,34,9,46,34,1
2026-08-20,S04,P102,46.0,0,15,31,34,1
2026-08-21,S04,P102,31.0,24,23,32,34,1
2026-08-22,S04,P102,32.0,23,6,49,34,1
2026-08-23,S04,P102,49.0,0,8,41,34,1
2026-08-24,S04,P102,41.0,0,30,11,34,1
2026-08-25,S04,P102,11.0,44,12,43,34,1
2026-08-26,S04,P102,43.0,0,36,7,34,1
2026-08-27,S04,P102,7.0,0,6,1,34,1
2026-08-28,S04,P102,1.0,48,15,34,34,1
2026-08-29,S04,P102,34.0,21,29,26,34,1
2026-08-30,S04,P102,26.0,29,12,43,34,1
2026-08-31,S04,P102,43.0,0,21,22,34,1
2026-05-01,S04,P104,45.0,0,6,39,23,2
2026-05-02,S04,P104,39.0,0,6,33,23,2
2026-05-03,S04,P104,33.0,0,8,25,23,2
2026-05-04,S04,P104,25.0,0,7,18,23,2
2026-05-05,S04,P104,18.0,0,5,13,23,2
2026-05-06,S04,P104,13.0,27,3,37,23,2
2026-05-07,S04,P104,37.0,0,13,24,23,2
2026-05-08,S04,P104,24.0,0,3,21,23,2
2026-05-09,S04,P104,21.0,0,8,13,23,2
2026-05-10,S04,P104,13.0,0,4,9,23,2
2026-05-11,S04,P104,9.0,24,3,30,23,2
2026-05-12,S04,P104,30.0,0,4,26,23,2
2026-05-13,S04,P104,26.0,0,9,17,23,2
2026-05-14,S04,P104,17.0,0,7,10,23,2
2026-05-15,S04,P104,10.0,28,6,32,23,2
2026-05-16,S04,P104,32.0,0,4,28,23,2
2026-05-17,S04,P104,28.0,0,5,23,23,2
2026-05-18,S04,P104,23.0,0,13,10,23,2
2026-05-19,S04,P104,10.0,22,14,18,23,2
2026-05-20,S04,P104,18.0,0,6,12,23,2
2026-05-21,S04,P104,12.0,27,17,22,23,2
2026-05-22,S04,P104,22.0,0,7,15,23,2
2026-05-23,S04,P104,15.0,23,6,32,23,2
2026-05-24,S04,P104,32.0,0,5,27,23,2
2026-05-25,S04,P104,27.0,0,4,23,23,2
2026-05-26,S04,P104,23.0,0,7,16,23,2
2026-05-27,S04,P104,16.0,22,6,32,23,2
2026-05-28,S04,P104,32.0,0,9,23,23,2
2026-05-29,S04,P104,23.0,0,5,18,23,2
2026-05-30,S04,P104,18.0,22,2,38,23,2
2026-05-31,S04,P104,38.0,0,8,30,23,2
2026-06-01,S04,P104,30.0,0,3,27,23,2
2026-06-02,S04,P104,27.0,0,4,23,23,2
2026-06-03,S04,P104,23.0,0,3,20,23,2
2026-06-04,S04,P104,20.0,22,1,41,23,2
2026-06-05,S04,P104,41.0,0,8,33,23,2
2026-06-06,S04,P104,33.0,0,5,28,23,2
2026-06-07,S04,P104,28.0,0,6,22,23,2
2026-06-08,S04,P104,22.0,0,1,21,23,2
2026-06-09,S04,P104,21.0,23,6,38,23,2
2026-06-10,S04,P104,38.0,0,4,34,23,2
2026-06-11,S04,P104,34.0,0,8,26,23,2
2026-06-12,S04,P104,26.0,0,8,18,23,2
2026-06-13,S04,P104,18.0,0,12,6,23,2
2026-06-14,S04,P104,6.0,27,10,23,23,2
2026-06-15,S04,P104,23.0,0,13,10,23,2
2026-06-16,S04,P104,10.0,22,6,26,23,2
2026-06-17,S04,P104,26.0,0,5,21,23,2
2026-06-18,S04,P104,21.0,0,8,50,23,2
2026-06-19,S04,P104,13.0,24,8,29,23,2
2026-06-20,S04,P104,29.0,0,5,24,23,2
2026-06-21,S04,P104,24.0,0,7,17,23,2
2026-06-22,S04,P104,17.0,0,6,11,23,2
2026-06-23,S04,P104,11.0,0,4,7,23,2
2026-06-24,S04,P104,7.0,28,6,29,23,2
2026-06-25,S04,P104,29.0,0,7,22,23,2
2026-06-26,S04,P104,22.0,0,3,19,23,2
2026-06-27,S04,P104,19.0,23,8,34,23,2
2026-06-28,S04,P104,34.0,0,6,28,23,2
2026-06-29,S04,P104,28.0,0,2,26,23,2
2026-06-30,S04,P104,26.0,0,4,22,23,2
2026-07-01,S04,P104,22.0,0,6,16,23,2
2026-07-02,S04,P104,16.0,23,10,29,23,2
2026-07-03,S04,P104,29.0,0,10,19,23,2
2026-07-04,S04,P104,19.0,0,17,2,23,2
2026-07-05,S04,P104,2.0,26,11,17,23,2
2026-07-06,S04,P104,17.0,0,7,10,23,2
2026-07-07,S04,P104,10.0,28,4,34,23,2
2026-07-08,S04,P104,34.0,0,8,26,23,2
2026-07-09,S04,P104,26.0,0,5,21,23,2
2026-07-10,S04,P104,21.0,0,7,14,23,2
2026-07-11,S04,P104,14.0,24,8,30,23,2
2026-07-12,S04,P104,30.0,0,6,24,23,2
2026-07-13,S04,P104,24.0,0,4,20,23,2
2026-07-14,S04,P104,20.0,0,6,14,23,2
2026-07-15,S04,P104,14.0,0,7,7,23,2
2026-07-16,S04,P104,7.0,25,5,27,23,2
2026-07-17,S04,P104,27.0,0,3,24,23,2
2026-07-18,S04,P104,24.0,0,5,19,23,2
2026-07-19,S04,P104,19.0,0,4,15,23,2
2026-07-20,S04,P104,15.0,0,5,10,23,2
2026-07-21,S04,P104,10.0,26,6,30,23,2
2026-07-22,S04,P104,30.0,0,3,27,23,2
2026-07-23,S04,P104,27.0,0,4,23,23,2
2026-07-24,S04,P104,23.0,0,2,21,23,2
2026-07-25,S04,P104,21.0,22,8,35,23,2
2026-07-26,S04,P104,35.0,0,7,28,23,2
2026-07-27,S04,P104,28.0,0,3,25,23,2
2026-07-28,S04,P104,25.0,0,8,17,23,2
2026-07-29,S04,P104,17.0,0,3,14,23,2
2026-07-30,S04,P104,14.0,28,2,40,23,2
2026-07-31,S04,P104,40.0,0,7,33,23,2
2026-08-01,S04,P104,33.0,0,9,24,23,2
2026-08-02,S04,P104,24.0,0,5,19,23,2
2026-08-03,S04,P104,19.0,0,14,5,23,2
2026-08-04,S04,P104,5.0,26,12,19,23,2
2026-08-05,S04,P104,19.0,0,8,11,23,2
2026-08-06,S04,P104,11.0,26,3,34,23,2
2026-08-07,S04,P104,34.0,0,5,29,23,2
2026-08-08,S04,P104,29.0,0,8,21,23,2
2026-08-09,S04,P104,21.0,0,7,14,23,2
2026-08-10,S04,P104,14.0,24,6,32,23,2
2026-08-11,S04,P104,32.0,0,4,28,23,2
2026-08-12,S04,P104,28.0,0,2,26,23,2
2026-08-13,S04,P104,26.0,0,8,18,23,2
2026-08-14,S04,P104,18.0,0,3,15,23,2
2026-08-15,S04,P104,15.0,27,10,32,23,2
2026-08-16,S04,P104,32.0,0,4,28,23,2
2026-08-17,S04,P104,28.0,0,7,21,23,2
2026-08-18,S04,P104,21.0,0,1,20,23,2
2026-08-19,S04,P104,20.0,24,5,39,23,2
2026-08-20,S04,P104,39.0,0,5,34,23,2
2026-08-21,S04,P104,34.0,0,4,30,23,2
2026-08-22,S04,P104,30.0,0,6,24,23,2
2026-08-23,S04,P104,24.0,0,5,19,23,2
2026-08-24,S04,P104,19.0,0,5,14,23,2
2026-08-25,S04,P104,14.0,26,8,32,23,2
2026-08-26,S04,P104,32.0,0,4,28,23,2
2026-08-27,S04,P104,28.0,0,5,23,23,2
2026-08-28,S04,P104,23.0,0,11,12,23,2
2026-08-29,S04,P104,12.0,22,8,26,23,2
2026-08-30,S04,P104,26.0,0,4,22,23,2
2026-08-31,S04,P104,22.0,0,6,16,23,2
2026-05-01,S04,P105,25.0,0,3,22,13,2
2026-05-02,S04,P105,22.0,0,5,17,13,2
2026-05-03,S04,P105,17.0,0,2,15,13,2
2026-05-04,S04,P105,15.0,0,3,12,13,2
2026-05-05,S04,P105,12.0,0,2,10,13,2
2026-05-06,S04,P105,10.0,13,2,21,13,2
2026-05-07,S04,P105,21.0,0,5,16,13,2
2026-05-08,S04,P105,16.0,0,3,13,13,2
2026-05-09,S04,P105,13.0,0,2,11,13,2
2026-05-10,S04,P105,11.0,12,4,19,13,2
2026-05-11,S04,P105,19.0,0,6,13,13,2
2026-05-12,S04,P105,13.0,0,6,7,13,2
2026-05-13,S04,P105,7.0,12,2,17,13,2
2026-05-14,S04,P105,17.0,0,5,12,13,2
2026-05-15,S04,P105,12.0,0,2,10,13,2
2026-05-16,S04,P105,10.0,13,3,20,13,2
2026-05-17,S04,P105,20.0,0,2,18,13,2
2026-05-18,S04,P105,18.0,0,4,14,13,2
2026-05-19,S04,P105,14.0,0,3,11,13,2
2026-05-20,S04,P105,11.0,0,5,6,13,2
2026-05-21,S04,P105,6.0,14,6,14,13,2
2026-05-22,S04,P105,14.0,0,7,7,13,2
2026-05-23,S04,P105,7.0,0,4,3,13,2
2026-05-24,S04,P105,3.0,18,6,15,13,2
2026-05-25,S04,P105,15.0,0,5,10,13,2
2026-05-26,S04,P105,10.0,0,6,4,13,2
2026-05-27,S04,P105,4.0,0,2,2,13,2
2026-05-28,S04,P105,2.0,0,2,0,13,2
2026-05-29,S04,P105,0.0,15,7,8,13,2
2026-05-30,S04,P105,8.0,0,4,4,13,2
2026-05-31,S04,P105,4.0,17,5,16,13,2
2026-06-01,S04,P105,16.0,0,2,14,13,2
2026-06-02,S04,P105,14.0,0,2,12,13,2
2026-06-03,S04,P105,12.0,0,6,6,13,2
2026-06-04,S04,P105,6.0,13,3,16,13,2
2026-06-05,S04,P105,16.0,0,4,12,13,2
2026-06-06,S04,P105,12.0,0,2,10,13,2
2026-06-07,S04,P105,10.0,13,0,23,13,2
2026-06-08,S04,P105,23.0,0,5,18,13,2
2026-06-09,S04,P105,18.0,0,2,16,13,2
2026-06-10,S04,P105,16.0,0,5,11,13,2
2026-06-11,S04,P105,11.0,0,3,8,13,2
2026-06-12,S04,P105,8.0,14,3,19,13,2
2026-06-13,S04,P105,19.0,0,6,13,13,2
2026-06-14,S04,P105,13.0,0,6,7,13,2
2026-06-15,S04,P105,7.0,12,3,16,13,2
2026-06-16,S04,P105,16.0,0,6,10,13,2
2026-06-17,S04,P105,10.0,0,6,4,13,2
2026-06-18,S04,P105,4.0,0,4,0,13,2
2026-06-19,S04,P105,0.0,15,3,12,13,2
2026-06-20,S04,P105,12.0,0,6,6,13,2
2026-06-21,S04,P105,6.0,13,3,16,13,2
2026-06-22,S04,P105,16.0,0,4,12,13,2
2026-06-23,S04,P105,12.0,0,3,9,13,2
2026-06-24,S04,P105,9.0,13,5,17,13,2
2026-06-25,S04,P105,17.0,0,4,13,13,2
2026-06-26,S04,P105,13.0,0,6,7,13,2
2026-06-27,S04,P105,7.0,12,3,16,13,2
2026-06-28,S04,P105,16.0,0,3,13,13,2
2026-06-29,S04,P105,13.0,0,2,11,13,2
2026-06-30,S04,P105,11.0,12,4,19,13,2
2026-07-01,S04,P105,19.0,0,4,15,13,2
2026-07-02,S04,P105,15.0,0,1,14,13,2
2026-07-03,S04,P105,14.0,0,3,11,13,2
2026-07-04,S04,P105,11.0,0,5,6,13,2
2026-07-05,S04,P105,6.0,14,4,16,13,2
2026-07-06,S04,P105,16.0,0,5,11,13,2
2026-07-07,S04,P105,11.0,0,3,8,13,2
2026-07-08,S04,P105,8.0,14,3,19,13,2
2026-07-09,S04,P105,19.0,0,2,17,13,2
2026-07-10,S04,P105,17.0,0,2,15,13,2
2026-07-11,S04,P105,15.0,0,3,12,13,2
2026-07-12,S04,P105,12.0,0,3,9,13,2
2026-07-13,S04,P105,9.0,13,6,16,13,2
2026-07-14,S04,P105,16.0,0,1,15,13,2
2026-07-15,S04,P105,15.0,0,0,15,13,2
2026-07-16,S04,P105,15.0,0,3,12,13,2
2026-07-17,S04,P105,12.0,0,4,8,13,2
2026-07-18,S04,P105,8.0,13,3,18,13,2
2026-07-19,S04,P105,18.0,0,1,17,13,2
2026-07-20,S04,P105,17.0,0,3,14,13,2
2026-07-21,S04,P105,14.0,0,2,12,13,2
2026-07-22,S04,P105,12.0,0,1,11,13,2
2026-07-23,S04,P105,11.0,13,0,24,13,2
2026-07-24,S04,P105,24.0,0,8,16,13,2
2026-07-26,S04,P105,10.0,0,10,0,13,2
2026-07-27,S04,P105,0.0,0,0,0,13,2
2026-07-28,S04,P105,0.0,15,4,11,13,2
2026-07-29,S04,P105,11.0,0,4,7,13,2
2026-07-30,S04,P105,7.0,0,7,0,13,2
2026-07-31,S04,P105,0.0,14,4,10,13,2
2026-08-01,S04,P105,10.0,0,8,2,13,2
2026-08-02,S04,P105,2.0,15,2,15,13,2
2026-08-03,S04,P105,15.0,0,8,7,13,2
2026-08-04,S04,P105,7.0,0,4,3,13,2
2026-08-05,S04,P105,3.0,18,4,17,13,2
2026-08-06,S04,P105,17.0,0,2,15,13,2
2026-08-07,S04,P105,15.0,0,6,9,13,2
2026-08-08,S04,P105,9.0,0,2,7,13,2
2026-08-09,S04,P105,7.0,16,2,21,13,2
2026-08-10,S04,P105,21.0,0,3,18,13,2
2026-08-11,S04,P105,18.0,0,0,18,13,2
2026-08-12,S04,P105,18.0,0,3,15,13,2
2026-08-13,S04,P105,15.0,0,1,14,13,2
2026-08-14,S04,P105,14.0,0,4,10,13,2
2026-08-15,S04,P105,10.0,0,6,4,13,2
2026-08-16,S04,P105,4.0,15,2,17,13,2
2026-08-17,S04,P105,17.0,0,4,13,13,2
2026-08-18,S04,P105,13.0,0,1,12,13,2
2026-08-19,S04,P105,12.0,12,1,23,13,2
2026-08-20,S04,P105,23.0,0,1,22,13,2
2026-08-21,S04,P105,22.0,0,4,18,13,2
2026-08-22,S04,P105,18.0,0,1,17,13,2
2026-08-23,S04,P105,17.0,0,5,12,13,2
2026-08-24,S04,P105,12.0,0,4,8,13,2
2026-08-25,S04,P105,8.0,13,3,18,13,2
2026-08-26,S04,P105,18.0,0,5,13,13,2
2026-08-27,S04,P105,13.0,0,0,13,13,2
2026-08-28,S04,P105,13.0,12,1,24,13,2
2026-08-29,S04,P105,24.0,0,1,23,13,2
2026-08-30,S04,P105,23.0,0,3,20,13,2
2026-08-31,S04,P105,20.0,0,2,18,13,2
2026-05-01,S04,P330,163.0,0,26,137,92,3
2026-05-02,S04,P330,137.0,0,36,101,92,3
2026-05-03,S04,P330,101.0,0,39,62,92,3
2026-05-04,S04,P330,62.0,0,54,8,92,3
2026-05-05,S04,P330,8.0,0,8,0,92,3
2026-05-06,S04,P330,0.0,101,50,51,92,3
2026-05-07,S04,P330,51.0,0,36,15,92,3
2026-05-08,S04,P330,15.0,0,15,0,92,3
2026-05-09,S04,P330,0.0,112,28,84,92,3
2026-05-10,S04,P330,84.0,0,18,66,92,3
2026-05-11,S04,P330,66.0,0,34,32,92,3
2026-05-12,S04,P330,32.0,79,22,89,92,3
2026-05-13,S04,P330,89.0,0,21,68,92,3
2026-05-14,S04,P330,68.0,0,33,35,92,3
2026-05-15,S04,P330,35.0,74,17,92,92,3
2026-05-16,S04,P330,92.0,0,26,66,92,3
2026-05-17,S04,P330,66.0,0,38,28,92,3
2026-05-18,S04,P330,28.0,71,19,80,92,3
2026-05-19,S04,P330,80.0,0,22,58,92,3
2026-05-20,S04,P330,58.0,0,16,42,92,3
2026-05-21,S04,P330,42.0,0,18,24,92,3
2026-05-22,S04,P330,24.0,83,14,93,92,3
2026-05-23,S04,P330,93.0,0,33,60,92,3
2026-05-24,S04,P330,60.0,0,33,27,92,3
2026-05-25,S04,P330,27.0,0,13,14,92,3
2026-05-26,S04,P330,14.0,103,29,88,92,3
2026-05-27,S04,P330,88.0,0,16,72,92,3
2026-05-28,S04,P330,72.0,0,14,58,92,3
2026-05-29,S04,P330,58.0,75,11,122,92,3
2026-05-30,S04,P330,122.0,0,50,72,92,3
2026-05-31,S04,P330,72.0,0,49,23,92,3
2026-06-01,S04,P330,23.0,0,23,0,92,3
2026-06-02,S04,P330,0.0,91,38,53,92,3
2026-06-03,S04,P330,53.0,0,38,15,92,3
2026-06-04,S04,P330,15.0,72,26,61,92,3
2026-06-05,S04,P330,61.0,0,22,39,92,3
2026-06-06,S04,P330,39.0,76,23,92,92,3
2026-06-07,S04,P330,92.0,0,18,74,92,3
2026-06-08,S04,P330,74.0,0,18,56,92,3
2026-06-09,S04,P330,56.0,71,24,103,92,3
2026-06-10,S04,P330,103.0,0,20,83,92,3
2026-06-11,S04,P330,83.0,0,12,71,92,3
2026-06-12,S04,P330,71.0,0,29,42,92,3
2026-06-13,S04,P330,42.0,0,35,7,92,3
2026-06-14,S04,P330,7.0,80,27,60,92,3
2026-06-15,S04,P330,60.0,0,17,43,92,3
2026-06-16,S04,P330,43.0,76,21,98,92,3
2026-06-17,S04,P330,98.0,0,13,85,92,3
2026-06-18,S04,P330,85.0,0,22,63,92,3
2026-06-19,S04,P330,63.0,0,9,54,92,3
2026-06-20,S04,P330,54.0,78,29,103,92,3
2026-06-21,S04,P330,103.0,0,23,80,92,3
2026-06-22,S04,P330,80.0,0,15,65,92,3
2026-06-23,S04,P330,65.0,0,16,49,92,3
2026-06-24,S04,P330,49.0,83,7,125,92,3
2026-06-25,S04,P330,125.0,0,32,93,92,3
2026-06-26,S04,P330,93.0,0,26,67,92,3
2026-06-27,S04,P330,67.0,0,51,16,92,3
2026-06-28,S04,P330,16.0,0,16,0,92,3
2026-06-29,S04,P330,0.0,96,21,75,92,3
2026-06-30,S04,P330,75.0,0,14,61,92,3
2026-07-01,S04,P330,61.0,0,10,51,92,3
2026-07-02,S04,P330,51.0,88,20,119,92,3
2026-07-03,S04,P330,119.0,0,20,99,92,3
2026-07-04,S04,P330,99.0,0,15,84,92,3
2026-07-05,S04,P330,84.0,0,13,71,92,3
2026-07-06,S04,P330,71.0,0,22,49,92,3
2026-07-07,S04,P330,49.0,79,19,109,92,3
2026-07-08,S04,P330,109.0,0,21,88,92,3
2026-07-09,S04,P330,88.0,0,23,65,92,3
2026-07-10,S04,P330,65.0,0,17,48,92,3
2026-07-11,S04,P330,48.0,75,17,106,92,3
2026-07-12,S04,P330,106.0,0,20,86,92,3
2026-07-13,S04,P330,86.0,0,22,64,92,3
2026-07-14,S04,P330,64.0,0,24,40,92,3
2026-07-15,S04,P330,40.0,77,23,63,92,3
2026-07-16,S04,P330,94.0,0,17,77,92,3
2026-07-17,S04,P330,77.0,0,19,58,92,3
2026-07-18,S04,P330,58.0,0,39,19,92,3
2026-07-19,S04,P330,19.0,86,33,72,92,3
2026-07-20,S04,P330,72.0,0,42,30,92,3
2026-07-21,S04,P330,30.0,0,30,0,92,3
2026-07-22,S04,P330,0.0,91,27,64,92,3
2026-07-23,S04,P330,64.0,0,16,48,92,3
2026-07-24,S04,P330,48.0,72,25,95,92,3
2026-07-25,S04,P330,95.0,0,25,70,92,3
2026-07-26,S04,P330,70.0,0,17,53,92,3
2026-07-27,S04,P330,53.0,0,18,35,92,3
2026-07-28,S04,P330,35.0,93,21,107,92,3
2026-07-29,S04,P330,107.0,0,14,93,92,3
2026-07-30,S04,P330,93.0,0,24,69,92,3
2026-07-31,S04,P330,69.0,0,8,61,92,3
2026-08-01,S04,P330,61.0,0,34,27,92,3
2026-08-02,S04,P330,27.0,94,24,97,92,3
2026-08-03,S04,P330,97.0,0,41,56,92,3
2026-08-04,S04,P330,56.0,0,9,47,92,3
2026-08-05,S04,P330,47.0,0,19,28,92,3
2026-08-06,S04,P330,28.0,107,42,93,92,3
2026-08-07,S04,P330,93.0,0,45,48,92,3
2026-08-08,S04,P330,48.0,0,48,0,92,3
2026-08-09,S04,P330,0.0,0,0,0,92,3
2026-08-10,S04,P330,0.0,115,16,99,92,3
2026-08-11,S04,P330,99.0,0,20,79,92,3
2026-08-12,S04,P330,79.0,0,30,49,92,3
2026-08-13,S04,P330,49.0,0,19,30,92,3
2026-08-14,S04,P330,30.0,84,20,94,92,3
2026-08-15,S04,P330,94.0,0,40,54,92,3
2026-08-16,S04,P330,54.0,0,16,38,92,3
2026-08-17,S04,P330,38.0,0,16,22,92,3
2026-08-18,S04,P330,22.0,109,15,116,92,3
2026-08-19,S04,P330,116.0,0,8,88,92,3
2026-08-20,S04,P330,108.0,0,15,93,92,3
2026-08-21,S04,P330,93.0,0,21,72,92,3
2026-08-22,S04,P330,72.0,0,24,48,92,3
2026-08-23,S04,P330,48.0,0,17,31,92,3
2026-08-24,S04,P330,31.0,91,20,102,92,3
2026-08-25,S04,P330,102.0,0,17,85,92,3
2026-08-26,S04,P330,85.0,0,27,58,92,3
2026-08-27,S04,P330,58.0,0,6,52,92,3
2026-08-28,S04,P330,52.0,78,12,118,92,3
2026-08-29,S04,P330,118.0,0,17,101,92,3
2026-08-30,S04,P330,101.0,0,32,69,92,3
2026-08-31,S04,P330,69.0,0,17,52,92,3
2026-05-01,S04,P331,100.0,0,15,85,56,3
2026-05-02,S04,P331,85.0,0,25,60,56,3
2026-05-03,S04,P331,60.0,0,28,32,56,3
2026-05-04,S04,P331,32.0,0,12,20,56,3
2026-05-05,S04,P331,20.0,0,14,6,56,3
2026-05-06,S04,P331,6.0,68,13,61,56,3
2026-05-07,S04,P331,61.0,0,8,53,56,3
2026-05-08,S04,P331,53.0,0,5,48,56,3
2026-05-09,S04,P331,48.0,0,24,24,56,3
2026-05-10,S04,P331,24.0,0,15,9,56,3
2026-05-11,S04,P331,9.0,47,23,33,56,3
2026-05-12,S04,P331,33.0,0,10,23,56,3
2026-05-13,S04,P331,23.0,44,9,58,56,3
2026-05-14,S04,P331,58.0,0,9,49,56,3
2026-05-15,S04,P331,49.0,0,16,33,56,3
2026-05-16,S04,P331,33.0,0,18,15,56,3
2026-05-17,S04,P331,15.0,51,13,53,56,3
2026-05-18,S04,P331,53.0,0,18,35,56,3
2026-05-19,S04,P331,35.0,0,15,20,56,3
2026-05-20,S04,P331,20.0,47,12,55,56,3
2026-05-21,S04,P331,55.0,0,12,43,56,3
2026-05-22,S04,P331,43.0,0,9,34,56,3
2026-05-23,S04,P331,34.0,45,14,65,56,3
2026-05-24,S04,P331,65.0,0,19,46,56,3
2026-05-25,S04,P331,46.0,0,8,38,56,3
2026-05-26,S04,P331,38.0,0,8,30,56,3
2026-05-27,S04,P331,30.0,54,13,71,56,3
2026-05-28,S04,P331,71.0,0,14,57,56,3
2026-05-29,S04,P331,57.0,0,12,45,56,3
2026-05-30,S04,P331,45.0,0,16,29,56,3
2026-05-31,S04,P331,29.0,0,20,9,56,3
2026-06-01,S04,P331,9.0,55,18,46,56,3
2026-06-02,S04,P331,46.0,0,15,31,56,3
2026-06-03,S04,P331,31.0,0,8,23,56,3
2026-06-04,S04,P331,23.0,54,16,61,56,3
2026-06-05,S04,P331,61.0,0,16,45,56,3
2026-06-06,S04,P331,45.0,0,12,33,56,3
2026-06-07,S04,P331,33.0,0,13,20,56,3
2026-06-08,S04,P331,20.0,55,11,64,56,3
2026-06-09,S04,P331,64.0,0,15,49,56,3
2026-06-10,S04,P331,49.0,0,10,39,56,3
2026-06-11,S04,P331,39.0,0,9,30,56,3
2026-06-12,S04,P331,30.0,51,8,73,56,3
2026-06-13,S04,P331,73.0,0,12,61,56,3
2026-06-14,S04,P331,61.0,0,10,51,56,3
2026-06-15,S04,P331,51.0,0,12,39,56,3
2026-06-16,S04,P331,39.0,0,9,30,56,3
2026-06-17,S04,P331,30.0,49,13,66,56,3
2026-06-18,S04,P331,66.0,0,9,57,56,3
2026-06-19,S04,P331,57.0,0,15,42,56,3
2026-06-20,S04,P331,42.0,0,6,36,56,3
2026-06-21,S04,P331,36.0,0,15,21,56,3
2026-06-22,S04,P331,21.0,58,12,67,56,3
2026-06-23,S04,P331,67.0,0,14,53,56,3
2026-06-24,S04,P331,53.0,0,7,46,56,3
2026-06-25,S04,P331,46.0,0,12,34,56,3
2026-06-26,S04,P331,34.0,47,17,64,56,3
2026-06-27,S04,P331,64.0,0,11,53,56,3
2026-06-28,S04,P331,53.0,0,21,32,56,3
2026-06-29,S04,P331,32.0,0,23,9,56,3
2026-06-30,S04,P331,9.0,47,3,53,56,3
2026-07-01,S04,P331,53.0,0,14,39,56,3
2026-07-02,S04,P331,39.0,44,8,75,56,3
2026-07-03,S04,P331,75.0,0,15,60,56,3
2026-07-04,S04,P331,60.0,0,17,43,56,3
2026-07-05,S04,P331,43.0,0,15,28,56,3
2026-07-06,S04,P331,28.0,0,6,22,56,3
2026-07-07,S04,P331,22.0,57,9,70,56,3
2026-07-08,S04,P331,70.0,0,7,63,56,3
2026-07-09,S04,P331,63.0,0,12,51,56,3
2026-07-10,S04,P331,51.0,0,17,34,56,3
2026-07-11,S04,P331,34.0,0,12,22,56,3
2026-07-12,S04,P331,22.0,0,11,11,56,3
2026-07-13,S04,P331,11.0,49,4,56,56,3
2026-07-14,S04,P331,56.0,0,11,45,56,3
2026-07-15,S04,P331,45.0,0,8,37,56,3
2026-07-16,S04,P331,37.0,44,14,67,56,3
2026-07-17,S04,P331,67.0,0,8,59,56,3
2026-07-18,S04,P331,59.0,0,7,52,56,3
2026-07-19,S04,P331,52.0,0,13,39,56,3
2026-07-20,S04,P331,39.0,0,10,29,56,3
2026-07-21,S04,P331,29.0,48,14,63,56,3
2026-07-22,S04,P331,63.0,0,11,52,56,3
2026-07-23,S04,P331,52.0,0,16,36,56,3
2026-07-24,S04,P331,36.0,0,7,29,56,3
2026-07-25,S04,P331,29.0,48,17,60,56,3
2026-07-26,S04,P331,60.0,0,10,50,56,3
2026-07-27,S04,P331,50.0,0,12,38,56,3
2026-07-28,S04,P331,38.0,0,4,34,56,3
2026-07-29,S04,P331,34.0,50,9,75,56,3
2026-07-30,S04,P331,75.0,0,11,64,56,3
2026-07-31,S04,P331,64.0,0,6,58,56,3
2026-08-01,S04,P331,58.0,0,22,36,56,3
2026-08-02,S04,P331,36.0,0,19,17,56,3
2026-08-03,S04,P331,17.0,0,17,0,56,3
2026-08-04,S04,P331,0.0,64,12,52,56,3
2026-08-05,S04,P331,52.0,0,10,42,56,3
2026-08-06,S04,P331,42.0,0,9,33,56,3
2026-08-07,S04,P331,33.0,48,11,70,56,3
2026-08-08,S04,P331,70.0,0,14,42,56,3
2026-08-09,S04,P331,56.0,0,6,50,56,3
2026-08-10,S04,P331,50.0,0,8,42,56,3
2026-08-11,S04,P331,42.0,44,10,76,56,3
2026-08-12,S04,P331,76.0,0,8,68,56,3
2026-08-13,S04,P331,68.0,0,8,60,56,3
2026-08-14,S04,P331,60.0,0,7,53,56,3
2026-08-15,S04,P331,53.0,0,19,34,56,3
2026-08-16,S04,P331,34.0,0,10,24,56,3
2026-08-17,S04,P331,24.0,47,13,58,56,3
2026-08-18,S04,P331,58.0,0,14,44,56,3
2026-08-19,S04,P331,44.0,0,12,32,56,3
2026-08-20,S04,P331,32.0,0,10,22,56,3
2026-08-21,S04,P331,22.0,56,12,66,56,3
2026-08-22,S04,P331,66.0,0,12,54,56,3
2026-08-23,S04,P331,54.0,0,10,44,56,3
2026-08-24,S04,P331,44.0,0,9,35,56,3
2026-08-25,S04,P331,35.0,46,14,67,56,3
2026-08-26,S04,P331,67.0,0,15,52,56,3
2026-08-27,S04,P331,52.0,0,9,32,56,3
2026-08-28,S04,P331,43.0,0,12,31,56,3
2026-08-29,S04,P331,31.0,48,8,71,56,3
2026-08-30,S04,P331,71.0,0,15,56,56,3
2026-08-31,S04,P331,56.0,0,8,48,56,3
2026-05-01,S04,P332,75.0,0,10,65,42,3
2026-05-02,S04,P332,65.0,0,16,49,42,3
2026-05-03,S04,P332,49.0,0,21,28,42,3
2026-05-04,S04,P332,28.0,0,14,14,42,3
2026-05-05,S04,P332,14.0,0,3,11,42,3
2026-05-06,S04,P332,11.0,47,11,47,42,3
2026-05-07,S04,P332,47.0,0,11,36,42,3
2026-05-08,S04,P332,36.0,0,5,31,42,3
2026-05-09,S04,P332,31.0,0,13,18,42,3
2026-05-10,S04,P332,18.0,39,9,48,42,3
2026-05-11,S04,P332,48.0,0,15,33,42,3
2026-05-12,S04,P332,33.0,0,12,21,42,3
2026-05-13,S04,P332,21.0,0,18,3,42,3
2026-05-14,S04,P332,3.0,42,15,30,42,3
2026-05-15,S04,P332,30.0,0,11,19,42,3
2026-05-16,S04,P332,19.0,0,15,4,42,3
2026-05-17,S04,P332,4.0,45,18,31,42,3
2026-05-18,S04,P332,31.0,0,12,19,42,3
2026-05-19,S04,P332,19.0,0,7,12,42,3
2026-05-20,S04,P332,12.0,0,12,0,42,3
2026-05-21,S04,P332,0.0,0,0,0,42,3
2026-05-22,S04,P332,0.0,44,14,30,42,3
2026-05-23,S04,P332,30.0,0,10,20,42,3
2026-05-24,S04,P332,20.0,0,14,6,42,3
2026-05-25,S04,P332,6.0,45,12,39,42,3
2026-05-26,S04,P332,39.0,0,8,31,42,3
2026-05-27,S04,P332,31.0,0,11,20,42,3
2026-05-28,S04,P332,20.0,36,5,51,42,3
2026-05-29,S04,P332,51.0,0,12,39,42,3
2026-05-30,S04,P332,39.0,0,14,25,42,3
2026-05-31,S04,P332,25.0,0,12,13,42,3
2026-06-01,S04,P332,13.0,36,8,41,42,3
2026-06-02,S04,P332,41.0,0,12,29,42,3
2026-06-03,S04,P332,29.0,0,10,19,42,3
2026-06-04,S04,P332,19.0,34,4,49,42,3
2026-06-05,S04,P332,49.0,0,23,26,42,3
2026-06-06,S04,P332,26.0,0,22,4,42,3
2026-06-07,S04,P332,4.0,0,4,0,42,3
2026-06-08,S04,P332,0.0,49,14,35,42,3
2026-06-09,S04,P332,35.0,0,30,5,42,3
2026-06-10,S04,P332,5.0,0,5,0,42,3
2026-06-11,S04,P332,0.0,40,20,20,42,3
2026-06-12,S04,P332,20.0,0,18,2,42,3
2026-06-13,S04,P332,2.0,35,14,23,42,3
2026-06-14,S04,P332,23.0,0,7,16,42,3
2026-06-15,S04,P332,16.0,0,7,9,42,3
2026-06-16,S04,P332,9.0,38,5,42,42,3
2026-06-17,S04,P332,42.0,0,10,32,42,3
2026-06-18,S04,P332,32.0,0,7,25,42,3
2026-06-19,S04,P332,25.0,33,13,45,42,3
2026-06-20,S04,P332,45.0,0,11,34,42,3
2026-06-21,S04,P332,34.0,0,13,21,42,3
2026-06-22,S04,P332,21.0,0,11,10,42,3
2026-06-23,S04,P332,10.0,41,11,40,42,3
2026-06-24,S04,P332,40.0,0,10,30,42,3
2026-06-25,S04,P332,30.0,0,7,23,42,3
2026-06-26,S04,P332,23.0,35,12,46,42,3
2026-06-27,S04,P332,46.0,0,11,35,42,3
2026-06-28,S04,P332,35.0,0,15,5,42,3
2026-06-29,S04,P332,20.0,0,6,14,42,3
2026-06-30,S04,P332,14.0,40,5,49,42,3
2026-07-01,S04,P332,49.0,0,4,45,42,3
2026-07-02,S04,P332,45.0,0,18,27,42,3
2026-07-03,S04,P332,27.0,0,16,11,42,3
2026-07-04,S04,P332,11.0,0,11,0,42,3
2026-07-05,S04,P332,0.0,48,21,27,42,3
2026-07-06,S04,P332,27.0,0,20,7,42,3
2026-07-07,S04,P332,7.0,0,7,0,42,3
2026-07-08,S04,P332,0.0,48,12,36,42,3
2026-07-09,S04,P332,36.0,0,7,29,42,3
2026-07-10,S04,P332,29.0,0,11,18,42,3
2026-07-11,S04,P332,18.0,39,13,44,42,3
2026-07-12,S04,P332,44.0,0,16,28,42,3
2026-07-13,S04,P332,28.0,0,4,24,42,3
2026-07-14,S04,P332,24.0,0,8,16,42,3
2026-07-15,S04,P332,16.0,47,7,56,42,3
2026-07-16,S04,P332,56.0,0,9,47,42,3
2026-07-17,S04,P332,47.0,0,10,37,42,3
2026-07-18,S04,P332,37.0,0,5,32,42,3
2026-07-19,S04,P332,32.0,0,18,14,42,3
2026-07-20,S04,P332,14.0,38,8,44,42,3
2026-07-21,S04,P332,44.0,0,13,31,42,3
2026-07-22,S04,P332,31.0,0,15,16,42,3
2026-07-23,S04,P332,16.0,0,16,0,42,3
2026-07-24,S04,P332,0.0,44,5,4,42,3
2026-07-25,S04,P332,39.0,0,7,32,42,3
2026-07-26,S04,P332,32.0,0,18,14,42,3
2026-07-27,S04,P332,14.0,36,6,44,42,3
2026-07-28,S04,P332,44.0,0,13,31,42,3
2026-07-29,S04,P332,31.0,0,5,26,42,3
2026-07-30,S04,P332,26.0,0,10,16,42,3
2026-07-31,S04,P332,16.0,44,15,45,42,3
2026-08-02,S04,P332,23.0,0,23,0,42,3
2026-08-03,S04,P332,0.0,0,0,0,42,3
2026-08-04,S04,P332,0.0,0,0,0,42,3
2026-08-05,S04,P332,0.0,52,18,6,42,3
2026-08-06,S04,P332,34.0,0,14,20,42,3
2026-08-07,S04,P332,20.0,0,7,13,42,3
2026-08-08,S04,P332,13.0,41,6,48,42,3
2026-08-09,S04,P332,48.0,0,14,34,42,3
2026-08-10,S04,P332,34.0,0,4,30,42,3
2026-08-11,S04,P332,30.0,0,6,24,42,3
2026-08-12,S04,P332,24.0,41,15,50,42,3
2026-08-13,S04,P332,50.0,0,6,44,42,3
2026-08-14,S04,P332,44.0,0,13,31,42,3
2026-08-15,S04,P332,31.0,0,13,18,42,3
2026-08-16,S04,P332,18.0,0,18,0,42,3
2026-08-17,S04,P332,0.0,44,9,35,42,3
2026-08-18,S04,P332,35.0,0,3,32,42,3
2026-08-19,S04,P332,32.0,0,6,26,42,3
2026-08-20,S04,P332,26.0,40,11,55,42,3
2026-08-21,S04,P332,55.0,0,21,34,42,3
2026-08-22,S04,P332,34.0,0,11,23,42,3
2026-08-23,S04,P332,23.0,0,12,11,42,3
2026-08-24,S04,P332,11.0,41,12,40,42,3
2026-08-25,S04,P332,40.0,0,23,17,42,3
2026-08-26,S04,P332,17.0,0,9,8,42,3
2026-08-27,S04,P332,8.0,35,3,40,42,3
2026-08-28,S04,P332,40.0,0,8,32,42,3
2026-08-29,S04,P332,32.0,0,12,20,42,3
2026-08-30,S04,P332,20.0,35,18,37,42,3
2026-08-31,S04,P332,37.0,0,11,26,42,3
2026-05-01,S04,P333,149.0,0,26,123,74,2
2026-05-02,S04,P333,123.0,0,43,80,74,2
2026-05-03,S04,P333,80.0,0,43,37,74,2
2026-05-04,S04,P333,37.0,0,32,5,74,2
2026-05-05,S04,P333,5.0,112,29,88,74,2
2026-05-06,S04,P333,88.0,0,35,53,74,2
2026-05-07,S04,P333,53.0,0,50,3,74,2
2026-05-08,S04,P333,3.0,96,25,74,74,2
2026-05-09,S04,P333,74.0,0,39,35,74,2
2026-05-10,S04,P333,35.0,75,45,65,74,2
2026-05-11,S04,P333,65.0,0,28,37,74,2
2026-05-12,S04,P333,37.0,0,29,8,74,2
2026-05-13,S04,P333,8.0,84,28,64,74,2
2026-05-14,S04,P333,64.0,0,12,52,74,2
2026-05-15,S04,P333,52.0,85,26,111,74,2
2026-05-16,S04,P333,111.0,0,56,55,74,2
2026-05-17,S04,P333,55.0,0,35,20,74,2
2026-05-18,S04,P333,20.0,94,18,96,74,2
2026-05-19,S04,P333,96.0,0,24,72,74,2
2026-05-20,S04,P333,72.0,0,20,52,74,2
2026-05-21,S04,P333,52.0,77,17,112,74,2
2026-05-22,S04,P333,112.0,0,25,87,74,2
2026-05-23,S04,P333,87.0,0,32,55,74,2
2026-05-24,S04,P333,55.0,0,31,24,74,2
2026-05-25,S04,P333,24.0,94,58,60,74,2
2026-05-26,S04,P333,60.0,0,25,35,74,2
2026-05-27,S04,P333,35.0,0,30,5,74,2
2026-05-28,S04,P333,5.0,89,39,55,74,2
2026-05-29,S04,P333,55.0,0,32,23,74,2
2026-05-30,S04,P333,23.0,94,32,85,74,2
2026-05-31,S04,P333,85.0,0,48,37,74,2
2026-06-01,S04,P333,37.0,0,16,21,74,2
2026-06-02,S04,P333,21.0,112,21,112,74,2
2026-06-03,S04,P333,112.0,0,32,80,74,2
2026-06-04,S04,P333,80.0,0,24,56,74,2
2026-06-05,S04,P333,56.0,0,20,36,74,2
2026-06-06,S04,P333,36.0,93,25,104,74,2
2026-06-07,S04,P333,104.0,0,20,84,74,2
2026-06-08,S04,P333,84.0,0,9,75,74,2
2026-06-09,S04,P333,75.0,0,26,49,74,2
2026-06-10,S04,P333,49.0,0,33,16,74,2
2026-06-11,S04,P333,16.0,100,37,79,74,2
2026-06-12,S04,P333,79.0,0,22,57,74,2
2026-06-13,S04,P333,57.0,0,29,28,74,2
2026-06-14,S04,P333,28.0,92,47,73,74,2
2026-06-15,S04,P333,73.0,0,26,47,74,2
2026-06-16,S04,P333,47.0,76,53,70,74,2
2026-06-17,S04,P333,70.0,0,44,26,74,2
2026-06-18,S04,P333,26.0,79,38,67,74,2
2026-06-19,S04,P333,67.0,0,19,48,74,2
2026-06-20,S04,P333,48.0,82,41,89,74,2
2026-06-21,S04,P333,89.0,0,36,53,74,2
2026-06-22,S04,P333,53.0,0,25,28,74,2
2026-06-23,S04,P333,28.0,96,24,100,74,2
2026-06-24,S04,P333,100.0,0,27,73,74,2
2026-06-25,S04,P333,73.0,0,18,55,74,2
2026-06-26,S04,P333,55.0,76,46,85,74,2
2026-06-27,S04,P333,85.0,0,39,46,74,2
2026-06-28,S04,P333,46.0,0,20,26,74,2
2026-06-29,S04,P333,26.0,0,21,5,74,2
2026-06-30,S04,P333,5.0,103,20,88,74,2
2026-07-01,S04,P333,88.0,0,34,54,74,2
2026-07-02,S04,P333,54.0,0,35,19,74,2
2026-07-03,S04,P333,19.0,95,40,74,74,2
2026-07-04,S04,P333,74.0,0,38,6,74,2
2026-07-05,S04,P333,36.0,75,41,70,74,2
2026-07-06,S04,P333,70.0,0,18,52,74,2
2026-07-07,S04,P333,52.0,79,16,115,74,2
2026-07-08,S04,P333,115.0,0,23,92,74,2
2026-07-09,S04,P333,92.0,0,18,74,74,2
2026-07-10,S04,P333,74.0,0,21,53,74,2
2026-07-11,S04,P333,53.0,75,33,95,74,2
2026-07-12,S04,P333,95.0,0,21,74,74,2
2026-07-13,S04,P333,74.0,0,24,50,74,2
2026-07-14,S04,P333,50.0,75,24,101,74,2
2026-07-15,S04,P333,101.0,0,27,74,74,2
2026-07-16,S04,P333,74.0,0,20,54,74,2
2026-07-17,S04,P333,54.0,75,28,101,74,2
2026-07-18,S04,P333,101.0,0,39,62,74,2
2026-07-19,S04,P333,62.0,0,40,22,74,2
2026-07-20,S04,P333,22.0,87,26,83,74,2
2026-07-21,S04,P333,83.0,0,18,65,74,2
2026-07-22,S04,P333,65.0,0,46,19,74,2
2026-07-23,S04,P333,19.0,84,32,71,74,2
2026-07-24,S04,P333,71.0,0,47,24,74,2
2026-07-25,S04,P333,24.0,78,33,69,74,2
2026-07-26,S04,P333,69.0,0,34,35,74,2
2026-07-27,S04,P333,35.0,80,17,98,74,2
2026-07-28,S04,P333,98.0,0,13,85,74,2
2026-07-29,S04,P333,85.0,0,21,82,74,2
2026-07-30,S04,P333,64.0,0,36,28,74,2
2026-07-31,S04,P333,28.0,85,21,92,74,2
2026-08-01,S04,P333,92.0,0,31,61,74,2
2026-08-02,S04,P333,61.0,0,48,13,74,2
2026-08-03,S04,P333,13.0,88,36,65,74,2
2026-08-04,S04,P333,65.0,0,23,42,74,2
2026-08-05,S04,P333,42.0,84,24,102,74,2
2026-08-06,S04,P333,102.0,0,12,74,74,2
2026-08-07,S04,P333,90.0,0,24,66,74,2
2026-08-08,S04,P333,66.0,0,16,50,74,2
2026-08-09,S04,P333,50.0,83,37,96,74,2
2026-08-10,S04,P333,96.0,0,30,66,74,2
2026-08-11,S04,P333,66.0,0,31,35,74,2
2026-08-12,S04,P333,35.0,0,32,3,74,2
2026-08-13,S04,P333,3.0,83,35,51,74,2
2026-08-14,S04,P333,51.0,0,27,24,74,2
2026-08-15,S04,P333,24.0,98,28,94,74,2
2026-08-16,S04,P333,94.0,0,37,57,74,2
2026-08-17,S04,P333,57.0,0,32,25,74,2
2026-08-18,S04,P333,25.0,92,20,97,74,2
2026-08-19,S04,P333,97.0,0,27,70,74,2
2026-08-20,S04,P333,70.0,0,17,53,74,2
2026-08-21,S04,P333,53.0,79,33,99,74,2
2026-08-22,S04,P333,99.0,0,22,77,74,2
2026-08-23,S04,P333,77.0,0,22,55,74,2
2026-08-24,S04,P333,55.0,0,31,24,74,2
2026-08-25,S04,P333,24.0,94,23,95,74,2
2026-08-26,S04,P333,95.0,0,34,61,74,2
2026-08-27,S04,P333,61.0,0,29,32,74,2
2026-08-28,S04,P333,32.0,88,26,94,74,2
2026-08-29,S04,P333,94.0,0,29,65,74,2
2026-08-30,S04,P333,65.0,0,29,36,74,2
2026-08-31,S04,P333,36.0,84,20,100,74,2
2026-05-01,S04,P334,31.0,0,4,27,15,2
2026-05-02,S04,P334,27.0,0,6,21,15,2
2026-05-03,S04,P334,21.0,0,5,16,15,2
2026-05-04,S04,P334,16.0,0,2,14,15,2
2026-05-05,S04,P334,14.0,0,3,11,15,2
2026-05-06,S04,P334,11.0,17,2,26,15,2
2026-05-07,S04,P334,26.0,0,13,13,15,2
2026-05-08,S04,P334,13.0,0,9,4,15,2
2026-05-09,S04,P334,4.0,0,4,0,15,2
2026-05-10,S04,P334,0.0,18,7,34,15,2
2026-05-11,S04,P334,11.0,0,1,10,15,2
2026-05-12,S04,P334,10.0,20,7,23,15,2
2026-05-13,S04,P334,23.0,0,5,18,15,2
2026-05-14,S04,P334,18.0,0,15,-30,15,2
2026-05-15,S04,P334,3.0,0,3,0,15,2
2026-05-16,S04,P334,0.0,28,5,23,15,2
2026-05-17,S04,P334,23.0,0,8,15,15,2
2026-05-18,S04,P334,15.0,0,6,9,15,2
2026-05-19,S04,P334,9.0,16,5,20,15,2
2026-05-20,S04,P334,20.0,0,3,17,15,2
2026-05-21,S04,P334,17.0,0,4,13,15,2
2026-05-22,S04,P334,13.0,0,5,8,15,2
2026-05-23,S04,P334,8.0,18,7,19,15,2
2026-05-24,S04,P334,19.0,0,10,9,15,2
2026-05-25,S04,P334,9.0,0,5,4,15,2
2026-05-26,S04,P334,4.0,22,10,16,15,2
2026-05-27,S04,P334,16.0,0,4,12,15,2
2026-05-28,S04,P334,12.0,0,6,6,15,2
2026-05-29,S04,P334,6.0,19,5,20,15,2
2026-05-30,S04,P334,20.0,0,5,22,15,2
2026-05-31,S04,P334,15.0,0,8,7,15,2
2026-06-01,S04,P334,7.0,16,6,17,15,2
2026-06-02,S04,P334,17.0,0,10,7,15,2
2026-06-03,S04,P334,7.0,0,4,3,15,2
2026-06-04,S04,P334,3.0,24,4,23,15,2
2026-06-05,S04,P334,23.0,0,2,21,15,2
2026-06-06,S04,P334,21.0,0,10,11,15,2
2026-06-07,S04,P334,11.0,0,11,0,15,2
2026-06-08,S04,P334,0.0,20,12,8,15,2
2026-06-09,S04,P334,8.0,0,8,0,15,2
2026-06-10,S04,P334,0.0,23,6,17,15,2
2026-06-11,S04,P334,17.0,0,13,4,15,2
2026-06-12,S04,P334,4.0,0,4,0,15,2
2026-06-13,S04,P334,0.0,27,16,11,15,2
2026-06-14,S04,P334,11.0,0,4,7,15,2
2026-06-15,S04,P334,7.0,20,1,26,15,2
2026-06-16,S04,P334,26.0,0,4,22,15,2
2026-06-17,S04,P334,22.0,0,8,14,15,2
2026-06-18,S04,P334,14.0,0,2,12,15,2
2026-06-19,S04,P334,12.0,17,0,29,15,2
2026-06-20,S04,P334,29.0,0,9,20,15,2
2026-06-21,S04,P334,20.0,0,9,11,15,2
2026-06-22,S04,P334,11.0,0,3,8,15,2
2026-06-23,S04,P334,8.0,20,6,22,15,2
2026-06-24,S04,P334,22.0,0,8,14,15,2
2026-06-25,S04,P334,14.0,0,11,3,15,2
2026-06-26,S04,P334,3.0,17,6,14,15,2
2026-06-27,S04,P334,14.0,0,2,12,15,2
2026-06-28,S04,P334,12.0,17,5,24,15,2
2026-06-29,S04,P334,24.0,0,5,19,15,2
2026-06-30,S04,P334,19.0,0,8,11,15,2
2026-07-01,S04,P334,11.0,0,5,6,15,2
2026-07-02,S04,P334,6.0,20,7,19,15,2
2026-07-03,S04,P334,19.0,0,2,17,15,2
2026-07-04,S04,P334,17.0,0,12,5,15,2
2026-07-05,S04,P334,5.0,0,5,0,15,2
2026-07-06,S04,P334,0.0,26,8,18,15,2
2026-07-07,S04,P334,18.0,0,6,12,15,2
2026-07-08,S04,P334,12.0,0,7,5,15,2
2026-07-09,S04,P334,5.0,19,1,23,15,2
2026-07-10,S04,P334,23.0,0,7,16,15,2
2026-07-11,S04,P334,16.0,0,5,11,15,2
2026-07-12,S04,P334,11.0,0,6,5,15,2
2026-07-13,S04,P334,5.0,20,5,20,15,2
2026-07-14,S04,P334,20.0,0,4,16,15,2
2026-07-15,S04,P334,16.0,0,3,13,15,2
2026-07-16,S04,P334,13.0,0,6,7,15,2
2026-07-17,S04,P334,7.0,18,3,22,15,2
2026-07-18,S04,P334,22.0,0,12,10,15,2
2026-07-19,S04,P334,10.0,0,4,6,15,2
2026-07-20,S04,P334,6.0,21,2,25,15,2
2026-07-21,S04,P334,25.0,0,1,24,15,2
2026-07-22,S04,P334,24.0,0,4,20,15,2
2026-07-23,S04,P334,20.0,0,2,18,15,2
2026-07-24,S04,P334,18.0,0,1,17,15,2
2026-07-25,S04,P334,17.0,0,4,13,15,2
2026-07-26,S04,P334,13.0,0,5,8,15,2
2026-07-27,S04,P334,8.0,0,2,6,15,2
2026-07-28,S04,P334,6.0,18,6,18,15,2
2026-07-29,S04,P334,18.0,0,7,11,15,2
2026-07-30,S04,P334,11.0,0,11,0,15,2
2026-07-31,S04,P334,0.0,20,3,17,15,2
2026-08-01,S04,P334,17.0,0,4,13,15,2
2026-08-02,S04,P334,13.0,0,6,7,15,2
2026-08-03,S04,P334,7.0,18,3,22,15,2
2026-08-04,S04,P334,22.0,0,6,16,15,2
2026-08-05,S04,P334,16.0,0,9,7,15,2
2026-08-06,S04,P334,7.0,0,4,3,15,2
2026-08-07,S04,P334,3.0,24,3,24,15,2
2026-08-08,S04,P334,24.0,0,3,21,15,2
2026-08-09,S04,P334,21.0,0,9,12,15,2
2026-08-10,S04,P334,12.0,0,11,1,15,2
2026-08-11,S04,P334,1.0,19,6,14,15,2
2026-08-12,S04,P334,14.0,0,10,4,15,2
2026-08-13,S04,P334,4.0,17,4,17,15,2
2026-08-14,S04,P334,17.0,0,3,14,15,2
2026-08-15,S04,P334,14.0,0,11,3,15,2
2026-08-16,S04,P334,3.0,17,8,12,15,2
2026-08-17,S04,P334,12.0,0,7,5,15,2
2026-08-18,S04,P334,5.0,19,9,15,15,2
2026-08-19,S04,P334,15.0,0,4,11,15,2
2026-08-20,S04,P334,11.0,16,10,17,15,2
2026-08-21,S04,P334,17.0,0,7,10,15,2
2026-08-22,S04,P334,10.0,0,7,3,15,2
2026-08-23,S04,P334,3.0,21,8,16,15,2
2026-08-24,S04,P334,16.0,0,5,11,15,2
2026-08-25,S04,P334,11.0,0,11,0,15,2
2026-08-26,S04,P334,0.0,20,10,10,15,2
2026-08-27,S04,P334,10.0,0,4,6,15,2
2026-08-28,S04,P334,6.0,21,3,24,15,2
2026-08-29,S04,P334,24.0,0,5,19,15,2
2026-08-30,S04,P334,19.0,0,8,11,15,2
2026-08-31,S04,P334,11.0,0,4,7,15,2
2026-05-01,S04,P442,144.0,0,19,125,81,3
2026-05-02,S04,P442,125.0,0,19,106,81,3
2026-05-03,S04,P442,106.0,0,19,87,81,3
2026-05-04,S04,P442,87.0,0,25,62,81,3
2026-05-05,S04,P442,62.0,0,16,46,81,3
2026-05-06,S04,P442,46.0,0,23,23,81,3
2026-05-07,S04,P442,23.0,0,17,6,81,3
2026-05-08,S04,P442,6.0,82,19,69,81,3
2026-05-09,S04,P442,69.0,0,29,40,81,3
2026-05-10,S04,P442,40.0,0,30,10,81,3
2026-05-11,S04,P442,10.0,75,16,69,81,3
2026-05-12,S04,P442,69.0,0,24,45,81,3
2026-05-13,S04,P442,45.0,0,22,23,81,3
2026-05-14,S04,P442,23.0,75,8,90,81,3
2026-05-15,S04,P442,90.0,0,11,79,81,3
2026-05-16,S04,P442,79.0,0,24,55,81,3
2026-05-17,S04,P442,55.0,0,19,36,81,3
2026-05-18,S04,P442,36.0,65,13,88,81,3
2026-05-19,S04,P442,88.0,0,20,68,81,3
2026-05-20,S04,P442,68.0,0,23,45,81,3
2026-05-21,S04,P442,45.0,0,31,14,81,3
2026-05-22,S04,P442,14.0,76,15,63,81,3
2026-05-23,S04,P442,75.0,0,19,56,81,3
2026-05-24,S04,P442,56.0,0,36,20,81,3
2026-05-25,S04,P442,20.0,69,53,36,81,3
2026-05-26,S04,P442,36.0,0,23,13,81,3
2026-05-27,S04,P442,13.0,0,13,0,81,3
2026-05-28,S04,P442,0.0,108,19,89,81,3
2026-05-29,S04,P442,89.0,0,13,76,81,3
2026-05-30,S04,P442,76.0,0,29,47,81,3
2026-05-31,S04,P442,47.0,0,12,35,81,3
2026-06-01,S04,P442,35.0,68,14,89,81,3
2026-06-02,S04,P442,89.0,0,13,76,81,3
2026-06-03,S04,P442,76.0,0,26,50,81,3
2026-06-04,S04,P442,50.0,0,24,26,81,3
2026-06-05,S04,P442,26.0,68,22,72,81,3
2026-06-06,S04,P442,72.0,0,18,54,81,3
2026-06-07,S04,P442,54.0,0,17,37,81,3
2026-06-08,S04,P442,37.0,0,20,17,81,3
2026-06-09,S04,P442,17.0,0,17,0,81,3
2026-06-10,S04,P442,0.0,72,21,51,81,3
2026-06-11,S04,P442,51.0,0,14,37,81,3
2026-06-12,S04,P442,37.0,72,18,91,81,3
2026-06-13,S04,P442,91.0,0,18,73,81,3
2026-06-14,S04,P442,73.0,0,28,45,81,3
2026-06-15,S04,P442,45.0,0,41,4,81,3
2026-06-16,S04,P442,4.0,71,28,47,81,3
2026-06-17,S04,P442,47.0,0,27,20,81,3
2026-06-18,S04,P442,20.0,0,15,5,81,3
2026-06-19,S04,P442,5.0,69,11,63,81,3
2026-06-20,S04,P442,63.0,0,22,41,81,3
2026-06-21,S04,P442,41.0,70,31,80,81,3
2026-06-22,S04,P442,80.0,0,9,71,81,3
2026-06-23,S04,P442,71.0,0,29,42,81,3
2026-06-24,S04,P442,42.0,64,11,95,81,3
2026-06-25,S04,P442,95.0,0,10,85,81,3
2026-06-26,S04,P442,85.0,0,24,61,81,3
2026-06-27,S04,P442,61.0,0,37,24,81,3
2026-06-28,S04,P442,24.0,0,20,4,81,3
2026-06-29,S04,P442,4.0,0,4,0,81,3
2026-06-30,S04,P442,0.0,83,15,68,81,3
2026-07-01,S04,P442,68.0,0,21,25,81,3
2026-07-02,S04,P442,47.0,0,30,17,81,3
2026-07-03,S04,P442,17.0,76,27,66,81,3
2026-07-04,S04,P442,66.0,0,42,24,81,3
2026-07-05,S04,P442,24.0,0,24,0,81,3
2026-07-06,S04,P442,0.0,0,0,0,81,3
2026-07-07,S04,P442,0.0,78,22,56,81,3
2026-07-08,S04,P442,56.0,66,13,109,81,3
2026-07-09,S04,P442,109.0,0,13,96,81,3
2026-07-10,S04,P442,96.0,0,9,87,81,3
2026-07-11,S04,P442,87.0,0,15,72,81,3
2026-07-12,S04,P442,72.0,0,13,59,81,3
2026-07-13,S04,P442,59.0,0,12,47,81,3
2026-07-14,S04,P442,47.0,72,16,103,81,3
2026-07-15,S04,P442,103.0,0,17,86,81,3
2026-07-16,S04,P442,86.0,0,25,61,81,3
2026-07-17,S04,P442,61.0,0,16,45,81,3
2026-07-18,S04,P442,45.0,0,19,26,81,3
2026-07-19,S04,P442,26.0,83,21,88,81,3
2026-07-20,S04,P442,88.0,0,20,68,81,3
2026-07-21,S04,P442,68.0,0,24,44,81,3
2026-07-22,S04,P442,44.0,0,13,31,81,3
2026-07-23,S04,P442,31.0,0,31,0,81,3
2026-07-24,S04,P442,0.0,76,22,54,81,3
2026-07-25,S04,P442,54.0,0,13,41,81,3
2026-07-26,S04,P442,41.0,68,18,91,81,3
2026-07-27,S04,P442,91.0,0,21,40,81,3
2026-07-28,S04,P442,70.0,0,16,54,81,3
2026-07-29,S04,P442,54.0,0,20,34,81,3
2026-07-30,S04,P442,34.0,74,31,77,81,3
2026-07-31,S04,P442,77.0,0,9,68,81,3
2026-08-01,S04,P442,68.0,0,16,52,81,3
2026-08-02,S04,P442,52.0,67,25,94,81,3
2026-08-03,S04,P442,94.0,0,29,65,81,3
2026-08-04,S04,P442,65.0,0,19,46,81,3
2026-08-05,S04,P442,46.0,0,16,30,81,3
2026-08-06,S04,P442,30.0,79,12,97,81,3
2026-08-07,S04,P442,97.0,0,21,76,81,3
2026-08-08,S04,P442,76.0,0,38,38,81,3
2026-08-09,S04,P442,38.0,0,27,11,81,3
2026-08-10,S04,P442,11.0,68,24,55,81,3
2026-08-11,S04,P442,55.0,0,30,25,81,3
2026-08-12,S04,P442,25.0,65,18,72,81,3
2026-08-13,S04,P442,72.0,0,31,41,81,3
2026-08-14,S04,P442,41.0,0,24,17,81,3
2026-08-15,S04,P442,17.0,72,25,64,81,3
2026-08-16,S04,P442,64.0,0,22,42,81,3
2026-08-17,S04,P442,42.0,0,10,32,81,3
2026-08-18,S04,P442,32.0,80,17,95,81,3
2026-08-19,S04,P442,95.0,0,15,64,81,3
2026-08-20,S04,P442,80.0,0,10,70,81,3
2026-08-21,S04,P442,70.0,0,23,47,81,3
2026-08-22,S04,P442,47.0,64,32,79,81,3
2026-08-23,S04,P442,79.0,0,33,46,81,3
2026-08-24,S04,P442,46.0,0,34,12,81,3
2026-08-25,S04,P442,12.0,0,12,0,81,3
2026-08-26,S04,P442,0.0,0,0,0,81,3
2026-08-27,S04,P442,0.0,65,25,40,81,3
2026-08-28,S04,P442,40.0,67,9,60,81,3
2026-08-29,S04,P442,98.0,0,19,79,81,3
2026-08-30,S04,P442,79.0,0,28,51,81,3
2026-08-31,S04,P442,51.0,0,13,38,81,3
2026-05-01,S04,P443,129.0,0,18,111,73,3
2026-05-02,S04,P443,111.0,0,21,90,73,3
2026-05-03,S04,P443,90.0,0,30,60,73,3
2026-05-04,S04,P443,60.0,0,10,50,73,3
2026-05-05,S04,P443,50.0,0,5,45,73,3
2026-05-06,S04,P443,45.0,0,12,33,73,3
2026-05-07,S04,P443,33.0,69,19,83,73,3
2026-05-08,S04,P443,83.0,0,23,60,73,3
2026-05-09,S04,P443,60.0,0,22,38,73,3
2026-05-10,S04,P443,38.0,0,28,10,73,3
2026-05-11,S04,P443,10.0,69,19,60,73,3
2026-05-12,S04,P443,60.0,0,20,40,73,3
2026-05-13,S04,P443,40.0,0,19,21,73,3
2026-05-14,S04,P443,21.0,69,25,65,73,3
2026-05-15,S04,P443,65.0,0,18,47,73,3
2026-05-16,S04,P443,47.0,0,32,15,73,3
2026-05-17,S04,P443,15.0,64,40,39,73,3
2026-05-18,S04,P443,39.0,0,18,21,73,3
2026-05-19,S04,P443,21.0,0,19,2,73,3
2026-05-20,S04,P443,2.0,90,23,69,73,3
2026-05-21,S04,P443,69.0,0,17,52,73,3
2026-05-22,S04,P443,52.0,0,18,34,73,3
2026-05-23,S04,P443,34.0,60,30,64,73,3
2026-05-24,S04,P443,64.0,0,22,42,73,3
2026-05-25,S04,P443,42.0,0,21,21,73,3
2026-05-26,S04,P443,21.0,65,11,75,73,3
2026-05-27,S04,P443,75.0,0,21,54,73,3
2026-05-28,S04,P443,54.0,0,30,24,73,3
2026-05-29,S04,P443,24.0,0,21,3,73,3
2026-05-30,S04,P443,3.0,75,20,58,73,3
2026-05-31,S04,P443,58.0,0,10,48,73,3
2026-06-01,S04,P443,48.0,0,15,33,73,3
2026-06-02,S04,P443,33.0,71,16,88,73,3
2026-06-03,S04,P443,88.0,0,18,70,73,3
2026-06-04,S04,P443,70.0,0,16,54,73,3
2026-06-05,S04,P443,54.0,0,16,38,73,3
2026-06-06,S04,P443,38.0,59,28,69,73,3
2026-06-07,S04,P443,69.0,0,24,45,73,3
2026-06-08,S04,P443,45.0,0,20,25,73,3
2026-06-09,S04,P443,25.0,60,17,68,73,3
2026-06-10,S04,P443,68.0,0,13,55,73,3
2026-06-11,S04,P443,55.0,0,15,40,73,3
2026-06-12,S04,P443,40.0,61,15,86,73,3
2026-06-13,S04,P443,86.0,0,18,68,73,3
2026-06-14,S04,P443,68.0,0,13,55,73,3
2026-06-15,S04,P443,55.0,0,19,36,73,3
2026-06-16,S04,P443,36.0,61,11,86,73,3
2026-06-17,S04,P443,86.0,0,9,77,73,3
2026-06-18,S04,P443,77.0,0,7,70,73,3
2026-06-19,S04,P443,70.0,0,8,62,73,3
2026-06-20,S04,P443,62.0,0,34,28,73,3
2026-06-21,S04,P443,28.0,59,23,64,73,3
2026-06-22,S04,P443,64.0,0,14,50,73,3
2026-06-23,S04,P443,50.0,0,29,21,73,3
2026-06-24,S04,P443,21.0,65,29,57,73,3
2026-06-25,S04,P443,57.0,0,38,19,73,3
2026-06-26,S04,P443,19.0,0,19,0,73,3
2026-06-27,S04,P443,0.0,72,46,26,73,3
2026-06-28,S04,P443,26.0,0,26,0,73,3
2026-06-29,S04,P443,0.0,57,33,24,73,3
2026-06-30,S04,P443,24.0,0,13,11,73,3
2026-07-01,S04,P443,11.0,72,22,61,73,3
2026-07-02,S04,P443,61.0,0,11,42,73,3
2026-07-03,S04,P443,50.0,0,6,44,73,3
2026-07-04,S04,P443,44.0,68,22,90,73,3
2026-07-05,S04,P443,90.0,0,31,59,73,3
2026-07-06,S04,P443,59.0,0,20,39,73,3
2026-07-07,S04,P443,39.0,0,11,28,73,3
2026-07-08,S04,P443,28.0,70,18,80,73,3
2026-07-09,S04,P443,80.0,0,10,70,73,3
2026-07-10,S04,P443,70.0,0,14,56,73,3
2026-07-11,S04,P443,56.0,0,17,39,73,3
2026-07-12,S04,P443,39.0,59,17,81,73,3
2026-07-13,S04,P443,81.0,0,15,66,73,3
2026-07-14,S04,P443,66.0,0,8,58,73,3
2026-07-15,S04,P443,58.0,0,12,46,73,3
2026-07-16,S04,P443,46.0,63,10,99,73,3
2026-07-17,S04,P443,99.0,0,13,86,73,3
2026-07-18,S04,P443,86.0,0,17,69,73,3
2026-07-19,S04,P443,69.0,0,12,57,73,3
2026-07-20,S04,P443,57.0,0,12,45,73,3
2026-07-21,S04,P443,45.0,60,13,92,73,3
2026-07-22,S04,P443,92.0,0,9,83,73,3
2026-07-23,S04,P443,83.0,0,13,70,73,3
2026-07-24,S04,P443,70.0,0,14,56,73,3
2026-07-25,S04,P443,56.0,0,23,33,73,3
2026-07-26,S04,P443,33.0,59,24,68,73,3
2026-07-27,S04,P443,68.0,0,20,48,73,3
2026-07-28,S04,P443,48.0,0,28,20,73,3
2026-07-29,S04,P443,20.0,61,19,62,73,3
2026-07-30,S04,P443,62.0,0,14,48,73,3
2026-07-31,S04,P443,48.0,0,17,31,73,3
2026-08-01,S04,P443,31.0,67,44,54,73,3
2026-08-02,S04,P443,54.0,0,20,34,73,3
2026-08-03,S04,P443,34.0,0,15,19,73,3
2026-08-04,S04,P443,19.0,75,17,77,73,3
2026-08-05,S04,P443,77.0,0,30,47,73,3
2026-08-06,S04,P443,47.0,0,10,37,73,3
2026-08-07,S04,P443,37.0,0,10,27,73,3
2026-08-08,S04,P443,27.0,82,19,90,73,3
2026-08-09,S04,P443,90.0,0,18,72,73,3
2026-08-10,S04,P443,72.0,0,4,68,73,3
2026-08-11,S04,P443,68.0,0,13,55,73,3
2026-08-12,S04,P443,55.0,57,29,83,73,3
2026-08-13,S04,P443,83.0,0,16,67,73,3
2026-08-14,S04,P443,67.0,0,11,56,73,3
2026-08-15,S04,P443,56.0,0,29,27,73,3
2026-08-16,S04,P443,27.0,62,23,66,73,3
2026-08-17,S04,P443,66.0,0,10,56,73,3
2026-08-18,S04,P443,56.0,0,12,44,73,3
2026-08-19,S04,P443,44.0,63,34,73,73,3
2026-08-20,S04,P443,73.0,0,38,35,73,3
2026-08-21,S04,P443,35.0,0,23,12,73,3
2026-08-22,S04,P443,12.0,56,39,29,73,3
2026-08-23,S04,P443,29.0,0,29,0,73,3
2026-08-24,S04,P443,0.0,61,6,55,73,3
2026-08-25,S04,P443,55.0,0,22,33,73,3
2026-08-26,S04,P443,33.0,68,22,79,73,3
2026-08-27,S04,P443,79.0,0,19,60,73,3
2026-08-28,S04,P443,60.0,0,11,49,73,3
2026-08-29,S04,P443,49.0,0,11,38,73,3
2026-08-30,S04,P443,38.0,69,13,94,73,3
2026-08-31,S04,P443,94.0,0,16,78,73,3
2026-05-01,S04,P446,133.0,0,15,118,75,3
2026-05-02,S04,P446,118.0,0,18,100,75,3
2026-05-03,S04,P446,100.0,0,11,89,75,3
2026-05-04,S04,P446,89.0,0,17,72,75,3
2026-05-05,S04,P446,72.0,0,17,55,75,3
2026-05-06,S04,P446,55.0,0,19,36,75,3
2026-05-07,S04,P446,36.0,61,17,80,75,3
2026-05-08,S04,P446,80.0,0,13,67,75,3
2026-05-09,S04,P446,67.0,0,15,52,75,3
2026-05-10,S04,P446,52.0,0,23,29,75,3
2026-05-11,S04,P446,29.0,66,10,85,75,3
2026-05-12,S04,P446,85.0,0,8,77,75,3
2026-05-13,S04,P446,77.0,0,13,64,75,3
2026-05-14,S04,P446,64.0,0,12,52,75,3
2026-05-15,S04,P446,52.0,0,24,28,75,3
2026-05-16,S04,P446,28.0,69,14,64,75,3
2026-05-17,S04,P446,83.0,0,19,64,75,3
2026-05-18,S04,P446,64.0,0,14,50,75,3
2026-05-19,S04,P446,50.0,0,10,40,75,3
2026-05-20,S04,P446,40.0,69,10,99,75,3
2026-05-21,S04,P446,99.0,0,13,86,75,3
2026-05-22,S04,P446,86.0,0,8,78,75,3
2026-05-23,S04,P446,78.0,0,10,68,75,3
2026-05-24,S04,P446,68.0,0,15,53,75,3
2026-05-25,S04,P446,53.0,0,8,45,75,3
2026-05-26,S04,P446,45.0,65,23,87,75,3
2026-05-27,S04,P446,87.0,0,29,58,75,3
2026-05-28,S04,P446,58.0,0,30,28,75,3
2026-05-29,S04,P446,28.0,0,26,2,75,3
2026-05-30,S04,P446,2.0,75,31,46,75,3
2026-05-31,S04,P446,46.0,0,31,15,75,3
2026-06-01,S04,P446,15.0,0,15,0,75,3
2026-06-02,S04,P446,0.0,87,19,68,75,3
2026-06-03,S04,P446,68.0,0,11,57,75,3
2026-06-04,S04,P446,57.0,0,16,41,75,3
2026-06-05,S04,P446,41.0,65,9,97,75,3
2026-06-06,S04,P446,97.0,0,21,76,75,3
2026-06-07,S04,P446,76.0,0,12,64,75,3
2026-06-08,S04,P446,64.0,0,13,51,75,3
2026-06-09,S04,P446,51.0,0,12,39,75,3
2026-06-10,S04,P446,39.0,69,16,92,75,3
2026-06-11,S04,P446,92.0,0,17,75,75,3
2026-06-12,S04,P446,75.0,0,24,51,75,3
2026-06-13,S04,P446,51.0,0,17,34,75,3
2026-06-14,S04,P446,34.0,58,17,75,75,3
2026-06-15,S04,P446,75.0,0,12,63,75,3
2026-06-16,S04,P446,63.0,0,12,51,75,3
2026-06-17,S04,P446,51.0,58,11,98,75,3
2026-06-18,S04,P446,98.0,0,11,87,75,3
2026-06-19,S04,P446,87.0,0,13,74,75,3
2026-06-20,S04,P446,74.0,0,29,45,75,3
2026-06-21,S04,P446,45.0,0,22,23,75,3
2026-06-22,S04,P446,23.0,59,25,57,75,3
2026-06-23,S04,P446,57.0,0,30,27,75,3
2026-06-24,S04,P446,27.0,0,27,0,75,3
2026-06-25,S04,P446,0.0,76,12,64,75,3
2026-06-26,S04,P446,64.0,0,17,47,75,3
2026-06-27,S04,P446,47.0,0,14,33,75,3
2026-06-28,S04,P446,33.0,0,10,23,75,3
2026-06-29,S04,P446,23.0,0,6,17,75,3
2026-06-30,S04,P446,17.0,69,13,73,75,3
2026-07-01,S04,P446,73.0,0,19,54,75,3
2026-07-02,S04,P446,54.0,0,9,45,75,3
2026-07-03,S04,P446,45.0,0,17,28,75,3
2026-07-04,S04,P446,28.0,60,30,58,75,3
2026-07-05,S04,P446,58.0,0,34,24,75,3
2026-07-06,S04,P446,24.0,0,11,13,75,3
2026-07-07,S04,P446,13.0,75,12,76,75,3
2026-07-08,S04,P446,76.0,0,15,61,75,3
2026-07-09,S04,P446,61.0,0,20,41,75,3
2026-07-10,S04,P446,41.0,0,23,18,75,3
2026-07-11,S04,P446,18.0,72,21,69,75,3
2026-07-12,S04,P446,69.0,0,20,49,75,3
2026-07-13,S04,P446,49.0,0,17,32,75,3
2026-07-14,S04,P446,32.0,0,6,26,75,3
2026-07-15,S04,P446,26.0,0,12,14,75,3
2026-07-16,S04,P446,14.0,64,8,70,75,3
2026-07-17,S04,P446,70.0,0,8,62,75,3
2026-07-18,S04,P446,62.0,0,15,47,75,3
2026-07-19,S04,P446,47.0,63,17,93,75,3
2026-07-20,S04,P446,93.0,0,19,74,75,3
2026-07-21,S04,P446,74.0,0,13,61,75,3
2026-07-22,S04,P446,61.0,0,34,27,75,3
2026-07-23,S04,P446,27.0,0,11,16,75,3
2026-07-24,S04,P446,16.0,0,14,2,75,3
2026-07-25,S04,P446,2.0,59,33,28,75,3
2026-07-26,S04,P446,28.0,58,41,45,75,3
2026-07-27,S04,P446,45.0,0,7,23,75,3
2026-07-28,S04,P446,38.0,0,7,31,75,3
2026-07-29,S04,P446,31.0,88,10,109,75,3
2026-07-30,S04,P446,109.0,0,18,91,75,3
2026-07-31,S04,P446,91.0,0,13,78,75,3
2026-08-01,S04,P446,78.0,0,15,63,75,3
2026-08-02,S04,P446,63.0,0,19,44,75,3
2026-08-03,S04,P446,44.0,0,13,31,75,3
2026-08-04,S04,P446,31.0,70,15,86,75,3
2026-08-05,S04,P446,86.0,0,13,73,75,3
2026-08-06,S04,P446,73.0,0,9,64,75,3
2026-08-07,S04,P446,64.0,0,14,50,75,3
2026-08-08,S04,P446,50.0,0,42,8,75,3
2026-08-09,S04,P446,8.0,60,17,51,75,3
2026-08-10,S04,P446,51.0,0,20,31,75,3
2026-08-11,S04,P446,31.0,65,23,73,75,3
2026-08-12,S04,P446,73.0,0,25,48,75,3
2026-08-13,S04,P446,48.0,0,20,28,75,3
2026-08-14,S04,P446,28.0,60,5,83,75,3
2026-08-15,S04,P446,83.0,0,21,62,75,3
2026-08-16,S04,P446,62.0,0,20,42,75,3
2026-08-17,S04,P446,42.0,0,9,33,75,3
2026-08-18,S04,P446,33.0,71,21,83,75,3
2026-08-19,S04,P446,83.0,0,10,73,75,3
2026-08-20,S04,P446,73.0,0,23,50,75,3
2026-08-21,S04,P446,50.0,0,26,24,75,3
2026-08-22,S04,P446,24.0,60,17,67,75,3
2026-08-23,S04,P446,67.0,0,20,47,75,3
2026-08-24,S04,P446,47.0,0,16,31,75,3
2026-08-25,S04,P446,31.0,66,18,79,75,3
2026-08-26,S04,P446,79.0,0,13,66,75,3
2026-08-27,S04,P446,66.0,0,17,49,75,3
2026-08-28,S04,P446,49.0,0,20,29,75,3
2026-08-29,S04,P446,29.0,67,20,76,75,3
2026-08-30,S04,P446,76.0,0,11,65,75,3
2026-08-31,S04,P446,65.0,0,9,56,75,3
2026-05-01,S04,P501,89.0,0,13,76,50,3
2026-05-02,S04,P501,76.0,0,20,56,50,3
2026-05-03,S04,P501,56.0,0,8,48,50,3
2026-05-04,S04,P501,48.0,0,7,41,50,3
2026-05-05,S04,P501,41.0,0,17,24,50,3
2026-05-06,S04,P501,24.0,41,11,54,50,3
2026-05-07,S04,P501,54.0,0,15,39,50,3
2026-05-08,S04,P501,39.0,0,15,24,50,3
2026-05-09,S04,P501,24.0,0,18,6,50,3
2026-05-10,S04,P501,6.0,50,7,49,50,3
2026-05-11,S04,P501,49.0,0,14,35,50,3
2026-05-12,S04,P501,35.0,0,8,27,50,3
2026-05-13,S04,P501,27.0,40,20,47,50,3
2026-05-14,S04,P501,47.0,0,4,43,50,3
2026-05-15,S04,P501,43.0,0,15,28,50,3
2026-05-16,S04,P501,28.0,42,14,56,50,3
2026-05-17,S04,P501,56.0,0,11,45,50,3
2026-05-18,S04,P501,45.0,0,18,27,50,3
2026-05-19,S04,P501,27.0,0,11,16,50,3
2026-05-20,S04,P501,16.0,44,7,53,50,3
2026-05-21,S04,P501,53.0,0,23,30,50,3
2026-05-22,S04,P501,30.0,0,17,13,50,3
2026-05-23,S04,P501,13.0,0,13,0,50,3
2026-05-24,S04,P501,0.0,59,16,43,50,3
2026-05-25,S04,P501,43.0,0,12,31,50,3
2026-05-26,S04,P501,31.0,0,11,20,50,3
2026-05-27,S04,P501,20.0,46,18,48,50,3
2026-05-28,S04,P501,48.0,0,10,38,50,3
2026-05-29,S04,P501,38.0,0,14,24,50,3
2026-05-30,S04,P501,24.0,41,12,53,50,3
2026-05-31,S04,P501,53.0,0,20,33,50,3
2026-06-01,S04,P501,33.0,0,7,26,50,3
2026-06-02,S04,P501,26.0,0,5,21,50,3
2026-06-03,S04,P501,21.0,56,15,62,50,3
2026-06-04,S04,P501,62.0,0,16,46,50,3
2026-06-05,S04,P501,46.0,0,16,30,50,3
2026-06-06,S04,P501,30.0,0,19,11,50,3
2026-06-07,S04,P501,11.0,43,12,42,50,3
2026-06-08,S04,P501,42.0,0,11,31,50,3
2026-06-09,S04,P501,31.0,0,19,12,50,3
2026-06-10,S04,P501,12.0,47,15,44,50,3
2026-06-11,S04,P501,44.0,0,14,30,50,3
2026-06-12,S04,P501,30.0,0,10,20,50,3
2026-06-14,S04,P501,10.0,45,15,40,50,3
2026-06-15,S04,P501,40.0,0,10,30,50,3
2026-06-16,S04,P501,30.0,0,9,21,50,3
2026-06-17,S04,P501,21.0,49,10,60,50,3
2026-06-18,S04,P501,60.0,0,19,41,50,3
2026-06-19,S04,P501,41.0,0,6,35,50,3
2026-06-20,S04,P501,35.0,0,12,23,50,3
2026-06-21,S04,P501,23.0,48,13,58,50,3
2026-06-22,S04,P501,58.0,0,6,52,50,3
2026-06-23,S04,P501,52.0,0,18,34,50,3
2026-06-24,S04,P501,34.0,0,13,21,50,3
2026-06-25,S04,P501,21.0,0,8,13,50,3
2026-06-26,S04,P501,13.0,0,13,0,50,3
2026-06-27,S04,P501,0.0,55,15,40,50,3
2026-06-28,S04,P501,40.0,0,12,28,50,3
2026-06-29,S04,P501,28.0,0,12,16,50,3
2026-06-30,S04,P501,16.0,49,9,56,50,3
2026-07-01,S04,P501,56.0,0,10,46,50,3
2026-07-02,S04,P501,46.0,0,12,34,50,3
2026-07-03,S04,P501,34.0,0,13,21,50,3
2026-07-04,S04,P501,21.0,43,36,28,50,3
2026-07-05,S04,P501,28.0,0,20,8,50,3
2026-07-06,S04,P501,8.0,0,8,0,50,3
2026-07-07,S04,P501,0.0,61,12,49,50,3
2026-07-08,S04,P501,49.0,0,16,33,50,3
2026-07-09,S04,P501,33.0,0,20,13,50,3
2026-07-10,S04,P501,13.0,40,5,48,50,3
2026-07-11,S04,P501,48.0,0,11,37,50,3
2026-07-12,S04,P501,37.0,0,11,26,50,3
2026-07-13,S04,P501,26.0,41,12,55,50,3
2026-07-14,S04,P501,55.0,0,10,45,50,3
2026-07-15,S04,P501,45.0,0,9,36,50,3
2026-07-16,S04,P501,36.0,0,6,30,50,3
2026-07-17,S04,P501,30.0,44,17,57,50,3
2026-07-18,S04,P501,57.0,0,13,44,50,3
2026-07-19,S04,P501,44.0,0,15,29,50,3
2026-07-20,S04,P501,29.0,0,9,20,50,3
2026-07-21,S04,P501,20.0,45,16,49,50,3
2026-07-22,S04,P501,49.0,0,17,32,50,3
2026-07-23,S04,P501,32.0,0,22,10,50,3
2026-07-24,S04,P501,10.0,40,14,36,50,3
2026-07-25,S04,P501,36.0,0,15,21,50,3
2026-07-26,S04,P501,21.0,0,20,1,50,3
2026-07-27,S04,P501,1.0,39,15,25,50,3
2026-07-28,S04,P501,25.0,0,15,10,50,3
2026-07-29,S04,P501,10.0,49,9,65,50,3
2026-07-30,S04,P501,50.0,0,11,39,50,3
2026-07-31,S04,P501,39.0,0,4,35,50,3
2026-08-01,S04,P501,35.0,39,14,60,50,3
2026-08-02,S04,P501,60.0,0,14,46,50,3
2026-08-03,S04,P501,46.0,0,12,34,50,3
2026-08-04,S04,P501,34.0,0,9,25,50,3
2026-08-05,S04,P501,25.0,43,18,50,50,3
2026-08-06,S04,P501,50.0,0,17,33,50,3
2026-08-07,S04,P501,33.0,0,11,22,50,3
2026-08-08,S04,P501,22.0,39,5,56,50,3
2026-08-09,S04,P501,56.0,0,19,37,50,3
2026-08-10,S04,P501,37.0,0,5,32,50,3
2026-08-11,S04,P501,32.0,0,8,24,50,3
2026-08-12,S04,P501,24.0,52,8,68,50,3
2026-08-13,S04,P501,68.0,0,9,59,50,3
2026-08-14,S04,P501,59.0,0,7,52,50,3
2026-08-15,S04,P501,52.0,0,7,45,50,3
2026-08-16,S04,P501,45.0,0,12,33,50,3
2026-08-17,S04,P501,33.0,0,9,24,50,3
2026-08-18,S04,P501,24.0,44,16,52,50,3
2026-08-19,S04,P501,52.0,0,15,37,50,3
2026-08-20,S04,P501,37.0,0,11,26,50,3
2026-08-21,S04,P501,26.0,0,21,5,50,3
2026-08-22,S04,P501,5.0,52,23,34,50,3
2026-08-23,S04,P501,34.0,0,22,12,50,3
2026-08-24,S04,P501,12.0,0,8,4,50,3
2026-08-25,S04,P501,4.0,55,12,47,50,3
2026-08-26,S04,P501,47.0,0,19,28,50,3
2026-08-27,S04,P501,28.0,0,13,15,50,3
2026-08-28,S04,P501,15.0,42,15,42,50,3
2026-08-29,S04,P501,42.0,0,9,33,50,3
2026-08-30,S04,P501,33.0,0,7,53,50,3
2026-08-31,S04,P501,26.0,47,17,56,50,3
2026-05-01,S04,P502,72.0,0,8,64,41,3
2026-05-02,S04,P502,64.0,0,7,57,41,3
2026-05-03,S04,P502,57.0,0,13,44,41,3
2026-05-04,S04,P502,44.0,0,6,38,41,3
2026-05-05,S04,P502,38.0,0,2,36,41,3
2026-05-06,S04,P502,36.0,0,14,22,41,3
2026-05-07,S04,P502,22.0,34,20,36,41,3
2026-05-08,S04,P502,36.0,0,19,17,41,3
2026-05-09,S04,P502,17.0,0,17,0,41,3
2026-05-10,S04,P502,0.0,36,20,16,41,3
2026-05-11,S04,P502,16.0,0,6,10,41,3
2026-05-12,S04,P502,10.0,36,4,42,41,3
2026-05-13,S04,P502,42.0,0,6,36,41,3
2026-05-14,S04,P502,36.0,0,12,24,41,3
2026-05-15,S04,P502,24.0,0,6,18,41,3
2026-05-16,S04,P502,18.0,36,13,41,41,3
2026-05-17,S04,P502,41.0,0,13,28,41,3
2026-05-18,S04,P502,28.0,0,10,18,41,3
2026-05-19,S04,P502,18.0,31,12,37,41,3
2026-05-20,S04,P502,37.0,0,9,28,41,3
2026-05-21,S04,P502,28.0,0,12,16,41,3
2026-05-22,S04,P502,16.0,35,5,46,41,3
2026-05-23,S04,P502,46.0,0,8,38,41,3
2026-05-24,S04,P502,38.0,0,8,30,41,3
2026-05-25,S04,P502,30.0,0,5,25,41,3
2026-05-26,S04,P502,25.0,34,12,47,41,3
2026-05-27,S04,P502,47.0,0,15,32,41,3
2026-05-28,S04,P502,32.0,0,6,26,41,3
2026-05-29,S04,P502,26.0,0,8,18,41,3
2026-05-30,S04,P502,18.0,40,8,50,41,3
2026-05-31,S04,P502,50.0,0,9,41,41,3
2026-06-01,S04,P502,41.0,0,18,23,41,3
2026-06-02,S04,P502,23.0,0,13,10,41,3
2026-06-03,S04,P502,10.0,31,10,31,41,3
2026-06-04,S04,P502,31.0,0,15,16,41,3
2026-06-05,S04,P502,16.0,31,12,35,41,3
2026-06-06,S04,P502,35.0,0,24,11,41,3
2026-06-07,S04,P502,11.0,0,11,0,41,3
2026-06-08,S04,P502,0.0,37,6,31,41,3
2026-06-09,S04,P502,31.0,0,12,19,41,3
2026-06-10,S04,P502,19.0,35,14,40,41,3
2026-06-11,S04,P502,40.0,0,8,32,41,3
2026-06-12,S04,P502,32.0,0,6,26,41,3
2026-06-13,S04,P502,26.0,32,11,47,41,3
2026-06-14,S04,P502,47.0,0,11,36,41,3
2026-06-15,S04,P502,36.0,0,9,27,41,3
2026-06-16,S04,P502,27.0,0,11,16,41,3
2026-06-17,S04,P502,16.0,36,5,47,41,3
2026-06-18,S04,P502,47.0,0,10,37,41,3
2026-06-19,S04,P502,37.0,0,9,28,41,3
2026-06-20,S04,P502,28.0,0,14,14,41,3
2026-06-21,S04,P502,14.0,35,10,39,41,3
2026-06-22,S04,P502,39.0,0,10,29,41,3
2026-06-23,S04,P502,29.0,0,8,21,41,3
2026-06-24,S04,P502,21.0,33,9,45,41,3
2026-06-25,S04,P502,45.0,0,15,30,41,3
2026-06-26,S04,P502,30.0,0,11,19,41,3
2026-06-27,S04,P502,19.0,0,9,10,41,3
2026-06-28,S04,P502,10.0,42,11,41,41,3
2026-06-29,S04,P502,41.0,0,22,19,41,3
2026-06-30,S04,P502,19.0,0,19,0,41,3
2026-07-01,S04,P502,0.0,31,10,21,41,3
2026-07-02,S04,P502,21.0,0,13,8,41,3
2026-07-03,S04,P502,8.0,41,17,32,41,3
2026-07-04,S04,P502,32.0,0,11,21,41,3
2026-07-05,S04,P502,21.0,0,21,0,41,3
2026-07-06,S04,P502,0.0,0,0,0,41,3
2026-07-07,S04,P502,0.0,40,5,35,41,3
2026-07-08,S04,P502,35.0,32,10,57,41,3
2026-07-09,S04,P502,57.0,0,7,50,41,3
2026-07-10,S04,P502,50.0,0,5,45,41,3
2026-07-11,S04,P502,45.0,0,12,33,41,3
2026-07-12,S04,P502,33.0,0,10,23,41,3
2026-07-13,S04,P502,23.0,0,4,19,41,3
2026-07-14,S04,P502,19.0,39,11,47,41,3
2026-07-15,S04,P502,47.0,0,9,38,41,3
2026-07-16,S04,P502,38.0,0,9,29,41,3
2026-07-17,S04,P502,29.0,0,7,22,41,3
2026-07-18,S04,P502,22.0,0,15,7,41,3
2026-07-19,S04,P502,7.0,34,20,21,41,3
2026-07-20,S04,P502,21.0,0,8,13,41,3
2026-07-21,S04,P502,13.0,31,6,38,41,3
2026-07-22,S04,P502,38.0,0,8,30,41,3
2026-07-23,S04,P502,30.0,0,6,24,41,3
2026-07-24,S04,P502,24.0,34,6,52,41,3
2026-07-25,S04,P502,52.0,0,5,47,41,3
2026-07-26,S04,P502,47.0,0,8,39,41,3
2026-07-27,S04,P502,39.0,0,13,26,41,3
2026-07-28,S04,P502,26.0,0,13,13,41,3
2026-07-29,S04,P502,13.0,33,14,32,41,3
2026-07-30,S04,P502,32.0,0,6,26,41,3
2026-07-31,S04,P502,26.0,0,14,12,41,3
2026-08-01,S04,P502,12.0,0,12,0,41,3
2026-08-02,S04,P502,0.0,40,34,6,41,3
2026-08-03,S04,P502,6.0,0,6,0,41,3
2026-08-04,S04,P502,0.0,0,0,0,41,3
2026-08-05,S04,P502,0.0,66,11,55,41,3
2026-08-06,S04,P502,55.0,0,18,37,41,3
2026-08-07,S04,P502,37.0,0,8,29,41,3
2026-08-08,S04,P502,29.0,0,5,24,41,3
2026-08-09,S04,P502,24.0,35,8,51,41,3
2026-08-10,S04,P502,51.0,0,5,46,41,3
2026-08-11,S04,P502,46.0,0,12,34,41,3
2026-08-12,S04,P502,34.0,0,11,23,41,3
2026-08-13,S04,P502,23.0,0,13,10,41,3
2026-08-14,S04,P502,10.0,38,12,36,41,3
2026-08-15,S04,P502,36.0,0,8,28,41,3
2026-08-16,S04,P502,28.0,0,14,14,41,3
2026-08-17,S04,P502,14.0,36,8,42,41,3
2026-08-18,S04,P502,42.0,0,14,28,41,3
2026-08-19,S04,P502,28.0,0,7,21,41,3
2026-08-20,S04,P502,21.0,0,7,14,41,3
2026-08-21,S04,P502,14.0,0,10,4,41,3
2026-08-22,S04,P502,4.0,44,21,27,41,3
2026-08-23,S04,P502,27.0,0,19,8,41,3
2026-08-24,S04,P502,8.0,0,8,0,41,3
2026-08-25,S04,P502,0.0,45,8,37,41,3
2026-08-26,S04,P502,37.0,0,23,14,41,3
2026-08-27,S04,P502,14.0,0,12,2,41,3
2026-08-28,S04,P502,2.0,35,13,24,41,3
2026-08-29,S04,P502,24.0,0,9,15,41,3
2026-08-30,S04,P502,15.0,35,9,41,41,3
2026-08-31,S04,P502,41.0,0,11,30,41,3
2026-05-01,S04,P503,73.0,0,13,60,41,3
2026-05-02,S04,P503,60.0,0,10,50,41,3
2026-05-03,S04,P503,50.0,0,8,42,41,3
2026-05-04,S04,P503,42.0,0,8,34,41,3
2026-05-05,S04,P503,34.0,0,12,22,41,3
2026-05-06,S04,P503,22.0,0,11,11,41,3
2026-05-07,S04,P503,11.0,39,9,41,41,3
2026-05-08,S04,P503,41.0,0,8,33,41,3
2026-05-09,S04,P503,33.0,0,7,26,41,3
2026-05-10,S04,P503,26.0,32,14,44,41,3
2026-05-11,S04,P503,44.0,0,7,37,41,3
2026-05-12,S04,P503,37.0,0,6,31,41,3
2026-05-13,S04,P503,31.0,0,6,25,41,3
2026-05-14,S04,P503,25.0,36,11,50,41,3
2026-05-15,S04,P503,50.0,0,11,39,41,3
2026-05-16,S04,P503,39.0,0,7,32,41,3
2026-05-17,S04,P503,32.0,0,20,12,41,3
2026-05-18,S04,P503,12.0,34,16,30,41,3
2026-05-19,S04,P503,30.0,0,7,23,41,3
2026-05-20,S04,P503,23.0,0,14,9,41,3
2026-05-21,S04,P503,9.0,43,15,37,41,3
2026-05-22,S04,P503,37.0,0,15,22,41,3
2026-05-23,S04,P503,22.0,0,6,16,41,3
2026-05-24,S04,P503,16.0,36,11,41,41,3
2026-05-25,S04,P503,41.0,0,15,26,41,3
2026-05-26,S04,P503,26.0,0,19,7,41,3
2026-05-27,S04,P503,7.0,0,7,0,41,3
2026-05-28,S04,P503,0.0,32,8,24,41,3
2026-05-29,S04,P503,24.0,34,9,49,41,3
2026-05-30,S04,P503,49.0,0,9,40,41,3
2026-05-31,S04,P503,40.0,0,14,26,41,3
2026-06-01,S04,P503,26.0,0,6,20,41,3
2026-06-02,S04,P503,20.0,33,8,45,41,3
2026-06-03,S04,P503,45.0,0,18,27,41,3
2026-06-04,S04,P503,27.0,0,9,18,41,3
2026-06-05,S04,P503,18.0,0,7,11,41,3
2026-06-06,S04,P503,11.0,46,22,35,41,3
2026-06-07,S04,P503,35.0,0,12,23,41,3
2026-06-08,S04,P503,23.0,0,4,19,41,3
2026-06-09,S04,P503,19.0,38,9,48,41,3
2026-06-10,S04,P503,48.0,0,7,41,41,3
2026-06-11,S04,P503,41.0,0,15,26,41,3
2026-06-12,S04,P503,26.0,0,9,17,41,3
2026-06-13,S04,P503,17.0,32,12,37,41,3
2026-06-14,S04,P503,37.0,0,11,26,41,3
2026-06-15,S04,P503,26.0,0,15,11,41,3
2026-06-16,S04,P503,11.0,36,12,35,41,3
2026-06-17,S04,P503,35.0,0,6,29,41,3
2026-06-18,S04,P503,29.0,0,7,22,41,3
2026-06-19,S04,P503,22.0,0,11,11,41,3
2026-06-20,S04,P503,11.0,0,11,0,41,3
2026-06-21,S04,P503,0.0,38,6,32,41,3
2026-06-22,S04,P503,32.0,0,12,20,41,3
2026-06-23,S04,P503,20.0,35,13,42,41,3
2026-06-24,S04,P503,42.0,0,8,34,41,3
2026-06-25,S04,P503,34.0,0,10,24,41,3
2026-06-26,S04,P503,24.0,0,17,7,41,3
2026-06-27,S04,P503,7.0,39,10,36,41,3
2026-06-28,S04,P503,36.0,0,10,26,41,3
2026-06-29,S04,P503,26.0,0,3,23,41,3
2026-06-30,S04,P503,23.0,37,9,51,41,3
2026-07-01,S04,P503,51.0,0,7,44,41,3
2026-07-02,S04,P503,44.0,0,11,33,41,3
2026-07-03,S04,P503,33.0,0,8,25,41,3
2026-07-04,S04,P503,25.0,0,14,11,41,3
2026-07-05,S04,P503,11.0,40,14,37,41,3
2026-07-06,S04,P503,37.0,0,5,32,41,3
2026-07-07,S04,P503,32.0,0,8,24,41,3
2026-07-08,S04,P503,24.0,36,10,50,41,3
2026-07-09,S04,P503,50.0,0,11,39,41,3
2026-07-10,S04,P503,39.0,0,11,28,41,3
2026-07-11,S04,P503,28.0,0,13,15,41,3
2026-07-12,S04,P503,15.0,34,12,37,41,3
2026-07-13,S04,P503,37.0,0,8,29,41,3
2026-07-14,S04,P503,29.0,0,13,16,41,3
2026-07-15,S04,P503,16.0,36,7,45,41,3
2026-07-16,S04,P503,45.0,0,10,35,41,3
2026-07-17,S04,P503,35.0,0,17,18,41,3
2026-07-18,S04,P503,18.0,0,15,3,41,3
2026-07-19,S04,P503,3.0,38,11,30,41,3
2026-07-20,S04,P503,30.0,0,11,19,41,3
2026-07-21,S04,P503,19.0,0,14,5,41,3
2026-07-22,S04,P503,5.0,32,8,29,41,3
2026-07-23,S04,P503,29.0,0,5,24,41,3
2026-07-24,S04,P503,24.0,36,11,49,41,3
2026-07-25,S04,P503,49.0,0,11,38,41,3
2026-07-26,S04,P503,38.0,0,4,34,41,3
2026-07-27,S04,P503,34.0,0,4,30,41,3
2026-07-28,S04,P503,30.0,35,10,55,41,3
2026-07-29,S04,P503,55.0,0,10,45,41,3
2026-07-30,S04,P503,45.0,0,6,39,41,3
2026-07-31,S04,P503,39.0,0,7,32,41,3
2026-08-01,S04,P503,32.0,0,5,27,41,3
2026-08-02,S04,P503,27.0,34,14,47,41,3
2026-08-03,S04,P503,47.0,0,12,35,41,3
2026-08-04,S04,P503,35.0,0,5,30,41,3
2026-08-05,S04,P503,30.0,0,6,24,41,3
2026-08-06,S04,P503,24.0,38,10,52,41,3
2026-08-07,S04,P503,52.0,0,10,42,41,3
2026-08-08,S04,P503,42.0,0,7,35,41,3
2026-08-10,S04,P503,29.0,0,11,18,41,3
2026-08-11,S04,P503,18.0,38,9,47,41,3
2026-08-12,S04,P503,47.0,0,10,37,41,3
2026-08-13,S04,P503,37.0,0,11,26,41,3
2026-08-14,S04,P503,26.0,0,7,19,41,3
2026-08-15,S04,P503,19.0,36,23,32,41,3
2026-08-16,S04,P503,32.0,0,4,28,41,3
2026-08-17,S04,P503,28.0,0,7,21,41,3
2026-08-18,S04,P503,21.0,41,6,56,41,3
2026-08-19,S04,P503,56.0,0,5,51,41,3
2026-08-20,S04,P503,51.0,0,6,45,41,3
2026-08-21,S04,P503,45.0,0,24,21,41,3
2026-08-22,S04,P503,21.0,0,8,13,41,3
2026-08-23,S04,P503,13.0,0,13,0,41,3
2026-08-24,S04,P503,0.0,52,7,45,41,3
2026-08-25,S04,P503,45.0,0,6,39,41,3
2026-08-26,S04,P503,39.0,0,23,16,41,3
2026-08-27,S04,P503,16.0,0,7,9,41,3
2026-08-28,S04,P503,9.0,0,9,0,41,3
2026-08-29,S04,P503,0.0,34,8,26,41,3
2026-08-30,S04,P503,26.0,0,6,20,41,3
2026-08-31,S04,P503,20.0,39,11,48,41,3
2026-05-01,S04,P504,55.0,0,4,51,31,3
2026-05-02,S04,P504,51.0,0,11,40,31,3
2026-05-03,S04,P504,40.0,0,13,27,31,3
2026-05-04,S04,P504,27.0,0,4,23,31,3
2026-05-05,S04,P504,23.0,0,10,13,31,3
2026-05-06,S04,P504,13.0,28,10,31,31,3
2026-05-07,S04,P504,31.0,0,13,18,31,3
2026-05-08,S04,P504,18.0,0,3,15,31,3
2026-05-09,S04,P504,15.0,24,8,31,31,3
2026-05-10,S04,P504,31.0,0,8,23,31,3
2026-05-11,S04,P504,23.0,0,9,14,31,3
2026-05-12,S04,P504,14.0,24,5,33,31,3
2026-05-13,S04,P504,33.0,0,4,29,31,3
2026-05-14,S04,P504,29.0,0,8,21,31,3
2026-05-15,S04,P504,21.0,0,5,16,31,3
2026-05-16,S04,P504,16.0,26,15,27,31,3
2026-05-17,S04,P504,27.0,0,10,17,31,3
2026-05-18,S04,P504,17.0,0,6,11,31,3
2026-05-19,S04,P504,11.0,28,10,29,31,3
2026-05-20,S04,P504,29.0,0,10,19,31,3
2026-05-21,S04,P504,19.0,0,8,11,31,3
2026-05-22,S04,P504,11.0,26,9,28,31,3
2026-05-23,S04,P504,28.0,0,4,24,31,3
2026-05-24,S04,P504,24.0,0,9,15,31,3
2026-05-25,S04,P504,15.0,27,4,38,31,3
2026-05-26,S04,P504,38.0,0,8,30,31,3
2026-05-27,S04,P504,30.0,0,3,27,31,3
2026-05-28,S04,P504,27.0,0,11,16,31,3
2026-05-29,S04,P504,16.0,25,6,35,31,3
2026-05-30,S04,P504,35.0,0,13,22,31,3
2026-05-31,S04,P504,22.0,0,6,16,31,3
2026-06-01,S04,P504,16.0,0,12,4,31,3
2026-06-02,S04,P504,4.0,33,9,28,31,3
2026-06-03,S04,P504,28.0,0,7,21,31,3
2026-06-04,S04,P504,21.0,0,6,15,31,3
2026-06-05,S04,P504,15.0,27,9,33,31,3
2026-06-06,S04,P504,33.0,0,7,26,31,3
2026-06-07,S04,P504,26.0,0,7,19,31,3
2026-06-08,S04,P504,19.0,0,6,13,31,3
2026-06-09,S04,P504,13.0,29,5,37,31,3
2026-06-10,S04,P504,37.0,0,7,30,31,3
2026-06-11,S04,P504,30.0,0,10,20,31,3
2026-06-12,S04,P504,20.0,0,8,12,31,3
2026-06-13,S04,P504,12.0,25,4,33,31,3
2026-06-14,S04,P504,33.0,0,14,19,31,3
2026-06-15,S04,P504,19.0,0,10,9,31,3
2026-06-16,S04,P504,9.0,0,6,3,31,3
2026-06-17,S04,P504,3.0,0,3,0,31,3
2026-06-18,S04,P504,0.0,36,7,29,31,3
2026-06-19,S04,P504,29.0,0,6,23,31,3
2026-06-20,S04,P504,23.0,0,9,14,31,3
2026-06-21,S04,P504,14.0,26,7,33,31,3
2026-06-22,S04,P504,33.0,0,5,28,31,3
2026-06-23,S04,P504,28.0,0,9,19,31,3
2026-06-24,S04,P504,19.0,0,7,12,31,3
2026-06-25,S04,P504,12.0,0,7,5,31,3
2026-06-26,S04,P504,5.0,27,11,21,31,3
2026-06-27,S04,P504,21.0,0,9,12,31,3
2026-06-28,S04,P504,12.0,0,12,0,31,3
2026-06-29,S04,P504,0.0,34,8,26,31,3
2026-06-30,S04,P504,26.0,0,9,17,31,3
2026-07-01,S04,P504,17.0,0,17,0,31,3
2026-07-02,S04,P504,0.0,29,8,21,31,3
2026-07-03,S04,P504,21.0,0,7,14,31,3
2026-07-04,S04,P504,14.0,26,6,34,31,3
2026-07-05,S04,P504,34.0,0,8,26,31,3
2026-07-06,S04,P504,26.0,0,4,22,31,3
2026-07-07,S04,P504,22.0,0,6,16,31,3
2026-07-08,S04,P504,16.0,29,11,34,31,3
2026-07-09,S04,P504,34.0,0,2,32,31,3
2026-07-10,S04,P504,32.0,0,7,25,31,3
2026-07-11,S04,P504,25.0,0,7,18,31,3
2026-07-12,S04,P504,18.0,0,9,9,31,3
2026-07-13,S04,P504,9.0,30,7,32,31,3
2026-07-14,S04,P504,32.0,0,9,23,31,3
2026-07-15,S04,P504,23.0,0,4,19,31,3
2026-07-16,S04,P504,19.0,0,5,14,31,3
2026-07-17,S04,P504,14.0,0,5,9,31,3
2026-07-18,S04,P504,9.0,32,11,30,31,3
2026-07-19,S04,P504,30.0,0,5,25,31,3
2026-07-20,S04,P504,25.0,0,6,19,31,3
2026-07-21,S04,P504,19.0,25,4,40,31,3
2026-07-22,S04,P504,40.0,0,4,36,31,3
2026-07-23,S04,P504,36.0,0,11,25,31,3
2026-07-24,S04,P504,25.0,0,7,18,31,3
2026-07-25,S04,P504,18.0,0,8,10,31,3
2026-07-26,S04,P504,10.0,30,4,36,31,3
2026-07-27,S04,P504,36.0,0,9,27,31,3
2026-07-28,S04,P504,27.0,0,7,20,31,3
2026-07-29,S04,P504,20.0,0,9,11,31,3
2026-07-30,S04,P504,11.0,28,8,31,31,3
2026-07-31,S04,P504,31.0,0,11,20,31,3
2026-08-01,S04,P504,20.0,0,8,12,31,3
2026-08-02,S04,P504,12.0,24,17,19,31,3
2026-08-03,S04,P504,19.0,0,10,9,31,3
2026-08-04,S04,P504,9.0,0,4,5,31,3
2026-08-05,S04,P504,5.0,36,6,35,31,3
2026-08-06,S04,P504,35.0,0,8,27,31,3
2026-08-07,S04,P504,27.0,0,4,23,31,3
2026-08-08,S04,P504,23.0,0,6,17,31,3
2026-08-09,S04,P504,17.0,28,7,38,31,3
2026-08-10,S04,P504,38.0,0,2,36,31,3
2026-08-11,S04,P504,36.0,0,5,31,31,3
2026-08-12,S04,P504,31.0,0,8,23,31,3
2026-08-13,S04,P504,23.0,0,4,19,31,3
2026-08-14,S04,P504,19.0,24,7,36,31,3
2026-08-15,S04,P504,36.0,0,6,30,31,3
2026-08-16,S04,P504,30.0,0,5,25,31,3
2026-08-17,S04,P504,25.0,0,5,20,31,3
2026-08-18,S04,P504,20.0,25,6,39,31,3
2026-08-19,S04,P504,39.0,0,7,32,31,3
2026-08-20,S04,P504,32.0,0,3,29,31,3
2026-08-21,S04,P504,29.0,0,9,20,31,3
2026-08-22,S04,P504,20.0,0,7,13,31,3
2026-08-23,S04,P504,13.0,26,16,23,31,3
2026-08-24,S04,P504,23.0,0,8,15,31,3
2026-08-25,S04,P504,15.0,0,12,3,31,3
2026-08-26,S04,P504,3.0,32,13,22,31,3
2026-08-27,S04,P504,22.0,0,6,16,31,3
2026-08-28,S04,P504,16.0,0,4,12,31,3
2026-08-29,S04,P504,12.0,33,5,40,31,3
2026-08-30,S04,P504,40.0,0,6,34,31,3
2026-08-31,S04,P504,34.0,0,3,31,31,3
2026-05-01,S04,P505,60.0,0,8,52,33,3
2026-05-02,S04,P505,52.0,0,12,40,33,3
2026-05-03,S04,P505,40.0,0,8,32,33,3
2026-05-04,S04,P505,32.0,0,11,21,33,3
2026-05-05,S04,P505,21.0,0,8,13,33,3
2026-05-06,S04,P505,13.0,28,13,28,33,3
2026-05-07,S04,P505,28.0,0,5,23,33,3
2026-05-08,S04,P505,23.0,0,10,13,33,3
2026-05-09,S04,P505,13.0,32,13,32,33,3
2026-05-10,S04,P505,32.0,0,4,28,33,3
2026-05-11,S04,P505,28.0,0,9,19,33,3
2026-05-12,S04,P505,19.0,28,16,31,33,3
2026-05-13,S04,P505,31.0,0,8,23,33,3
2026-05-14,S04,P505,23.0,0,7,16,33,3
2026-05-15,S04,P505,16.0,29,3,42,33,3
2026-05-16,S04,P505,42.0,0,9,33,33,3
2026-05-17,S04,P505,33.0,0,14,19,33,3
2026-05-18,S04,P505,19.0,0,18,1,33,3
2026-05-19,S04,P505,1.0,27,16,12,33,3
2026-05-20,S04,P505,12.0,0,6,6,33,3
2026-05-21,S04,P505,6.0,32,11,27,33,3
2026-05-22,S04,P505,27.0,0,17,10,33,3
2026-05-23,S04,P505,10.0,0,10,0,33,3
2026-05-24,S04,P505,0.0,33,12,21,33,3
2026-05-25,S04,P505,21.0,0,3,18,33,3
2026-05-26,S04,P505,18.0,27,11,34,33,3
2026-05-27,S04,P505,34.0,0,9,25,33,3
2026-05-28,S04,P505,25.0,0,7,18,33,3
2026-05-29,S04,P505,18.0,0,5,13,33,3
2026-05-30,S04,P505,13.0,35,10,38,33,3
2026-05-31,S04,P505,38.0,0,6,32,33,3
2026-06-01,S04,P505,32.0,0,8,24,33,3
2026-06-02,S04,P505,24.0,0,9,15,33,3
2026-06-03,S04,P505,15.0,0,6,9,33,3
2026-06-04,S04,P505,9.0,28,8,29,33,3
2026-06-05,S04,P505,29.0,0,3,26,33,3
2026-06-06,S04,P505,26.0,0,9,17,33,3
2026-06-07,S04,P505,17.0,31,19,29,33,3
2026-06-08,S04,P505,29.0,0,7,22,33,3
2026-06-09,S04,P505,22.0,0,8,14,33,3
2026-06-10,S04,P505,14.0,31,7,38,33,3
2026-06-11,S04,P505,38.0,0,2,36,33,3
2026-06-12,S04,P505,36.0,0,4,32,33,3
2026-06-13,S04,P505,32.0,0,11,21,33,3
2026-06-14,S04,P505,21.0,0,8,13,33,3
2026-06-15,S04,P505,13.0,28,6,35,33,3
2026-06-16,S04,P505,35.0,0,7,28,33,3
2026-06-17,S04,P505,28.0,0,6,22,33,3
2026-06-18,S04,P505,22.0,0,4,18,33,3
2026-06-19,S04,P505,18.0,0,3,15,33,3
2026-06-20,S04,P505,15.0,32,3,44,33,3
2026-06-21,S04,P505,44.0,0,12,3,33,3
2026-06-22,S04,P505,32.0,0,2,30,33,3
2026-06-23,S04,P505,30.0,0,7,23,33,3
2026-06-24,S04,P505,23.0,28,9,42,33,3
2026-06-25,S04,P505,42.0,0,8,34,33,3
2026-06-26,S04,P505,34.0,0,17,17,33,3
2026-06-27,S04,P505,17.0,0,10,7,33,3
2026-06-28,S04,P505,7.0,0,6,1,33,3
2026-06-29,S04,P505,1.0,43,12,32,33,3
2026-06-30,S04,P505,32.0,0,4,28,33,3
2026-07-01,S04,P505,28.0,0,8,20,33,3
2026-07-02,S04,P505,20.0,28,9,39,33,3
2026-07-03,S04,P505,39.0,0,10,29,33,3
2026-07-04,S04,P505,29.0,0,9,20,33,3
2026-07-05,S04,P505,20.0,0,9,11,33,3
2026-07-06,S04,P505,11.0,31,3,39,33,3
2026-07-07,S04,P505,39.0,0,7,32,33,3
2026-07-08,S04,P505,32.0,0,10,22,33,3
2026-07-09,S04,P505,22.0,0,7,15,33,3
2026-07-10,S04,P505,15.0,28,12,31,33,3
2026-07-11,S04,P505,31.0,0,5,26,33,3
2026-07-12,S04,P505,26.0,0,8,18,33,3
2026-07-13,S04,P505,18.0,29,2,45,33,3
2026-07-14,S04,P505,45.0,0,9,36,33,3
2026-07-15,S04,P505,36.0,0,6,30,33,3
2026-07-16,S04,P505,30.0,0,7,23,33,3
2026-07-17,S04,P505,23.0,0,10,13,33,3
2026-07-18,S04,P505,13.0,30,13,30,33,3
2026-07-19,S04,P505,30.0,0,13,17,33,3
2026-07-20,S04,P505,17.0,0,17,0,33,3
2026-07-21,S04,P505,0.0,30,9,21,33,3
2026-07-22,S04,P505,21.0,0,7,14,33,3
2026-07-23,S04,P505,14.0,30,9,35,33,3
2026-07-24,S04,P505,35.0,0,8,27,33,3
2026-07-25,S04,P505,27.0,0,9,18,33,3
2026-07-26,S04,P505,18.0,0,2,16,33,3
2026-07-27,S04,P505,16.0,33,2,47,33,3
2026-07-28,S04,P505,47.0,0,7,40,33,3
2026-07-29,S04,P505,40.0,0,5,35,33,3
2026-07-30,S04,P505,35.0,0,2,33,33,3
2026-07-31,S04,P505,33.0,0,4,29,33,3
2026-08-01,S04,P505,29.0,0,7,22,33,3
2026-08-02,S04,P505,22.0,27,8,41,33,3
2026-08-03,S04,P505,41.0,0,6,35,33,3
2026-08-04,S04,P505,35.0,0,5,30,33,3
2026-08-05,S04,P505,30.0,0,9,21,33,3
2026-08-06,S04,P505,21.0,0,5,16,33,3
2026-08-07,S04,P505,16.0,30,6,40,33,3
2026-08-08,S04,P505,40.0,0,6,34,33,3
2026-08-09,S04,P505,34.0,0,8,26,33,3
2026-08-10,S04,P505,26.0,0,6,20,33,3
2026-08-11,S04,P505,20.0,0,5,15,33,3
2026-08-12,S04,P505,15.0,34,7,42,33,3
2026-08-13,S04,P505,42.0,0,5,37,33,3
2026-08-14,S04,P505,37.0,0,8,29,33,3
2026-08-15,S04,P505,29.0,0,14,15,33,3
2026-08-16,S04,P505,15.0,0,9,6,33,3
2026-08-17,S04,P505,6.0,31,1,36,33,3
2026-08-18,S04,P505,36.0,0,13,23,33,3
2026-08-19,S04,P505,23.0,0,14,9,33,3
2026-08-20,S04,P505,9.0,0,9,0,33,3
2026-08-21,S04,P505,0.0,37,15,22,33,3
2026-08-22,S04,P505,22.0,0,10,12,33,3
2026-08-23,S04,P505,12.0,0,8,4,33,3
2026-08-24,S04,P505,4.0,38,8,34,33,3
2026-08-25,S04,P505,34.0,0,19,15,33,3
2026-08-26,S04,P505,15.0,0,12,3,33,3
2026-08-27,S04,P505,3.0,0,3,0,33,3
2026-08-28,S04,P505,0.0,45,7,38,33,3
2026-08-29,S04,P505,38.0,0,6,32,33,3
2026-08-30,S04,P505,32.0,0,6,26,33,3
2026-08-31,S04,P505,26.0,0,2,24,33,3
2026-05-01,S04,P506,72.0,0,13,59,45,1
2026-05-02,S04,P506,59.0,0,28,31,45,1
2026-05-03,S04,P506,31.0,41,23,49,45,1
2026-05-04,S04,P506,49.0,0,37,12,45,1
2026-05-05,S04,P506,12.0,60,35,37,45,1
2026-05-06,S04,P506,37.0,35,27,45,45,1
2026-05-07,S04,P506,45.0,27,20,52,45,1
2026-05-08,S04,P506,52.0,0,19,33,45,1
2026-05-09,S04,P506,33.0,39,19,53,45,1
2026-05-10,S04,P506,53.0,0,26,27,45,1
2026-05-11,S04,P506,27.0,45,20,52,45,1
2026-05-12,S04,P506,52.0,0,30,22,45,1
2026-05-13,S04,P506,22.0,50,18,54,45,1
2026-05-14,S04,P506,54.0,0,23,31,45,1
2026-05-15,S04,P506,31.0,41,26,46,45,1
2026-05-16,S04,P506,46.0,0,11,35,45,1
2026-05-17,S04,P506,35.0,37,19,53,45,1
2026-05-18,S04,P506,53.0,0,27,26,45,1
2026-05-19,S04,P506,26.0,46,12,60,45,1
2026-05-20,S04,P506,60.0,0,16,44,45,1
2026-05-21,S04,P506,44.0,28,12,60,45,1
2026-05-22,S04,P506,60.0,0,25,35,45,1
2026-05-23,S04,P506,35.0,37,19,53,45,1
2026-05-24,S04,P506,53.0,0,23,30,45,1
2026-05-25,S04,P506,30.0,42,19,53,45,1
2026-05-26,S04,P506,53.0,0,20,33,45,1
2026-05-27,S04,P506,33.0,39,28,44,45,1
2026-05-28,S04,P506,44.0,28,15,57,45,1
2026-05-29,S04,P506,57.0,0,17,40,45,1
2026-05-30,S04,P506,40.0,32,20,52,45,1
2026-05-31,S04,P506,52.0,0,27,25,45,1
2026-06-01,S04,P506,25.0,47,22,50,45,1
2026-06-02,S04,P506,50.0,0,29,21,45,1
2026-06-03,S04,P506,21.0,51,30,42,45,1
2026-06-04,S04,P506,42.0,30,18,54,45,1
2026-06-05,S04,P506,54.0,0,34,20,45,1
2026-06-06,S04,P506,20.0,52,29,43,45,1
2026-06-07,S04,P506,43.0,29,16,56,45,1
2026-06-08,S04,P506,56.0,0,28,28,45,1
2026-06-09,S04,P506,28.0,44,22,50,45,1
2026-06-10,S04,P506,50.0,0,11,39,45,1
2026-06-11,S04,P506,39.0,33,17,55,45,1
2026-06-12,S04,P506,55.0,0,23,32,45,1
2026-06-13,S04,P506,32.0,40,23,49,45,1
2026-06-14,S04,P506,49.0,0,23,26,45,1
2026-06-15,S04,P506,26.0,46,28,44,45,1
2026-06-16,S04,P506,44.0,28,22,50,45,1
2026-06-17,S04,P506,50.0,0,15,35,45,1
2026-06-18,S04,P506,35.0,37,22,50,45,1
2026-06-19,S04,P506,50.0,0,27,23,45,1
2026-06-20,S04,P506,23.0,49,21,51,45,1
2026-06-21,S04,P506,51.0,0,18,33,45,1
2026-06-22,S04,P506,33.0,39,26,46,45,1
2026-06-23,S04,P506,46.0,0,24,22,45,1
2026-06-24,S04,P506,22.0,50,12,60,45,1
2026-06-25,S04,P506,60.0,0,25,35,45,1
2026-06-26,S04,P506,35.0,37,34,38,45,1
2026-06-27,S04,P506,38.0,34,17,55,45,1
2026-06-28,S04,P506,55.0,0,41,14,45,1
2026-06-29,S04,P506,14.0,58,17,55,45,1
2026-06-30,S04,P506,55.0,0,21,34,45,1
2026-07-01,S04,P506,34.0,38,16,56,45,1
2026-07-02,S04,P506,56.0,0,27,29,45,1
2026-07-03,S04,P506,29.0,43,20,52,45,1
2026-07-04,S04,P506,52.0,0,16,36,45,1
2026-07-05,S04,P506,36.0,36,21,51,45,1
2026-07-06,S04,P506,51.0,0,19,32,45,1
2026-07-07,S04,P506,32.0,40,18,54,45,1
2026-07-08,S04,P506,54.0,0,26,28,45,1
2026-07-09,S04,P506,28.0,44,24,48,45,1
2026-07-10,S04,P506,48.0,0,25,23,45,1
2026-07-11,S04,P506,23.0,49,29,43,45,1
2026-07-12,S04,P506,43.0,29,20,52,45,1
2026-07-13,S04,P506,52.0,0,22,30,45,1
2026-07-14,S04,P506,30.0,42,10,62,45,1
2026-07-15,S04,P506,62.0,0,28,34,45,1
2026-07-16,S04,P506,34.0,38,22,50,45,1
2026-07-17,S04,P506,50.0,0,18,32,45,1
2026-07-18,S04,P506,32.0,40,18,54,45,1
2026-07-19,S04,P506,54.0,0,18,36,45,1
2026-07-20,S04,P506,36.0,36,19,53,45,1
2026-07-21,S04,P506,53.0,0,18,35,45,1
2026-07-22,S04,P506,35.0,37,12,60,45,1
2026-07-23,S04,P506,60.0,0,25,35,45,1
2026-07-24,S04,P506,35.0,37,23,49,45,1
2026-07-25,S04,P506,49.0,0,22,27,45,1
2026-07-26,S04,P506,27.0,45,18,54,45,1
2026-07-27,S04,P506,54.0,0,24,30,45,1
2026-07-28,S04,P506,30.0,42,15,57,45,1
2026-07-29,S04,P506,57.0,0,22,35,45,1
2026-07-30,S04,P506,35.0,0,25,10,45,1
2026-07-31,S04,P506,10.0,37,19,28,45,1
2026-08-01,S04,P506,28.0,44,19,53,45,1
2026-08-02,S04,P506,53.0,0,46,7,45,1
2026-08-03,S04,P506,7.0,65,66,6,45,1
2026-08-04,S04,P506,6.0,66,28,44,45,1
2026-08-05,S04,P506,44.0,28,52,20,45,1
2026-08-06,S04,P506,20.0,52,49,23,45,1
2026-08-07,S04,P506,23.0,49,12,54,45,1
2026-08-08,S04,P506,60.0,0,20,40,45,1
2026-08-09,S04,P506,40.0,32,19,53,45,1
2026-08-10,S04,P506,53.0,0,22,31,45,1
2026-08-11,S04,P506,31.0,41,21,51,45,1
2026-08-12,S04,P506,51.0,0,16,35,45,1
2026-08-13,S04,P506,35.0,37,12,60,45,1
2026-08-14,S04,P506,60.0,0,16,44,45,1
2026-08-15,S04,P506,44.0,28,21,51,45,1
2026-08-16,S04,P506,51.0,0,14,37,45,1
2026-08-17,S04,P506,37.0,35,26,46,45,1
2026-08-18,S04,P506,46.0,0,19,27,45,1
2026-08-19,S04,P506,27.0,45,9,63,45,1
2026-08-20,S04,P506,63.0,0,23,40,45,1
2026-08-21,S04,P506,40.0,0,36,4,45,1
2026-08-22,S04,P506,4.0,68,45,27,45,1
2026-08-23,S04,P506,27.0,45,32,40,45,1
2026-08-24,S04,P506,40.0,32,21,51,45,1
2026-08-25,S04,P506,51.0,0,30,21,45,1
2026-08-26,S04,P506,21.0,51,38,34,45,1
2026-08-27,S04,P506,34.0,38,24,48,45,1
2026-08-28,S04,P506,48.0,0,10,38,45,1
2026-08-29,S04,P506,38.0,0,24,14,45,1
2026-08-30,S04,P506,14.0,34,21,27,45,1
2026-08-31,S04,P506,27.0,45,16,56,45,1
2026-05-01,S04,P205,61.0,0,5,56,37,4
2026-05-02,S04,P205,56.0,0,8,48,37,4
2026-05-03,S04,P205,48.0,0,5,43,37,4
2026-05-04,S04,P205,43.0,0,7,36,37,4
2026-05-05,S04,P205,36.0,0,10,26,37,4
2026-05-06,S04,P205,26.0,0,4,22,37,4
2026-05-07,S04,P205,22.0,0,11,11,37,4
2026-05-08,S04,P205,11.0,25,8,28,37,4
2026-05-09,S04,P205,28.0,0,4,24,37,4
2026-05-10,S04,P205,24.0,0,3,21,37,4
2026-05-11,S04,P205,21.0,25,4,42,37,4
2026-05-12,S04,P205,42.0,0,6,36,37,4
2026-05-13,S04,P205,36.0,0,3,33,37,4
2026-05-14,S04,P205,33.0,0,3,30,37,4
2026-05-15,S04,P205,30.0,0,5,25,37,4
2026-05-16,S04,P205,25.0,25,8,42,37,4
2026-05-17,S04,P205,42.0,0,10,32,37,4
2026-05-18,S04,P205,32.0,0,9,23,37,4
2026-05-19,S04,P205,23.0,0,6,17,37,4
2026-05-20,S04,P205,17.0,0,8,9,37,4
2026-05-21,S04,P205,9.0,29,6,32,37,4
2026-05-22,S04,P205,32.0,0,19,13,37,4
2026-05-23,S04,P205,13.0,0,12,1,37,4
2026-05-24,S04,P205,1.0,0,1,0,37,4
2026-05-25,S04,P205,0.0,29,3,26,37,4
2026-05-26,S04,P205,26.0,0,9,17,37,4
2026-05-27,S04,P205,17.0,0,3,14,37,4
2026-05-28,S04,P205,14.0,31,5,40,37,4
2026-05-29,S04,P205,40.0,0,8,32,37,4
2026-05-30,S04,P205,32.0,0,5,27,37,4
2026-05-31,S04,P205,27.0,0,5,22,37,4
2026-06-01,S04,P205,22.0,0,8,14,37,4
2026-06-02,S04,P205,14.0,29,3,40,37,4
2026-06-03,S04,P205,40.0,0,8,32,37,4
2026-06-04,S04,P205,32.0,0,7,25,37,4
2026-06-05,S04,P205,25.0,0,6,19,37,4
2026-06-06,S04,P205,19.0,0,3,16,37,4
2026-06-07,S04,P205,16.0,29,10,35,37,4
2026-06-08,S04,P205,35.0,0,5,30,37,4
2026-06-09,S04,P205,30.0,0,3,27,37,4
2026-06-10,S04,P205,27.0,0,6,21,37,4
2026-06-11,S04,P205,21.0,26,14,33,37,4
2026-06-12,S04,P205,33.0,0,8,25,37,4
2026-06-13,S04,P205,25.0,0,6,19,37,4
2026-06-14,S04,P205,19.0,0,7,12,37,4
2026-06-15,S04,P205,12.0,28,5,35,37,4
2026-06-16,S04,P205,35.0,0,4,31,37,4
2026-06-17,S04,P205,31.0,0,10,21,37,4
2026-06-18,S04,P205,21.0,0,7,14,37,4
2026-06-19,S04,P205,14.0,26,4,36,37,4
2026-06-20,S04,P205,36.0,0,10,26,37,4
2026-06-21,S04,P205,26.0,0,5,21,37,4
2026-06-22,S04,P205,21.0,0,8,13,37,4
2026-06-23,S04,P205,13.0,25,12,26,37,4
2026-06-24,S04,P205,26.0,0,10,16,37,4
2026-06-25,S04,P205,16.0,0,3,13,37,4
2026-06-26,S04,P205,13.0,0,6,7,37,4
2026-06-27,S04,P205,7.0,35,4,38,37,4
2026-06-28,S04,P205,38.0,0,6,32,37,4
2026-06-29,S04,P205,32.0,0,3,29,37,4
2026-06-30,S04,P205,29.0,0,10,19,37,4
2026-07-01,S04,P205,19.0,0,5,14,37,4
2026-07-02,S04,P205,14.0,29,6,37,37,4
2026-07-03,S04,P205,37.0,0,6,31,37,4
2026-07-04,S04,P205,31.0,0,7,24,37,4
2026-07-05,S04,P205,24.0,0,5,19,37,4
2026-07-06,S04,P205,19.0,24,8,35,37,4
2026-07-07,S04,P205,35.0,0,6,29,37,4
2026-07-08,S04,P205,29.0,0,6,23,37,4
2026-07-09,S04,P205,23.0,0,11,12,37,4
2026-07-10,S04,P205,12.0,26,6,32,37,4
2026-07-11,S04,P205,32.0,0,14,18,37,4
2026-07-12,S04,P205,18.0,0,11,7,37,4
2026-07-13,S04,P205,7.0,0,7,0,37,4
2026-07-14,S04,P205,0.0,0,0,-6,37,4
2026-07-15,S04,P205,0.0,0,0,0,37,4
2026-07-16,S04,P205,0.0,54,4,50,37,4
2026-07-17,S04,P205,50.0,0,7,43,37,4
2026-07-18,S04,P205,43.0,0,3,40,37,4
2026-07-19,S04,P205,40.0,0,7,33,37,4
2026-07-20,S04,P205,33.0,0,3,30,37,4
2026-07-21,S04,P205,30.0,0,8,22,37,4
2026-07-22,S04,P205,22.0,0,7,15,37,4
2026-07-23,S04,P205,15.0,28,2,41,37,4
2026-07-24,S04,P205,41.0,0,4,37,37,4
2026-07-25,S04,P205,37.0,0,6,31,37,4
2026-07-26,S04,P205,31.0,0,0,31,37,4
2026-07-27,S04,P205,31.0,0,5,26,37,4
2026-07-28,S04,P205,26.0,24,6,44,37,4
2026-07-29,S04,P205,44.0,0,7,37,37,4
2026-07-30,S04,P205,37.0,0,3,34,37,4
2026-07-31,S04,P205,34.0,0,5,29,37,4
2026-08-01,S04,P205,29.0,0,6,23,37,4
2026-08-02,S04,P205,23.0,24,6,41,37,4
2026-08-03,S04,P205,41.0,0,7,34,37,4
2026-08-04,S04,P205,34.0,0,6,28,37,4
2026-08-05,S04,P205,28.0,0,7,21,37,4
2026-08-06,S04,P205,21.0,0,6,15,37,4
2026-08-07,S04,P205,15.0,27,8,34,37,4
2026-08-08,S04,P205,34.0,0,11,23,37,4
2026-08-09,S04,P205,23.0,0,23,0,37,4
2026-08-10,S04,P205,0.0,0,0,0,37,4
2026-08-11,S04,P205,0.0,0,0,0,37,4
2026-08-12,S04,P205,0.0,27,8,19,37,4
2026-08-13,S04,P205,19.0,34,12,41,37,4
2026-08-14,S04,P205,41.0,0,4,37,37,4
2026-08-15,S04,P205,37.0,0,8,29,37,4
2026-08-16,S04,P205,29.0,0,15,14,37,4
2026-08-17,S04,P205,14.0,0,4,10,37,4
2026-08-18,S04,P205,10.0,24,6,28,37,4
2026-08-19,S04,P205,28.0,0,3,25,37,4
2026-08-20,S04,P205,25.0,0,4,21,37,4
2026-08-21,S04,P205,21.0,27,2,46,37,4
2026-08-22,S04,P205,46.0,0,5,41,37,4
2026-08-23,S04,P205,41.0,0,3,38,37,4
2026-08-24,S04,P205,38.0,0,14,24,37,4
2026-08-25,S04,P205,24.0,0,5,19,37,4
2026-08-26,S04,P205,19.0,0,10,9,37,4
2026-08-27,S04,P205,9.0,0,5,4,37,4
2026-08-28,S04,P205,4.0,0,4,0,37,4
2026-08-29,S04,P205,0.0,37,2,35,37,4
2026-08-30,S04,P205,35.0,0,4,31,37,4
2026-08-31,S04,P205,31.0,0,9,22,37,4
2026-05-01,S04,P206,112.0,0,14,98,68,4
2026-05-02,S04,P206,98.0,0,19,79,68,4
2026-05-03,S04,P206,79.0,0,15,64,68,4
2026-05-04,S04,P206,64.0,0,9,55,68,4
2026-05-05,S04,P206,55.0,0,13,42,68,4
2026-05-06,S04,P206,42.0,0,23,19,68,4
2026-05-07,S04,P206,19.0,48,12,55,68,4
2026-05-08,S04,P206,55.0,0,14,41,68,4
2026-05-09,S04,P206,41.0,0,23,18,68,4
2026-05-10,S04,P206,18.0,45,27,36,68,4
2026-05-11,S04,P206,36.0,0,6,30,68,4
2026-05-12,S04,P206,30.0,0,8,22,68,4
2026-05-13,S04,P206,22.0,49,13,58,68,4
2026-05-14,S04,P206,58.0,0,6,52,68,4
2026-05-15,S04,P206,52.0,0,11,41,68,4
2026-05-16,S04,P206,41.0,0,12,29,68,4
2026-05-17,S04,P206,29.0,54,9,74,68,4
2026-05-18,S04,P206,74.0,0,13,61,68,4
2026-05-19,S04,P206,61.0,0,12,49,68,4
2026-05-20,S04,P206,49.0,0,14,35,68,4
2026-05-21,S04,P206,35.0,0,13,22,68,4
2026-05-22,S04,P206,22.0,51,14,59,68,4
2026-05-23,S04,P206,59.0,0,7,61,68,4
2026-05-24,S04,P206,52.0,0,18,34,68,4
2026-05-25,S04,P206,34.0,0,9,25,68,4
2026-05-26,S04,P206,25.0,53,26,52,68,4
2026-05-27,S04,P206,52.0,0,18,34,68,4
2026-05-28,S04,P206,34.0,0,19,15,68,4
2026-05-29,S04,P206,15.0,0,8,7,68,4
2026-05-30,S04,P206,7.0,60,9,58,68,4
2026-05-31,S04,P206,58.0,0,6,52,68,4
2026-06-01,S04,P206,52.0,0,20,32,68,4
2026-06-02,S04,P206,32.0,45,9,68,68,4
2026-06-03,S04,P206,68.0,0,13,55,68,4
2026-06-04,S04,P206,55.0,0,18,37,68,4
2026-06-05,S04,P206,37.0,0,18,19,68,4
2026-06-06,S04,P206,19.0,44,13,50,68,4
2026-06-07,S04,P206,50.0,0,22,28,68,4
2026-06-08,S04,P206,28.0,0,19,9,68,4
2026-06-09,S04,P206,9.0,49,7,51,68,4
2026-06-10,S04,P206,51.0,0,10,41,68,4
2026-06-11,S04,P206,41.0,0,11,30,68,4
2026-06-12,S04,P206,30.0,54,7,77,68,4
2026-06-13,S04,P206,77.0,0,17,60,68,4
2026-06-14,S04,P206,60.0,0,11,49,68,4
2026-06-15,S04,P206,49.0,0,13,36,68,4
2026-06-16,S04,P206,36.0,0,10,26,68,4
2026-06-17,S04,P206,26.0,52,5,73,68,4
2026-06-18,S04,P206,73.0,0,15,58,68,4
2026-06-19,S04,P206,58.0,0,4,54,68,4
2026-06-20,S04,P206,54.0,0,18,36,68,4
2026-06-21,S04,P206,36.0,0,12,24,68,4
2026-06-22,S04,P206,24.0,54,21,57,68,4
2026-06-23,S04,P206,57.0,0,20,37,68,4
2026-06-24,S04,P206,37.0,0,13,24,68,4
2026-06-25,S04,P206,24.0,0,14,10,68,4
2026-06-26,S04,P206,10.0,55,9,56,68,4
2026-06-27,S04,P206,56.0,0,9,47,68,4
2026-06-28,S04,P206,47.0,0,4,43,68,4
2026-06-29,S04,P206,43.0,47,4,86,68,4
2026-06-30,S04,P206,86.0,0,14,72,68,4
2026-07-01,S04,P206,72.0,0,9,63,68,4
2026-07-02,S04,P206,63.0,0,5,58,68,4
2026-07-03,S04,P206,58.0,0,13,45,68,4
2026-07-04,S04,P206,45.0,0,10,35,68,4
2026-07-05,S04,P206,35.0,49,8,76,68,4
2026-07-06,S04,P206,76.0,0,10,66,68,4
2026-07-07,S04,P206,66.0,0,12,54,68,4
2026-07-08,S04,P206,54.0,0,22,32,68,4
2026-07-09,S04,P206,32.0,0,9,23,68,4
2026-07-10,S04,P206,23.0,46,10,59,68,4
2026-07-11,S04,P206,59.0,0,17,42,68,4
2026-07-12,S04,P206,42.0,0,13,29,68,4
2026-07-13,S04,P206,29.0,0,11,18,68,4
2026-07-14,S04,P206,18.0,53,17,54,68,4
2026-07-15,S04,P206,54.0,0,6,48,68,4
2026-07-16,S04,P206,48.0,0,19,29,68,4
2026-07-17,S04,P206,29.0,0,12,17,68,4
2026-07-18,S04,P206,17.0,58,12,63,68,4
2026-07-19,S04,P206,63.0,0,9,54,68,4
2026-07-20,S04,P206,54.0,0,12,42,68,4
2026-07-21,S04,P206,42.0,0,13,29,68,4
2026-07-22,S04,P206,29.0,49,8,70,68,4
2026-07-23,S04,P206,70.0,0,7,63,68,4
2026-07-24,S04,P206,63.0,0,12,51,68,4
2026-07-25,S04,P206,51.0,0,9,42,68,4
2026-07-26,S04,P206,42.0,0,14,28,68,4
2026-07-27,S04,P206,28.0,49,6,71,68,4
2026-07-28,S04,P206,71.0,0,9,62,68,4
2026-07-29,S04,P206,62.0,0,12,50,68,4
2026-07-30,S04,P206,50.0,0,17,33,68,4
2026-07-31,S04,P206,33.0,0,13,20,68,4
2026-08-01,S04,P206,20.0,50,17,53,68,4
2026-08-02,S04,P206,53.0,0,15,38,68,4
2026-08-03,S04,P206,38.0,0,26,12,68,4
2026-08-04,S04,P206,12.0,0,9,3,68,4
2026-08-05,S04,P206,3.0,59,6,56,68,4
2026-08-06,S04,P206,56.0,0,9,47,68,4
2026-08-07,S04,P206,47.0,0,5,42,68,4
2026-08-08,S04,P206,42.0,50,13,79,68,4
2026-08-09,S04,P206,79.0,0,14,65,68,4
2026-08-10,S04,P206,65.0,0,9,56,68,4
2026-08-11,S04,P206,56.0,0,9,47,68,4
2026-08-12,S04,P206,47.0,0,9,38,68,4
2026-08-13,S04,P206,38.0,47,7,78,68,4
2026-08-14,S04,P206,78.0,0,15,63,68,4
2026-08-15,S04,P206,63.0,0,12,51,68,4
2026-08-16,S04,P206,51.0,0,8,43,68,4
2026-08-17,S04,P206,43.0,0,8,35,68,4
2026-08-18,S04,P206,35.0,49,4,80,68,4
2026-08-19,S04,P206,80.0,0,15,65,68,4
2026-08-20,S04,P206,65.0,0,8,57,68,4
2026-08-21,S04,P206,57.0,0,13,44,68,4
2026-08-22,S04,P206,44.0,0,15,29,68,4
2026-08-23,S04,P206,29.0,47,9,67,68,4
2026-08-24,S04,P206,67.0,0,10,57,68,4
2026-08-25,S04,P206,57.0,0,9,48,68,4
2026-08-26,S04,P206,48.0,0,17,31,68,4
2026-08-27,S04,P206,31.0,45,12,64,68,4
2026-08-28,S04,P206,64.0,0,12,52,68,4
2026-08-29,S04,P206,52.0,0,6,46,68,4
2026-08-30,S04,P206,46.0,0,17,29,68,4
2026-08-31,S04,P206,29.0,48,10,67,68,4
2026-05-01,S04,P207,76.0,0,20,56,46,4
2026-05-02,S04,P207,56.0,0,7,49,46,4
2026-05-03,S04,P207,49.0,0,5,44,46,4
2026-05-04,S04,P207,44.0,0,9,35,46,4
2026-05-05,S04,P207,35.0,0,6,29,46,4
2026-05-06,S04,P207,29.0,0,14,15,46,4
2026-05-07,S04,P207,15.0,32,10,37,46,4
2026-05-08,S04,P207,37.0,0,11,26,46,4
2026-05-09,S04,P207,26.0,0,14,12,46,4
2026-05-10,S04,P207,12.0,0,12,0,46,4
2026-05-11,S04,P207,0.0,0,0,0,46,4
2026-05-12,S04,P207,0.0,39,10,29,46,4
2026-05-13,S04,P207,29.0,0,12,17,46,4
2026-05-14,S04,P207,17.0,37,8,46,46,4
2026-05-15,S04,P207,46.0,0,8,38,46,4
2026-05-16,S04,P207,38.0,0,9,29,46,4
2026-05-17,S04,P207,29.0,0,7,22,46,4
2026-05-18,S04,P207,22.0,30,4,48,46,4
2026-05-19,S04,P207,48.0,0,12,36,46,4
2026-05-20,S04,P207,36.0,0,5,31,46,4
2026-05-21,S04,P207,31.0,0,8,23,46,4
2026-05-22,S04,P207,23.0,0,7,16,46,4
2026-05-23,S04,P207,16.0,40,12,44,46,4
2026-05-24,S04,P207,44.0,0,9,35,46,4
2026-05-25,S04,P207,35.0,0,8,27,46,4
2026-05-26,S04,P207,27.0,0,10,17,46,4
2026-05-27,S04,P207,17.0,32,6,43,46,4
2026-05-28,S04,P207,43.0,0,6,37,46,4
2026-05-29,S04,P207,37.0,0,4,33,46,4
2026-05-30,S04,P207,33.0,0,3,30,46,4
2026-05-31,S04,P207,30.0,33,6,57,46,4
2026-06-01,S04,P207,57.0,0,3,54,46,4
2026-06-02,S04,P207,54.0,0,6,48,46,4
2026-06-03,S04,P207,48.0,0,14,34,46,4
2026-06-04,S04,P207,34.0,0,5,29,46,4
2026-06-05,S04,P207,29.0,0,15,14,46,4
2026-06-06,S04,P207,14.0,0,14,0,46,4
2026-06-07,S04,P207,0.0,42,16,26,46,4
2026-06-08,S04,P207,26.0,0,11,15,46,4
2026-06-09,S04,P207,15.0,0,15,0,46,4
2026-06-10,S04,P207,0.0,0,0,0,46,4
2026-06-11,S04,P207,0.0,34,4,30,46,4
2026-06-12,S04,P207,30.0,0,8,22,46,4
2026-06-13,S04,P207,22.0,42,2,62,46,4
2026-06-14,S04,P207,62.0,0,10,52,46,4
2026-06-15,S04,P207,52.0,0,7,45,46,4
2026-06-16,S04,P207,45.0,0,6,39,46,4
2026-06-17,S04,P207,39.0,0,8,31,46,4
2026-06-18,S04,P207,31.0,0,4,27,46,4
2026-06-19,S04,P207,27.0,31,18,40,46,4
2026-06-20,S04,P207,40.0,0,9,31,46,4
2026-06-21,S04,P207,31.0,0,7,24,46,4
2026-06-22,S04,P207,24.0,0,11,13,46,4
2026-06-23,S04,P207,13.0,36,7,42,46,4
2026-06-24,S04,P207,42.0,0,5,37,46,4
2026-06-25,S04,P207,37.0,0,13,24,46,4
2026-06-26,S04,P207,24.0,0,6,18,46,4
2026-06-27,S04,P207,18.0,34,7,45,46,4
2026-06-28,S04,P207,45.0,0,8,37,46,4
2026-06-29,S04,P207,37.0,0,14,23,46,4
2026-06-30,S04,P207,23.0,0,18,5,46,4
2026-07-01,S04,P207,5.0,31,7,29,46,4
2026-07-02,S04,P207,29.0,0,17,12,46,4
2026-07-03,S04,P207,12.0,0,12,0,46,4
2026-07-04,S04,P207,0.0,40,17,23,46,4
2026-07-05,S04,P207,23.0,0,15,8,46,4
2026-07-06,S04,P207,8.0,0,8,0,46,4
2026-07-07,S04,P207,0.0,36,5,31,46,4
2026-07-08,S04,P207,31.0,0,9,22,46,4
2026-07-09,S04,P207,22.0,32,3,51,46,4
2026-07-10,S04,P207,51.0,0,6,45,46,4
2026-07-11,S04,P207,45.0,0,8,37,46,4
2026-07-12,S04,P207,37.0,0,8,29,46,4
2026-07-13,S04,P207,29.0,0,7,22,46,4
2026-07-14,S04,P207,22.0,31,11,42,46,4
2026-07-15,S04,P207,42.0,0,7,35,46,4
2026-07-16,S04,P207,35.0,0,6,29,46,4
2026-07-17,S04,P207,29.0,0,11,18,46,4
2026-07-18,S04,P207,18.0,34,6,67,46,4
2026-07-19,S04,P207,46.0,0,20,26,46,4
2026-07-20,S04,P207,26.0,0,16,10,46,4
2026-07-21,S04,P207,10.0,0,10,0,46,4
2026-07-22,S04,P207,0.0,30,17,13,46,4
2026-07-23,S04,P207,13.0,0,11,2,46,4
2026-07-24,S04,P207,2.0,36,14,24,46,4
2026-07-25,S04,P207,24.0,0,8,16,46,4
2026-07-26,S04,P207,16.0,0,10,6,46,4
2026-07-27,S04,P207,6.0,38,4,40,46,4
2026-07-28,S04,P207,40.0,0,8,32,46,4
2026-07-29,S04,P207,32.0,0,6,26,46,4
2026-07-30,S04,P207,26.0,32,5,53,46,4
2026-07-31,S04,P207,53.0,0,4,49,46,4
2026-08-01,S04,P207,49.0,0,15,34,46,4
2026-08-02,S04,P207,34.0,0,8,26,46,4
2026-08-03,S04,P207,26.0,0,8,18,46,4
2026-08-04,S04,P207,18.0,0,2,16,46,4
2026-08-05,S04,P207,16.0,42,14,44,46,4
2026-08-06,S04,P207,44.0,0,5,39,46,4
2026-08-07,S04,P207,39.0,0,7,32,46,4
2026-08-08,S04,P207,32.0,0,9,23,46,4
2026-08-09,S04,P207,23.0,0,6,17,46,4
2026-08-10,S04,P207,17.0,32,10,39,46,4
2026-08-11,S04,P207,39.0,0,8,31,46,4
2026-08-12,S04,P207,31.0,0,7,24,46,4
2026-08-13,S04,P207,24.0,0,4,20,46,4
2026-08-14,S04,P207,20.0,37,8,49,46,4
2026-08-15,S04,P207,49.0,0,11,38,46,4
2026-08-16,S04,P207,38.0,0,7,31,46,4
2026-08-17,S04,P207,31.0,0,11,20,46,4
2026-08-18,S04,P207,20.0,0,5,15,46,4
2026-08-19,S04,P207,15.0,38,12,41,46,4
2026-08-20,S04,P207,41.0,0,4,37,46,4
2026-08-21,S04,P207,37.0,0,9,28,46,4
2026-08-22,S04,P207,28.0,0,9,19,46,4
2026-08-23,S04,P207,19.0,35,8,46,46,4
2026-08-24,S04,P207,46.0,0,10,36,46,4
2026-08-25,S04,P207,36.0,0,11,25,46,4
2026-08-26,S04,P207,25.0,0,9,16,46,4
2026-08-27,S04,P207,16.0,30,10,36,46,4
2026-08-28,S04,P207,36.0,0,7,29,46,4
2026-08-29,S04,P207,29.0,0,7,22,46,4
2026-08-30,S04,P207,22.0,30,4,48,46,4
2026-08-31,S04,P207,48.0,0,14,34,46,4
2026-05-01,S04,P208,33.0,0,1,32,20,4
2026-05-02,S04,P208,32.0,0,5,27,20,4
2026-05-03,S04,P208,27.0,0,5,22,20,4
2026-05-04,S04,P208,22.0,0,6,16,20,4
2026-05-05,S04,P208,16.0,0,5,11,20,4
2026-05-06,S04,P208,11.0,0,3,8,20,4
2026-05-07,S04,P208,8.0,0,5,3,20,4
2026-05-08,S04,P208,3.0,17,8,12,20,4
2026-05-09,S04,P208,12.0,0,5,7,20,4
2026-05-10,S04,P208,7.0,0,4,3,20,4
2026-05-11,S04,P208,3.0,13,5,11,20,4
2026-05-12,S04,P208,11.0,0,1,10,20,4
2026-05-13,S04,P208,10.0,13,5,18,20,4
2026-05-14,S04,P208,18.0,0,8,10,20,4
2026-05-15,S04,P208,10.0,0,1,9,20,4
2026-05-16,S04,P208,9.0,0,5,4,20,4
2026-05-17,S04,P208,4.0,15,3,16,20,4
2026-05-18,S04,P208,16.0,0,5,11,20,4
2026-05-19,S04,P208,11.0,0,5,6,20,4
2026-05-20,S04,P208,6.0,14,3,17,20,4
2026-05-21,S04,P208,17.0,0,5,12,20,4
2026-05-22,S04,P208,12.0,0,2,10,20,4
2026-05-23,S04,P208,10.0,13,5,18,20,4
2026-05-24,S04,P208,18.0,0,3,15,20,4
2026-05-25,S04,P208,15.0,0,5,10,20,4
2026-05-26,S04,P208,10.0,0,4,6,20,4
2026-05-27,S04,P208,6.0,15,3,18,20,4
2026-05-28,S04,P208,18.0,0,2,16,20,4
2026-05-29,S04,P208,16.0,0,6,10,20,4
2026-05-30,S04,P208,10.0,0,4,6,20,4
2026-05-31,S04,P208,6.0,15,4,17,20,4
2026-06-01,S04,P208,17.0,0,1,16,20,4
2026-06-02,S04,P208,16.0,0,5,11,20,4
2026-06-03,S04,P208,11.0,0,5,6,20,4
2026-06-04,S04,P208,6.0,16,7,15,20,4
2026-06-05,S04,P208,15.0,0,3,12,20,4
2026-06-06,S04,P208,12.0,0,2,10,20,4
2026-06-07,S04,P208,10.0,0,3,7,20,4
2026-06-08,S04,P208,7.0,0,2,5,20,4
2026-06-09,S04,P208,5.0,18,3,20,20,4
2026-06-10,S04,P208,20.0,0,2,18,20,4
2026-06-11,S04,P208,18.0,0,4,14,20,4
2026-06-12,S04,P208,14.0,0,1,13,20,4
2026-06-13,S04,P208,13.0,13,7,19,20,4
2026-06-14,S04,P208,19.0,0,7,12,20,4
2026-06-15,S04,P208,12.0,0,8,4,20,4
2026-06-16,S04,P208,4.0,0,2,2,20,4
2026-06-17,S04,P208,2.0,14,2,14,20,4
2026-06-18,S04,P208,14.0,0,4,10,20,4
2026-06-19,S04,P208,10.0,15,6,19,20,4
2026-06-20,S04,P208,19.0,0,4,15,20,4
2026-06-21,S04,P208,15.0,0,3,12,20,4
2026-06-22,S04,P208,12.0,0,4,8,20,4
2026-06-23,S04,P208,8.0,14,1,21,20,4
2026-06-24,S04,P208,21.0,0,2,19,20,4
2026-06-25,S04,P208,19.0,0,4,15,20,4
2026-06-26,S04,P208,15.0,0,3,12,20,4
2026-06-27,S04,P208,12.0,0,4,8,20,4
2026-06-28,S04,P208,8.0,14,8,14,20,4
2026-06-29,S04,P208,14.0,0,5,9,20,4
2026-06-30,S04,P208,9.0,0,9,0,20,4
2026-07-01,S04,P208,0.0,0,0,0,20,4
2026-07-02,S04,P208,0.0,19,3,16,20,4
2026-07-03,S04,P208,16.0,0,2,14,20,4
2026-07-04,S04,P208,14.0,14,8,20,20,4
2026-07-05,S04,P208,20.0,0,6,14,20,4
2026-07-06,S04,P208,14.0,0,6,8,20,4
2026-07-07,S04,P208,8.0,0,8,0,20,4
2026-07-08,S04,P208,0.0,13,4,9,20,4
2026-07-09,S04,P208,9.0,0,9,0,20,4
2026-07-10,S04,P208,0.0,0,0,0,20,4
2026-07-11,S04,P208,0.0,20,2,18,20,4
2026-07-12,S04,P208,18.0,0,0,18,20,4
2026-07-13,S04,P208,18.0,13,5,26,20,4
2026-07-14,S04,P208,26.0,0,1,25,20,4
2026-07-15,S04,P208,25.0,0,4,21,20,4
2026-07-16,S04,P208,21.0,0,4,17,20,4
2026-07-17,S04,P208,17.0,0,2,15,20,4
2026-07-18,S04,P208,15.0,0,0,15,20,4
2026-07-19,S04,P208,15.0,0,3,12,20,4
2026-07-20,S04,P208,12.0,16,1,27,20,4
2026-07-21,S04,P208,27.0,0,1,26,20,4
2026-07-22,S04,P208,26.0,0,1,25,20,4
2026-07-23,S04,P208,25.0,0,4,21,20,4
2026-07-24,S04,P208,21.0,0,3,18,20,4
2026-07-25,S04,P208,18.0,0,5,13,20,4
2026-07-26,S04,P208,13.0,0,5,8,20,4
2026-07-27,S04,P208,8.0,0,2,6,20,4
2026-07-28,S04,P208,6.0,15,2,19,20,4
2026-07-29,S04,P208,19.0,0,3,16,20,4
2026-07-30,S04,P208,16.0,0,2,14,20,4
2026-07-31,S04,P208,14.0,0,2,12,20,4
2026-08-01,S04,P208,12.0,14,6,20,20,4
2026-08-02,S04,P208,20.0,0,5,15,20,4
2026-08-03,S04,P208,15.0,0,3,12,20,4
2026-08-04,S04,P208,12.0,0,3,9,20,4
2026-08-05,S04,P208,9.0,13,5,17,20,4
2026-08-06,S04,P208,17.0,0,3,14,20,4
2026-08-07,S04,P208,14.0,0,9,5,20,4
2026-08-08,S04,P208,5.0,0,5,0,20,4
2026-08-09,S04,P208,0.0,16,7,9,20,4
2026-08-10,S04,P208,9.0,0,4,5,20,4
2026-08-11,S04,P208,5.0,0,4,1,20,4
2026-08-12,S04,P208,1.0,0,1,0,20,4
2026-08-13,S04,P208,0.0,17,4,13,20,4
2026-08-14,S04,P208,13.0,0,2,11,20,4
2026-08-15,S04,P208,11.0,15,6,20,20,4
2026-08-16,S04,P208,20.0,0,5,15,20,4
2026-08-17,S04,P208,15.0,0,3,12,20,4
2026-08-18,S04,P208,12.0,0,5,7,20,4
2026-08-19,S04,P208,7.0,13,2,18,20,4
2026-08-20,S04,P208,18.0,0,5,13,20,4
2026-08-21,S04,P208,13.0,0,3,10,20,4
2026-08-22,S04,P208,10.0,13,4,19,20,4
2026-08-23,S04,P208,19.0,0,7,12,20,4
2026-08-24,S04,P208,12.0,0,5,7,20,4
2026-08-25,S04,P208,7.0,0,1,6,20,4
2026-08-26,S04,P208,6.0,14,5,15,20,4
2026-08-27,S04,P208,15.0,0,3,12,20,4
2026-08-28,S04,P208,12.0,0,3,9,20,4
2026-08-29,S04,P208,9.0,13,2,20,20,4
2026-08-30,S04,P208,20.0,0,5,15,20,4
2026-08-31,S04,P208,15.0,0,5,10,20,4
2026-05-01,S04,P601,60.0,0,9,51,37,4
2026-05-02,S04,P601,51.0,0,4,47,37,4
2026-05-03,S04,P601,47.0,0,5,42,37,4
2026-05-04,S04,P601,42.0,0,4,38,37,4
2026-05-05,S04,P601,38.0,0,2,36,37,4
2026-05-06,S04,P601,36.0,0,8,28,37,4
2026-05-07,S04,P601,28.0,0,3,25,37,4
2026-05-08,S04,P601,25.0,0,7,18,37,4
2026-05-09,S04,P601,18.0,24,6,36,37,4
2026-05-10,S04,P601,36.0,0,8,28,37,4
2026-05-11,S04,P601,28.0,0,13,15,37,4
2026-05-12,S04,P601,15.0,0,2,13,37,4
2026-05-13,S04,P601,13.0,24,9,28,37,4
2026-05-14,S04,P601,28.0,0,4,24,37,4
2026-05-15,S04,P601,24.0,0,6,18,37,4
2026-05-16,S04,P601,18.0,23,11,30,37,4
2026-05-17,S04,P601,30.0,0,4,26,37,4
2026-05-18,S04,P601,26.0,0,7,19,37,4
2026-05-19,S04,P601,19.0,0,6,13,37,4
2026-05-20,S04,P601,13.0,30,17,26,37,4
2026-05-21,S04,P601,26.0,0,7,19,37,4
2026-05-22,S04,P601,19.0,0,6,13,37,4
2026-05-23,S04,P601,13.0,0,6,7,37,4
2026-05-24,S04,P601,7.0,34,11,30,37,4
2026-05-25,S04,P601,30.0,0,6,24,37,4
2026-05-26,S04,P601,24.0,0,4,20,37,4
2026-05-27,S04,P601,20.0,0,10,10,37,4
2026-05-28,S04,P601,10.0,30,6,34,37,4
2026-05-29,S04,P601,34.0,0,3,31,37,4
2026-05-30,S04,P601,31.0,0,5,26,37,4
2026-05-31,S04,P601,26.0,0,8,18,37,4
2026-06-01,S04,P601,18.0,26,4,40,37,4
2026-06-02,S04,P601,40.0,0,13,27,37,4
2026-06-03,S04,P601,27.0,0,10,17,37,4
2026-06-04,S04,P601,17.0,0,10,7,37,4
2026-06-05,S04,P601,7.0,0,5,2,37,4
2026-06-06,S04,P601,2.0,33,5,30,37,4
2026-06-07,S04,P601,30.0,0,6,24,37,4
2026-06-08,S04,P601,24.0,0,6,18,37,4
2026-06-09,S04,P601,18.0,25,8,35,37,4
2026-06-10,S04,P601,35.0,0,9,26,37,4
2026-06-11,S04,P601,26.0,0,12,14,37,4
2026-06-12,S04,P601,14.0,0,14,0,37,4
2026-06-13,S04,P601,0.0,25,17,8,37,4
2026-06-14,S04,P601,8.0,0,5,3,37,4
2026-06-15,S04,P601,3.0,0,3,0,37,4
2026-06-16,S04,P601,0.0,35,23,12,37,4
2026-06-17,S04,P601,12.0,0,11,1,37,4
2026-06-18,S04,P601,1.0,0,1,0,37,4
2026-06-19,S04,P601,0.0,0,0,0,37,4
2026-06-20,S04,P601,0.0,23,9,14,37,4
2026-06-21,S04,P601,14.0,25,11,28,37,4
2026-06-22,S04,P601,28.0,0,4,24,37,4
2026-06-23,S04,P601,24.0,0,7,17,37,4
2026-06-24,S04,P601,17.0,0,6,11,37,4
2026-06-25,S04,P601,11.0,32,9,34,37,4
2026-06-26,S04,P601,34.0,0,7,27,37,4
2026-06-27,S04,P601,27.0,0,9,18,37,4
2026-06-28,S04,P601,18.0,0,11,7,37,4
2026-06-29,S04,P601,7.0,26,5,28,37,4
2026-06-30,S04,P601,28.0,0,9,19,37,4
2026-07-01,S04,P601,19.0,0,13,6,37,4
2026-07-02,S04,P601,6.0,27,11,22,37,4
2026-07-03,S04,P601,22.0,0,16,6,37,4
2026-07-04,S04,P601,6.0,0,6,0,37,4
2026-07-05,S04,P601,0.0,27,8,19,37,4
2026-07-06,S04,P601,19.0,0,12,7,37,4
2026-07-07,S04,P601,7.0,27,6,28,37,4
2026-07-08,S04,P601,28.0,0,7,21,37,4
2026-07-09,S04,P601,21.0,0,7,14,37,4
2026-07-10,S04,P601,14.0,26,7,33,37,4
2026-07-11,S04,P601,33.0,0,8,25,37,4
2026-07-12,S04,P601,25.0,0,10,15,37,4
2026-07-13,S04,P601,15.0,0,7,8,37,4
2026-07-14,S04,P601,8.0,27,7,28,37,4
2026-07-15,S04,P601,28.0,0,3,25,37,4
2026-07-16,S04,P601,25.0,0,6,19,37,4
2026-07-17,S04,P601,19.0,25,7,37,37,4
2026-07-18,S04,P601,37.0,0,6,31,37,4
2026-07-19,S04,P601,31.0,0,8,23,37,4
2026-07-20,S04,P601,23.0,0,11,12,37,4
2026-07-21,S04,P601,12.0,23,9,26,37,4
2026-07-22,S04,P601,26.0,0,8,18,37,4
2026-07-23,S04,P601,18.0,0,9,9,37,4
2026-07-24,S04,P601,9.0,25,20,14,37,4
2026-07-25,S04,P601,14.0,0,14,0,37,4
2026-07-26,S04,P601,0.0,0,0,0,37,4
2026-07-27,S04,P601,0.0,26,9,17,37,4
2026-07-28,S04,P601,17.0,0,4,13,37,4
2026-07-29,S04,P601,13.0,34,7,40,37,4
2026-07-30,S04,P601,40.0,0,8,32,37,4
2026-07-31,S04,P601,32.0,0,3,29,37,4
2026-08-01,S04,P601,29.0,0,11,18,37,4
2026-08-02,S04,P601,18.0,0,6,12,37,4
2026-08-03,S04,P601,12.0,28,5,35,37,4
2026-08-04,S04,P601,35.0,0,5,30,37,4
2026-08-05,S04,P601,30.0,0,9,21,37,4
2026-08-06,S04,P601,21.0,0,9,12,37,4
2026-08-07,S04,P601,12.0,25,5,32,37,4
2026-08-08,S04,P601,32.0,0,8,24,37,4
2026-08-09,S04,P601,24.0,0,5,19,37,4
2026-08-10,S04,P601,19.0,23,6,36,37,4
2026-08-11,S04,P601,36.0,0,6,30,37,4
2026-08-12,S04,P601,30.0,0,4,26,37,4
2026-08-13,S04,P601,26.0,0,7,19,37,4
2026-08-14,S04,P601,19.0,24,5,38,37,4
2026-08-15,S04,P601,38.0,0,5,33,37,4
2026-08-16,S04,P601,33.0,0,4,29,37,4
2026-08-17,S04,P601,29.0,0,8,21,37,4
2026-08-18,S04,P601,21.0,0,11,10,37,4
2026-08-19,S04,P601,10.0,27,9,28,37,4
2026-08-20,S04,P601,28.0,0,11,17,37,4
2026-08-21,S04,P601,17.0,0,11,6,37,4
2026-08-22,S04,P601,6.0,23,8,21,37,4
2026-08-23,S04,P601,21.0,0,8,13,37,4
2026-08-24,S04,P601,13.0,0,7,6,37,4
2026-08-25,S04,P601,6.0,31,9,28,37,4
2026-08-26,S04,P601,28.0,0,5,23,37,4
2026-08-27,S04,P601,23.0,0,5,18,37,4
2026-08-28,S04,P601,18.0,23,5,44,37,4
2026-08-29,S04,P601,36.0,0,16,20,37,4
2026-08-30,S04,P601,20.0,0,7,13,37,4
2026-08-31,S04,P601,13.0,0,3,10,37,4
2026-05-01,S04,P603,38.0,0,5,33,23,4
2026-05-02,S04,P603,33.0,0,5,28,23,4
2026-05-03,S04,P603,28.0,0,12,16,23,4
2026-05-04,S04,P603,16.0,0,6,10,23,4
2026-05-05,S04,P603,10.0,0,8,2,23,4
2026-05-06,S04,P603,2.0,0,2,0,23,4
2026-05-07,S04,P603,0.0,0,0,0,23,4
2026-05-08,S04,P603,0.0,22,3,19,23,4
2026-05-09,S04,P603,19.0,0,7,12,23,4
2026-05-10,S04,P603,12.0,16,8,20,23,4
2026-05-11,S04,P603,20.0,0,3,17,23,4
2026-05-12,S04,P603,17.0,0,6,11,23,4
2026-05-13,S04,P603,11.0,0,7,4,23,4
2026-05-14,S04,P603,4.0,18,6,16,23,4
2026-05-15,S04,P603,16.0,0,7,9,23,4
2026-05-16,S04,P603,9.0,0,5,4,23,4
2026-05-17,S04,P603,4.0,16,2,18,23,4
2026-05-18,S04,P603,18.0,0,4,14,23,4
2026-05-19,S04,P603,14.0,0,3,11,23,4
2026-05-20,S04,P603,11.0,18,4,25,23,4
2026-05-21,S04,P603,25.0,0,2,23,23,4
2026-05-22,S04,P603,23.0,0,7,16,23,4
2026-05-23,S04,P603,16.0,0,4,12,23,4
2026-05-24,S04,P603,12.0,0,5,7,23,4
2026-05-25,S04,P603,7.0,15,2,20,23,4
2026-05-26,S04,P603,20.0,0,4,16,23,4
2026-05-27,S04,P603,16.0,0,4,12,23,4
2026-05-28,S04,P603,12.0,16,11,17,23,4
2026-05-29,S04,P603,17.0,0,7,10,23,4
2026-05-30,S04,P603,10.0,0,5,5,23,4
2026-05-31,S04,P603,5.0,0,5,0,23,4
2026-06-01,S04,P603,0.0,21,6,15,23,4
2026-06-02,S04,P603,15.0,0,4,11,23,4
2026-06-03,S04,P603,11.0,0,1,10,23,4
2026-06-04,S04,P603,10.0,17,2,25,23,4
2026-06-05,S04,P603,25.0,0,7,18,23,4
2026-06-06,S04,P603,18.0,0,4,14,23,4
2026-06-07,S04,P603,14.0,0,6,8,23,4
2026-06-08,S04,P603,8.0,0,4,4,23,4
2026-06-09,S04,P603,4.0,20,2,22,23,4
2026-06-10,S04,P603,22.0,0,2,20,23,4
2026-06-11,S04,P603,20.0,0,5,15,23,4
2026-06-12,S04,P603,15.0,0,4,11,23,4
2026-06-13,S04,P603,11.0,16,2,25,23,4
2026-06-14,S04,P603,25.0,0,3,22,23,4
2026-06-15,S04,P603,22.0,0,11,11,23,4
2026-06-16,S04,P603,11.0,0,3,8,23,4
2026-06-17,S04,P603,8.0,0,7,1,23,4
2026-06-18,S04,P603,1.0,16,4,13,23,4
2026-06-19,S04,P603,13.0,0,3,10,23,4
2026-06-20,S04,P603,10.0,0,2,8,23,4
2026-06-21,S04,P603,8.0,21,3,26,23,4
2026-06-22,S04,P603,26.0,0,9,17,23,4
2026-06-23,S04,P603,17.0,0,5,12,23,4
2026-06-24,S04,P603,12.0,0,4,8,23,4
2026-06-25,S04,P603,8.0,0,5,3,23,4
2026-06-26,S04,P603,3.0,21,2,22,23,4
2026-06-27,S04,P603,22.0,0,7,15,23,4
2026-06-28,S04,P603,15.0,0,3,12,23,4
2026-06-29,S04,P603,12.0,0,1,11,23,4
2026-06-30,S04,P603,11.0,16,8,19,23,4
2026-07-01,S04,P603,19.0,0,6,13,23,4
2026-07-02,S04,P603,13.0,0,0,13,23,4
2026-07-03,S04,P603,13.0,0,6,7,23,4
2026-07-04,S04,P603,7.0,19,8,18,23,4
2026-07-05,S04,P603,18.0,0,10,8,23,4
2026-07-06,S04,P603,8.0,0,4,4,23,4
2026-07-07,S04,P603,4.0,0,4,0,23,4
2026-07-08,S04,P603,0.0,20,7,13,23,4
2026-07-09,S04,P603,13.0,0,5,8,23,4
2026-07-10,S04,P603,8.0,0,7,1,23,4
2026-07-11,S04,P603,1.0,18,5,14,23,4
2026-07-12,S04,P603,14.0,0,1,13,23,4
2026-07-13,S04,P603,13.0,0,5,8,23,4
2026-07-14,S04,P603,8.0,19,1,26,23,4
2026-07-15,S04,P603,26.0,0,3,23,23,4
2026-07-16,S04,P603,23.0,0,5,18,23,4
2026-07-17,S04,P603,18.0,0,3,15,23,4
2026-07-18,S04,P603,15.0,0,5,10,23,4
2026-07-19,S04,P603,10.0,15,0,25,23,4
2026-07-20,S04,P603,25.0,0,3,22,23,4
2026-07-21,S04,P603,22.0,0,8,14,23,4
2026-07-22,S04,P603,14.0,0,2,12,23,4
2026-07-23,S04,P603,12.0,0,2,10,23,4
2026-07-24,S04,P603,10.0,16,2,24,23,4
2026-07-25,S04,P603,24.0,0,1,23,23,4
2026-07-26,S04,P603,23.0,0,2,21,23,4
2026-07-27,S04,P603,21.0,0,0,21,23,4
2026-07-28,S04,P603,21.0,0,2,19,23,4
2026-07-29,S04,P603,19.0,15,4,30,23,4
2026-07-30,S04,P603,30.0,0,4,26,23,4
2026-07-31,S04,P603,26.0,0,2,24,23,4
2026-08-01,S04,P603,24.0,0,2,22,23,4
2026-08-02,S04,P603,22.0,0,3,2,23,4
2026-08-03,S04,P603,19.0,0,3,16,23,4
2026-08-04,S04,P603,16.0,0,2,14,23,4
2026-08-05,S04,P603,14.0,16,13,17,23,4
2026-08-06,S04,P603,17.0,0,7,10,23,4
2026-08-07,S04,P603,10.0,0,2,8,23,4
2026-08-08,S04,P603,8.0,0,4,4,23,4
2026-08-09,S04,P603,4.0,21,8,17,23,4
2026-08-10,S04,P603,17.0,0,2,15,23,4
2026-08-11,S04,P603,15.0,0,5,10,23,4
2026-08-12,S04,P603,10.0,0,4,6,23,4
2026-08-13,S04,P603,6.0,21,1,26,23,4
2026-08-14,S04,P603,26.0,0,6,20,23,4
2026-08-15,S04,P603,20.0,0,4,16,23,4
2026-08-16,S04,P603,16.0,0,4,12,23,4
2026-08-17,S04,P603,12.0,0,5,7,23,4
2026-08-18,S04,P603,7.0,18,6,19,23,4
2026-08-19,S04,P603,19.0,0,3,16,23,4
2026-08-20,S04,P603,16.0,0,6,10,23,4
2026-08-22,S04,P603,6.0,19,2,23,23,4
2026-08-23,S04,P603,23.0,0,5,18,23,4
2026-08-24,S04,P603,18.0,0,9,9,23,4
2026-08-25,S04,P603,9.0,0,1,8,23,4
2026-08-26,S04,P603,8.0,15,1,22,23,4
2026-08-27,S04,P603,22.0,0,8,14,23,4
2026-08-28,S04,P603,14.0,0,8,6,23,4
2026-08-29,S04,P603,6.0,0,6,0,23,4
2026-08-30,S04,P603,0.0,0,0,0,23,4
2026-08-31,S04,P603,0.0,15,6,9,23,4
2026-05-01,S04,P604,39.0,0,5,34,24,4
2026-05-02,S04,P604,34.0,0,6,28,24,4
2026-05-03,S04,P604,28.0,0,5,23,24,4
2026-05-04,S04,P604,23.0,0,9,14,24,4
2026-05-05,S04,P604,14.0,0,3,11,24,4
2026-05-06,S04,P604,11.0,0,7,4,24,4
2026-05-07,S04,P604,4.0,16,3,17,24,4
2026-05-08,S04,P604,17.0,0,6,11,24,4
2026-05-09,S04,P604,11.0,0,8,3,24,4
2026-05-10,S04,P604,3.0,19,8,14,24,4
2026-05-11,S04,P604,14.0,0,5,9,24,4
2026-05-12,S04,P604,9.0,0,2,7,24,4
2026-05-13,S04,P604,7.0,17,7,17,24,4
2026-05-14,S04,P604,17.0,0,4,13,24,4
2026-05-15,S04,P604,13.0,0,9,4,24,4
2026-05-16,S04,P604,4.0,15,5,14,24,4
2026-05-17,S04,P604,14.0,0,3,11,24,4
2026-05-18,S04,P604,11.0,0,8,3,24,4
2026-05-19,S04,P604,3.0,20,4,19,24,4
2026-05-20,S04,P604,19.0,0,5,14,24,4
2026-05-21,S04,P604,14.0,0,7,7,24,4
2026-05-22,S04,P604,7.0,0,5,2,24,4
2026-05-23,S04,P604,2.0,0,2,0,24,4
2026-05-24,S04,P604,0.0,16,2,14,24,4
2026-05-25,S04,P604,14.0,16,5,25,24,4
2026-05-26,S04,P604,25.0,0,4,21,24,4
2026-05-27,S04,P604,21.0,0,9,12,24,4
2026-05-28,S04,P604,12.0,0,6,6,24,4
2026-05-29,S04,P604,6.0,0,6,0,24,4
2026-05-30,S04,P604,0.0,0,0,0,24,4
2026-05-31,S04,P604,0.0,18,10,8,24,4
2026-06-01,S04,P604,8.0,0,3,-4,24,4
2026-06-02,S04,P604,5.0,0,4,1,24,4
2026-06-03,S04,P604,1.0,15,3,13,24,4
2026-06-04,S04,P604,13.0,16,2,27,24,4
2026-06-05,S04,P604,27.0,0,5,22,24,4
2026-06-06,S04,P604,22.0,0,4,18,24,4
2026-06-07,S04,P604,18.0,0,7,11,24,4
2026-06-08,S04,P604,11.0,0,5,6,24,4
2026-06-09,S04,P604,6.0,0,6,0,24,4
2026-06-10,S04,P604,0.0,0,0,0,24,4
2026-06-11,S04,P604,0.0,17,2,15,24,4
2026-06-12,S04,P604,15.0,16,4,27,24,4
2026-06-13,S04,P604,27.0,0,7,20,24,4
2026-06-14,S04,P604,20.0,0,5,15,24,4
2026-06-15,S04,P604,15.0,0,2,13,24,4
2026-06-16,S04,P604,13.0,0,2,11,24,4
2026-06-17,S04,P604,11.0,19,5,25,24,4
2026-06-18,S04,P604,25.0,0,4,21,24,4
2026-06-19,S04,P604,21.0,0,8,13,24,4
2026-06-20,S04,P604,13.0,0,3,10,24,4
2026-06-21,S04,P604,10.0,0,4,6,24,4
2026-06-22,S04,P604,6.0,18,7,17,24,4
2026-06-23,S04,P604,17.0,0,7,10,24,4
2026-06-24,S04,P604,10.0,0,3,7,24,4
2026-06-25,S04,P604,7.0,15,6,16,24,4
2026-06-26,S04,P604,16.0,0,9,7,24,4
2026-06-27,S04,P604,7.0,0,2,5,24,4
2026-06-28,S04,P604,5.0,17,2,20,24,4
2026-06-29,S04,P604,20.0,0,3,17,24,4
2026-06-30,S04,P604,17.0,15,3,29,24,4
2026-07-01,S04,P604,29.0,0,10,19,24,4
2026-07-02,S04,P604,19.0,0,2,17,24,4
2026-07-03,S04,P604,17.0,0,9,8,24,4
2026-07-04,S04,P604,8.0,0,8,0,24,4
2026-07-05,S04,P604,0.0,20,16,4,24,4
2026-07-06,S04,P604,4.0,0,4,0,24,4
2026-07-07,S04,P604,0.0,0,0,0,24,4
2026-07-08,S04,P604,0.0,19,5,14,24,4
2026-07-09,S04,P604,14.0,16,3,27,24,4
2026-07-10,S04,P604,27.0,0,2,25,24,4
2026-07-11,S04,P604,25.0,0,6,19,24,4
2026-07-12,S04,P604,19.0,0,2,17,24,4
2026-07-13,S04,P604,17.0,0,5,12,24,4
2026-07-14,S04,P604,12.0,0,3,9,24,4
2026-07-15,S04,P604,9.0,20,3,26,24,4
2026-07-16,S04,P604,26.0,0,7,19,24,4
2026-07-17,S04,P604,19.0,0,7,12,24,4
2026-07-18,S04,P604,12.0,0,2,10,24,4
2026-07-19,S04,P604,10.0,0,4,6,24,4
2026-07-20,S04,P604,6.0,20,7,19,24,4
2026-07-21,S04,P604,19.0,0,13,6,24,4
2026-07-22,S04,P604,6.0,0,5,1,24,4
2026-07-23,S04,P604,1.0,0,1,0,24,4
2026-07-24,S04,P604,0.0,20,2,18,24,4
2026-07-25,S04,P604,18.0,0,5,13,24,4
2026-07-26,S04,P604,13.0,18,8,23,24,4
2026-07-27,S04,P604,23.0,0,6,17,24,4
2026-07-28,S04,P604,17.0,0,3,14,24,4
2026-07-29,S04,P604,14.0,0,2,12,24,4
2026-07-30,S04,P604,12.0,0,6,6,24,4
2026-07-31,S04,P604,6.0,16,5,17,24,4
2026-08-01,S04,P604,17.0,0,9,8,24,4
2026-08-02,S04,P604,8.0,0,8,0,24,4
2026-08-03,S04,P604,0.0,17,4,13,24,4
2026-08-04,S04,P604,13.0,0,2,11,24,4
2026-08-05,S04,P604,11.0,0,8,3,24,4
2026-08-06,S04,P604,3.0,22,5,20,24,4
2026-08-07,S04,P604,20.0,0,5,15,24,4
2026-08-08,S04,P604,15.0,0,5,10,24,4
2026-08-09,S04,P604,10.0,0,3,7,24,4
2026-08-10,S04,P604,7.0,19,5,21,24,4
2026-08-11,S04,P604,21.0,0,5,16,24,4
2026-08-12,S04,P604,16.0,0,1,15,24,4
2026-08-13,S04,P604,15.0,0,6,9,24,4
2026-08-14,S04,P604,9.0,0,3,6,24,4
2026-08-15,S04,P604,6.0,18,6,18,24,4
2026-08-16,S04,P604,18.0,0,1,17,24,4
2026-08-17,S04,P604,17.0,0,0,17,24,4
2026-08-18,S04,P604,17.0,15,8,24,24,4
2026-08-19,S04,P604,24.0,0,1,23,24,4
2026-08-20,S04,P604,23.0,0,2,21,24,4
2026-08-21,S04,P604,21.0,0,2,19,24,4
2026-08-22,S04,P604,19.0,15,5,29,24,4
2026-08-23,S04,P604,29.0,0,3,26,24,4
2026-08-24,S04,P604,26.0,0,10,16,24,4
2026-08-25,S04,P604,16.0,0,7,9,24,4
2026-08-26,S04,P604,9.0,0,9,0,24,4
2026-08-27,S04,P604,0.0,0,0,0,24,4
2026-08-28,S04,P604,0.0,23,3,20,24,4
2026-08-29,S04,P604,20.0,0,4,16,24,4
2026-08-30,S04,P604,16.0,16,4,28,24,4
2026-08-31,S04,P604,28.0,0,2,26,24,4
2026-05-01,S04,P701,59.0,0,7,52,30,2
2026-05-02,S04,P701,52.0,0,19,33,30,2
2026-05-03,S04,P701,33.0,0,16,17,30,2
2026-05-04,S04,P701,17.0,0,12,5,30,2
2026-05-05,S04,P701,5.0,42,2,45,30,2
2026-05-06,S04,P701,45.0,0,7,38,30,2
2026-05-07,S04,P701,38.0,0,10,28,30,2
2026-05-08,S04,P701,28.0,0,5,23,30,2
2026-05-09,S04,P701,23.0,31,16,38,30,2
2026-05-10,S04,P701,38.0,0,18,20,30,2
2026-05-11,S04,P701,20.0,0,5,15,30,2
2026-05-12,S04,P701,15.0,39,1,53,30,2
2026-05-13,S04,P701,53.0,0,10,43,30,2
2026-05-14,S04,P701,43.0,0,12,31,30,2
2026-05-15,S04,P701,31.0,0,2,29,30,2
2026-05-16,S04,P701,29.0,0,18,11,30,2
2026-05-17,S04,P701,11.0,30,14,27,30,2
2026-05-18,S04,P701,27.0,0,4,23,30,2
2026-05-19,S04,P701,23.0,32,24,31,30,2
2026-05-20,S04,P701,31.0,0,16,15,30,2
2026-05-21,S04,P701,15.0,0,15,0,30,2
2026-05-22,S04,P701,0.0,44,16,28,30,2
2026-05-23,S04,P701,28.0,0,13,15,30,2
2026-05-24,S04,P701,15.0,31,8,38,30,2
2026-05-25,S04,P701,38.0,0,10,28,30,2
2026-05-26,S04,P701,28.0,0,6,22,30,2
2026-05-27,S04,P701,22.0,31,15,38,30,2
2026-05-28,S04,P701,38.0,0,9,29,30,2
2026-05-29,S04,P701,29.0,0,8,21,30,2
2026-05-30,S04,P701,21.0,30,18,33,30,2
2026-05-31,S04,P701,33.0,0,6,27,30,2
2026-06-01,S04,P701,27.0,0,15,12,30,2
2026-06-02,S04,P701,12.0,32,4,40,30,2
2026-06-03,S04,P701,40.0,0,6,34,30,2
2026-06-04,S04,P701,34.0,0,17,17,30,2
2026-06-05,S04,P701,17.0,0,10,7,30,2
2026-06-06,S04,P701,7.0,42,6,43,30,2
2026-06-07,S04,P701,43.0,0,14,29,30,2
2026-06-08,S04,P701,29.0,0,9,20,30,2
2026-06-09,S04,P701,20.0,30,8,42,30,2
2026-06-10,S04,P701,42.0,0,4,38,30,2
2026-06-11,S04,P701,38.0,0,3,35,30,2
2026-06-12,S04,P701,35.0,0,6,29,30,2
2026-06-13,S04,P701,29.0,0,7,22,30,2
2026-06-14,S04,P701,22.0,30,9,43,30,2
2026-06-15,S04,P701,43.0,0,6,37,30,2
2026-06-16,S04,P701,,0,4,33,30,2
2026-06-17,S04,P701,33.0,0,12,21,30,2
2026-06-18,S04,P701,21.0,0,5,16,30,2
2026-06-19,S04,P701,16.0,38,11,43,30,2
2026-06-20,S04,P701,43.0,0,11,32,30,2
2026-06-21,S04,P701,32.0,0,11,21,30,2
2026-06-22,S04,P701,21.0,0,13,8,30,2
2026-06-23,S04,P701,8.0,0,8,0,30,2
2026-06-24,S04,P701,0.0,38,10,28,30,2
2026-06-25,S04,P701,28.0,0,6,22,30,2
2026-06-26,S04,P701,22.0,0,13,9,30,2
2026-06-27,S04,P701,9.0,0,9,0,30,2
2026-06-28,S04,P701,0.0,31,6,25,30,2
2026-06-29,S04,P701,25.0,0,12,13,30,2
2026-06-30,S04,P701,13.0,34,14,33,30,2
2026-07-01,S04,P701,33.0,0,4,29,30,2
2026-07-02,S04,P701,29.0,0,8,21,30,2
2026-07-03,S04,P701,21.0,30,9,42,30,2
2026-07-04,S04,P701,42.0,0,14,28,30,2
2026-07-05,S04,P701,28.0,0,13,15,30,2
2026-07-06,S04,P701,15.0,31,4,42,30,2
2026-07-07,S04,P701,42.0,0,9,33,30,2
2026-07-08,S04,P701,33.0,0,9,24,30,2
2026-07-09,S04,P701,24.0,0,12,12,30,2
2026-07-10,S04,P701,12.0,35,6,41,30,2
2026-07-11,S04,P701,41.0,0,10,31,30,2
2026-07-12,S04,P701,31.0,0,12,19,30,2
2026-07-13,S04,P701,19.0,0,5,14,30,2
2026-07-14,S04,P701,14.0,40,10,44,30,2
2026-07-15,S04,P701,44.0,0,11,33,30,2
2026-07-16,S04,P701,33.0,0,11,22,30,2
2026-07-17,S04,P701,22.0,0,14,8,30,2
2026-07-18,S04,P701,8.0,0,8,0,30,2
2026-07-19,S04,P701,0.0,37,8,29,30,2
2026-07-20,S04,P701,29.0,0,6,23,30,2
2026-07-21,S04,P701,23.0,30,6,47,30,2
2026-07-22,S04,P701,47.0,0,12,35,30,2
2026-07-23,S04,P701,35.0,0,13,22,30,2
2026-07-24,S04,P701,22.0,0,7,15,30,2
2026-07-25,S04,P701,15.0,0,9,6,30,2
2026-07-26,S04,P701,6.0,37,14,29,30,2
2026-07-27,S04,P701,29.0,0,6,23,30,2
2026-07-28,S04,P701,23.0,0,2,21,30,2
2026-07-29,S04,P701,21.0,30,7,44,30,2
2026-07-30,S04,P701,44.0,0,3,41,30,2
2026-07-31,S04,P701,41.0,0,8,33,30,2
2026-08-01,S04,P701,33.0,0,5,28,30,2
2026-08-02,S04,P701,28.0,0,14,14,30,2
2026-08-03,S04,P701,14.0,31,5,40,30,2
2026-08-04,S04,P701,40.0,0,13,27,30,2
2026-08-05,S04,P701,27.0,0,5,22,30,2
2026-08-06,S04,P701,22.0,32,8,46,30,2
2026-08-07,S04,P701,46.0,0,6,40,30,2
2026-08-08,S04,P701,40.0,0,15,25,30,2
2026-08-09,S04,P701,25.0,0,12,13,30,2
2026-08-10,S04,P701,13.0,34,12,35,30,2
2026-08-11,S04,P701,35.0,0,6,29,30,2
2026-08-12,S04,P701,29.0,0,20,9,30,2
2026-08-13,S04,P701,9.0,30,6,16,30,2
2026-08-14,S04,P701,33.0,0,11,22,30,2
2026-08-15,S04,P701,22.0,0,10,12,30,2
2026-08-16,S04,P701,12.0,37,7,42,30,2
2026-08-17,S04,P701,42.0,0,7,35,30,2
2026-08-18,S04,P701,35.0,0,4,31,30,2
2026-08-19,S04,P701,31.0,0,3,28,30,2
2026-08-20,S04,P701,28.0,0,13,15,30,2
2026-08-21,S04,P701,15.0,31,6,40,30,2
2026-08-22,S04,P701,40.0,0,9,31,30,2
2026-08-23,S04,P701,31.0,0,16,15,30,2
2026-08-24,S04,P701,15.0,0,13,2,30,2
2026-08-25,S04,P701,2.0,44,12,34,30,2
2026-08-26,S04,P701,34.0,0,6,28,30,2
2026-08-27,S04,P701,28.0,0,2,26,30,2
2026-08-28,S04,P701,26.0,31,6,51,30,2
2026-08-29,S04,P701,51.0,0,10,41,30,2
2026-08-30,S04,P701,41.0,0,12,29,30,2
2026-08-31,S04,P701,29.0,0,17,12,30,2
2026-05-01,S04,P702,27.0,0,7,20,13,2
2026-05-02,S04,P702,20.0,0,9,11,13,2
2026-05-03,S04,P702,11.0,0,11,0,13,2
2026-05-04,S04,P702,0.0,0,0,0,13,2
2026-05-05,S04,P702,0.0,16,6,10,13,2
2026-05-06,S04,P702,10.0,0,2,8,13,2
2026-05-07,S04,P702,8.0,17,1,24,13,2
2026-05-08,S04,P702,24.0,0,3,21,13,2
2026-05-09,S04,P702,21.0,0,5,16,13,2
2026-05-10,S04,P702,16.0,0,9,7,13,2
2026-05-11,S04,P702,7.0,0,4,3,13,2
2026-05-12,S04,P702,3.0,20,0,23,13,2
2026-05-13,S04,P702,23.0,0,6,17,13,2
2026-05-14,S04,P702,17.0,0,3,14,13,2
2026-05-15,S04,P702,14.0,0,2,12,13,2
2026-05-16,S04,P702,12.0,0,7,5,13,2
2026-05-17,S04,P702,5.0,15,3,17,13,2
2026-05-18,S04,P702,17.0,0,10,7,13,2
2026-05-19,S04,P702,7.0,0,2,5,13,2
2026-05-20,S04,P702,5.0,20,5,20,13,2
2026-05-21,S04,P702,20.0,0,6,14,13,2
2026-05-22,S04,P702,14.0,0,14,0,13,2
2026-05-23,S04,P702,0.0,0,0,0,13,2
2026-05-24,S04,P702,0.0,27,6,21,13,2
2026-05-25,S04,P702,21.0,0,6,15,13,2
2026-05-26,S04,P702,15.0,0,5,10,13,2
2026-05-27,S04,P702,10.0,0,1,9,13,2
2026-05-28,S04,P702,9.0,17,9,17,13,2
2026-05-29,S04,P702,17.0,0,1,16,13,2
2026-05-30,S04,P702,16.0,0,8,8,13,2
2026-05-31,S04,P702,8.0,0,8,0,13,2
2026-06-01,S04,P702,0.0,19,5,14,13,2
2026-06-02,S04,P702,14.0,0,3,11,13,2
2026-06-03,S04,P702,11.0,0,6,5,13,2
2026-06-04,S04,P702,5.0,16,3,18,13,2
2026-06-05,S04,P702,18.0,0,8,10,13,2
2026-06-06,S04,P702,10.0,0,6,4,13,2
2026-06-07,S04,P702,4.0,17,9,12,13,2
2026-06-08,S04,P702,12.0,0,6,6,13,2
2026-06-09,S04,P702,6.0,15,5,16,13,2
2026-06-10,S04,P702,16.0,0,3,13,13,2
2026-06-11,S04,P702,13.0,0,7,6,13,2
2026-06-12,S04,P702,6.0,14,2,52,13,2
2026-06-13,S04,P702,18.0,0,4,14,13,2
2026-06-14,S04,P702,14.0,0,10,4,13,2
2026-06-15,S04,P702,4.0,0,4,0,13,2
2026-06-16,S04,P702,0.0,23,2,21,13,2
2026-06-17,S04,P702,21.0,0,9,12,13,2
2026-06-18,S04,P702,12.0,0,6,6,13,2
2026-06-19,S04,P702,6.0,15,5,16,13,2
2026-06-20,S04,P702,16.0,0,3,13,13,2
2026-06-21,S04,P702,13.0,0,5,8,13,2
2026-06-22,S04,P702,8.0,0,4,4,13,2
2026-06-23,S04,P702,4.0,0,4,0,13,2
2026-06-24,S04,P702,0.0,14,6,8,13,2
2026-06-25,S04,P702,8.0,0,8,0,13,2
2026-06-26,S04,P702,0.0,0,0,0,13,2
2026-06-27,S04,P702,0.0,19,5,14,13,2
2026-06-28,S04,P702,14.0,0,6,8,13,2
2026-06-29,S04,P702,8.0,0,3,5,13,2
2026-06-30,S04,P702,5.0,19,5,19,13,2
2026-07-01,S04,P702,19.0,0,3,16,13,2
2026-07-02,S04,P702,16.0,0,4,12,13,2
2026-07-03,S04,P702,12.0,0,1,11,13,2
2026-07-04,S04,P702,11.0,15,9,17,13,2
2026-07-05,S04,P702,17.0,0,5,12,13,2
2026-07-06,S04,P702,12.0,0,8,4,13,2
2026-07-07,S04,P702,4.0,15,6,13,13,2
2026-07-08,S04,P702,13.0,0,3,10,13,2
2026-07-09,S04,P702,10.0,14,8,16,13,2
2026-07-10,S04,P702,16.0,0,1,15,13,2
2026-07-11,S04,P702,15.0,0,4,11,13,2
2026-07-12,S04,P702,11.0,0,3,8,13,2
2026-07-13,S04,P702,8.0,16,2,22,13,2
2026-07-14,S04,P702,22.0,0,3,19,13,2
2026-07-15,S04,P702,19.0,0,5,14,13,2
2026-07-16,S04,P702,14.0,0,6,8,13,2
2026-07-17,S04,P702,8.0,0,4,4,13,2
2026-07-18,S04,P702,4.0,19,4,19,13,2
2026-07-19,S04,P702,19.0,0,7,12,13,2
2026-07-20,S04,P702,12.0,0,3,9,13,2
2026-07-21,S04,P702,9.0,15,3,21,13,2
2026-07-23,S04,P702,18.0,0,3,15,13,2
2026-07-24,S04,P702,15.0,0,5,10,13,2
2026-07-25,S04,P702,10.0,0,1,9,13,2
2026-07-26,S04,P702,9.0,17,5,21,13,2
2026-07-27,S04,P702,21.0,0,1,20,13,2
2026-07-28,S04,P702,20.0,0,3,17,13,2
2026-07-29,S04,P702,17.0,0,6,11,13,2
2026-07-30,S04,P702,11.0,0,5,6,13,2
2026-07-31,S04,P702,6.0,16,12,10,13,2
2026-08-01,S04,P702,10.0,0,4,6,13,2
2026-08-02,S04,P702,6.0,17,15,8,13,2
2026-08-03,S04,P702,8.0,0,8,0,13,2
2026-08-04,S04,P702,0.0,19,6,13,13,2
2026-08-05,S04,P702,13.0,0,2,11,13,2
2026-08-06,S04,P702,11.0,14,4,21,13,2
2026-08-07,S04,P702,21.0,0,5,16,13,2
2026-08-08,S04,P702,16.0,0,4,12,13,2
2026-08-09,S04,P702,12.0,0,4,8,13,2
2026-08-10,S04,P702,8.0,15,4,19,13,2
2026-08-11,S04,P702,19.0,0,6,13,13,2
2026-08-12,S04,P702,13.0,0,3,10,13,2
2026-08-13,S04,P702,10.0,14,8,16,13,2
2026-08-14,S04,P702,16.0,0,5,11,13,2
2026-08-15,S04,P702,11.0,0,4,7,13,2
2026-08-16,S04,P702,7.0,16,7,16,13,2
2026-08-17,S04,P702,16.0,0,2,14,13,2
2026-08-18,S04,P702,14.0,0,3,11,13,2
2026-08-19,S04,P702,11.0,0,6,5,13,2
2026-08-20,S04,P702,5.0,16,4,17,13,2
2026-08-21,S04,P702,17.0,0,6,11,13,2
2026-08-22,S04,P702,11.0,0,2,9,13,2
2026-08-23,S04,P702,9.0,0,5,4,13,2
2026-08-24,S04,P702,4.0,0,2,2,13,2
2026-08-25,S04,P702,2.0,16,4,14,13,2
2026-08-26,S04,P702,14.0,0,4,10,13,2
2026-08-27,S04,P702,10.0,0,3,7,13,2
2026-08-28,S04,P702,7.0,0,4,3,13,2
2026-08-29,S04,P702,3.0,0,3,0,13,2
2026-08-30,S04,P702,0.0,17,5,12,13,2
2026-08-31,S04,P702,12.0,0,4,8,13,2
2026-05-01,S04,P703,23.0,0,2,21,12,2
2026-05-02,S04,P703,21.0,0,6,15,12,2
2026-05-03,S04,P703,15.0,0,2,13,12,2
2026-05-04,S04,P703,13.0,0,6,7,12,2
2026-05-05,S04,P703,7.0,0,7,0,12,2
2026-05-06,S04,P703,0.0,16,0,16,12,2
2026-05-07,S04,P703,16.0,0,2,14,12,2
2026-05-08,S04,P703,14.0,0,1,13,12,2
2026-05-09,S04,P703,13.0,0,6,7,12,2
2026-05-10,S04,P703,7.0,0,7,0,12,2
2026-05-11,S04,P703,0.0,16,4,12,12,2
2026-05-12,S04,P703,12.0,0,10,2,12,2
2026-05-13,S04,P703,2.0,11,1,12,12,2
2026-05-14,S04,P703,12.0,0,12,0,12,2
2026-05-15,S04,P703,0.0,11,3,8,12,2
2026-05-16,S04,P703,8.0,12,6,14,12,2
2026-05-17,S04,P703,14.0,0,3,11,12,2
2026-05-18,S04,P703,11.0,0,1,10,12,2
2026-05-19,S04,P703,10.0,12,3,19,12,2
2026-05-20,S04,P703,19.0,0,6,13,12,2
2026-05-21,S04,P703,13.0,0,5,8,12,2
2026-05-22,S04,P703,8.0,0,6,2,12,2
2026-05-23,S04,P703,2.0,15,4,13,12,2
2026-05-24,S04,P703,13.0,0,3,10,12,2
2026-05-25,S04,P703,10.0,0,4,6,12,2
2026-05-26,S04,P703,6.0,13,3,16,12,2
2026-05-27,S04,P703,16.0,0,5,11,12,2
2026-05-28,S04,P703,11.0,0,3,8,12,2
2026-05-29,S04,P703,8.0,12,2,18,12,2
2026-05-30,S04,P703,18.0,0,6,12,12,2
2026-05-31,S04,P703,12.0,0,4,8,12,2
2026-06-01,S04,P703,8.0,11,3,16,12,2
2026-06-02,S04,P703,16.0,0,5,11,12,2
2026-06-03,S04,P703,11.0,0,3,8,12,2
2026-06-04,S04,P703,8.0,12,9,11,12,2
2026-06-05,S04,P703,11.0,0,5,6,12,2
2026-06-06,S04,P703,6.0,0,1,5,12,2
2026-06-07,S04,P703,5.0,0,5,0,12,2
2026-06-08,S04,P703,0.0,12,2,10,12,2
2026-06-09,S04,P703,10.0,11,8,13,12,2
2026-06-10,S04,P703,13.0,0,1,12,12,2
2026-06-11,S04,P703,12.0,0,3,9,12,2
2026-06-12,S04,P703,9.0,11,3,17,12,2
2026-06-13,S04,P703,17.0,0,4,13,12,2
2026-06-14,S04,P703,13.0,0,4,9,12,2
2026-06-15,S04,P703,9.0,0,0,9,12,2
2026-06-16,S04,P703,9.0,14,2,21,12,2
2026-06-17,S04,P703,21.0,0,6,15,12,2
2026-06-18,S04,P703,15.0,0,2,13,12,2
2026-06-19,S04,P703,13.0,0,6,7,12,2
2026-06-20,S04,P703,7.0,0,6,1,12,2
2026-06-21,S04,P703,1.0,16,7,10,12,2
2026-06-22,S04,P703,10.0,0,3,7,12,2
2026-06-23,S04,P703,7.0,13,4,16,12,2
2026-06-24,S04,P703,16.0,0,2,14,12,2
2026-06-25,S04,P703,14.0,0,6,8,12,2
2026-06-26,S04,P703,8.0,0,5,3,12,2
2026-06-27,S04,P703,3.0,15,7,11,12,2
2026-06-28,S04,P703,11.0,0,3,8,12,2
2026-06-29,S04,P703,8.0,12,1,19,12,2
2026-06-30,S04,P703,19.0,0,0,19,12,2
2026-07-01,S04,P703,19.0,0,3,16,12,2
2026-07-02,S04,P703,16.0,0,3,13,12,2
2026-07-03,S04,P703,13.0,0,2,11,12,2
2026-07-04,S04,P703,11.0,0,8,3,12,2
2026-07-05,S04,P703,3.0,12,4,11,12,2
2026-07-06,S04,P703,11.0,0,3,8,12,2
2026-07-07,S04,P703,8.0,0,2,6,12,2
2026-07-08,S04,P703,6.0,12,4,14,12,2
2026-07-09,S04,P703,14.0,0,3,11,12,2
2026-07-10,S04,P703,11.0,0,3,8,12,2
2026-07-11,S04,P703,8.0,0,4,4,12,2
2026-07-12,S04,P703,4.0,12,6,10,12,2
2026-07-13,S04,P703,10.0,0,2,8,12,2
2026-07-14,S04,P703,8.0,13,3,18,12,2
2026-07-15,S04,P703,18.0,0,4,14,12,2
2026-07-16,S04,P703,14.0,0,1,13,12,2
2026-07-17,S04,P703,13.0,0,4,9,12,2
2026-07-18,S04,P703,9.0,0,6,3,12,2
2026-07-19,S04,P703,3.0,14,1,16,12,2
2026-07-20,S04,P703,16.0,0,0,16,12,2
2026-07-21,S04,P703,16.0,0,3,13,12,2
2026-07-22,S04,P703,13.0,0,4,9,12,2
2026-07-23,S04,P703,9.0,0,5,4,12,2
2026-07-24,S04,P703,4.0,14,1,17,12,2
2026-07-25,S04,P703,17.0,0,3,14,12,2
2026-07-26,S04,P703,14.0,0,0,14,12,2
2026-07-27,S04,P703,14.0,0,3,11,12,2
2026-07-28,S04,P703,11.0,0,3,8,12,2
2026-07-29,S04,P703,8.0,12,8,12,12,2
2026-07-30,S04,P703,12.0,0,1,11,12,2
2026-07-31,S04,P703,11.0,11,0,22,12,2
2026-08-01,S04,P703,22.0,0,4,18,12,2
2026-08-02,S04,P703,18.0,0,6,12,12,2
2026-08-03,S04,P703,12.0,0,1,11,12,2
2026-08-04,S04,P703,11.0,11,2,20,12,2
2026-08-05,S04,P703,20.0,0,7,13,12,2
2026-08-06,S04,P703,13.0,0,6,7,12,2
2026-08-07,S04,P703,7.0,0,2,5,12,2
2026-08-08,S04,P703,5.0,16,3,18,12,2
2026-08-09,S04,P703,18.0,0,1,17,12,2
2026-08-10,S04,P703,17.0,0,3,14,12,2
2026-08-11,S04,P703,14.0,0,3,11,12,2
2026-08-12,S04,P703,11.0,0,8,3,12,2
2026-08-13,S04,P703,3.0,12,2,13,12,2
2026-08-14,S04,P703,13.0,0,1,12,12,2
2026-08-15,S04,P703,12.0,0,5,7,12,2
2026-08-16,S04,P703,7.0,0,1,6,12,2
2026-08-17,S04,P703,6.0,11,4,13,12,2
2026-08-18,S04,P703,13.0,0,2,11,12,2
2026-08-19,S04,P703,11.0,0,2,9,12,2
2026-08-20,S04,P703,9.0,12,4,17,12,2
2026-08-21,S04,P703,17.0,0,3,14,12,2
2026-08-22,S04,P703,14.0,0,4,10,12,2
2026-08-23,S04,P703,10.0,0,4,6,12,2
2026-08-24,S04,P703,6.0,13,2,17,12,2
2026-08-25,S04,P703,17.0,0,3,14,12,2
2026-08-26,S04,P703,14.0,0,2,12,12,2
2026-08-27,S04,P703,12.0,0,2,10,12,2
2026-08-28,S04,P703,10.0,11,3,52,12,2
2026-08-29,S04,P703,18.0,0,2,16,12,2
2026-08-30,S04,P703,16.0,0,7,9,12,2
2026-08-31,S04,P703,9.0,0,2,7,12,2
2026-05-01,S04,P704,22.0,0,4,18,11,2
2026-05-02,S04,P704,18.0,0,3,15,11,2
2026-05-03,S04,P704,15.0,0,3,12,11,2
2026-05-04,S04,P704,12.0,0,2,10,11,2
2026-05-05,S04,P704,10.0,0,7,3,11,2
2026-05-06,S04,P704,3.0,12,0,15,11,2
2026-05-07,S04,P704,15.0,0,2,13,11,2
2026-05-08,S04,P704,13.0,0,1,12,11,2
2026-05-09,S04,P704,12.0,0,7,5,11,2
2026-05-10,S04,P704,5.0,0,5,0,11,2
2026-05-11,S04,P704,0.0,17,5,12,11,2
2026-05-12,S04,P704,12.0,0,3,9,11,2
2026-05-13,S04,P704,9.0,0,3,21,11,2
2026-05-14,S04,P704,6.0,0,6,0,11,2
2026-05-15,S04,P704,0.0,13,8,5,11,2
2026-05-16,S04,P704,5.0,0,2,3,11,2
2026-05-17,S04,P704,3.0,17,10,10,11,2
2026-05-18,S04,P704,10.0,0,2,8,11,2
2026-05-19,S04,P704,8.0,0,3,5,11,2
2026-05-20,S04,P704,5.0,12,6,11,11,2
2026-05-21,S04,P704,11.0,0,4,7,11,2
2026-05-22,S04,P704,7.0,0,6,1,11,2
2026-05-23,S04,P704,1.0,11,6,6,11,2
2026-05-24,S04,P704,6.0,0,4,2,11,2
2026-05-25,S04,P704,2.0,16,6,12,11,2
2026-05-26,S04,P704,12.0,0,3,9,11,2
2026-05-27,S04,P704,9.0,0,1,8,11,2
2026-05-28,S04,P704,8.0,13,7,14,11,2
2026-05-29,S04,P704,14.0,0,6,8,11,2
2026-05-30,S04,P704,8.0,0,8,0,11,2
2026-05-31,S04,P704,0.0,14,8,6,11,2
2026-06-01,S04,P704,6.0,0,6,0,11,2
2026-06-02,S04,P704,0.0,16,5,11,11,2
2026-06-03,S04,P704,11.0,0,1,10,11,2
2026-06-04,S04,P704,10.0,11,4,17,11,2
2026-06-05,S04,P704,17.0,0,5,12,11,2
2026-06-06,S04,P704,12.0,0,9,3,11,2
2026-06-07,S04,P704,3.0,0,3,0,11,2
2026-06-08,S04,P704,0.0,19,3,16,11,2
2026-06-09,S04,P704,16.0,0,5,11,11,2
2026-06-10,S04,P704,11.0,0,1,10,11,2
2026-06-11,S04,P704,10.0,11,5,16,11,2
2026-06-12,S04,P704,16.0,0,4,12,11,2
2026-06-13,S04,P704,12.0,0,10,2,11,2
2026-06-14,S04,P704,2.0,0,2,0,11,2
2026-06-15,S04,P704,0.0,20,3,17,11,2
2026-06-16,S04,P704,17.0,0,2,15,11,2
2026-06-17,S04,P704,15.0,0,3,12,11,2
2026-06-18,S04,P704,12.0,0,2,10,11,2
2026-06-19,S04,P704,10.0,0,3,7,11,2
2026-06-20,S04,P704,7.0,12,3,16,11,2
2026-06-21,S04,P704,16.0,0,5,11,11,2
2026-06-22,S04,P704,11.0,0,1,10,11,2
2026-06-23,S04,P704,10.0,11,5,16,11,2
2026-06-24,S04,P704,16.0,0,5,11,11,2
2026-06-25,S04,P704,11.0,0,5,6,11,2
2026-06-26,S04,P704,6.0,0,2,4,11,2
2026-06-27,S04,P704,4.0,11,4,11,11,2
2026-06-28,S04,P704,11.0,0,4,7,11,2
2026-06-29,S04,P704,7.0,11,8,10,11,2
2026-06-30,S04,P704,10.0,0,3,7,11,2
2026-07-01,S04,P704,7.0,12,3,16,11,2
2026-07-02,S04,P704,16.0,0,8,8,11,2
2026-07-03,S04,P704,8.0,0,2,6,11,2
2026-07-04,S04,P704,6.0,14,7,13,11,2
2026-07-05,S04,P704,13.0,0,8,5,11,2
2026-07-06,S04,P704,5.0,0,5,0,11,2
2026-07-07,S04,P704,0.0,17,7,10,11,2
2026-07-08,S04,P704,10.0,0,2,8,11,2
2026-07-09,S04,P704,8.0,12,5,15,11,2
2026-07-10,S04,P704,15.0,0,4,11,11,2
2026-07-11,S04,P704,11.0,0,3,8,11,2
2026-07-12,S04,P704,8.0,11,8,11,11,2
2026-07-13,S04,P704,11.0,0,1,10,11,2
2026-07-14,S04,P704,10.0,11,3,18,11,2
2026-07-15,S04,P704,18.0,0,3,15,11,2
2026-07-16,S04,P704,15.0,0,3,12,11,2
2026-07-17,S04,P704,12.0,0,4,8,11,2
2026-07-18,S04,P704,8.0,0,2,6,11,2
2026-07-19,S04,P704,6.0,14,5,15,11,2
2026-07-20,S04,P704,15.0,0,1,14,11,2
2026-07-21,S04,P704,14.0,0,1,13,11,2
2026-07-22,S04,P704,13.0,0,4,9,11,2
2026-07-23,S04,P704,9.0,0,5,4,11,2
2026-07-24,S04,P704,4.0,0,1,3,11,2
2026-07-25,S04,P704,3.0,13,2,14,11,2
2026-07-26,S04,P704,14.0,0,0,14,11,2
2026-07-27,S04,P704,14.0,0,1,13,11,2
2026-07-28,S04,P704,13.0,0,1,12,11,2
2026-07-29,S04,P704,12.0,0,5,7,11,2
2026-07-30,S04,P704,7.0,0,7,0,11,2
2026-07-31,S04,P704,0.0,15,2,13,11,2
2026-08-01,S04,P704,13.0,0,4,9,11,2
2026-08-02,S04,P704,9.0,0,5,4,11,2
2026-08-03,S04,P704,4.0,13,1,16,11,2
2026-08-04,S04,P704,16.0,0,4,12,11,2
2026-08-05,S04,P704,12.0,0,3,9,11,2
2026-08-06,S04,P704,9.0,0,0,9,11,2
2026-08-07,S04,P704,9.0,13,5,17,11,2
2026-08-08,S04,P704,17.0,0,3,14,11,2
2026-08-09,S04,P704,14.0,0,2,12,11,2
2026-08-10,S04,P704,12.0,0,1,11,11,2
2026-08-11,S04,P704,11.0,0,2,9,11,2
2026-08-12,S04,P704,9.0,11,3,17,11,2
2026-08-13,S04,P704,17.0,0,5,12,11,2
2026-08-14,S04,P704,12.0,0,0,12,11,2
2026-08-15,S04,P704,12.0,0,4,8,11,2
2026-08-16,S04,P704,8.0,0,7,1,11,2
2026-08-17,S04,P704,1.0,14,2,13,11,2
2026-08-18,S04,P704,13.0,0,2,11,11,2
2026-08-19,S04,P704,11.0,0,4,7,11,2
2026-08-20,S04,P704,7.0,11,5,13,11,2
2026-08-21,S04,P704,13.0,0,6,7,11,2
2026-08-22,S04,P704,7.0,0,4,3,11,2
2026-08-23,S04,P704,3.0,15,6,12,11,2
2026-08-24,S04,P704,12.0,0,3,9,11,2
2026-08-25,S04,P704,9.0,0,7,2,11,2
2026-08-26,S04,P704,2.0,13,1,14,11,2
2026-08-27,S04,P704,14.0,0,0,14,11,2
2026-08-28,S04,P704,14.0,0,5,9,11,2
2026-08-29,S04,P704,9.0,0,6,3,11,2
2026-08-30,S04,P704,3.0,13,2,14,11,2
2026-08-31,S04,P704,14.0,0,1,13,11,2
2026-08-24,S04,P447,103.0,0,20,83,58,3
2026-08-25,S04,P447,83.0,0,16,67,58,3
2026-08-26,S04,P447,67.0,0,13,54,58,3
2026-08-27,S04,P447,54.0,0,8,46,58,3
2026-08-28,S04,P447,46.0,0,5,41,58,3
2026-08-29,S04,P447,41.0,49,10,80,58,3
2026-08-30,S04,P447,80.0,0,15,65,58,3
2026-08-31,S04,P447,65.0,0,5,60,58,3
2026-08-27,S04,P335,71.0,0,10,61,40,3
2026-08-28,S04,P335,61.0,0,14,47,40,3
2026-08-29,S04,P335,47.0,0,8,39,40,3
2026-08-30,S04,P335,39.0,0,10,29,40,3
2026-08-31,S04,P335,29.0,0,6,23,40,3
2026-08-20,S04,P705,41.0,0,5,58,21,2
2026-08-21,S04,P705,36.0,0,9,27,21,2
2026-08-22,S04,P705,27.0,0,7,20,21,2
2026-08-23,S04,P705,20.0,0,8,12,21,2
2026-08-24,S04,P705,12.0,21,2,31,21,2
2026-08-25,S04,P705,31.0,0,8,23,21,2
2026-08-26,S04,P705,23.0,0,6,17,21,2
2026-08-27,S04,P705,17.0,0,3,14,21,2
2026-08-28,S04,P705,14.0,24,4,34,21,2
2026-08-29,S04,P705,34.0,0,9,25,21,2
2026-08-30,S04,P705,25.0,0,10,15,21,2
2026-08-31,S04,P705,15.0,0,4,11,21,2
2026-05-01,S05,P101,141.0,0,50,91,88,1
2026-05-02,S05,P101,91.0,0,44,47,88,1
2026-05-03,S05,P101,47.0,94,33,108,88,1
2026-05-04,S05,P101,108.0,0,40,68,88,1
2026-05-06,S05,P101,88.0,53,24,117,88,1
2026-05-07,S05,P101,117.0,0,30,87,88,1
2026-05-08,S05,P101,87.0,0,36,51,88,1
2026-05-09,S05,P101,51.0,54,24,81,88,1
2026-05-10,S05,P101,81.0,60,44,97,88,1
2026-05-11,S05,P101,97.0,0,49,48,88,1
2026-05-12,S05,P101,48.0,93,38,103,88,1
2026-05-13,S05,P101,103.0,0,43,60,88,1
2026-05-14,S05,P101,60.0,81,42,99,88,1
2026-05-15,S05,P101,99.0,0,39,60,88,1
2026-05-16,S05,P101,60.0,81,26,115,88,1
2026-05-17,S05,P101,115.0,0,30,85,88,1
2026-05-18,S05,P101,85.0,56,38,103,88,1
2026-05-19,S05,P101,103.0,0,49,54,88,1
2026-05-20,S05,P101,54.0,87,15,126,88,1
2026-05-21,S05,P101,126.0,0,65,61,88,1
2026-05-22,S05,P101,61.0,80,30,111,88,1
2026-05-23,S05,P101,111.0,0,41,70,88,1
2026-05-24,S05,P101,70.0,71,37,104,88,1
2026-05-25,S05,P101,104.0,0,46,58,88,1
2026-05-26,S05,P101,58.0,83,25,116,88,1
2026-05-27,S05,P101,116.0,0,30,86,88,1
2026-05-28,S05,P101,86.0,0,38,48,88,1
2026-05-29,S05,P101,48.0,55,58,45,88,1
2026-05-30,S05,P101,45.0,96,60,81,88,1
2026-05-31,S05,P101,81.0,60,36,105,88,1
2026-06-01,S05,P101,105.0,0,76,29,88,1
2026-06-02,S05,P101,29.0,112,71,70,88,1
2026-06-03,S05,P101,70.0,71,33,108,88,1
2026-06-04,S05,P101,108.0,0,41,67,88,1
2026-06-05,S05,P101,67.0,74,44,97,88,1
2026-06-06,S05,P101,97.0,0,27,70,88,1
2026-06-07,S05,P101,70.0,71,31,110,88,1
2026-06-08,S05,P101,110.0,0,33,77,88,1
2026-06-09,S05,P101,77.0,64,24,117,88,1
2026-06-10,S05,P101,117.0,0,37,80,88,1
2026-06-11,S05,P101,80.0,61,37,104,88,1
2026-06-12,S05,P101,104.0,0,35,69,88,1
2026-06-13,S05,P101,69.0,0,30,39,88,1
2026-06-14,S05,P101,39.0,72,45,66,88,1
2026-06-15,S05,P101,66.0,75,33,108,88,1
2026-06-16,S05,P101,108.0,0,32,76,88,1
2026-06-17,S05,P101,76.0,0,20,56,88,1
2026-06-18,S05,P101,56.0,65,25,96,88,1
2026-06-19,S05,P101,96.0,0,48,48,88,1
2026-06-20,S05,P101,48.0,93,37,104,88,1
2026-06-21,S05,P101,104.0,0,54,50,88,1
2026-06-22,S05,P101,50.0,91,41,100,88,1
2026-06-23,S05,P101,100.0,0,36,64,88,1
2026-06-24,S05,P101,64.0,77,25,116,88,1
2026-06-25,S05,P101,116.0,0,47,69,88,1
2026-06-26,S05,P101,69.0,72,115,26,88,1
2026-06-27,S05,P101,26.0,115,54,87,88,1
2026-06-28,S05,P101,87.0,54,59,82,88,1
2026-06-29,S05,P101,82.0,59,73,68,88,1
2026-06-30,S05,P101,68.0,73,49,92,88,1
2026-07-01,S05,P101,92.0,0,35,57,88,1
2026-07-02,S05,P101,57.0,84,50,91,88,1
2026-07-03,S05,P101,91.0,0,39,52,88,1
2026-07-04,S05,P101,52.0,89,28,113,88,1
2026-07-05,S05,P101,113.0,0,30,83,88,1
2026-07-06,S05,P101,83.0,58,21,120,88,1
2026-07-07,S05,P101,120.0,0,38,82,88,1
2026-07-08,S05,P101,82.0,59,32,109,88,1
2026-07-09,S05,P101,109.0,0,28,81,88,1
2026-07-10,S05,P101,81.0,60,39,102,88,1
2026-07-11,S05,P101,102.0,0,63,39,88,1
2026-07-12,S05,P101,39.0,0,39,0,88,1
2026-07-13,S05,P101,0.0,102,62,40,88,1
2026-07-14,S05,P101,40.0,101,81,60,88,1
2026-07-15,S05,P101,60.0,81,62,79,88,1
2026-07-16,S05,P101,79.0,62,64,77,88,1
2026-07-17,S05,P101,77.0,64,25,116,88,1
2026-07-18,S05,P101,116.0,0,27,89,88,1
2026-07-19,S05,P101,89.0,0,47,42,88,1
2026-07-20,S05,P101,42.0,99,39,102,88,1
2026-07-21,S05,P101,102.0,0,31,71,88,1
2026-07-22,S05,P101,71.0,70,31,122,88,1
2026-07-23,S05,P101,110.0,0,29,81,88,1
2026-07-24,S05,P101,81.0,60,33,108,88,1
2026-07-25,S05,P101,108.0,0,32,76,88,1
2026-07-26,S05,P101,76.0,65,39,102,88,1
2026-07-27,S05,P101,102.0,0,37,65,88,1
2026-07-28,S05,P101,65.0,76,45,96,88,1
2026-07-29,S05,P101,96.0,0,23,73,88,1
2026-07-30,S05,P101,73.0,68,18,123,88,1
2026-07-31,S05,P101,123.0,0,40,83,88,1
2026-08-01,S05,P101,83.0,58,54,87,88,1
2026-08-02,S05,P101,87.0,54,68,73,88,1
2026-08-03,S05,P101,73.0,68,86,55,88,1
2026-08-04,S05,P101,55.0,86,43,98,88,1
2026-08-05,S05,P101,98.0,0,53,45,88,1
2026-08-06,S05,P101,45.0,96,29,112,88,1
2026-08-07,S05,P101,112.0,0,32,80,88,1
2026-08-08,S05,P101,80.0,61,44,97,88,1
2026-08-09,S05,P101,97.0,0,39,58,88,1
2026-08-10,S05,P101,58.0,83,48,93,88,1
2026-08-11,S05,P101,93.0,0,19,74,88,1
2026-08-12,S05,P101,74.0,67,37,104,88,1
2026-08-13,S05,P101,104.0,0,40,64,88,1
2026-08-14,S05,P101,64.0,77,31,110,88,1
2026-08-15,S05,P101,110.0,0,34,76,88,1
2026-08-16,S05,P101,76.0,65,41,100,88,1
2026-08-17,S05,P101,100.0,0,41,59,88,1
2026-08-18,S05,P101,59.0,82,40,101,88,1
2026-08-19,S05,P101,101.0,0,29,72,88,1
2026-08-20,S05,P101,72.0,69,36,105,88,1
2026-08-21,S05,P101,105.0,0,34,71,88,1
2026-08-22,S05,P101,71.0,70,55,86,88,1
2026-08-23,S05,P101,86.0,55,73,68,88,1
2026-08-24,S05,P101,68.0,73,43,98,88,1
2026-08-25,S05,P101,98.0,0,64,34,88,1
2026-08-26,S05,P101,34.0,107,46,95,88,1
2026-08-27,S05,P101,95.0,0,53,42,88,1
2026-08-28,S05,P101,42.0,99,39,102,88,1
2026-08-29,S05,P101,102.0,0,49,53,88,1
2026-08-30,S05,P101,53.0,88,29,112,88,1
2026-08-31,S05,P101,112.0,0,38,74,88,1
2026-05-01,S05,P102,70.0,0,23,47,44,1
2026-05-02,S05,P102,47.0,0,24,23,44,1
2026-05-03,S05,P102,23.0,47,22,48,44,1
2026-05-04,S05,P102,48.0,0,23,25,44,1
2026-05-05,S05,P102,25.0,45,23,47,44,1
2026-05-06,S05,P102,47.0,0,16,31,44,1
2026-05-07,S05,P102,31.0,39,16,54,44,1
2026-05-08,S05,P102,54.0,0,18,36,44,1
2026-05-09,S05,P102,36.0,34,9,61,44,1
2026-05-10,S05,P102,61.0,0,11,50,44,1
2026-05-11,S05,P102,50.0,0,14,36,44,1
2026-05-12,S05,P102,36.0,34,33,37,44,1
2026-05-13,S05,P102,37.0,33,25,45,44,1
2026-05-14,S05,P102,45.0,0,24,21,44,1
2026-05-15,S05,P102,21.0,49,34,36,44,1
2026-05-16,S05,P102,36.0,34,28,42,44,1
2026-05-17,S05,P102,42.0,28,37,33,44,1
2026-05-18,S05,P102,33.0,37,18,52,44,1
2026-05-19,S05,P102,52.0,0,17,35,44,1
2026-05-20,S05,P102,35.0,35,17,53,44,1
2026-05-21,S05,P102,53.0,0,18,35,44,1
2026-05-22,S05,P102,35.0,35,16,54,44,1
2026-05-23,S05,P102,54.0,0,8,46,44,1
2026-05-24,S05,P102,46.0,0,13,33,44,1
2026-05-25,S05,P102,33.0,37,19,51,44,1
2026-05-26,S05,P102,51.0,0,13,38,44,1
2026-05-27,S05,P102,38.0,32,22,48,44,1
2026-05-28,S05,P102,48.0,0,16,32,44,1
2026-05-29,S05,P102,32.0,38,17,53,44,1
2026-05-30,S05,P102,53.0,0,17,36,44,1
2026-05-31,S05,P102,36.0,34,25,45,44,1
2026-06-01,S05,P102,45.0,0,15,30,44,1
2026-06-02,S05,P102,30.0,40,12,58,44,1
2026-06-03,S05,P102,58.0,0,11,47,44,1
2026-06-04,S05,P102,47.0,0,20,27,44,1
2026-06-05,S05,P102,27.0,43,10,60,44,1
2026-06-06,S05,P102,60.0,0,14,46,44,1
2026-06-07,S05,P102,46.0,0,18,28,44,1
2026-06-08,S05,P102,28.0,42,10,60,44,1
2026-06-09,S05,P102,60.0,0,17,43,44,1
2026-06-10,S05,P102,43.0,0,29,14,44,1
2026-06-11,S05,P102,14.0,29,16,27,44,1
2026-06-12,S05,P102,27.0,27,46,8,44,1
2026-06-13,S05,P102,8.0,62,11,59,44,1
2026-06-14,S05,P102,59.0,0,16,43,44,1
2026-06-15,S05,P102,43.0,27,15,55,44,1
2026-06-16,S05,P102,55.0,0,13,42,44,1
2026-06-17,S05,P102,42.0,28,12,58,44,1
2026-06-18,S05,P102,58.0,0,16,42,44,1
2026-06-19,S05,P102,42.0,28,12,58,44,1
2026-06-20,S05,P102,58.0,0,9,49,44,1
2026-06-21,S05,P102,49.0,0,11,38,44,1
2026-06-22,S05,P102,38.0,0,17,21,44,1
2026-06-23,S05,P102,21.0,32,11,42,44,1
2026-06-24,S05,P102,42.0,28,23,47,44,1
2026-06-25,S05,P102,47.0,0,29,18,44,1
2026-06-26,S05,P102,18.0,0,18,0,44,1
2026-06-27,S05,P102,0.0,52,21,31,44,1
2026-06-28,S05,P102,31.0,39,11,59,44,1
2026-06-29,S05,P102,59.0,0,18,41,44,1
2026-06-30,S05,P102,41.0,0,14,27,44,1
2026-07-01,S05,P102,27.0,29,9,47,44,1
2026-07-02,S05,P102,47.0,0,14,33,44,1
2026-07-03,S05,P102,33.0,37,16,54,44,1
2026-07-04,S05,P102,54.0,0,13,41,44,1
2026-07-05,S05,P102,41.0,29,13,57,44,1
2026-07-06,S05,P102,57.0,0,18,39,44,1
2026-07-07,S05,P102,39.0,31,8,62,44,1
2026-07-08,S05,P102,62.0,0,14,48,44,1
2026-07-09,S05,P102,48.0,0,15,33,44,1
2026-07-10,S05,P102,33.0,37,13,57,44,1
2026-07-11,S05,P102,57.0,0,21,36,44,1
2026-07-12,S05,P102,36.0,34,17,53,44,1
2026-07-13,S05,P102,53.0,0,13,40,44,1
2026-07-14,S05,P102,40.0,30,27,43,44,1
2026-07-15,S05,P102,43.0,27,33,37,44,1
2026-07-16,S05,P102,37.0,33,25,45,44,1
2026-07-17,S05,P102,45.0,0,40,5,44,1
2026-07-18,S05,P102,5.0,65,20,50,44,1
2026-07-19,S05,P102,50.0,0,32,18,44,1
2026-07-20,S05,P102,18.0,52,23,47,44,1
2026-07-21,S05,P102,47.0,0,13,34,44,1
2026-07-22,S05,P102,34.0,36,15,55,44,1
2026-07-23,S05,P102,55.0,0,14,41,44,1
2026-07-24,S05,P102,41.0,29,11,59,44,1
2026-07-25,S05,P102,59.0,0,39,20,44,1
2026-07-26,S05,P102,20.0,50,25,45,44,1
2026-07-27,S05,P102,45.0,0,11,34,44,1
2026-07-28,S05,P102,34.0,36,9,61,44,1
2026-07-29,S05,P102,61.0,0,15,46,44,1
2026-07-30,S05,P102,46.0,0,22,24,44,1
2026-07-31,S05,P102,24.0,46,12,58,44,1
2026-08-01,S05,P102,58.0,0,19,39,44,1
2026-08-02,S05,P102,39.0,31,21,49,44,1
2026-08-03,S05,P102,49.0,0,17,32,44,1
2026-08-04,S05,P102,32.0,38,23,47,44,1
2026-08-05,S05,P102,47.0,0,20,27,44,1
2026-08-06,S05,P102,27.0,43,15,55,44,1
2026-08-07,S05,P102,55.0,0,15,40,44,1
2026-08-08,S05,P102,40.0,30,9,61,44,1
2026-08-09,S05,P102,61.0,0,22,39,44,1
2026-08-10,S05,P102,39.0,31,24,46,44,1
2026-08-11,S05,P102,46.0,0,8,38,44,1
2026-08-12,S05,P102,38.0,32,12,58,44,1
2026-08-13,S05,P102,58.0,0,19,39,44,1
2026-08-14,S05,P102,39.0,31,10,60,44,1
2026-08-15,S05,P102,60.0,0,19,41,44,1
2026-08-16,S05,P102,41.0,29,17,53,44,1
2026-08-17,S05,P102,53.0,0,16,37,44,1
2026-08-18,S05,P102,37.0,33,31,39,44,1
2026-08-19,S05,P102,39.0,31,19,51,44,1
2026-08-20,S05,P102,51.0,0,23,28,44,1
2026-08-21,S05,P102,28.0,42,23,47,44,1
2026-08-22,S05,P102,47.0,0,25,22,44,1
2026-08-23,S05,P102,22.0,48,17,53,44,1
2026-08-24,S05,P102,53.0,0,23,30,44,1
2026-08-25,S05,P102,30.0,40,29,41,44,1
2026-08-26,S05,P102,41.0,29,23,47,44,1
2026-08-27,S05,P102,47.0,0,10,37,44,1
2026-08-28,S05,P102,37.0,0,8,-3,44,1
2026-08-29,S05,P102,29.0,0,22,7,44,1
2026-08-30,S05,P102,7.0,63,20,50,44,1
2026-08-31,S05,P102,50.0,0,19,31,44,1
2026-05-01,S05,P103,33.0,0,8,25,16,2
2026-05-02,S05,P103,25.0,0,9,16,16,2
2026-05-03,S05,P103,16.0,0,8,8,16,2
2026-05-04,S05,P103,8.0,17,6,19,16,2
2026-05-05,S05,P103,19.0,0,5,14,16,2
2026-05-06,S05,P103,14.0,0,5,9,16,2
2026-05-07,S05,P103,9.0,19,2,26,16,2
2026-05-08,S05,P103,26.0,0,6,20,16,2
2026-05-09,S05,P103,20.0,0,4,16,16,2
2026-05-10,S05,P103,16.0,0,5,11,16,2
2026-05-11,S05,P103,11.0,17,6,22,16,2
2026-05-12,S05,P103,22.0,0,5,17,16,2
2026-05-13,S05,P103,17.0,0,11,6,16,2
2026-05-14,S05,P103,6.0,0,3,3,16,2
2026-05-15,S05,P103,3.0,27,3,27,16,2
2026-05-16,S05,P103,27.0,0,4,23,16,2
2026-05-17,S05,P103,23.0,0,2,21,16,2
2026-05-18,S05,P103,21.0,0,5,16,16,2
2026-05-19,S05,P103,16.0,0,5,11,16,2
2026-05-20,S05,P103,11.0,17,8,20,16,2
2026-05-21,S05,P103,20.0,0,4,16,16,2
2026-05-22,S05,P103,16.0,0,5,11,16,2
2026-05-23,S05,P103,11.0,17,4,24,16,2
2026-05-24,S05,P103,24.0,0,4,20,16,2
2026-05-25,S05,P103,20.0,0,7,13,16,2
2026-05-26,S05,P103,13.0,0,4,9,16,2
2026-05-27,S05,P103,9.0,20,3,26,16,2
2026-05-28,S05,P103,26.0,0,8,18,16,2
2026-05-29,S05,P103,18.0,0,7,11,16,2
2026-05-30,S05,P103,11.0,0,3,8,16,2
2026-05-31,S05,P103,8.0,22,4,26,16,2
2026-06-01,S05,P103,26.0,0,6,20,16,2
2026-06-02,S05,P103,20.0,0,7,13,16,2
2026-06-03,S05,P103,13.0,0,6,7,16,2
2026-06-04,S05,P103,7.0,20,7,20,16,2
2026-06-05,S05,P103,20.0,0,2,18,16,2
2026-06-05,S05,P103,20.0,0,2,18,16,2
2026-06-06,S05,P103,18.0,0,4,14,16,2
2026-06-07,S05,P103,14.0,0,8,-18,16,2
2026-06-08,S05,P103,6.0,19,7,18,16,2
2026-06-09,S05,P103,18.0,0,5,13,16,2
2026-06-10,S05,P103,13.0,0,4,9,16,2
2026-06-11,S05,P103,9.0,20,12,17,16,2
2026-06-12,S05,P103,17.0,0,8,9,16,2
2026-06-13,S05,P103,9.0,0,9,0,16,2
2026-06-14,S05,P103,0.0,24,10,14,16,2
2026-06-15,S05,P103,14.0,0,8,6,16,2
2026-06-16,S05,P103,6.0,19,4,21,16,2
2026-06-17,S05,P103,21.0,0,4,17,16,2
2026-06-18,S05,P103,17.0,0,5,12,16,2
2026-06-19,S05,P103,12.0,0,9,3,16,2
2026-06-20,S05,P103,3.0,21,6,18,16,2
2026-06-21,S05,P103,18.0,0,8,10,16,2
2026-06-22,S05,P103,10.0,0,5,5,16,2
2026-06-23,S05,P103,5.0,23,1,27,16,2
2026-06-24,S05,P103,27.0,0,1,26,16,2
2026-06-25,S05,P103,26.0,0,7,19,16,2
2026-06-26,S05,P103,19.0,0,2,17,16,2
2026-06-27,S05,P103,17.0,0,0,17,16,2
2026-06-28,S05,P103,17.0,0,9,8,16,2
2026-06-29,S05,P103,8.0,0,8,0,16,2
2026-06-30,S05,P103,0.0,25,7,18,16,2
2026-07-01,S05,P103,18.0,0,10,8,16,2
2026-07-02,S05,P103,8.0,0,6,2,16,2
2026-07-03,S05,P103,2.0,25,8,19,16,2
2026-07-04,S05,P103,19.0,0,7,12,16,2
2026-07-05,S05,P103,12.0,0,7,5,16,2
2026-07-06,S05,P103,5.0,21,4,22,16,2
2026-07-07,S05,P103,22.0,0,0,22,16,2
2026-07-08,S05,P103,22.0,0,6,16,16,2
2026-07-09,S05,P103,16.0,0,5,11,16,2
2026-07-10,S05,P103,11.0,17,8,20,16,2
2026-07-11,S05,P103,20.0,0,9,11,16,2
2026-07-12,S05,P103,11.0,0,4,7,16,2
2026-07-13,S05,P103,7.0,22,2,27,16,2
2026-07-14,S05,P103,27.0,0,4,23,16,2
2026-07-15,S05,P103,23.0,0,6,17,16,2
2026-07-16,S05,P103,17.0,0,4,13,16,2
2026-07-17,S05,P103,13.0,0,5,8,16,2
2026-07-18,S05,P103,8.0,20,4,24,16,2
2026-07-19,S05,P103,24.0,0,12,12,16,2
2026-07-20,S05,P103,12.0,0,7,5,16,2
2026-07-21,S05,P103,5.0,0,5,0,16,2
2026-07-22,S05,P103,0.0,21,10,11,16,2
2026-07-23,S05,P103,11.0,0,11,0,16,2
2026-07-24,S05,P103,0.0,22,15,7,16,2
2026-07-25,S05,P103,7.0,0,7,0,16,2
2026-07-26,S05,P103,0.0,26,6,20,16,2
2026-07-27,S05,P103,20.0,0,3,17,16,2
2026-07-28,S05,P103,17.0,0,3,14,16,2
2026-07-29,S05,P103,14.0,0,3,11,16,2
2026-07-30,S05,P103,11.0,19,6,24,16,2
2026-07-31,S05,P103,24.0,0,1,23,16,2
2026-08-01,S05,P103,23.0,0,1,22,16,2
2026-08-02,S05,P103,22.0,0,1,21,16,2
2026-08-03,S05,P103,21.0,0,7,14,16,2
2026-08-04,S05,P103,14.0,0,4,10,16,2
2026-08-05,S05,P103,10.0,19,14,15,16,2
2026-08-06,S05,P103,15.0,0,6,9,16,2
2026-08-07,S05,P103,9.0,18,7,20,16,2
2026-08-08,S05,P103,20.0,0,3,17,16,2
2026-08-09,S05,P103,17.0,0,1,16,16,2
2026-08-10,S05,P103,16.0,0,4,12,16,2
2026-08-11,S05,P103,12.0,17,5,24,16,2
2026-08-12,S05,P103,24.0,0,4,20,16,2
2026-08-13,S05,P103,20.0,0,3,17,16,2
2026-08-14,S05,P103,17.0,0,2,15,16,2
2026-08-15,S05,P103,15.0,0,3,12,16,2
2026-08-16,S05,P103,12.0,18,7,23,16,2
2026-08-17,S05,P103,23.0,0,8,15,16,2
2026-08-18,S05,P103,15.0,0,6,9,16,2
2026-08-19,S05,P103,9.0,18,2,25,16,2
2026-08-20,S05,P103,25.0,0,8,17,16,2
2026-08-21,S05,P103,17.0,0,17,0,16,2
2026-08-22,S05,P103,0.0,0,0,0,16,2
2026-08-23,S05,P103,0.0,33,7,26,16,2
2026-08-24,S05,P103,26.0,0,2,1,16,2
2026-08-25,S05,P103,24.0,0,10,14,16,2
2026-08-26,S05,P103,14.0,0,6,8,16,2
2026-08-27,S05,P103,8.0,19,9,18,16,2
2026-08-28,S05,P103,18.0,0,6,12,16,2
2026-08-29,S05,P103,12.0,0,8,4,16,2
2026-08-30,S05,P103,4.0,21,7,18,16,2
2026-08-31,S05,P103,18.0,0,2,16,16,2
2026-05-01,S05,P104,46.0,0,7,39,23,2
2026-05-02,S05,P104,39.0,0,5,34,23,2
2026-05-03,S05,P104,34.0,0,7,27,23,2
2026-05-04,S05,P104,27.0,0,12,15,23,2
2026-05-05,S05,P104,15.0,0,7,8,23,2
2026-05-06,S05,P104,8.0,31,4,35,23,2
2026-05-07,S05,P104,35.0,0,10,25,23,2
2026-05-08,S05,P104,25.0,0,7,18,23,2
2026-05-09,S05,P104,18.0,0,10,8,23,2
2026-05-10,S05,P104,8.0,28,12,24,23,2
2026-05-11,S05,P104,24.0,0,2,22,23,2
2026-05-12,S05,P104,22.0,0,11,11,23,2
2026-05-13,S05,P104,11.0,24,2,33,23,2
2026-05-14,S05,P104,33.0,0,3,30,23,2
2026-05-15,S05,P104,30.0,0,4,26,23,2
2026-05-16,S05,P104,26.0,0,5,21,23,2
2026-05-17,S05,P104,21.0,0,6,15,23,2
2026-05-18,S05,P104,15.0,25,1,39,23,2
2026-05-19,S05,P104,39.0,0,6,33,23,2
2026-05-20,S05,P104,33.0,0,6,27,23,2
2026-05-21,S05,P104,27.0,0,7,20,23,2
2026-05-22,S05,P104,20.0,0,9,11,23,2
2026-05-23,S05,P104,11.0,26,5,32,23,2
2026-05-24,S05,P104,32.0,0,12,20,23,2
2026-05-25,S05,P104,20.0,0,8,12,23,2
2026-05-26,S05,P104,12.0,26,5,33,23,2
2026-05-27,S05,P104,33.0,0,9,24,23,2
2026-05-28,S05,P104,24.0,0,2,22,23,2
2026-05-29,S05,P104,22.0,0,8,14,23,2
2026-05-30,S05,P104,14.0,24,10,28,23,2
2026-05-31,S05,P104,28.0,0,6,22,23,2
2026-06-01,S05,P104,22.0,0,5,17,23,2
2026-06-02,S05,P104,17.0,24,7,34,23,2
2026-06-03,S05,P104,34.0,0,10,24,23,2
2026-06-04,S05,P104,24.0,0,5,19,23,2
2026-06-05,S05,P104,19.0,0,19,0,23,2
2026-06-06,S05,P104,0.0,27,23,4,23,2
2026-06-07,S05,P104,4.0,0,4,0,23,2
2026-06-08,S05,P104,0.0,42,6,36,23,2
2026-06-09,S05,P104,36.0,0,5,31,23,2
2026-06-10,S05,P104,31.0,0,8,23,23,2
2026-06-11,S05,P104,23.0,0,9,14,23,2
2026-06-12,S05,P104,14.0,23,6,31,23,2
2026-06-13,S05,P104,31.0,0,3,28,23,2
2026-06-14,S05,P104,28.0,0,10,18,23,2
2026-06-15,S05,P104,18.0,0,7,11,23,2
2026-06-16,S05,P104,11.0,28,5,34,23,2
2026-06-17,S05,P104,34.0,0,9,25,23,2
2026-06-18,S05,P104,25.0,0,8,17,23,2
2026-06-19,S05,P104,17.0,0,4,13,23,2
2026-06-20,S05,P104,13.0,29,5,37,23,2
2026-06-21,S05,P104,37.0,0,12,25,23,2
2026-06-22,S05,P104,25.0,0,10,15,23,2
2026-06-23,S05,P104,15.0,0,5,10,23,2
2026-06-24,S05,P104,10.0,31,18,23,23,2
2026-06-25,S05,P104,23.0,0,18,5,23,2
2026-06-26,S05,P104,5.0,23,18,10,23,2
2026-06-27,S05,P104,10.0,0,10,0,23,2
2026-06-28,S05,P104,0.0,36,4,32,23,2
2026-06-29,S05,P104,32.0,0,7,25,23,2
2026-06-30,S05,P104,25.0,0,8,17,23,2
2026-07-01,S05,P104,17.0,0,4,13,23,2
2026-07-02,S05,P104,13.0,29,8,34,23,2
2026-07-03,S05,P104,34.0,0,4,30,23,2
2026-07-04,S05,P104,30.0,0,2,28,23,2
2026-07-05,S05,P104,28.0,0,8,20,23,2
2026-07-06,S05,P104,20.0,0,7,-22,23,2
2026-07-07,S05,P104,13.0,26,4,35,23,2
2026-07-08,S05,P104,35.0,0,5,30,23,2
2026-07-09,S05,P104,30.0,0,3,0,23,2
2026-07-10,S05,P104,27.0,0,4,23,23,2
2026-07-11,S05,P104,23.0,0,6,17,23,2
2026-07-12,S05,P104,17.0,23,6,34,23,2
2026-07-13,S05,P104,34.0,0,7,27,23,2
2026-07-14,S05,P104,27.0,0,6,21,23,2
2026-07-15,S05,P104,21.0,0,6,15,23,2
2026-07-16,S05,P104,15.0,25,6,34,23,2
2026-07-17,S05,P104,34.0,0,7,27,23,2
2026-07-18,S05,P104,27.0,0,7,20,23,2
2026-07-19,S05,P104,20.0,0,10,10,23,2
2026-07-20,S05,P104,10.0,26,1,35,23,2
2026-07-21,S05,P104,35.0,0,14,21,23,2
2026-07-22,S05,P104,21.0,0,9,12,23,2
2026-07-23,S05,P104,12.0,0,10,2,23,2
2026-07-24,S05,P104,2.0,25,6,21,23,2
2026-07-25,S05,P104,21.0,0,8,13,23,2
2026-07-26,S05,P104,13.0,25,6,32,23,2
2026-07-27,S05,P104,32.0,0,4,28,23,2
2026-07-28,S05,P104,28.0,0,6,22,23,2
2026-07-29,S05,P104,22.0,0,5,17,23,2
2026-07-30,S05,P104,17.0,24,14,27,23,2
2026-07-31,S05,P104,27.0,0,11,16,23,2
2026-08-01,S05,P104,16.0,0,9,7,23,2
2026-08-02,S05,P104,7.0,30,12,25,23,2
2026-08-03,S05,P104,25.0,0,8,17,23,2
2026-08-04,S05,P104,17.0,0,11,6,23,2
2026-08-05,S05,P104,6.0,29,7,28,23,2
2026-08-06,S05,P104,28.0,0,4,24,23,2
2026-08-07,S05,P104,24.0,0,4,20,23,2
2026-08-08,S05,P104,20.0,0,10,10,23,2
2026-08-09,S05,P104,10.0,26,8,28,23,2
2026-08-10,S05,P104,28.0,0,11,17,23,2
2026-08-11,S05,P104,17.0,0,6,11,23,2
2026-08-12,S05,P104,11.0,29,6,34,23,2
2026-08-13,S05,P104,34.0,0,13,21,23,2
2026-08-14,S05,P104,21.0,0,21,0,23,2
2026-08-15,S05,P104,0.0,25,12,13,23,2
2026-08-16,S05,P104,13.0,0,7,6,23,2
2026-08-17,S05,P104,6.0,33,4,35,23,2
2026-08-18,S05,P104,35.0,0,9,26,23,2
2026-08-19,S05,P104,26.0,0,8,18,23,2
2026-08-20,S05,P104,18.0,0,13,5,23,2
2026-08-21,S05,P104,5.0,28,9,24,23,2
2026-08-22,S05,P104,24.0,0,6,18,23,2
2026-08-23,S05,P104,18.0,0,14,4,23,2
2026-08-24,S05,P104,4.0,28,6,26,23,2
2026-08-25,S05,P104,26.0,0,8,18,23,2
2026-08-26,S05,P104,18.0,0,7,11,23,2
2026-08-27,S05,P104,11.0,28,2,37,23,2
2026-08-28,S05,P104,37.0,0,6,31,23,2
2026-08-29,S05,P104,31.0,0,4,27,23,2
2026-08-30,S05,P104,27.0,0,10,17,23,2
2026-08-31,S05,P104,17.0,0,5,12,23,2
2026-05-01,S05,P105,28.0,0,5,23,14,2
2026-05-02,S05,P105,23.0,0,3,20,14,2
2026-05-03,S05,P105,20.0,0,4,16,14,2
2026-05-04,S05,P105,16.0,0,6,10,14,2
2026-05-05,S05,P105,10.0,0,5,5,14,2
2026-05-06,S05,P105,5.0,18,3,20,14,2
2026-05-07,S05,P105,20.0,0,1,19,14,2
2026-05-08,S05,P105,19.0,0,1,18,14,2
2026-05-09,S05,P105,18.0,0,4,14,14,2
2026-05-10,S05,P105,14.0,0,5,9,14,2
2026-05-11,S05,P105,9.0,14,3,20,14,2
2026-05-12,S05,P105,20.0,0,5,15,14,2
2026-05-13,S05,P105,15.0,0,2,13,14,2
2026-05-14,S05,P105,13.0,0,3,10,14,2
2026-05-15,S05,P105,10.0,15,3,22,14,2
2026-05-16,S05,P105,22.0,0,5,17,14,2
2026-05-17,S05,P105,17.0,0,0,17,14,2
2026-05-18,S05,P105,17.0,0,3,14,14,2
2026-05-19,S05,P105,14.0,0,4,10,14,2
2026-05-20,S05,P105,10.0,14,4,20,14,2
2026-05-21,S05,P105,20.0,0,3,17,14,2
2026-05-22,S05,P105,17.0,0,3,14,14,2
2026-05-23,S05,P105,14.0,0,5,9,14,2
2026-05-24,S05,P105,9.0,14,1,22,14,2
2026-05-25,S05,P105,22.0,0,6,16,14,2
2026-05-26,S05,P105,16.0,0,3,13,14,2
2026-05-27,S05,P105,13.0,0,5,8,14,2
2026-05-28,S05,P105,8.0,15,2,21,14,2
2026-05-29,S05,P105,21.0,0,3,18,14,2
2026-05-30,S05,P105,18.0,0,1,17,14,2
2026-05-31,S05,P105,17.0,0,5,12,14,2
2026-06-01,S05,P105,12.0,0,2,10,14,2
2026-06-02,S05,P105,10.0,0,0,10,14,2
2026-06-03,S05,P105,10.0,16,0,26,14,2
2026-06-04,S05,P105,26.0,0,3,23,14,2
2026-06-05,S05,P105,23.0,0,3,20,14,2
2026-06-06,S05,P105,20.0,0,4,16,14,2
2026-06-07,S05,P105,16.0,0,2,14,14,2
2026-06-08,S05,P105,14.0,0,4,10,14,2
2026-06-09,S05,P105,10.0,14,3,21,14,2
2026-06-10,S05,P105,21.0,0,1,20,14,2
2026-06-11,S05,P105,20.0,0,3,17,14,2
2026-06-12,S05,P105,17.0,0,5,12,14,2
2026-06-13,S05,P105,12.0,0,7,5,14,2
2026-06-14,S05,P105,5.0,0,5,0,14,2
2026-06-15,S05,P105,0.0,0,0,0,14,2
2026-06-16,S05,P105,0.0,16,2,14,14,2
2026-06-17,S05,P105,14.0,0,8,6,14,2
2026-06-18,S05,P105,6.0,14,5,15,14,2
2026-06-19,S05,P105,15.0,0,2,13,14,2
2026-06-20,S05,P105,13.0,0,7,6,14,2
2026-06-21,S05,P105,6.0,15,6,15,14,2
2026-06-22,S05,P105,15.0,0,4,11,14,2
2026-06-23,S05,P105,11.0,0,0,11,14,2
2026-06-24,S05,P105,11.0,17,5,23,14,2
2026-06-25,S05,P105,23.0,0,6,17,14,2
2026-06-26,S05,P105,17.0,0,1,16,14,2
2026-06-27,S05,P105,16.0,0,0,16,14,2
2026-06-28,S05,P105,16.0,0,4,12,14,2
2026-06-29,S05,P105,12.0,0,3,9,14,2
2026-06-30,S05,P105,9.0,16,2,23,14,2
2026-07-01,S05,P105,23.0,0,4,19,14,2
2026-07-02,S05,P105,19.0,0,4,15,14,2
2026-07-03,S05,P105,15.0,0,1,14,14,2
2026-07-04,S05,P105,14.0,0,7,7,14,2
2026-07-05,S05,P105,7.0,14,5,16,14,2
2026-07-06,S05,P105,16.0,0,7,9,14,2
2026-07-07,S05,P105,9.0,0,3,6,14,2
2026-07-08,S05,P105,6.0,19,5,20,14,2
2026-07-09,S05,P105,20.0,0,7,13,14,2
2026-07-10,S05,P105,13.0,0,3,10,14,2
2026-07-11,S05,P105,10.0,15,2,23,14,2
2026-07-12,S05,P105,23.0,0,5,18,14,2
2026-07-13,S05,P105,18.0,0,5,13,14,2
2026-07-14,S05,P105,13.0,0,2,11,14,2
2026-07-15,S05,P105,11.0,15,4,22,14,2
2026-07-16,S05,P105,22.0,0,3,19,14,2
2026-07-17,S05,P105,19.0,0,1,18,14,2
2026-07-18,S05,P105,18.0,0,2,16,14,2
2026-07-19,S05,P105,16.0,0,2,14,14,2
2026-07-20,S05,P105,14.0,0,4,10,14,2
2026-07-21,S05,P105,10.0,14,4,20,14,2
2026-07-22,S05,P105,20.0,0,3,17,14,2
2026-07-23,S05,P105,17.0,0,3,14,14,2
2026-07-24,S05,P105,14.0,0,4,10,14,2
2026-07-25,S05,P105,10.0,14,5,19,14,2
2026-07-26,S05,P105,19.0,0,5,14,14,2
2026-07-27,S05,P105,14.0,0,3,11,14,2
2026-07-28,S05,P105,11.0,14,5,20,14,2
2026-07-29,S05,P105,20.0,0,8,12,14,2
2026-07-30,S05,P105,12.0,0,3,9,14,2
2026-07-31,S05,P105,9.0,16,4,21,14,2
2026-08-01,S05,P105,21.0,0,7,47,14,2
2026-08-02,S05,P105,14.0,0,6,8,14,2
2026-08-03,S05,P105,8.0,14,8,14,14,2
2026-08-04,S05,P105,14.0,0,4,10,14,2
2026-08-05,S05,P105,10.0,14,3,21,14,2
2026-08-06,S05,P105,21.0,0,2,19,14,2
2026-08-07,S05,P105,19.0,0,6,13,14,2
2026-08-08,S05,P105,13.0,0,3,10,14,2
2026-08-09,S05,P105,10.0,15,1,24,14,2
2026-08-10,S05,P105,24.0,0,3,21,14,2
2026-08-11,S05,P105,21.0,0,3,18,14,2
2026-08-12,S05,P105,18.0,0,3,15,14,2
2026-08-13,S05,P105,15.0,0,3,12,14,2
2026-08-14,S05,P105,12.0,0,4,8,14,2
2026-08-15,S05,P105,8.0,0,3,5,14,2
2026-08-16,S05,P105,5.0,0,4,1,14,2
2026-08-17,S05,P105,1.0,16,2,15,14,2
2026-08-18,S05,P105,15.0,0,1,14,14,2
2026-08-19,S05,P105,14.0,0,0,14,14,2
2026-08-20,S05,P105,14.0,14,1,27,14,2
2026-08-21,S05,P105,27.0,0,9,18,14,2
2026-08-22,S05,P105,18.0,0,7,11,14,2
2026-08-23,S05,P105,11.0,0,5,6,14,2
2026-08-24,S05,P105,6.0,17,4,19,14,2
2026-08-25,S05,P105,19.0,0,4,15,14,2
2026-08-26,S05,P105,15.0,0,3,12,14,2
2026-08-27,S05,P105,12.0,0,4,8,14,2
2026-08-28,S05,P105,8.0,0,3,5,14,2
2026-08-29,S05,P105,5.0,0,4,1,14,2
2026-08-30,S05,P105,1.0,16,7,10,14,2
2026-08-31,S05,P105,10.0,0,5,5,14,2
2026-05-01,S05,P330,154.0,0,28,126,87,3
2026-05-02,S05,P330,126.0,0,38,88,87,3
2026-05-03,S05,P330,88.0,0,28,60,87,3
2026-05-04,S05,P330,60.0,0,15,45,87,3
2026-05-05,S05,P330,45.0,0,21,24,87,3
2026-05-06,S05,P330,24.0,94,30,88,87,3
2026-05-07,S05,P330,88.0,0,32,56,87,3
2026-05-08,S05,P330,56.0,0,26,30,87,3
2026-05-09,S05,P330,30.0,0,30,0,87,3
2026-05-09,S05,P330,30.0,0,30,0,87,3
2026-05-10,S05,P330,0.0,98,47,51,87,3
2026-05-11,S05,P330,51.0,0,16,35,87,3
2026-05-12,S05,P330,35.0,0,29,6,87,3
2026-05-13,S05,P330,6.0,103,20,89,87,3
2026-05-14,S05,P330,89.0,0,24,65,87,3
2026-05-15,S05,P330,65.0,0,29,36,87,3
2026-05-16,S05,P330,36.0,0,36,0,87,3
2026-05-17,S05,P330,0.0,89,26,63,87,3
2026-05-18,S05,P330,63.0,0,24,39,87,3
2026-05-19,S05,P330,39.0,0,31,8,87,3
2026-05-20,S05,P330,8.0,0,8,0,87,3
2026-05-21,S05,P330,0.0,91,27,64,87,3
2026-05-22,S05,P330,64.0,0,33,31,87,3
2026-05-23,S05,P330,31.0,0,31,0,87,3
2026-05-24,S05,P330,0.0,90,44,46,87,3
2026-05-25,S05,P330,46.0,0,25,21,87,3
2026-05-26,S05,P330,21.0,0,21,0,87,3
2026-05-27,S05,P330,0.0,108,39,69,87,3
2026-05-28,S05,P330,69.0,0,23,46,87,3
2026-05-29,S05,P330,46.0,0,39,7,87,3
2026-05-30,S05,P330,7.0,85,25,67,87,3
2026-05-31,S05,P330,67.0,0,43,24,87,3
2026-06-01,S05,P330,24.0,0,24,0,87,3
2026-06-02,S05,P330,0.0,87,32,55,87,3
2026-06-03,S05,P330,55.0,0,40,15,87,3
2026-06-04,S05,P330,15.0,67,23,59,87,3
2026-06-05,S05,P330,59.0,0,21,38,87,3
2026-06-06,S05,P330,38.0,72,37,73,87,3
2026-06-07,S05,P330,73.0,0,52,21,87,3
2026-06-08,S05,P330,21.0,0,21,0,87,3
2026-06-09,S05,P330,0.0,81,33,48,87,3
2026-06-10,S05,P330,48.0,0,32,16,87,3
2026-06-11,S05,P330,16.0,73,20,69,87,3
2026-06-12,S05,P330,69.0,0,16,53,87,3
2026-06-13,S05,P330,53.0,0,19,34,87,3
2026-06-14,S05,P330,34.0,85,34,85,87,3
2026-06-15,S05,P330,85.0,0,24,61,87,3
2026-06-16,S05,P330,61.0,0,32,29,87,3
2026-06-17,S05,P330,29.0,69,16,82,87,3
2026-06-18,S05,P330,82.0,0,28,54,87,3
2026-06-19,S05,P330,54.0,0,26,28,87,3
2026-06-20,S05,P330,28.0,72,17,83,87,3
2026-06-21,S05,P330,83.0,0,35,48,87,3
2026-06-22,S05,P330,48.0,0,27,21,87,3
2026-06-23,S05,P330,21.0,71,29,63,87,3
2026-06-24,S05,P330,63.0,0,33,30,87,3
2026-06-25,S05,P330,30.0,0,22,8,87,3
2026-06-26,S05,P330,8.0,91,34,65,87,3
2026-06-27,S05,P330,65.0,0,28,37,87,3
2026-06-28,S05,P330,37.0,0,37,0,87,3
2026-06-29,S05,P330,0.0,89,21,68,87,3
2026-06-30,S05,P330,68.0,0,27,41,87,3
2026-07-01,S05,P330,41.0,0,25,16,87,3
2026-07-02,S05,P330,16.0,86,15,87,87,3
2026-07-03,S05,P330,87.0,0,38,49,87,3
2026-07-04,S05,P330,49.0,0,49,0,87,3
2026-07-05,S05,P330,0.0,67,67,0,87,3
2026-07-06,S05,P330,0.0,0,0,0,87,3
2026-07-07,S05,P330,0.0,87,30,57,87,3
2026-07-08,S05,P330,57.0,0,20,37,87,3
2026-07-09,S05,P330,37.0,67,23,81,87,3
2026-07-10,S05,P330,81.0,0,29,52,87,3
2026-07-11,S05,P330,52.0,0,23,29,87,3
2026-07-12,S05,P330,29.0,73,26,76,87,3
2026-07-13,S05,P330,76.0,0,14,62,87,3
2026-07-14,S05,P330,62.0,0,21,41,87,3
2026-07-15,S05,P330,41.0,78,32,87,87,3
2026-07-16,S05,P330,87.0,0,28,59,87,3
2026-07-17,S05,P330,59.0,0,18,41,87,3
2026-07-18,S05,P330,41.0,67,18,90,87,3
2026-07-19,S05,P330,90.0,0,29,61,87,3
2026-07-20,S05,P330,61.0,0,34,27,87,3
2026-07-21,S05,P330,27.0,0,27,0,87,3
2026-07-22,S05,P330,0.0,93,35,58,87,3
2026-07-23,S05,P330,58.0,0,23,35,87,3
2026-07-24,S05,P330,35.0,0,24,11,87,3
2026-07-25,S05,P330,11.0,96,35,72,87,3
2026-07-26,S05,P330,72.0,0,44,28,87,3
2026-07-27,S05,P330,28.0,0,28,0,87,3
2026-07-28,S05,P330,0.0,82,31,51,87,3
2026-07-29,S05,P330,51.0,0,30,21,87,3
2026-07-30,S05,P330,21.0,72,28,65,87,3
2026-07-31,S05,P330,65.0,0,27,38,87,3
2026-08-01,S05,P330,38.0,0,34,4,87,3
2026-08-02,S05,P330,4.0,89,26,67,87,3
2026-08-03,S05,P330,67.0,0,34,33,87,3
2026-08-04,S05,P330,33.0,0,33,0,87,3
2026-08-05,S05,P330,0.0,87,29,58,87,3
2026-08-06,S05,P330,58.0,0,28,30,87,3
2026-08-07,S05,P330,30.0,67,25,72,87,3
2026-08-08,S05,P330,72.0,0,39,33,87,3
2026-08-09,S05,P330,33.0,0,33,0,87,3
2026-08-10,S05,P330,0.0,82,23,59,87,3
2026-08-11,S05,P330,59.0,0,27,32,87,3
2026-08-12,S05,P330,32.0,72,21,83,87,3
2026-08-13,S05,P330,83.0,0,30,53,87,3
2026-08-14,S05,P330,53.0,0,30,23,87,3
2026-08-15,S05,P330,23.0,71,20,74,87,3
2026-08-16,S05,P330,74.0,0,34,40,87,3
2026-08-17,S05,P330,40.0,0,20,20,87,3
2026-08-18,S05,P330,20.0,80,39,61,87,3
2026-08-19,S05,P330,61.0,0,19,42,87,3
2026-08-20,S05,P330,42.0,0,33,9,87,3
2026-08-21,S05,P330,9.0,93,29,73,87,3
2026-08-22,S05,P330,73.0,0,34,39,87,3
2026-08-23,S05,P330,39.0,0,39,0,87,3
2026-08-24,S05,P330,0.0,81,25,56,87,3
2026-08-25,S05,P330,56.0,0,55,1,87,3
2026-08-26,S05,P330,1.0,73,68,6,87,3
2026-08-27,S05,P330,6.0,0,6,0,87,3
2026-08-28,S05,P330,0.0,80,18,62,87,3
2026-08-29,S05,P330,62.0,68,29,101,87,3
2026-08-30,S05,P330,101.0,0,40,61,87,3
2026-08-31,S05,P330,61.0,0,23,38,87,3
2026-05-01,S05,P331,86.0,0,15,71,49,3
2026-05-02,S05,P331,71.0,0,12,59,49,3
2026-05-03,S05,P331,59.0,0,20,39,49,3
2026-05-04,S05,P331,39.0,0,6,33,49,3
2026-05-05,S05,P331,33.0,0,13,20,49,3
2026-05-06,S05,P331,20.0,47,15,52,49,3
2026-05-07,S05,P331,52.0,0,16,36,49,3
2026-05-08,S05,P331,36.0,0,19,17,49,3
2026-05-09,S05,P331,17.0,0,12,5,49,3
2026-05-10,S05,P331,5.0,50,22,33,49,3
2026-05-11,S05,P331,33.0,0,13,20,49,3
2026-05-12,S05,P331,20.0,0,20,0,49,3
2026-05-13,S05,P331,0.0,0,0,0,49,3
2026-05-14,S05,P331,0.0,53,23,30,49,3
2026-05-15,S05,P331,30.0,0,7,23,49,3
2026-05-16,S05,P331,23.0,0,20,3,49,3
2026-05-17,S05,P331,3.0,56,24,35,49,3
2026-05-18,S05,P331,35.0,0,7,28,49,3
2026-05-19,S05,P331,28.0,0,10,18,49,3
2026-05-20,S05,P331,18.0,51,9,60,49,3
2026-05-21,S05,P331,60.0,0,19,41,49,3
2026-05-22,S05,P331,41.0,0,15,26,49,3
2026-05-23,S05,P331,26.0,0,15,11,49,3
2026-05-24,S05,P331,11.0,45,17,39,49,3
2026-05-25,S05,P331,39.0,0,15,24,49,3
2026-05-26,S05,P331,24.0,0,9,15,49,3
2026-05-27,S05,P331,15.0,47,20,42,49,3
2026-05-28,S05,P331,42.0,0,12,30,49,3
2026-05-29,S05,P331,30.0,0,12,18,49,3
2026-05-30,S05,P331,18.0,44,15,47,49,3
2026-05-31,S05,P331,47.0,0,25,22,49,3
2026-06-01,S05,P331,22.0,0,18,4,49,3
2026-06-02,S05,P331,4.0,39,14,29,49,3
2026-06-03,S05,P331,29.0,0,6,23,49,3
2026-06-04,S05,P331,23.0,43,11,55,49,3
2026-06-05,S05,P331,55.0,0,37,18,49,3
2026-06-06,S05,P331,18.0,0,18,0,49,3
2026-06-07,S05,P331,0.0,0,0,0,49,3
2026-06-08,S05,P331,0.0,68,22,46,49,3
2026-06-09,S05,P331,46.0,0,29,17,49,3
2026-06-10,S05,P331,17.0,0,17,0,49,3
2026-06-11,S05,P331,0.0,0,0,0,49,3
2026-06-12,S05,P331,0.0,40,19,21,49,3
2026-06-13,S05,P331,21.0,46,14,53,49,3
2026-06-14,S05,P331,53.0,0,17,36,49,3
2026-06-15,S05,P331,36.0,0,20,16,49,3
2026-06-16,S05,P331,16.0,0,16,0,49,3
2026-06-17,S05,P331,0.0,50,13,37,49,3
2026-06-18,S05,P331,37.0,0,11,26,49,3
2026-06-19,S05,P331,26.0,0,13,13,49,3
2026-06-20,S05,P331,13.0,49,14,48,49,3
2026-06-21,S05,P331,48.0,0,13,35,49,3
2026-06-22,S05,P331,35.0,0,20,15,49,3
2026-06-23,S05,P331,15.0,38,13,40,49,3
2026-06-24,S05,P331,40.0,0,12,28,49,3
2026-06-25,S05,P331,28.0,0,20,8,49,3
2026-06-26,S05,P331,8.0,46,27,27,49,3
2026-06-27,S05,P331,27.0,0,14,13,49,3
2026-06-28,S05,P331,13.0,0,13,0,49,3
2026-06-29,S05,P331,0.0,59,21,38,49,3
2026-06-30,S05,P331,38.0,0,12,26,49,3
2026-07-01,S05,P331,26.0,0,14,12,49,3
2026-07-02,S05,P331,12.0,48,27,33,49,3
2026-07-03,S05,P331,33.0,0,12,21,49,3
2026-07-04,S05,P331,21.0,0,20,1,49,3
2026-07-05,S05,P331,1.0,53,29,25,49,3
2026-07-06,S05,P331,25.0,0,11,14,49,3
2026-07-07,S05,P331,14.0,0,14,0,49,3
2026-07-08,S05,P331,0.0,61,14,47,49,3
2026-07-09,S05,P331,47.0,0,23,24,49,3
2026-07-10,S05,P331,24.0,0,8,16,49,3
2026-07-11,S05,P331,16.0,39,14,41,49,3
2026-07-12,S05,P331,41.0,0,13,28,49,3
2026-07-13,S05,P331,28.0,0,8,20,49,3
2026-07-14,S05,P331,20.0,45,9,56,49,3
2026-07-15,S05,P331,56.0,0,18,38,49,3
2026-07-16,S05,P331,38.0,0,17,21,49,3
2026-07-17,S05,P331,21.0,0,17,4,49,3
2026-07-18,S05,P331,4.0,48,19,33,49,3
2026-07-19,S05,P331,33.0,0,18,15,49,3
2026-07-20,S05,P331,15.0,0,10,5,49,3
2026-07-21,S05,P331,5.0,53,11,47,49,3
2026-07-22,S05,P331,47.0,0,6,41,49,3
2026-07-23,S05,P331,41.0,0,12,29,49,3
2026-07-24,S05,P331,29.0,39,12,56,49,3
2026-07-25,S05,P331,56.0,0,14,42,49,3
2026-07-26,S05,P331,42.0,0,20,22,49,3
2026-07-27,S05,P331,22.0,0,22,0,49,3
2026-07-28,S05,P331,0.0,44,22,22,49,3
2026-07-29,S05,P331,22.0,0,22,0,49,3
2026-07-30,S05,P331,0.0,42,7,35,49,3
2026-07-31,S05,P331,35.0,0,10,25,49,3
2026-08-01,S05,P331,25.0,44,8,61,49,3
2026-08-02,S05,P331,61.0,0,19,42,49,3
2026-08-03,S05,P331,42.0,0,15,27,49,3
2026-08-04,S05,P331,27.0,0,14,13,49,3
2026-08-05,S05,P331,13.0,44,27,30,49,3
2026-08-06,S05,P331,30.0,0,21,9,49,3
2026-08-07,S05,P331,9.0,0,8,1,49,3
2026-08-08,S05,P331,1.0,56,19,38,49,3
2026-08-09,S05,P331,38.0,0,21,17,49,3
2026-08-10,S05,P331,17.0,0,11,6,49,3
2026-08-11,S05,P331,6.0,48,9,45,49,3
2026-08-12,S05,P331,45.0,0,21,24,49,3
2026-08-13,S05,P331,24.0,0,23,1,49,3
2026-08-14,S05,P331,1.0,0,1,0,49,3
2026-08-15,S05,P331,0.0,41,34,7,49,3
2026-08-16,S05,P331,7.0,44,17,34,49,3
2026-08-17,S05,P331,34.0,0,21,13,49,3
2026-08-18,S05,P331,13.0,0,13,0,49,3
2026-08-19,S05,P331,0.0,52,16,36,49,3
2026-08-20,S05,P331,36.0,0,15,21,49,3
2026-08-21,S05,P331,21.0,0,20,1,49,3
2026-08-22,S05,P331,1.0,50,14,37,49,3
2026-08-23,S05,P331,37.0,0,15,22,49,3
2026-08-24,S05,P331,22.0,0,5,17,49,3
2026-08-25,S05,P331,17.0,49,8,58,49,3
2026-08-26,S05,P331,58.0,0,21,37,49,3
2026-08-27,S05,P331,37.0,0,20,38,49,3
2026-08-28,S05,P331,17.0,0,13,4,49,3
2026-08-29,S05,P331,4.0,49,6,47,49,3
2026-08-30,S05,P331,47.0,0,17,30,49,3
2026-08-31,S05,P331,30.0,0,11,19,49,3
2026-05-01,S05,P332,76.0,0,16,43,43,3
2026-05-02,S05,P332,60.0,0,16,44,43,3
2026-05-03,S05,P332,44.0,0,19,25,43,3
2026-05-04,S05,P332,25.0,0,14,11,43,3
2026-05-05,S05,P332,11.0,0,11,0,43,3
2026-05-06,S05,P332,0.0,0,0,36,43,3
2026-05-07,S05,P332,0.0,0,0,0,43,3
2026-05-08,S05,P332,0.0,51,15,36,43,3
2026-05-09,S05,P332,36.0,0,20,16,43,3
2026-05-10,S05,P332,16.0,0,16,0,43,3
2026-05-11,S05,P332,0.0,40,12,28,43,3
2026-05-12,S05,P332,28.0,0,12,16,43,3
2026-05-13,S05,P332,16.0,36,9,43,43,3
2026-05-14,S05,P332,43.0,0,12,31,43,3
2026-05-15,S05,P332,31.0,0,12,19,43,3
2026-05-16,S05,P332,19.0,33,13,39,43,3
2026-05-17,S05,P332,39.0,0,11,28,43,3
2026-05-18,S05,P332,28.0,0,6,22,43,3
2026-05-19,S05,P332,22.0,37,16,43,43,3
2026-05-20,S05,P332,43.0,0,9,34,43,3
2026-05-21,S05,P332,34.0,0,24,10,43,3
2026-05-22,S05,P332,10.0,33,14,29,43,3
2026-05-23,S05,P332,29.0,0,19,10,43,3
2026-05-24,S05,P332,10.0,33,25,18,43,3
2026-05-25,S05,P332,18.0,0,18,0,43,3
2026-05-26,S05,P332,0.0,33,16,17,43,3
2026-05-27,S05,P332,17.0,0,15,2,43,3
2026-05-28,S05,P332,2.0,43,11,34,43,3
2026-05-29,S05,P332,34.0,0,11,23,43,3
2026-05-30,S05,P332,23.0,0,15,8,43,3
2026-05-31,S05,P332,8.0,42,8,42,43,3
2026-06-01,S05,P332,42.0,0,8,34,43,3
2026-06-02,S05,P332,34.0,0,2,32,43,3
2026-06-03,S05,P332,32.0,34,12,54,43,3
2026-06-04,S05,P332,54.0,0,16,38,43,3
2026-06-05,S05,P332,38.0,0,7,31,43,3
2026-06-06,S05,P332,31.0,0,13,57,43,3
2026-06-07,S05,P332,18.0,38,22,34,43,3
2026-06-08,S05,P332,34.0,0,8,26,43,3
2026-06-09,S05,P332,26.0,0,7,19,43,3
2026-06-10,S05,P332,19.0,0,12,7,43,3
2026-06-11,S05,P332,7.0,42,14,35,43,3
2026-06-12,S05,P332,35.0,0,12,23,43,3
2026-06-13,S05,P332,23.0,0,10,13,43,3
2026-06-14,S05,P332,13.0,41,15,39,43,3
2026-06-15,S05,P332,39.0,0,7,32,43,3
2026-06-16,S05,P332,32.0,0,6,26,43,3
2026-06-17,S05,P332,26.0,37,9,54,43,3
2026-06-18,S05,P332,54.0,0,9,45,43,3
2026-06-19,S05,P332,45.0,0,10,35,43,3
2026-06-20,S05,P332,35.0,0,11,24,43,3
2026-06-21,S05,P332,24.0,0,14,-20,43,3
2026-06-22,S05,P332,10.0,41,11,40,43,3
2026-06-23,S05,P332,40.0,0,6,34,43,3
2026-06-24,S05,P332,34.0,0,16,18,43,3
2026-06-25,S05,P332,18.0,36,22,32,43,3
2026-06-26,S05,P332,32.0,0,14,18,43,3
2026-06-27,S05,P332,18.0,0,18,0,43,3
2026-06-28,S05,P332,0.0,0,0,0,43,3
2026-06-29,S05,P332,0.0,44,14,30,43,3
2026-06-30,S05,P332,30.0,0,14,-4,43,3
2026-07-01,S05,P332,16.0,0,11,5,43,3
2026-07-02,S05,P332,5.0,46,17,34,43,3
2026-07-03,S05,P332,34.0,0,10,24,43,3
2026-07-04,S05,P332,24.0,0,20,4,43,3
2026-07-05,S05,P332,4.0,42,11,35,43,3
2026-07-06,S05,P332,35.0,0,11,24,43,3
2026-07-07,S05,P332,24.0,0,15,9,43,3
2026-07-08,S05,P332,9.0,41,12,38,43,3
2026-07-09,S05,P332,38.0,0,12,26,43,3
2026-07-10,S05,P332,26.0,0,10,16,43,3
2026-07-11,S05,P332,16.0,38,16,38,43,3
2026-07-12,S05,P332,38.0,0,13,25,43,3
2026-07-13,S05,P332,25.0,0,16,9,43,3
2026-07-14,S05,P332,9.0,38,5,42,43,3
2026-07-15,S05,P332,42.0,0,11,31,43,3
2026-07-16,S05,P332,31.0,0,27,4,43,3
2026-07-17,S05,P332,4.0,34,26,12,43,3
2026-07-18,S05,P332,12.0,0,12,0,43,3
2026-07-19,S05,P332,0.0,0,0,0,43,3
2026-07-20,S05,P332,0.0,38,28,10,43,3
2026-07-21,S05,P332,10.0,38,15,33,43,3
2026-07-22,S05,P332,33.0,0,33,0,43,3
2026-07-23,S05,P332,0.0,0,0,0,43,3
2026-07-24,S05,P332,0.0,43,11,32,43,3
2026-07-25,S05,P332,32.0,33,11,54,43,3
2026-07-26,S05,P332,54.0,0,9,45,43,3
2026-07-27,S05,P332,45.0,0,13,32,43,3
2026-07-28,S05,P332,32.0,0,11,21,43,3
2026-07-29,S05,P332,21.0,0,16,5,43,3
2026-07-30,S05,P332,5.0,0,5,0,43,3
2026-07-31,S05,P332,0.0,44,11,33,43,3
2026-08-01,S05,P332,33.0,0,21,12,43,3
2026-08-02,S05,P332,12.0,0,12,0,43,3
2026-08-03,S05,P332,0.0,43,12,31,43,3
2026-08-04,S05,P332,31.0,0,10,21,43,3
2026-08-05,S05,P332,21.0,33,10,44,43,3
2026-08-06,S05,P332,44.0,0,4,40,43,3
2026-08-07,S05,P332,40.0,0,9,31,43,3
2026-08-08,S05,P332,31.0,0,28,3,43,3
2026-08-09,S05,P332,3.0,36,20,19,43,3
2026-08-10,S05,P332,19.0,0,12,7,43,3
2026-08-11,S05,P332,7.0,0,7,0,43,3
2026-08-12,S05,P332,0.0,37,17,20,43,3
2026-08-13,S05,P332,20.0,0,15,5,43,3
2026-08-14,S05,P332,5.0,39,12,32,43,3
2026-08-15,S05,P332,32.0,0,21,11,43,3
2026-08-16,S05,P332,11.0,0,4,7,43,3
2026-08-17,S05,P332,7.0,44,6,45,43,3
2026-08-18,S05,P332,45.0,0,16,29,43,3
2026-08-19,S05,P332,29.0,0,9,20,43,3
2026-08-20,S05,P332,20.0,0,13,7,43,3
2026-08-21,S05,P332,7.0,47,30,24,43,3
2026-08-22,S05,P332,24.0,0,19,5,43,3
2026-08-23,S05,P332,5.0,0,5,0,43,3
2026-08-24,S05,P332,0.0,52,8,44,43,3
2026-08-25,S05,P332,44.0,0,8,36,43,3
2026-08-26,S05,P332,36.0,0,10,26,43,3
2026-08-27,S05,P332,26.0,0,16,10,43,3
2026-08-28,S05,P332,10.0,40,10,40,43,3
2026-08-29,S05,P332,40.0,0,13,27,43,3
2026-08-30,S05,P332,27.0,0,10,17,43,3
2026-08-31,S05,P332,17.0,36,7,46,43,3
2026-05-01,S05,P333,198.0,0,33,165,99,2
2026-05-02,S05,P333,165.0,0,37,128,99,2
2026-05-03,S05,P333,128.0,0,22,106,99,2
2026-05-04,S05,P333,106.0,0,44,62,99,2
2026-05-05,S05,P333,62.0,0,62,0,99,2
2026-05-06,S05,P333,0.0,136,27,109,99,2
2026-05-07,S05,P333,109.0,0,42,67,99,2
2026-05-08,S05,P333,67.0,0,43,24,99,2
2026-05-09,S05,P333,24.0,0,24,0,99,2
2026-05-10,S05,P333,0.0,0,0,0,99,2
2026-05-11,S05,P333,0.0,131,32,99,99,2
2026-05-12,S05,P333,99.0,0,29,70,99,2
2026-05-13,S05,P333,70.0,99,25,144,99,2
2026-05-14,S05,P333,144.0,0,37,107,99,2
2026-05-15,S05,P333,107.0,0,28,79,99,2
2026-05-16,S05,P333,79.0,0,52,27,99,2
2026-05-17,S05,P333,27.0,119,104,42,99,2
2026-05-18,S05,P333,42.0,0,42,0,99,2
2026-05-19,S05,P333,0.0,156,46,110,99,2
2026-05-20,S05,P333,110.0,0,62,48,99,2
2026-05-21,S05,P333,48.0,0,18,30,99,2
2026-05-22,S05,P333,30.0,150,24,156,99,2
2026-05-23,S05,P333,156.0,0,57,99,99,2
2026-05-24,S05,P333,99.0,0,47,52,99,2
2026-05-25,S05,P333,52.0,99,20,131,99,2
2026-05-26,S05,P333,131.0,0,35,96,99,2
2026-05-27,S05,P333,96.0,0,58,38,99,2
2026-05-28,S05,P333,38.0,102,20,120,99,2
2026-05-29,S05,P333,120.0,0,37,83,99,2
2026-05-30,S05,P333,83.0,0,31,52,99,2
2026-05-31,S05,P333,52.0,115,47,120,99,2
2026-06-01,S05,P333,120.0,0,37,83,99,2
2026-06-02,S05,P333,83.0,0,50,33,99,2
2026-06-03,S05,P333,33.0,115,52,96,99,2
2026-06-04,S05,P333,96.0,0,39,57,99,2
2026-06-05,S05,P333,57.0,102,25,134,99,2
2026-06-06,S05,P333,134.0,0,25,109,99,2
2026-06-07,S05,P333,109.0,0,42,67,99,2
2026-06-08,S05,P333,67.0,0,24,43,99,2
2026-06-09,S05,P333,43.0,0,35,8,99,2
2026-06-10,S05,P333,8.0,131,21,150,99,2
2026-06-11,S05,P333,118.0,0,31,87,99,2
2026-06-12,S05,P333,87.0,0,31,56,99,2
2026-06-13,S05,P333,56.0,0,41,15,99,2
2026-06-14,S05,P333,15.0,0,15,0,99,2
2026-06-15,S05,P333,0.0,111,23,88,99,2
2026-06-16,S05,P333,88.0,0,36,52,99,2
2026-06-17,S05,P333,52.0,110,46,116,99,2
2026-06-18,S05,P333,116.0,0,40,76,99,2
2026-06-19,S05,P333,76.0,0,28,48,99,2
2026-06-20,S05,P333,48.0,122,76,94,99,2
2026-06-21,S05,P333,94.0,0,75,19,99,2
2026-06-22,S05,P333,19.0,104,26,97,99,2
2026-06-23,S05,P333,97.0,0,32,65,99,2
2026-06-24,S05,P333,65.0,0,42,23,99,2
2026-06-25,S05,P333,23.0,101,23,101,99,2
2026-06-26,S05,P333,101.0,0,45,56,99,2
2026-06-27,S05,P333,56.0,0,29,27,99,2
2026-06-28,S05,P333,27.0,142,52,117,99,2
2026-06-29,S05,P333,117.0,0,24,93,99,2
2026-06-30,S05,P333,93.0,0,31,62,99,2
2026-07-01,S05,P333,62.0,105,33,134,99,2
2026-07-02,S05,P333,134.0,0,41,93,99,2
2026-07-03,S05,P333,93.0,0,30,63,99,2
2026-07-04,S05,P333,63.0,105,42,126,99,2
2026-07-05,S05,P333,126.0,0,39,87,99,2
2026-07-06,S05,P333,87.0,0,24,63,99,2
2026-07-07,S05,P333,63.0,111,30,144,99,2
2026-07-08,S05,P333,144.0,0,22,122,99,2
2026-07-09,S05,P333,122.0,0,27,95,99,2
2026-07-10,S05,P333,95.0,0,37,58,99,2
2026-07-11,S05,P333,58.0,103,43,118,99,2
2026-07-12,S05,P333,118.0,0,37,81,99,2
2026-07-13,S05,P333,81.0,0,28,53,99,2
2026-07-14,S05,P333,53.0,117,39,131,99,2
2026-07-15,S05,P333,131.0,0,37,94,99,2
2026-07-16,S05,P333,94.0,0,20,74,99,2
2026-07-17,S05,P333,74.0,104,34,144,99,2
2026-07-18,S05,P333,144.0,0,51,93,99,2
2026-07-19,S05,P333,93.0,0,50,43,99,2
2026-07-20,S05,P333,43.0,105,31,117,99,2
2026-07-21,S05,P333,117.0,0,33,84,99,2
2026-07-22,S05,P333,84.0,0,29,55,99,2
2026-07-23,S05,P333,55.0,114,16,153,99,2
2026-07-24,S05,P333,153.0,0,24,129,99,2
2026-07-25,S05,P333,129.0,0,33,96,99,2
2026-07-26,S05,P333,96.0,0,35,61,99,2
2026-07-27,S05,P333,61.0,102,53,110,99,2
2026-07-28,S05,P333,110.0,0,33,77,99,2
2026-07-29,S05,P333,77.0,0,29,48,99,2
2026-07-30,S05,P333,48.0,121,25,144,99,2
2026-07-31,S05,P333,144.0,0,30,114,99,2
2026-08-01,S05,P333,114.0,0,33,81,99,2
2026-08-02,S05,P333,81.0,0,63,18,99,2
2026-08-03,S05,P333,18.0,117,50,85,99,2
2026-08-04,S05,P333,85.0,0,46,39,99,2
2026-08-05,S05,P333,39.0,113,31,121,99,2
2026-08-06,S05,P333,121.0,0,42,79,99,2
2026-08-07,S05,P333,79.0,0,41,38,99,2
2026-08-08,S05,P333,38.0,119,66,91,99,2
2026-08-09,S05,P333,91.0,0,46,45,99,2
2026-08-10,S05,P333,45.0,107,27,125,99,2
2026-08-11,S05,P333,125.0,0,38,87,99,2
2026-08-12,S05,P333,87.0,0,24,63,99,2
2026-08-13,S05,P333,63.0,111,47,127,99,2
2026-08-14,S05,P333,127.0,0,39,88,99,2
2026-08-15,S05,P333,88.0,0,56,41,99,2
2026-08-16,S05,P333,32.0,110,37,105,99,2
2026-08-17,S05,P333,105.0,0,35,70,99,2
2026-08-18,S05,P333,70.0,0,34,36,99,2
2026-08-19,S05,P333,36.0,128,30,134,99,2
2026-08-20,S05,P333,134.0,0,46,88,99,2
2026-08-21,S05,P333,88.0,0,39,49,99,2
2026-08-22,S05,P333,49.0,110,38,121,99,2
2026-08-23,S05,P333,121.0,0,40,81,99,2
2026-08-24,S05,P333,81.0,0,24,57,99,2
2026-08-25,S05,P333,57.0,117,32,142,99,2
2026-08-26,S05,P333,142.0,0,36,106,99,2
2026-08-27,S05,P333,106.0,0,28,78,99,2
2026-08-28,S05,P333,78.0,0,31,47,99,2
2026-08-29,S05,P333,47.0,120,51,116,99,2
2026-08-30,S05,P333,116.0,0,47,69,99,2
2026-08-31,S05,P333,69.0,0,32,37,99,2
2026-05-01,S05,P334,40.0,0,8,32,20,2
2026-05-02,S05,P334,32.0,0,12,20,20,2
2026-05-03,S05,P334,20.0,0,7,13,20,2
2026-05-04,S05,P334,13.0,0,3,10,20,2
2026-05-05,S05,P334,10.0,0,7,3,20,2
2026-05-06,S05,P334,3.0,20,8,15,20,2
2026-05-07,S05,P334,15.0,0,7,8,20,2
2026-05-08,S05,P334,8.0,25,8,25,20,2
2026-05-09,S05,P334,25.0,0,6,19,20,2
2026-05-10,S05,P334,19.0,0,11,8,20,2
2026-05-11,S05,P334,8.0,21,11,18,20,2
2026-05-12,S05,P334,18.0,0,5,13,20,2
2026-05-13,S05,P334,13.0,22,11,24,20,2
2026-05-14,S05,P334,24.0,0,9,15,20,2
2026-05-15,S05,P334,15.0,0,12,3,20,2
2026-05-16,S05,P334,3.0,25,4,24,20,2
2026-05-17,S05,P334,24.0,0,9,15,20,2
2026-05-18,S05,P334,15.0,0,7,8,20,2
2026-05-19,S05,P334,8.0,25,4,29,20,2
2026-05-20,S05,P334,29.0,0,3,26,20,2
2026-05-21,S05,P334,26.0,0,6,20,20,2
2026-05-22,S05,P334,20.0,0,8,12,20,2
2026-05-23,S05,P334,12.0,20,10,22,20,2
2026-05-24,S05,P334,22.0,0,9,13,20,2
2026-05-25,S05,P334,13.0,0,5,8,20,2
2026-05-26,S05,P334,8.0,27,11,24,20,2
2026-05-27,S05,P334,24.0,0,4,20,20,2
2026-05-28,S05,P334,20.0,0,4,16,20,2
2026-05-29,S05,P334,16.0,20,5,31,20,2
2026-05-30,S05,P334,31.0,0,15,16,20,2
2026-05-31,S05,P334,16.0,0,16,0,20,2
2026-06-01,S05,P334,0.0,24,10,14,20,2
2026-06-02,S05,P334,14.0,0,14,0,20,2
2026-06-03,S05,P334,0.0,26,15,11,20,2
2026-06-04,S05,P334,11.0,0,4,7,20,2
2026-06-05,S05,P334,7.0,29,5,31,20,2
2026-06-06,S05,P334,31.0,0,10,21,20,2
2026-06-07,S05,P334,21.0,0,10,11,20,2
2026-06-08,S05,P334,11.0,0,8,3,20,2
2026-06-09,S05,P334,3.0,29,8,24,20,2
2026-06-10,S05,P334,24.0,0,6,18,20,2
2026-06-11,S05,P334,18.0,0,7,11,20,2
2026-06-12,S05,P334,11.0,22,6,27,20,2
2026-06-13,S05,P334,27.0,0,5,22,20,2
2026-06-14,S05,P334,22.0,0,7,15,20,2
2026-06-15,S05,P334,15.0,0,7,8,20,2
2026-06-16,S05,P334,8.0,25,9,24,20,2
2026-06-17,S05,P334,24.0,0,3,21,20,2
2026-06-18,S05,P334,21.0,0,11,10,20,2
2026-06-19,S05,P334,10.0,0,5,5,20,2
2026-06-20,S05,P334,5.0,30,11,24,20,2
2026-06-21,S05,P334,24.0,0,15,9,20,2
2026-06-22,S05,P334,9.0,0,9,0,20,2
2026-06-23,S05,P334,0.0,31,12,19,20,2
2026-06-24,S05,P334,19.0,0,7,12,20,2
2026-06-25,S05,P334,12.0,21,3,30,20,2
2026-06-26,S05,P334,30.0,0,6,24,20,2
2026-06-27,S05,P334,24.0,0,10,14,20,2
2026-06-28,S05,P334,14.0,0,14,0,20,2
2026-06-29,S05,P334,0.0,26,6,20,20,2
2026-06-30,S05,P334,20.0,0,11,9,20,2
2026-07-01,S05,P334,9.0,20,6,23,20,2
2026-07-02,S05,P334,23.0,0,5,18,20,2
2026-07-03,S05,P334,18.0,0,4,14,20,2
2026-07-04,S05,P334,14.0,22,7,29,20,2
2026-07-05,S05,P334,29.0,0,11,18,20,2
2026-07-06,S05,P334,18.0,0,5,13,20,2
2026-07-07,S05,P334,13.0,0,7,6,20,2
2026-07-08,S05,P334,6.0,22,10,18,20,2
2026-07-09,S05,P334,18.0,0,6,12,20,2
2026-07-10,S05,P334,12.0,22,2,32,20,2
2026-07-11,S05,P334,32.0,0,8,24,20,2
2026-07-12,S05,P334,24.0,0,3,21,20,2
2026-07-13,S05,P334,21.0,0,2,19,20,2
2026-07-14,S05,P334,19.0,0,2,17,20,2
2026-07-15,S05,P334,17.0,21,4,34,20,2
2026-07-16,S05,P334,34.0,0,10,24,20,2
2026-07-17,S05,P334,24.0,0,8,16,20,2
2026-07-18,S05,P334,16.0,0,12,4,20,2
2026-07-19,S05,P334,4.0,24,13,15,20,2
2026-07-20,S05,P334,15.0,0,9,6,20,2
2026-07-21,S05,P334,6.0,25,11,20,20,2
2026-07-22,S05,P334,20.0,0,4,16,20,2
2026-07-23,S05,P334,16.0,0,3,13,20,2
2026-07-24,S05,P334,13.0,0,8,5,20,2
2026-07-25,S05,P334,5.0,20,8,17,20,2
2026-07-26,S05,P334,17.0,0,4,13,20,2
2026-07-27,S05,P334,13.0,0,2,11,20,2
2026-07-28,S05,P334,11.0,23,9,25,20,2
2026-07-29,S05,P334,25.0,0,5,20,20,2
2026-07-30,S05,P334,20.0,0,5,15,20,2
2026-07-31,S05,P334,15.0,20,5,30,20,2
2026-08-01,S05,P334,30.0,0,9,21,20,2
2026-08-02,S05,P334,21.0,0,5,16,20,2
2026-08-03,S05,P334,16.0,0,3,13,20,2
2026-08-04,S05,P334,13.0,24,5,32,20,2
2026-08-05,S05,P334,32.0,0,7,25,20,2
2026-08-06,S05,P334,25.0,0,5,20,20,2
2026-08-07,S05,P334,20.0,0,8,12,20,2
2026-08-08,S05,P334,12.0,20,8,24,20,2
2026-08-09,S05,P334,24.0,0,7,17,20,2
2026-08-10,S05,P334,17.0,0,8,9,20,2
2026-08-11,S05,P334,9.0,23,6,26,20,2
2026-08-12,S05,P334,26.0,0,6,20,20,2
2026-08-13,S05,P334,20.0,0,13,7,20,2
2026-08-14,S05,P334,7.0,20,4,23,20,2
2026-08-15,S05,P334,23.0,0,10,13,20,2
2026-08-16,S05,P334,13.0,0,3,10,20,2
2026-08-17,S05,P334,10.0,27,12,25,20,2
2026-08-18,S05,P334,25.0,0,2,23,20,2
2026-08-19,S05,P334,23.0,0,5,18,20,2
2026-08-20,S05,P334,18.0,0,4,14,20,2
2026-08-21,S05,P334,14.0,22,10,26,20,2
2026-08-22,S05,P334,26.0,0,4,22,20,2
2026-08-23,S05,P334,22.0,0,8,14,20,2
2026-08-24,S05,P334,14.0,0,3,-20,20,2
2026-08-25,S05,P334,11.0,26,8,29,20,2
2026-08-26,S05,P334,29.0,0,6,23,20,2
2026-08-27,S05,P334,23.0,0,3,20,20,2
2026-08-28,S05,P334,20.0,0,3,17,20,2
2026-08-29,S05,P334,17.0,20,1,36,20,2
2026-08-30,S05,P334,36.0,0,14,22,20,2
2026-08-31,S05,P334,22.0,0,10,12,20,2
2026-05-01,S05,P443,147.0,0,34,113,83,3
2026-05-02,S05,P443,113.0,0,19,94,83,3
2026-05-03,S05,P443,94.0,0,21,73,83,3
2026-05-04,S05,P443,73.0,0,19,54,83,3
2026-05-05,S05,P443,54.0,0,23,31,83,3
2026-05-06,S05,P443,31.0,74,32,73,83,3
2026-05-07,S05,P443,73.0,0,13,60,83,3
2026-05-08,S05,P443,60.0,0,17,43,83,3
2026-05-09,S05,P443,43.0,74,15,102,83,3
2026-05-10,S05,P443,102.0,0,27,75,83,3
2026-05-11,S05,P443,75.0,0,33,42,83,3
2026-05-12,S05,P443,42.0,0,26,16,83,3
2026-05-13,S05,P443,16.0,72,28,60,83,3
2026-05-14,S05,P443,60.0,0,32,28,83,3
2026-05-15,S05,P443,28.0,0,26,2,83,3
2026-05-16,S05,P443,2.0,87,31,58,83,3
2026-05-17,S05,P443,58.0,0,15,43,83,3
2026-05-18,S05,P443,43.0,0,13,30,83,3
2026-05-19,S05,P443,30.0,0,21,9,83,3
2026-05-20,S05,P443,9.0,89,9,89,83,3
2026-05-21,S05,P443,89.0,0,16,73,83,3
2026-05-22,S05,P443,73.0,0,25,48,83,3
2026-05-23,S05,P443,48.0,0,26,22,83,3
2026-05-24,S05,P443,22.0,74,23,73,83,3
2026-05-25,S05,P443,73.0,0,22,51,83,3
2026-05-26,S05,P443,51.0,0,31,20,83,3
2026-05-27,S05,P443,20.0,74,29,65,83,3
2026-05-28,S05,P443,65.0,0,16,49,83,3
2026-05-29,S05,P443,49.0,0,17,32,83,3
2026-05-30,S05,P443,32.0,82,8,106,83,3
2026-05-31,S05,P443,106.0,0,23,83,83,3
2026-06-01,S05,P443,83.0,0,12,71,83,3
2026-06-02,S05,P443,71.0,0,37,34,83,3
2026-06-03,S05,P443,34.0,64,28,70,83,3
2026-06-04,S05,P443,70.0,0,27,43,83,3
2026-06-05,S05,P443,43.0,0,13,30,83,3
2026-06-06,S05,P443,30.0,0,22,8,83,3
2026-06-07,S05,P443,8.0,0,8,-18,83,3
2026-06-08,S05,P443,0.0,77,13,64,83,3
2026-06-09,S05,P443,64.0,0,18,46,83,3
2026-06-10,S05,P443,46.0,70,17,99,83,3
2026-06-11,S05,P443,99.0,0,25,74,83,3
2026-06-12,S05,P443,74.0,0,21,53,83,3
2026-06-13,S05,P443,53.0,0,22,31,83,3
2026-06-14,S05,P443,31.0,73,15,89,83,3
2026-06-15,S05,P443,89.0,0,22,67,83,3
2026-06-16,S05,P443,67.0,0,16,51,83,3
2026-06-17,S05,P443,51.0,0,9,42,83,3
2026-06-18,S05,P443,42.0,80,25,97,83,3
2026-06-19,S05,P443,97.0,0,26,71,83,3
2026-06-20,S05,P443,71.0,0,30,41,83,3
2026-06-21,S05,P443,41.0,0,41,0,83,3
2026-06-22,S05,P443,0.0,76,33,43,83,3
2026-06-23,S05,P443,43.0,0,33,10,83,3
2026-06-24,S05,P443,10.0,71,21,60,83,3
2026-06-25,S05,P443,60.0,0,10,50,83,3
2026-06-26,S05,P443,50.0,66,20,96,83,3
2026-06-27,S05,P443,96.0,0,21,75,83,3
2026-06-28,S05,P443,75.0,0,28,47,83,3
2026-06-29,S05,P443,47.0,0,13,34,83,3
2026-06-30,S05,P443,34.0,72,26,80,83,3
2026-07-01,S05,P443,80.0,0,12,68,83,3
2026-07-02,S05,P443,68.0,0,16,52,83,3
2026-07-03,S05,P443,52.0,67,31,88,83,3
2026-07-04,S05,P443,88.0,0,31,57,83,3
2026-07-05,S05,P443,57.0,0,17,40,83,3
2026-07-06,S05,P443,40.0,0,15,25,83,3
2026-07-07,S05,P443,25.0,90,58,57,83,3
2026-07-08,S05,P443,57.0,0,27,30,83,3
2026-07-09,S05,P443,30.0,0,26,4,83,3
2026-07-10,S05,P443,4.0,90,38,56,83,3
2026-07-11,S05,P443,56.0,0,56,0,83,3
2026-07-12,S05,P443,0.0,0,0,0,83,3
2026-07-13,S05,P443,0.0,91,18,73,83,3
2026-07-14,S05,P443,73.0,0,13,60,83,3
2026-07-15,S05,P443,60.0,0,11,49,83,3
2026-07-16,S05,P443,49.0,74,21,102,83,3
2026-07-17,S05,P443,102.0,0,18,84,83,3
2026-07-18,S05,P443,84.0,0,26,58,83,3
2026-07-19,S05,P443,58.0,0,16,42,83,3
2026-07-20,S05,P443,42.0,0,15,27,83,3
2026-07-21,S05,P443,27.0,89,6,110,83,3
2026-07-22,S05,P443,110.0,0,25,85,83,3
2026-07-23,S05,P443,85.0,0,14,71,83,3
2026-07-24,S05,P443,71.0,0,17,54,83,3
2026-07-25,S05,P443,54.0,0,15,39,83,3
2026-07-26,S05,P443,39.0,76,17,98,83,3
2026-07-27,S05,P443,98.0,0,24,74,83,3
2026-07-28,S05,P443,74.0,0,27,47,83,3
2026-07-29,S05,P443,47.0,0,27,20,83,3
2026-07-30,S05,P443,20.0,73,33,60,83,3
2026-07-31,S05,P443,60.0,0,14,46,83,3
2026-08-01,S05,P443,46.0,0,18,28,83,3
2026-08-02,S05,P443,28.0,87,23,92,83,3
2026-08-03,S05,P443,92.0,0,15,77,83,3
2026-08-04,S05,P443,77.0,0,18,59,83,3
2026-08-05,S05,P443,59.0,0,19,40,83,3
2026-08-06,S05,P443,40.0,70,26,84,83,3
2026-08-07,S05,P443,84.0,0,13,71,83,3
2026-08-08,S05,P443,71.0,0,38,33,83,3
2026-08-09,S05,P443,33.0,0,11,22,83,3
2026-08-10,S05,P443,22.0,76,24,74,83,3
2026-08-11,S05,P443,74.0,0,28,46,83,3
2026-08-12,S05,P443,46.0,0,22,24,83,3
2026-08-13,S05,P443,24.0,73,36,61,83,3
2026-08-14,S05,P443,61.0,0,33,28,83,3
2026-08-15,S05,P443,28.0,0,28,0,83,3
2026-08-16,S05,P443,0.0,86,16,65,83,3
2026-08-17,S05,P443,70.0,0,18,52,83,3
2026-08-18,S05,P443,52.0,0,23,29,83,3
2026-08-19,S05,P443,29.0,0,12,17,83,3
2026-08-20,S05,P443,17.0,77,27,67,83,3
2026-08-21,S05,P443,67.0,0,21,46,83,3
2026-08-22,S05,P443,46.0,0,40,6,83,3
2026-08-23,S05,P443,6.0,0,6,0,83,3
2026-08-24,S05,P443,0.0,80,20,60,83,3
2026-08-25,S05,P443,60.0,0,19,41,83,3
2026-08-26,S05,P443,41.0,67,46,62,83,3
2026-08-27,S05,P443,62.0,0,16,46,83,3
2026-08-28,S05,P443,46.0,0,24,22,83,3
2026-08-29,S05,P443,22.0,85,22,85,83,3
2026-08-30,S05,P443,85.0,0,17,68,83,3
2026-08-31,S05,P443,68.0,0,31,37,83,3
2026-05-01,S05,P444,67.0,0,6,61,37,3
2026-05-02,S05,P444,61.0,0,8,53,37,3
2026-05-03,S05,P444,53.0,0,12,41,37,3
2026-05-04,S05,P444,41.0,0,7,34,37,3
2026-05-05,S05,P444,34.0,0,8,26,37,3
2026-05-06,S05,P444,26.0,0,10,16,37,3
2026-05-07,S05,P444,16.0,33,8,41,37,3
2026-05-08,S05,P444,41.0,0,14,27,37,3
2026-05-09,S05,P444,27.0,0,9,18,37,3
2026-05-10,S05,P444,18.0,0,9,9,37,3
2026-05-11,S05,P444,9.0,40,13,36,37,3
2026-05-12,S05,P444,36.0,0,10,26,37,3
2026-05-13,S05,P444,26.0,0,8,18,37,3
2026-05-14,S05,P444,18.0,31,6,43,37,3
2026-05-15,S05,P444,43.0,0,6,37,37,3
2026-05-16,S05,P444,37.0,0,12,25,37,3
2026-05-17,S05,P444,25.0,0,9,16,37,3
2026-05-18,S05,P444,16.0,30,19,27,37,3
2026-05-19,S05,P444,27.0,0,7,20,37,3
2026-05-20,S05,P444,20.0,0,6,14,37,3
2026-05-21,S05,P444,14.0,40,7,47,37,3
2026-05-22,S05,P444,47.0,0,10,37,37,3
2026-05-23,S05,P444,37.0,0,12,25,37,3
2026-05-24,S05,P444,25.0,0,13,12,37,3
2026-05-25,S05,P444,12.0,30,10,32,37,3
2026-05-26,S05,P444,32.0,0,7,-10,37,3
2026-05-27,S05,P444,25.0,0,13,12,37,3
2026-05-28,S05,P444,12.0,35,9,38,37,3
2026-05-29,S05,P444,38.0,0,8,30,37,3
2026-05-30,S05,P444,30.0,0,18,12,37,3
2026-05-31,S05,P444,12.0,0,10,2,37,3
2026-06-01,S05,P444,2.0,37,8,31,37,3
2026-06-02,S05,P444,31.0,0,10,21,37,3
2026-06-03,S05,P444,21.0,0,14,7,37,3
2026-06-04,S05,P444,7.0,36,8,35,37,3
2026-06-05,S05,P444,35.0,0,6,29,37,3
2026-06-06,S05,P444,29.0,0,8,21,37,3
2026-06-07,S05,P444,21.0,32,15,38,37,3
2026-06-08,S05,P444,38.0,0,8,30,37,3
2026-06-09,S05,P444,30.0,0,8,22,37,3
2026-06-10,S05,P444,22.0,0,12,10,37,3
2026-06-11,S05,P444,10.0,37,10,37,37,3
2026-06-12,S05,P444,37.0,0,10,27,37,3
2026-06-13,S05,P444,27.0,0,20,7,37,3
2026-06-14,S05,P444,7.0,30,22,15,37,3
2026-06-15,S05,P444,15.0,0,9,6,37,3
2026-06-16,S05,P444,6.0,30,11,25,37,3
2026-06-17,S05,P444,25.0,0,16,9,37,3
2026-06-18,S05,P444,9.0,31,7,33,37,3
2026-06-19,S05,P444,33.0,0,16,17,37,3
2026-06-20,S05,P444,17.0,0,10,7,37,3
2026-06-21,S05,P444,7.0,34,13,28,37,3
2026-06-22,S05,P444,28.0,0,14,14,37,3
2026-06-23,S05,P444,14.0,0,5,9,37,3
2026-06-24,S05,P444,9.0,39,7,41,37,3
2026-06-25,S05,P444,41.0,0,3,38,37,3
2026-06-26,S05,P444,38.0,0,12,26,37,3
2026-06-27,S05,P444,26.0,0,10,16,37,3
2026-06-28,S05,P444,16.0,0,15,1,37,3
2026-06-29,S05,P444,1.0,41,14,28,37,3
2026-06-30,S05,P444,28.0,0,9,19,37,3
2026-07-01,S05,P444,19.0,0,10,9,37,3
2026-07-02,S05,P444,9.0,39,12,36,37,3
2026-07-03,S05,P444,36.0,0,7,29,37,3
2026-07-04,S05,P444,29.0,0,11,18,37,3
2026-07-05,S05,P444,18.0,31,12,37,37,3
2026-07-06,S05,P444,37.0,0,3,34,37,3
2026-07-07,S05,P444,34.0,0,9,25,37,3
2026-07-08,S05,P444,25.0,30,9,46,37,3
2026-07-09,S05,P444,46.0,0,14,32,37,3
2026-07-10,S05,P444,32.0,0,8,24,37,3
2026-07-11,S05,P444,24.0,0,12,12,37,3
2026-07-12,S05,P444,12.0,0,12,39,37,3
2026-07-13,S05,P444,0.0,35,9,26,37,3
2026-07-14,S05,P444,26.0,0,10,16,37,3
2026-07-15,S05,P444,16.0,32,8,40,37,3
2026-07-16,S05,P444,40.0,0,17,23,37,3
2026-07-17,S05,P444,23.0,0,10,13,37,3
2026-07-18,S05,P444,13.0,0,13,0,37,3
2026-07-19,S05,P444,0.0,44,18,26,37,3
2026-07-20,S05,P444,26.0,0,10,16,37,3
2026-07-21,S05,P444,16.0,0,14,2,37,3
2026-07-22,S05,P444,2.0,41,15,28,37,3
2026-07-23,S05,P444,28.0,0,5,23,37,3
2026-07-24,S05,P444,23.0,0,7,16,37,3
2026-07-25,S05,P444,16.0,39,10,45,37,3
2026-07-26,S05,P444,45.0,0,8,37,37,3
2026-07-27,S05,P444,37.0,0,16,21,37,3
2026-07-28,S05,P444,21.0,0,15,6,37,3
2026-07-29,S05,P444,6.0,30,13,23,37,3
2026-07-30,S05,P444,23.0,0,2,21,37,3
2026-07-31,S05,P444,21.0,31,6,46,37,3
2026-08-01,S05,P444,46.0,0,12,34,37,3
2026-08-02,S05,P444,34.0,0,14,20,37,3
2026-08-03,S05,P444,20.0,0,8,12,37,3
2026-08-04,S05,P444,12.0,33,11,34,37,3
2026-08-05,S05,P444,34.0,0,6,28,37,3
2026-08-06,S05,P444,28.0,0,6,22,37,3
2026-08-07,S05,P444,22.0,33,7,48,37,3
2026-08-08,S05,P444,48.0,0,11,37,37,3
2026-08-09,S05,P444,37.0,0,11,26,37,3
2026-08-10,S05,P444,26.0,0,15,11,37,3
2026-08-11,S05,P444,11.0,30,11,30,37,3
2026-08-12,S05,P444,30.0,0,17,13,37,3
2026-08-13,S05,P444,13.0,0,11,2,37,3
2026-08-14,S05,P444,2.0,37,8,31,37,3
2026-08-15,S05,P444,31.0,0,23,8,37,3
2026-08-16,S05,P444,8.0,0,8,0,37,3
2026-08-17,S05,P444,0.0,36,3,33,37,3
2026-08-18,S05,P444,33.0,0,6,27,37,3
2026-08-19,S05,P444,27.0,31,11,47,37,3
2026-08-20,S05,P444,47.0,0,7,40,37,3
2026-08-21,S05,P444,40.0,0,21,19,37,3
2026-08-22,S05,P444,19.0,0,19,0,37,3
2026-08-23,S05,P444,0.0,0,0,0,37,3
2026-08-24,S05,P444,0.0,48,25,23,37,3
2026-08-25,S05,P444,23.0,0,15,8,37,3
2026-08-26,S05,P444,8.0,0,8,0,37,3
2026-08-27,S05,P444,0.0,44,15,29,37,3
2026-08-28,S05,P444,29.0,0,11,18,37,3
2026-08-29,S05,P444,18.0,0,9,9,37,3
2026-08-30,S05,P444,9.0,38,11,36,37,3
2026-08-31,S05,P444,36.0,0,8,28,37,3
2026-05-01,S05,P446,137.0,0,24,113,77,3
2026-05-02,S05,P446,113.0,0,27,86,77,3
2026-05-03,S05,P446,86.0,0,24,62,77,3
2026-05-04,S05,P446,62.0,0,12,50,77,3
2026-05-05,S05,P446,50.0,0,9,41,77,3
2026-05-06,S05,P446,41.0,0,8,33,77,3
2026-05-07,S05,P446,33.0,75,16,92,77,3
2026-05-08,S05,P446,92.0,0,16,76,77,3
2026-05-09,S05,P446,76.0,0,42,34,77,3
2026-05-10,S05,P446,34.0,0,34,0,77,3
2026-05-11,S05,P446,0.0,61,18,43,77,3
2026-05-12,S05,P446,43.0,0,26,17,77,3
2026-05-13,S05,P446,17.0,76,7,86,77,3
2026-05-14,S05,P446,86.0,0,21,65,77,3
2026-05-15,S05,P446,65.0,0,20,45,77,3
2026-05-16,S05,P446,45.0,0,18,27,77,3
2026-05-17,S05,P446,27.0,72,29,70,77,3
2026-05-18,S05,P446,70.0,0,19,51,77,3
2026-05-19,S05,P446,51.0,0,14,37,77,3
2026-05-20,S05,P446,37.0,67,20,84,77,3
2026-05-21,S05,P446,84.0,0,15,69,77,3
2026-05-22,S05,P446,69.0,0,24,45,77,3
2026-05-23,S05,P446,45.0,0,20,25,77,3
2026-05-24,S05,P446,25.0,0,16,9,77,3
2026-05-25,S05,P446,9.0,68,15,62,77,3
2026-05-26,S05,P446,62.0,0,20,42,77,3
2026-05-27,S05,P446,42.0,60,20,82,77,3
2026-05-28,S05,P446,82.0,0,16,66,77,3
2026-05-29,S05,P446,66.0,0,10,56,77,3
2026-05-30,S05,P446,56.0,0,18,38,77,3
2026-05-31,S05,P446,38.0,71,17,92,77,3
2026-06-01,S05,P446,92.0,0,18,74,77,3
2026-06-02,S05,P446,74.0,0,18,56,77,3
2026-06-03,S05,P446,56.0,0,17,39,77,3
2026-06-04,S05,P446,39.0,0,17,22,77,3
2026-06-05,S05,P446,22.0,63,24,61,77,3
2026-06-06,S05,P446,61.0,0,15,46,77,3
2026-06-07,S05,P446,46.0,0,8,38,77,3
2026-06-08,S05,P446,38.0,76,16,98,77,3
2026-06-09,S05,P446,98.0,0,22,76,77,3
2026-06-10,S05,P446,76.0,0,20,56,77,3
2026-06-11,S05,P446,56.0,0,11,45,77,3
2026-06-12,S05,P446,45.0,61,27,79,77,3
2026-06-13,S05,P446,79.0,0,28,51,77,3
2026-06-14,S05,P446,51.0,0,50,1,77,3
2026-06-15,S05,P446,1.0,0,1,0,77,3
2026-06-16,S05,P446,0.0,86,20,66,77,3
2026-06-17,S05,P446,66.0,0,6,60,77,3
2026-06-18,S05,P446,60.0,0,8,52,77,3
2026-06-19,S05,P446,52.0,71,19,104,77,3
2026-06-20,S05,P446,104.0,0,18,86,77,3
2026-06-21,S05,P446,86.0,0,18,68,77,3
2026-06-22,S05,P446,68.0,0,13,55,77,3
2026-06-23,S05,P446,55.0,0,12,43,77,3
2026-06-24,S05,P446,43.0,69,17,95,77,3
2026-06-25,S05,P446,95.0,0,21,74,77,3
2026-06-26,S05,P446,74.0,0,24,50,77,3
2026-06-27,S05,P446,50.0,0,27,23,77,3
2026-06-28,S05,P446,23.0,63,14,72,77,3
2026-06-29,S05,P446,72.0,0,18,54,77,3
2026-06-30,S05,P446,54.0,0,12,42,77,3
2026-07-01,S05,P446,42.0,0,20,15,77,3
2026-07-02,S05,P446,22.0,65,15,72,77,3
2026-07-03,S05,P446,72.0,0,12,60,77,3
2026-07-04,S05,P446,60.0,0,39,21,77,3
2026-07-05,S05,P446,21.0,65,29,57,77,3
2026-07-06,S05,P446,57.0,0,19,38,77,3
2026-07-07,S05,P446,38.0,0,17,21,77,3
2026-07-08,S05,P446,21.0,80,22,79,77,3
2026-07-09,S05,P446,79.0,0,22,57,77,3
2026-07-10,S05,P446,57.0,0,6,51,77,3
2026-07-11,S05,P446,51.0,0,18,33,77,3
2026-07-12,S05,P446,33.0,80,12,101,77,3
2026-07-13,S05,P446,101.0,0,10,91,77,3
2026-07-14,S05,P446,91.0,0,11,80,77,3
2026-07-15,S05,P446,80.0,0,15,65,77,3
2026-07-16,S05,P446,65.0,0,20,45,77,3
2026-07-17,S05,P446,45.0,0,14,31,77,3
2026-07-18,S05,P446,31.0,0,24,7,77,3
2026-07-19,S05,P446,7.0,72,21,58,77,3
2026-07-20,S05,P446,58.0,0,10,48,77,3
2026-07-21,S05,P446,48.0,0,16,32,77,3
2026-07-22,S05,P446,32.0,79,19,92,77,3
2026-07-23,S05,P446,92.0,0,16,76,77,3
2026-07-24,S05,P446,76.0,0,16,-4,77,3
2026-07-25,S05,P446,60.0,0,39,21,77,3
2026-07-26,S05,P446,21.0,0,21,0,77,3
2026-07-27,S05,P446,0.0,61,22,39,77,3
2026-07-28,S05,P446,39.0,0,14,25,77,3
2026-07-29,S05,P446,25.0,76,21,80,77,3
2026-07-30,S05,P446,80.0,0,30,50,77,3
2026-07-31,S05,P446,50.0,0,21,29,77,3
2026-08-01,S05,P446,29.0,0,29,0,77,3
2026-08-02,S05,P446,0.0,87,38,49,77,3
2026-08-03,S05,P446,49.0,0,24,25,77,3
2026-08-04,S05,P446,25.0,0,15,10,77,3
2026-08-05,S05,P446,10.0,88,15,83,77,3
2026-08-06,S05,P446,83.0,0,10,73,77,3
2026-08-07,S05,P446,73.0,0,19,54,77,3
2026-08-08,S05,P446,54.0,0,28,26,77,3
2026-08-09,S05,P446,26.0,64,19,71,77,3
2026-08-10,S05,P446,71.0,0,17,54,77,3
2026-08-11,S05,P446,54.0,0,10,44,77,3
2026-08-12,S05,P446,44.0,66,22,88,77,3
2026-08-13,S05,P446,88.0,0,24,64,77,3
2026-08-14,S05,P446,64.0,0,13,51,77,3
2026-08-15,S05,P446,51.0,0,51,0,77,3
2026-08-16,S05,P446,0.0,73,16,57,77,3
2026-08-17,S05,P446,57.0,0,18,39,77,3
2026-08-18,S05,P446,39.0,64,23,80,77,3
2026-08-19,S05,P446,80.0,0,15,65,77,3
2026-08-20,S05,P446,65.0,0,23,42,77,3
2026-08-21,S05,P446,42.0,0,32,10,77,3
2026-08-22,S05,P446,10.0,72,21,61,77,3
2026-08-23,S05,P446,61.0,0,26,35,77,3
2026-08-24,S05,P446,35.0,0,33,2,77,3
2026-08-25,S05,P446,2.0,76,13,65,77,3
2026-08-26,S05,P446,65.0,0,39,26,77,3
2026-08-27,S05,P446,26.0,0,17,9,77,3
2026-08-28,S05,P446,9.0,72,15,66,77,3
2026-08-29,S05,P446,66.0,0,15,51,77,3
2026-08-30,S05,P446,51.0,0,29,22,77,3
2026-08-31,S05,P446,22.0,71,4,89,77,3
2026-05-01,S05,P501,115.0,0,9,106,64,3
2026-05-02,S05,P501,106.0,0,15,91,64,3
2026-05-03,S05,P501,91.0,0,17,74,64,3
2026-05-04,S05,P501,74.0,0,6,68,64,3
2026-05-05,S05,P501,68.0,0,10,58,64,3
2026-05-06,S05,P501,58.0,0,7,51,64,3
2026-05-07,S05,P501,51.0,0,9,42,64,3
2026-05-08,S05,P501,42.0,57,18,81,64,3
2026-05-09,S05,P501,81.0,0,15,66,64,3
2026-05-10,S05,P501,66.0,0,14,52,64,3
2026-05-11,S05,P501,52.0,0,10,42,64,3
2026-05-12,S05,P501,42.0,0,18,24,64,3
2026-05-13,S05,P501,24.0,63,12,75,64,3
2026-05-14,S05,P501,75.0,0,18,69,64,3
2026-05-15,S05,P501,57.0,0,25,32,64,3
2026-05-16,S05,P501,32.0,0,20,12,64,3
2026-05-17,S05,P501,12.0,58,21,49,64,3
2026-05-18,S05,P501,49.0,0,15,34,64,3
2026-05-19,S05,P501,34.0,0,15,19,64,3
2026-05-20,S05,P501,19.0,66,25,60,64,3
2026-05-21,S05,P501,60.0,0,15,45,64,3
2026-05-22,S05,P501,45.0,0,8,37,64,3
2026-05-23,S05,P501,37.0,0,21,16,64,3
2026-05-24,S05,P501,16.0,55,25,46,64,3
2026-05-25,S05,P501,46.0,0,14,32,64,3
2026-05-26,S05,P501,32.0,0,14,18,64,3
2026-05-27,S05,P501,18.0,69,17,70,64,3
2026-05-28,S05,P501,70.0,0,10,60,64,3
2026-05-29,S05,P501,60.0,0,15,45,64,3
2026-05-30,S05,P501,45.0,0,16,29,64,3
2026-05-31,S05,P501,29.0,55,14,70,64,3
2026-06-01,S05,P501,70.0,0,18,52,64,3
2026-06-02,S05,P501,52.0,0,11,41,64,3
2026-06-03,S05,P501,41.0,0,12,29,64,3
2026-06-04,S05,P501,29.0,63,21,71,64,3
2026-06-05,S05,P501,71.0,0,11,60,64,3
2026-06-06,S05,P501,60.0,0,13,47,64,3
2026-06-07,S05,P501,47.0,0,17,30,64,3
2026-06-08,S05,P501,30.0,55,19,66,64,3
2026-06-09,S05,P501,66.0,0,30,36,64,3
2026-06-10,S05,P501,36.0,0,33,3,64,3
2026-06-11,S05,P501,3.0,0,3,0,64,3
2026-06-12,S05,P501,0.0,79,12,67,64,3
2026-06-13,S05,P501,67.0,0,14,53,64,3
2026-06-14,S05,P501,53.0,0,23,30,64,3
2026-06-15,S05,P501,30.0,0,12,18,64,3
2026-06-16,S05,P501,18.0,62,15,65,64,3
2026-06-17,S05,P501,65.0,0,15,50,64,3
2026-06-18,S05,P501,50.0,0,15,35,64,3
2026-06-19,S05,P501,35.0,0,9,26,64,3
2026-06-20,S05,P501,26.0,0,26,-32,64,3
2026-06-21,S05,P501,0.0,65,15,50,64,3
2026-06-22,S05,P501,50.0,0,11,39,64,3
2026-06-23,S05,P501,39.0,0,22,17,64,3
2026-06-24,S05,P501,17.0,65,9,73,64,3
2026-06-25,S05,P501,73.0,0,11,62,64,3
2026-06-26,S05,P501,62.0,0,29,33,64,3
2026-06-27,S05,P501,33.0,0,30,3,64,3
2026-06-28,S05,P501,3.0,0,3,0,64,3
2026-06-29,S05,P501,0.0,0,0,0,64,3
2026-06-30,S05,P501,0.0,112,15,97,64,3
2026-07-01,S05,P501,97.0,0,10,87,64,3
2026-07-02,S05,P501,87.0,0,22,65,64,3
2026-07-03,S05,P501,65.0,0,7,58,64,3
2026-07-04,S05,P501,58.0,0,15,43,64,3
2026-07-05,S05,P501,43.0,0,9,34,64,3
2026-07-06,S05,P501,34.0,57,5,86,64,3
2026-07-07,S05,P501,86.0,0,14,72,64,3
2026-07-08,S05,P501,72.0,0,12,60,64,3
2026-07-09,S05,P501,60.0,0,16,44,64,3
2026-07-10,S05,P501,44.0,0,11,33,64,3
2026-07-11,S05,P501,33.0,0,10,23,64,3
2026-07-12,S05,P501,23.0,55,17,61,64,3
2026-07-13,S05,P501,61.0,0,6,55,64,3
2026-07-14,S05,P501,55.0,0,16,39,64,3
2026-07-15,S05,P501,39.0,54,15,78,64,3
2026-07-16,S05,P501,78.0,0,10,68,64,3
2026-07-17,S05,P501,68.0,0,12,56,64,3
2026-07-18,S05,P501,56.0,0,17,39,64,3
2026-07-19,S05,P501,39.0,0,7,32,64,3
2026-07-20,S05,P501,32.0,59,10,81,64,3
2026-07-21,S05,P501,81.0,0,16,65,64,3
2026-07-22,S05,P501,65.0,0,14,51,64,3
2026-07-23,S05,P501,51.0,0,13,38,64,3
2026-07-24,S05,P501,38.0,0,13,25,64,3
2026-07-25,S05,P501,25.0,64,7,82,64,3
2026-07-26,S05,P501,82.0,0,9,73,64,3
2026-07-27,S05,P501,73.0,0,16,57,64,3
2026-07-28,S05,P501,57.0,0,19,38,64,3
2026-07-29,S05,P501,38.0,0,20,18,64,3
2026-07-30,S05,P501,18.0,58,10,66,64,3
2026-07-31,S05,P501,66.0,0,9,57,64,3
2026-08-01,S05,P501,57.0,0,23,34,64,3
2026-08-02,S05,P501,34.0,0,18,16,64,3
2026-08-03,S05,P501,16.0,58,24,50,64,3
2026-08-04,S05,P501,50.0,0,28,22,64,3
2026-08-05,S05,P501,22.0,0,21,1,64,3
2026-08-06,S05,P501,1.0,65,14,52,64,3
2026-08-08,S05,P501,36.0,0,11,25,64,3
2026-08-09,S05,P501,25.0,63,16,72,64,3
2026-08-10,S05,P501,72.0,0,14,58,64,3
2026-08-11,S05,P501,58.0,0,17,41,64,3
2026-08-12,S05,P501,41.0,0,18,23,64,3
2026-08-13,S05,P501,23.0,57,17,63,64,3
2026-08-14,S05,P501,63.0,0,12,51,64,3
2026-08-15,S05,P501,51.0,0,21,30,64,3
2026-08-16,S05,P501,30.0,52,12,70,64,3
2026-08-17,S05,P501,70.0,0,12,58,64,3
2026-08-18,S05,P501,58.0,0,13,45,64,3
2026-08-19,S05,P501,45.0,0,14,31,64,3
2026-08-20,S05,P501,31.0,57,17,71,64,3
2026-08-21,S05,P501,71.0,0,26,45,64,3
2026-08-22,S05,P501,45.0,0,23,22,64,3
2026-08-23,S05,P501,22.0,0,18,4,64,3
2026-08-24,S05,P501,4.0,70,30,44,64,3
2026-08-25,S05,P501,44.0,0,18,26,64,3
2026-08-26,S05,P501,26.0,0,26,0,64,3
2026-08-27,S05,P501,0.0,71,21,87,64,3
2026-08-28,S05,P501,50.0,0,19,31,64,3
2026-08-29,S05,P501,31.0,0,8,23,64,3
2026-08-30,S05,P501,23.0,65,24,64,64,3
2026-08-31,S05,P501,64.0,0,15,49,64,3
2026-05-01,S05,P502,81.0,0,17,64,46,3
2026-05-02,S05,P502,64.0,0,10,54,46,3
2026-05-03,S05,P502,54.0,0,7,47,46,3
2026-05-04,S05,P502,47.0,0,11,12,46,3
2026-05-05,S05,P502,36.0,0,2,34,46,3
2026-05-06,S05,P502,34.0,0,10,24,46,3
2026-05-07,S05,P502,24.0,0,8,16,46,3
2026-05-08,S05,P502,16.0,45,16,45,46,3
2026-05-09,S05,P502,45.0,0,13,32,46,3
2026-05-10,S05,P502,32.0,0,9,23,46,3
2026-05-11,S05,P502,23.0,36,7,52,46,3
2026-05-12,S05,P502,52.0,0,9,43,46,3
2026-05-13,S05,P502,43.0,0,17,26,46,3
2026-05-14,S05,P502,26.0,0,14,12,46,3
2026-05-15,S05,P502,12.0,38,20,30,46,3
2026-05-16,S05,P502,30.0,0,9,21,46,3
2026-05-17,S05,P502,21.0,0,11,10,46,3
2026-05-18,S05,P502,10.0,51,10,51,46,3
2026-05-19,S05,P502,51.0,0,10,41,46,3
2026-05-20,S05,P502,41.0,0,10,31,46,3
2026-05-21,S05,P502,31.0,0,6,25,46,3
2026-05-22,S05,P502,25.0,40,15,50,46,3
2026-05-23,S05,P502,50.0,0,16,34,46,3
2026-05-24,S05,P502,34.0,0,7,27,46,3
2026-05-25,S05,P502,27.0,0,9,18,46,3
2026-05-26,S05,P502,18.0,47,8,57,46,3
2026-05-27,S05,P502,57.0,0,5,52,46,3
2026-05-28,S05,P502,52.0,0,22,30,46,3
2026-05-29,S05,P502,30.0,0,15,15,46,3
2026-05-30,S05,P502,15.0,0,15,0,46,3
2026-05-31,S05,P502,0.0,51,27,24,46,3
2026-06-01,S05,P502,24.0,0,23,1,46,3
2026-06-02,S05,P502,1.0,0,1,0,46,3
2026-06-03,S05,P502,0.0,57,13,44,46,3
2026-06-04,S05,P502,44.0,0,13,31,46,3
2026-06-05,S05,P502,31.0,0,11,20,46,3
2026-06-06,S05,P502,20.0,37,11,46,46,3
2026-06-07,S05,P502,46.0,0,7,39,46,3
2026-06-08,S05,P502,39.0,0,7,32,46,3
2026-06-09,S05,P502,32.0,35,4,63,46,3
2026-06-10,S05,P502,63.0,0,11,52,46,3
2026-06-11,S05,P502,52.0,0,8,44,46,3
2026-06-12,S05,P502,44.0,0,11,33,46,3
2026-06-13,S05,P502,33.0,0,12,21,46,3
2026-06-14,S05,P502,21.0,37,10,48,46,3
2026-06-15,S05,P502,48.0,0,9,39,46,3
2026-06-16,S05,P502,39.0,0,6,33,46,3
2026-06-17,S05,P502,33.0,0,12,21,46,3
2026-06-18,S05,P502,21.0,42,14,49,46,3
2026-06-19,S05,P502,49.0,0,15,34,46,3
2026-06-20,S05,P502,34.0,0,8,26,46,3
2026-06-21,S05,P502,26.0,0,26,0,46,3
2026-06-22,S05,P502,0.0,47,14,33,46,3
2026-06-23,S05,P502,33.0,0,14,19,46,3
2026-06-24,S05,P502,19.0,0,19,0,46,3
2026-06-25,S05,P502,0.0,48,45,3,46,3
2026-06-26,S05,P502,3.0,0,3,0,46,3
2026-06-27,S05,P502,0.0,0,0,0,46,3
2026-06-28,S05,P502,0.0,0,0,0,46,3
2026-06-29,S05,P502,0.0,78,12,66,46,3
2026-06-30,S05,P502,66.0,0,4,62,46,3
2026-07-01,S05,P502,62.0,0,10,52,46,3
2026-07-02,S05,P502,52.0,0,13,39,46,3
2026-07-03,S05,P502,39.0,0,15,24,46,3
2026-07-04,S05,P502,24.0,0,5,19,46,3
2026-07-05,S05,P502,19.0,42,12,49,46,3
2026-07-06,S05,P502,49.0,0,15,34,46,3
2026-07-07,S05,P502,34.0,0,10,24,46,3
2026-07-08,S05,P502,24.0,0,1,23,46,3
2026-07-09,S05,P502,23.0,47,10,60,46,3
2026-07-10,S05,P502,60.0,0,12,48,46,3
2026-07-11,S05,P502,48.0,0,7,41,46,3
2026-07-12,S05,P502,41.0,0,16,25,46,3
2026-07-13,S05,P502,25.0,0,14,11,46,3
2026-07-14,S05,P502,11.0,40,15,66,46,3
2026-07-15,S05,P502,36.0,0,18,18,46,3
2026-07-16,S05,P502,18.0,0,18,0,46,3
2026-07-17,S05,P502,0.0,45,12,33,46,3
2026-07-18,S05,P502,33.0,0,14,19,46,3
2026-07-19,S05,P502,19.0,36,13,42,46,3
2026-07-20,S05,P502,42.0,0,16,26,46,3
2026-07-21,S05,P502,26.0,0,7,19,46,3
2026-07-22,S05,P502,19.0,39,9,49,46,3
2026-07-23,S05,P502,49.0,0,5,44,46,3
2026-07-24,S05,P502,44.0,0,6,38,46,3
2026-07-25,S05,P502,38.0,0,13,25,46,3
2026-07-26,S05,P502,25.0,37,8,54,46,3
2026-07-27,S05,P502,54.0,0,11,43,46,3
2026-07-28,S05,P502,43.0,0,11,32,46,3
2026-07-29,S05,P502,32.0,0,16,16,46,3
2026-07-30,S05,P502,16.0,38,10,44,46,3
2026-07-31,S05,P502,44.0,0,18,26,46,3
2026-08-01,S05,P502,26.0,0,11,15,46,3
2026-08-02,S05,P502,15.0,37,18,34,46,3
2026-08-03,S05,P502,34.0,0,12,22,46,3
2026-08-04,S05,P502,22.0,0,10,12,46,3
2026-08-05,S05,P502,12.0,47,12,47,46,3
2026-08-06,S05,P502,47.0,0,11,36,46,3
2026-08-07,S05,P502,36.0,0,11,25,46,3
2026-08-08,S05,P502,25.0,0,16,9,46,3
2026-08-09,S05,P502,9.0,45,24,30,46,3
2026-08-10,S05,P502,30.0,0,6,24,46,3
2026-08-11,S05,P502,24.0,0,14,10,46,3
2026-08-12,S05,P502,10.0,0,10,0,46,3
2026-08-13,S05,P502,0.0,0,0,0,46,3
2026-08-14,S05,P502,0.0,51,25,26,46,3
2026-08-15,S05,P502,26.0,0,26,0,46,3
2026-08-16,S05,P502,0.0,0,0,0,46,3
2026-08-17,S05,P502,0.0,55,24,31,46,3
2026-08-18,S05,P502,31.0,0,11,20,46,3
2026-08-19,S05,P502,20.0,0,11,9,46,3
2026-08-20,S05,P502,9.0,50,21,38,46,3
2026-08-21,S05,P502,38.0,0,13,25,46,3
2026-08-22,S05,P502,25.0,0,25,0,46,3
2026-08-23,S05,P502,0.0,43,12,31,46,3
2026-08-24,S05,P502,31.0,0,14,17,46,3
2026-08-25,S05,P502,17.0,38,29,26,46,3
2026-08-26,S05,P502,26.0,0,21,5,46,3
2026-08-27,S05,P502,5.0,0,5,0,46,3
2026-08-28,S05,P502,0.0,55,10,45,46,3
2026-08-29,S05,P502,45.0,0,9,36,46,3
2026-08-30,S05,P502,36.0,0,12,24,46,3
2026-08-31,S05,P502,24.0,36,12,48,46,3
2026-05-01,S05,P503,74.0,0,10,64,41,3
2026-05-02,S05,P503,64.0,0,7,57,41,3
2026-05-03,S05,P503,57.0,0,11,46,41,3
2026-05-04,S05,P503,46.0,0,9,37,41,3
2026-05-05,S05,P503,37.0,0,12,25,41,3
2026-05-06,S05,P503,25.0,0,5,20,41,3
2026-05-07,S05,P503,20.0,37,14,43,41,3
2026-05-08,S05,P503,43.0,0,7,57,41,3
2026-05-09,S05,P503,36.0,0,17,19,41,3
2026-05-10,S05,P503,19.0,0,13,6,41,3
2026-05-11,S05,P503,6.0,38,7,37,41,3
2026-05-12,S05,P503,37.0,0,10,27,41,3
2026-05-13,S05,P503,27.0,0,10,17,41,3
2026-05-14,S05,P503,17.0,37,14,40,41,3
2026-05-15,S05,P503,40.0,0,7,33,41,3
2026-05-16,S05,P503,33.0,0,23,10,41,3
2026-05-17,S05,P503,10.0,34,6,38,41,3
2026-05-18,S05,P503,38.0,0,23,15,41,3
2026-05-19,S05,P503,15.0,0,14,1,41,3
2026-05-20,S05,P503,1.0,0,1,0,41,3
2026-05-21,S05,P503,0.0,0,0,0,41,3
2026-05-22,S05,P503,0.0,36,27,9,41,3
2026-05-23,S05,P503,9.0,37,11,35,41,3
2026-05-24,S05,P503,35.0,0,16,19,41,3
2026-05-25,S05,P503,19.0,0,11,8,41,3
2026-05-26,S05,P503,8.0,39,13,34,41,3
2026-05-27,S05,P503,34.0,0,14,20,41,3
2026-05-28,S05,P503,20.0,0,15,5,41,3
2026-05-29,S05,P503,5.0,40,10,35,41,3
2026-05-30,S05,P503,35.0,0,13,22,41,3
2026-05-31,S05,P503,22.0,0,22,0,41,3
2026-06-01,S05,P503,0.0,39,12,27,41,3
2026-06-02,S05,P503,27.0,0,10,17,41,3
2026-06-03,S05,P503,17.0,35,6,46,41,3
2026-06-04,S05,P503,46.0,0,8,38,41,3
2026-06-05,S05,P503,38.0,0,5,33,41,3
2026-06-06,S05,P503,33.0,0,9,24,41,3
2026-06-07,S05,P503,24.0,36,34,26,41,3
2026-06-08,S05,P503,26.0,0,13,13,41,3
2026-06-09,S05,P503,13.0,0,13,0,41,3
2026-06-10,S05,P503,0.0,48,9,39,41,3
2026-06-11,S05,P503,39.0,0,11,28,41,3
2026-06-12,S05,P503,28.0,0,4,24,41,3
2026-06-13,S05,P503,24.0,35,8,51,41,3
2026-06-14,S05,P503,51.0,0,16,35,41,3
2026-06-15,S05,P503,35.0,0,9,26,41,3
2026-06-16,S05,P503,26.0,0,7,19,41,3
2026-06-17,S05,P503,19.0,39,11,47,41,3
2026-06-18,S05,P503,47.0,0,10,37,41,3
2026-06-19,S05,P503,37.0,0,14,23,41,3
2026-06-20,S05,P503,23.0,0,11,12,41,3
2026-06-21,S05,P503,12.0,0,12,0,41,3
2026-06-22,S05,P503,0.0,37,10,27,41,3
2026-06-23,S05,P503,27.0,0,10,17,41,3
2026-06-24,S05,P503,17.0,37,8,46,41,3
2026-06-25,S05,P503,46.0,0,18,28,41,3
2026-06-26,S05,P503,28.0,0,6,22,41,3
2026-06-27,S05,P503,22.0,0,13,9,41,3
2026-06-28,S05,P503,9.0,46,11,44,41,3
2026-06-29,S05,P503,44.0,0,7,37,41,3
2026-06-30,S05,P503,37.0,0,19,18,41,3
2026-07-01,S05,P503,18.0,0,15,3,41,3
2026-07-02,S05,P503,3.0,37,6,34,41,3
2026-07-03,S05,P503,34.0,0,11,23,41,3
2026-07-04,S05,P503,23.0,34,19,38,41,3
2026-07-05,S05,P503,38.0,0,11,27,41,3
2026-07-06,S05,P503,27.0,0,21,6,41,3
2026-07-07,S05,P503,6.0,36,10,32,41,3
2026-07-08,S05,P503,32.0,0,9,23,41,3
2026-07-09,S05,P503,23.0,0,13,10,41,3
2026-07-11,S05,P503,39.0,0,12,27,41,3
2026-07-12,S05,P503,27.0,0,18,9,41,3
2026-07-13,S05,P503,9.0,35,9,35,41,3
2026-07-14,S05,P503,35.0,0,9,26,41,3
2026-07-15,S05,P503,26.0,0,6,20,41,3
2026-07-16,S05,P503,20.0,0,8,12,41,3
2026-07-17,S05,P503,12.0,39,8,43,41,3
2026-07-18,S05,P503,43.0,0,15,28,41,3
2026-07-19,S05,P503,28.0,0,5,23,41,3
2026-07-20,S05,P503,23.0,0,11,12,41,3
2026-07-21,S05,P503,12.0,46,13,45,41,3
2026-07-22,S05,P503,45.0,0,8,37,41,3
2026-07-23,S05,P503,37.0,0,18,19,41,3
2026-07-24,S05,P503,19.0,0,19,0,41,3
2026-07-25,S05,P503,0.0,0,0,0,41,3
2026-07-26,S05,P503,0.0,37,11,26,41,3
2026-07-27,S05,P503,26.0,37,11,52,41,3
2026-07-28,S05,P503,52.0,0,12,40,41,3
2026-07-29,S05,P503,40.0,0,9,31,41,3
2026-07-30,S05,P503,31.0,0,8,23,41,3
2026-07-31,S05,P503,23.0,34,14,43,41,3
2026-08-01,S05,P503,43.0,0,14,29,41,3
2026-08-02,S05,P503,29.0,0,19,10,41,3
2026-08-03,S05,P503,10.0,0,10,0,41,3
2026-08-04,S05,P503,0.0,45,5,40,41,3
2026-08-05,S05,P503,40.0,0,16,24,41,3
2026-08-06,S05,P503,24.0,0,17,7,41,3
2026-08-07,S05,P503,7.0,34,12,29,41,3
2026-08-08,S05,P503,29.0,0,15,14,41,3
2026-08-09,S05,P503,14.0,0,14,0,41,3
2026-08-10,S05,P503,0.0,33,13,20,41,3
2026-08-11,S05,P503,20.0,0,9,11,41,3
2026-08-12,S05,P503,11.0,41,11,41,41,3
2026-08-13,S05,P503,41.0,0,18,23,41,3
2026-08-14,S05,P503,23.0,0,9,14,41,3
2026-08-15,S05,P503,14.0,33,20,27,41,3
2026-08-16,S05,P503,27.0,0,13,14,41,3
2026-08-17,S05,P503,14.0,0,14,0,41,3
2026-08-18,S05,P503,0.0,47,16,31,41,3
2026-08-19,S05,P503,31.0,0,7,24,41,3
2026-08-20,S05,P503,24.0,0,24,0,41,3
2026-08-21,S05,P503,0.0,43,16,27,41,3
2026-08-22,S05,P503,27.0,0,17,10,41,3
2026-08-23,S05,P503,10.0,0,10,0,41,3
2026-08-24,S05,P503,0.0,47,22,25,41,3
2026-08-25,S05,P503,25.0,0,20,5,41,3
2026-08-26,S05,P503,5.0,0,5,0,41,3
2026-08-27,S05,P503,0.0,49,9,40,41,3
2026-08-28,S05,P503,40.0,0,11,29,41,3
2026-08-29,S05,P503,29.0,0,4,25,41,3
2026-08-30,S05,P503,25.0,34,9,50,41,3
2026-08-31,S05,P503,50.0,0,11,39,41,3
2026-05-01,S05,P504,56.0,0,7,49,32,3
2026-05-02,S05,P504,49.0,0,6,43,32,3
2026-05-03,S05,P504,43.0,0,8,35,32,3
2026-05-04,S05,P504,35.0,0,7,28,32,3
2026-05-05,S05,P504,28.0,0,4,24,32,3
2026-05-06,S05,P504,24.0,0,5,19,32,3
2026-05-07,S05,P504,19.0,28,8,39,32,3
2026-05-08,S05,P504,39.0,0,8,31,32,3
2026-05-09,S05,P504,31.0,0,9,22,32,3
2026-05-10,S05,P504,22.0,0,12,10,32,3
2026-05-11,S05,P504,10.0,25,11,24,32,3
2026-05-12,S05,P504,24.0,0,8,16,32,3
2026-05-13,S05,P504,16.0,0,7,9,32,3
2026-05-14,S05,P504,9.0,32,6,35,32,3
2026-05-15,S05,P504,35.0,0,11,24,32,3
2026-05-16,S05,P504,24.0,0,10,14,32,3
2026-05-17,S05,P504,14.0,0,14,0,32,3
2026-05-18,S05,P504,0.0,32,10,22,32,3
2026-05-19,S05,P504,22.0,0,5,17,32,3
2026-05-20,S05,P504,17.0,24,7,34,32,3
2026-05-21,S05,P504,34.0,0,9,25,32,3
2026-05-22,S05,P504,25.0,0,5,20,32,3
2026-05-23,S05,P504,20.0,0,7,13,32,3
2026-05-24,S05,P504,13.0,31,9,35,32,3
2026-05-25,S05,P504,35.0,0,10,25,32,3
2026-05-26,S05,P504,25.0,0,6,19,32,3
2026-05-27,S05,P504,19.0,0,9,10,32,3
2026-05-28,S05,P504,10.0,31,12,29,32,3
2026-05-29,S05,P504,29.0,0,5,24,32,3
2026-05-30,S05,P504,24.0,0,9,15,32,3
2026-05-31,S05,P504,15.0,27,5,37,32,3
2026-06-01,S05,P504,37.0,0,9,28,32,3
2026-06-02,S05,P504,28.0,0,14,14,32,3
2026-06-03,S05,P504,14.0,0,9,5,32,3
2026-06-04,S05,P504,5.0,0,5,0,32,3
2026-06-05,S05,P504,0.0,28,11,17,32,3
2026-06-06,S05,P504,17.0,0,9,8,32,3
2026-06-07,S05,P504,8.0,28,7,29,32,3
2026-06-08,S05,P504,29.0,0,5,24,32,3
2026-06-09,S05,P504,24.0,0,5,19,32,3
2026-06-10,S05,P504,19.0,27,5,41,32,3
2026-06-11,S05,P504,41.0,0,2,39,32,3
2026-06-12,S05,P504,39.0,0,7,32,32,3
2026-06-13,S05,P504,32.0,0,8,24,32,3
2026-06-14,S05,P504,24.0,0,9,15,32,3
2026-06-15,S05,P504,15.0,24,13,5,32,3
2026-06-16,S05,P504,26.0,0,8,18,32,3
2026-06-17,S05,P504,18.0,0,10,8,32,3
2026-06-18,S05,P504,8.0,30,5,33,32,3
2026-06-19,S05,P504,33.0,0,9,24,32,3
2026-06-20,S05,P504,24.0,0,21,3,32,3
2026-06-21,S05,P504,3.0,0,3,0,32,3
2026-06-22,S05,P504,0.0,32,4,28,32,3
2026-06-23,S05,P504,28.0,0,9,19,32,3
2026-06-24,S05,P504,19.0,0,2,17,32,3
2026-06-25,S05,P504,17.0,24,7,34,32,3
2026-06-26,S05,P504,34.0,0,7,27,32,3
2026-06-27,S05,P504,27.0,0,3,24,32,3
2026-06-28,S05,P504,24.0,0,5,19,32,3
2026-06-29,S05,P504,19.0,29,11,37,32,3
2026-06-30,S05,P504,37.0,0,3,34,32,3
2026-07-01,S05,P504,34.0,0,7,27,32,3
2026-07-02,S05,P504,27.0,0,17,10,32,3
2026-07-03,S05,P504,10.0,0,10,0,32,3
2026-07-04,S05,P504,0.0,0,0,0,32,3
2026-07-05,S05,P504,0.0,0,0,0,32,3
2026-07-06,S05,P504,0.0,56,4,52,32,3
2026-07-07,S05,P504,52.0,0,5,47,32,3
2026-07-08,S05,P504,47.0,0,6,41,32,3
2026-07-09,S05,P504,41.0,0,11,30,32,3
2026-07-10,S05,P504,30.0,0,8,22,32,3
2026-07-11,S05,P504,22.0,0,13,9,32,3
2026-07-12,S05,P504,9.0,26,6,29,32,3
2026-07-13,S05,P504,29.0,0,7,22,32,3
2026-07-14,S05,P504,22.0,0,9,31,32,3
2026-07-15,S05,P504,13.0,27,11,29,32,3
2026-07-16,S05,P504,29.0,0,6,23,32,3
2026-07-17,S05,P504,23.0,0,9,14,32,3
2026-07-18,S05,P504,14.0,27,11,30,32,3
2026-07-19,S05,P504,30.0,0,14,16,32,3
2026-07-20,S05,P504,16.0,0,2,53,32,3
2026-07-21,S05,P504,14.0,26,7,33,32,3
2026-07-22,S05,P504,33.0,0,12,21,32,3
2026-07-23,S05,P504,21.0,0,7,14,32,3
2026-07-24,S05,P504,14.0,0,11,3,32,3
2026-07-25,S05,P504,3.0,35,6,32,32,3
2026-07-26,S05,P504,32.0,0,13,27,32,3
2026-07-27,S05,P504,19.0,0,5,14,32,3
2026-07-28,S05,P504,14.0,24,15,23,32,3
2026-07-29,S05,P504,23.0,0,4,19,32,3
2026-07-30,S05,P504,19.0,0,9,10,32,3
2026-07-31,S05,P504,10.0,33,7,36,32,3
2026-08-01,S05,P504,36.0,0,8,28,32,3
2026-08-02,S05,P504,28.0,0,11,17,32,3
2026-08-03,S05,P504,17.0,0,8,9,32,3
2026-08-04,S05,P504,9.0,28,9,28,32,3
2026-08-05,S05,P504,28.0,0,11,17,32,3
2026-08-06,S05,P504,17.0,0,7,10,32,3
2026-08-07,S05,P504,10.0,28,12,26,32,3
2026-08-08,S05,P504,26.0,0,10,16,32,3
2026-08-09,S05,P504,16.0,0,9,7,32,3
2026-08-10,S05,P504,7.0,30,8,29,32,3
2026-08-11,S05,P504,29.0,0,8,21,32,3
2026-08-12,S05,P504,21.0,0,9,12,32,3
2026-08-13,S05,P504,12.0,27,6,33,32,3
2026-08-14,S05,P504,33.0,0,3,30,32,3
2026-08-15,S05,P504,30.0,0,7,23,32,3
2026-08-16,S05,P504,23.0,0,14,9,32,3
2026-08-17,S05,P504,9.0,26,11,24,32,3
2026-08-18,S05,P504,24.0,0,6,18,32,3
2026-08-19,S05,P504,18.0,0,5,13,32,3
2026-08-20,S05,P504,13.0,32,9,36,32,3
2026-08-21,S05,P504,36.0,0,16,20,32,3
2026-08-22,S05,P504,20.0,0,19,1,32,3
2026-08-23,S05,P504,1.0,0,1,0,32,3
2026-08-24,S05,P504,0.0,36,6,30,32,3
2026-08-25,S05,P504,30.0,0,8,22,32,3
2026-08-26,S05,P504,22.0,0,18,4,32,3
2026-08-27,S05,P504,4.0,26,9,21,32,3
2026-08-28,S05,P504,21.0,0,3,18,32,3
2026-08-29,S05,P504,18.0,26,15,29,32,3
2026-08-30,S05,P504,29.0,0,10,19,32,3
2026-08-31,S05,P504,19.0,0,19,0,32,3
2026-05-01,S05,P505,62.0,0,9,53,35,3
2026-05-02,S05,P505,53.0,0,13,40,35,3
2026-05-03,S05,P505,40.0,0,9,31,35,3
2026-05-04,S05,P505,31.0,0,6,25,35,3
2026-05-05,S05,P505,25.0,0,13,12,35,3
2026-05-06,S05,P505,12.0,0,8,4,35,3
2026-05-07,S05,P505,4.0,31,10,25,35,3
2026-05-08,S05,P505,25.0,0,10,15,35,3
2026-05-09,S05,P505,15.0,27,11,31,35,3
2026-05-10,S05,P505,31.0,0,13,18,35,3
2026-05-11,S05,P505,18.0,0,9,9,35,3
2026-05-12,S05,P505,9.0,31,18,22,35,3
2026-05-13,S05,P505,22.0,0,11,11,35,3
2026-05-14,S05,P505,11.0,0,9,2,35,3
2026-05-15,S05,P505,2.0,40,2,40,35,3
2026-05-16,S05,P505,40.0,0,9,31,35,3
2026-05-17,S05,P505,31.0,0,4,27,35,3
2026-05-18,S05,P505,27.0,0,6,21,35,3
2026-05-19,S05,P505,21.0,0,7,14,35,3
2026-05-20,S05,P505,14.0,0,7,7,35,3
2026-05-21,S05,P505,7.0,31,3,35,35,3
2026-05-22,S05,P505,35.0,0,6,29,35,3
2026-05-23,S05,P505,29.0,0,7,22,35,3
2026-05-24,S05,P505,22.0,27,10,39,35,3
2026-05-25,S05,P505,39.0,0,5,34,35,3
2026-05-26,S05,P505,34.0,0,9,25,35,3
2026-05-27,S05,P505,25.0,0,8,17,35,3
2026-05-28,S05,P505,17.0,28,8,37,35,3
2026-05-29,S05,P505,37.0,0,5,32,35,3
2026-05-30,S05,P505,32.0,0,10,22,35,3
2026-05-31,S05,P505,22.0,0,12,10,35,3
2026-06-01,S05,P505,10.0,0,2,8,35,3
2026-06-02,S05,P505,8.0,30,6,32,35,3
2026-06-03,S05,P505,32.0,0,9,23,35,3
2026-06-04,S05,P505,23.0,0,11,12,35,3
2026-06-05,S05,P505,12.0,30,14,28,35,3
2026-06-06,S05,P505,28.0,0,9,19,35,3
2026-06-07,S05,P505,19.0,0,12,7,35,3
2026-06-08,S05,P505,7.0,34,4,37,35,3
2026-06-09,S05,P505,37.0,0,16,21,35,3
2026-06-10,S05,P505,21.0,0,5,16,35,3
2026-06-10,S05,P505,21.0,0,5,16,35,3
2026-06-11,S05,P505,16.0,0,5,11,35,3
2026-06-12,S05,P505,11.0,41,10,42,35,3
2026-06-13,S05,P505,42.0,0,15,27,35,3
2026-06-14,S05,P505,27.0,0,8,19,35,3
2026-06-15,S05,P505,19.0,0,7,12,35,3
2026-06-16,S05,P505,12.0,35,9,38,35,3
2026-06-17,S05,P505,38.0,0,8,30,35,3
2026-06-18,S05,P505,30.0,0,7,23,35,3
2026-06-19,S05,P505,23.0,0,7,16,35,3
2026-06-20,S05,P505,16.0,32,12,36,35,3
2026-06-21,S05,P505,36.0,0,20,16,35,3
2026-06-22,S05,P505,16.0,0,11,5,35,3
2026-06-23,S05,P505,5.0,0,5,0,35,3
2026-06-24,S05,P505,0.0,46,6,40,35,3
2026-06-25,S05,P505,40.0,0,7,33,35,3
2026-06-26,S05,P505,33.0,0,15,18,35,3
2026-06-27,S05,P505,18.0,0,17,1,35,3
2026-06-28,S05,P505,1.0,29,11,19,35,3
2026-06-29,S05,P505,19.0,0,5,14,35,3
2026-06-30,S05,P505,14.0,32,12,34,35,3
2026-07-01,S05,P505,34.0,0,7,27,35,3
2026-07-02,S05,P505,27.0,0,6,21,35,3
2026-07-03,S05,P505,21.0,28,11,38,35,3
2026-07-04,S05,P505,38.0,0,20,18,35,3
2026-07-05,S05,P505,18.0,0,11,7,35,3
2026-07-06,S05,P505,7.0,0,7,0,35,3
2026-07-07,S05,P505,0.0,44,10,34,35,3
2026-07-08,S05,P505,34.0,0,15,19,35,3
2026-07-09,S05,P505,19.0,0,11,8,35,3
2026-07-10,S05,P505,8.0,28,14,22,35,3
2026-07-11,S05,P505,22.0,0,15,7,35,3
2026-07-12,S05,P505,7.0,0,7,0,35,3
2026-07-13,S05,P505,0.0,40,3,37,35,3
2026-07-14,S05,P505,37.0,0,7,30,35,3
2026-07-15,S05,P505,30.0,0,12,18,35,3
2026-07-16,S05,P505,18.0,0,8,10,35,3
2026-07-17,S05,P505,10.0,32,5,37,35,3
2026-07-18,S05,P505,37.0,0,5,32,35,3
2026-07-19,S05,P505,32.0,0,6,26,35,3
2026-07-20,S05,P505,26.0,0,9,17,35,3
2026-07-21,S05,P505,17.0,30,11,36,35,3
2026-07-22,S05,P505,36.0,0,11,25,35,3
2026-07-23,S05,P505,25.0,0,9,16,35,3
2026-07-24,S05,P505,16.0,0,13,3,35,3
2026-07-25,S05,P505,3.0,37,4,36,35,3
2026-07-26,S05,P505,36.0,0,14,22,35,3
2026-07-27,S05,P505,22.0,0,9,13,35,3
2026-07-28,S05,P505,13.0,0,9,4,35,3
2026-07-29,S05,P505,4.0,40,3,41,35,3
2026-07-30,S05,P505,41.0,0,4,37,35,3
2026-07-31,S05,P505,37.0,0,8,29,35,3
2026-08-01,S05,P505,29.0,0,5,24,35,3
2026-08-02,S05,P505,24.0,0,7,17,35,3
2026-08-03,S05,P505,17.0,33,15,35,35,3
2026-08-04,S05,P505,35.0,0,8,27,35,3
2026-08-05,S05,P505,27.0,0,10,17,35,3
2026-08-06,S05,P505,17.0,27,6,38,35,3
2026-08-07,S05,P505,38.0,0,3,35,35,3
2026-08-08,S05,P505,35.0,0,5,30,35,3
2026-08-09,S05,P505,30.0,0,12,18,35,3
2026-08-10,S05,P505,18.0,0,13,5,35,3
2026-08-11,S05,P505,5.0,27,10,22,35,3
2026-08-12,S05,P505,22.0,0,8,14,35,3
2026-08-13,S05,P505,14.0,30,9,35,35,3
2026-08-14,S05,P505,35.0,0,6,29,35,3
2026-08-15,S05,P505,29.0,0,5,24,35,3
2026-08-16,S05,P505,24.0,27,17,34,35,3
2026-08-17,S05,P505,34.0,0,9,25,35,3
2026-08-18,S05,P505,25.0,0,5,20,35,3
2026-08-19,S05,P505,20.0,28,8,40,35,3
2026-08-20,S05,P505,40.0,0,12,28,35,3
2026-08-21,S05,P505,28.0,0,14,14,35,3
2026-08-22,S05,P505,14.0,0,12,2,35,3
2026-08-23,S05,P505,2.0,34,10,26,35,3
2026-08-24,S05,P505,26.0,0,9,17,35,3
2026-08-25,S05,P505,17.0,0,10,7,35,3
2026-08-26,S05,P505,7.0,36,11,32,35,3
2026-08-27,S05,P505,32.0,0,10,22,35,3
2026-08-28,S05,P505,22.0,0,6,16,35,3
2026-08-29,S05,P505,16.0,30,7,39,35,3
2026-08-30,S05,P505,39.0,0,6,33,35,3
2026-08-31,S05,P505,33.0,0,1,32,35,3
2026-05-01,S05,P506,92.0,0,30,62,58,1
2026-05-02,S05,P506,62.0,0,28,34,58,1
2026-05-03,S05,P506,34.0,58,23,69,58,1
2026-05-04,S05,P506,69.0,0,27,42,58,1
2026-05-05,S05,P506,42.0,50,35,57,58,1
2026-05-06,S05,P506,57.0,35,15,77,58,1
2026-05-07,S05,P506,77.0,0,26,51,58,1
2026-05-08,S05,P506,51.0,41,20,72,58,1
2026-05-09,S05,P506,72.0,0,36,36,58,1
2026-05-10,S05,P506,36.0,56,35,57,58,1
2026-05-11,S05,P506,57.0,35,11,81,58,1
2026-05-12,S05,P506,81.0,0,20,61,58,1
2026-05-13,S05,P506,61.0,0,17,44,58,1
2026-05-14,S05,P506,44.0,48,28,35,58,1
2026-05-15,S05,P506,64.0,0,18,46,58,1
2026-05-16,S05,P506,46.0,46,44,48,58,1
2026-05-17,S05,P506,48.0,44,18,74,58,1
2026-05-18,S05,P506,74.0,0,18,56,58,1
2026-05-19,S05,P506,56.0,0,27,29,58,1
2026-05-20,S05,P506,29.0,36,27,38,58,1
2026-05-21,S05,P506,38.0,0,38,0,58,1
2026-05-22,S05,P506,0.0,92,30,62,58,1
2026-05-23,S05,P506,62.0,0,26,36,58,1
2026-05-24,S05,P506,36.0,56,32,60,58,1
2026-05-25,S05,P506,60.0,0,37,23,58,1
2026-05-26,S05,P506,23.0,69,29,63,58,1
2026-05-27,S05,P506,63.0,0,20,43,58,1
2026-05-28,S05,P506,43.0,0,24,19,58,1
2026-05-29,S05,P506,19.0,49,16,52,58,1
2026-05-30,S05,P506,52.0,40,11,81,58,1
2026-05-31,S05,P506,81.0,0,27,54,58,1
2026-06-01,S05,P506,54.0,38,20,72,58,1
2026-06-02,S05,P506,72.0,0,18,54,58,1
2026-06-03,S05,P506,54.0,38,20,72,58,1
2026-06-04,S05,P506,72.0,0,32,40,58,1
2026-06-05,S05,P506,40.0,52,23,69,58,1
2026-06-06,S05,P506,69.0,0,29,40,58,1
2026-06-07,S05,P506,40.0,52,19,73,58,1
2026-06-08,S05,P506,73.0,0,45,28,58,1
2026-06-09,S05,P506,28.0,64,31,61,58,1
2026-06-10,S05,P506,61.0,0,28,33,58,1
2026-06-11,S05,P506,33.0,59,24,68,58,1
2026-06-12,S05,P506,68.0,0,37,31,58,1
2026-06-13,S05,P506,31.0,61,65,27,58,1
2026-06-14,S05,P506,27.0,65,27,65,58,1
2026-06-15,S05,P506,65.0,0,18,47,58,1
2026-06-16,S05,P506,47.0,0,17,30,58,1
2026-06-17,S05,P506,30.0,45,16,59,58,1
2026-06-18,S05,P506,59.0,0,27,32,58,1
2026-06-19,S05,P506,32.0,60,14,78,58,1
2026-06-20,S05,P506,78.0,0,25,53,58,1
2026-06-21,S05,P506,53.0,39,34,58,58,1
2026-06-22,S05,P506,58.0,34,15,77,58,1
2026-06-23,S05,P506,77.0,0,20,57,58,1
2026-06-24,S05,P506,57.0,35,26,66,58,1
2026-06-25,S05,P506,66.0,0,25,41,58,1
2026-06-26,S05,P506,41.0,0,29,12,58,1
2026-06-27,S05,P506,12.0,51,18,45,58,1
2026-06-28,S05,P506,45.0,0,31,14,58,1
2026-06-29,S05,P506,14.0,0,14,0,58,1
2026-06-30,S05,P506,0.0,47,19,28,58,1
2026-07-01,S05,P506,28.0,45,34,39,58,1
2026-07-02,S05,P506,39.0,53,26,66,58,1
2026-07-03,S05,P506,66.0,0,21,45,58,1
2026-07-04,S05,P506,45.0,47,20,72,58,1
2026-07-05,S05,P506,72.0,0,27,45,58,1
2026-07-06,S05,P506,45.0,47,19,73,58,1
2026-07-07,S05,P506,73.0,0,21,52,58,1
2026-07-08,S05,P506,52.0,40,11,81,58,1
2026-07-09,S05,P506,81.0,0,18,63,58,1
2026-07-10,S05,P506,63.0,0,36,27,58,1
2026-07-11,S05,P506,27.0,65,53,39,58,1
2026-07-12,S05,P506,39.0,53,42,50,58,1
2026-07-13,S05,P506,50.0,42,32,60,58,1
2026-07-14,S05,P506,60.0,0,22,38,58,1
2026-07-15,S05,P506,38.0,54,14,78,58,1
2026-07-16,S05,P506,78.0,0,16,62,58,1
2026-07-17,S05,P506,62.0,0,28,34,58,1
2026-07-18,S05,P506,34.0,58,33,59,58,1
2026-07-19,S05,P506,59.0,0,35,24,58,1
2026-07-20,S05,P506,24.0,68,28,64,58,1
2026-07-21,S05,P506,64.0,0,21,43,58,1
2026-07-22,S05,P506,43.0,49,26,66,58,1
2026-07-23,S05,P506,66.0,0,13,53,58,1
2026-07-24,S05,P506,53.0,39,20,72,58,1
2026-07-25,S05,P506,72.0,0,15,57,58,1
2026-07-26,S05,P506,57.0,35,30,62,58,1
2026-07-27,S05,P506,62.0,0,20,42,58,1
2026-07-28,S05,P506,42.0,50,21,71,58,1
2026-07-29,S05,P506,71.0,0,28,43,58,1
2026-07-30,S05,P506,43.0,0,41,2,58,1
2026-07-31,S05,P506,2.0,90,39,53,58,1
2026-08-01,S05,P506,53.0,39,41,51,58,1
2026-08-02,S05,P506,51.0,41,56,36,58,1
2026-08-03,S05,P506,36.0,56,47,45,58,1
2026-08-05,S05,P506,58.0,34,28,64,58,1
2026-08-06,S05,P506,64.0,0,17,47,58,1
2026-08-07,S05,P506,47.0,45,29,63,58,1
2026-08-08,S05,P506,63.0,0,31,32,58,1
2026-08-09,S05,P506,32.0,60,26,66,58,1
2026-08-10,S05,P506,66.0,0,31,35,58,1
2026-08-11,S05,P506,35.0,57,27,65,58,1
2026-08-12,S05,P506,65.0,0,23,42,58,1
2026-08-13,S05,P506,42.0,0,16,26,58,1
2026-08-14,S05,P506,26.0,50,25,51,58,1
2026-08-15,S05,P506,51.0,41,29,63,58,1
2026-08-16,S05,P506,63.0,0,15,48,58,1
2026-08-17,S05,P506,48.0,44,18,74,58,1
2026-08-18,S05,P506,74.0,0,57,17,58,1
2026-08-19,S05,P506,17.0,75,46,46,58,1
2026-08-20,S05,P506,46.0,46,31,53,58,1
2026-08-21,S05,P506,61.0,0,61,0,58,1
2026-08-22,S05,P506,0.0,92,40,52,58,1
2026-08-23,S05,P506,52.0,40,33,59,58,1
2026-08-24,S05,P506,59.0,0,22,37,58,1
2026-08-25,S05,P506,37.0,55,23,69,58,1
2026-08-26,S05,P506,69.0,0,35,34,58,1
2026-08-27,S05,P506,34.0,58,23,69,58,1
2026-08-28,S05,P506,69.0,0,21,48,58,1
2026-08-29,S05,P506,48.0,0,36,12,58,1
2026-08-30,S05,P506,12.0,0,12,0,58,1
2026-08-31,S05,P506,0.0,80,36,44,58,1
2026-05-01,S05,P205,66.0,0,9,57,40,4
2026-05-02,S05,P205,57.0,0,9,48,40,4
2026-05-03,S05,P205,48.0,0,2,46,40,4
2026-05-04,S05,P205,46.0,0,7,39,40,4
2026-05-05,S05,P205,39.0,0,25,14,40,4
2026-05-06,S05,P205,14.0,0,10,4,40,4
2026-05-07,S05,P205,4.0,0,4,0,40,4
2026-05-08,S05,P205,0.0,27,11,16,40,4
2026-05-09,S05,P205,16.0,0,7,9,40,4
2026-05-10,S05,P205,9.0,35,9,35,40,4
2026-05-11,S05,P205,35.0,0,8,27,40,4
2026-05-12,S05,P205,27.0,0,7,20,40,4
2026-05-13,S05,P205,20.0,0,7,13,40,4
2026-05-14,S05,P205,13.0,31,9,35,40,4
2026-05-15,S05,P205,35.0,0,15,20,40,4
2026-05-16,S05,P205,20.0,0,8,12,40,4
2026-05-17,S05,P205,12.0,0,10,2,40,4
2026-05-18,S05,P205,2.0,31,4,29,40,4
2026-05-19,S05,P205,29.0,0,7,22,40,4
2026-05-20,S05,P205,22.0,0,6,16,40,4
2026-05-21,S05,P205,16.0,33,9,40,40,4
2026-05-22,S05,P205,40.0,0,9,31,40,4
2026-05-23,S05,P205,31.0,0,11,20,40,4
2026-05-24,S05,P205,20.0,0,8,12,40,4
2026-05-25,S05,P205,12.0,26,10,28,40,4
2026-05-26,S05,P205,28.0,0,10,18,40,4
2026-05-27,S05,P205,18.0,0,12,6,40,4
2026-05-28,S05,P205,6.0,28,10,24,40,4
2026-05-29,S05,P205,24.0,0,7,17,40,4
2026-05-30,S05,P205,17.0,0,12,5,40,4
2026-05-31,S05,P205,5.0,32,5,32,40,4
2026-06-01,S05,P205,32.0,0,2,30,40,4
2026-06-02,S05,P205,30.0,0,11,19,40,4
2026-06-03,S05,P205,19.0,29,8,40,40,4
2026-06-04,S05,P205,40.0,0,7,33,40,4
2026-06-05,S05,P205,33.0,0,9,24,40,4
2026-06-06,S05,P205,24.0,0,4,20,40,4
2026-06-07,S05,P205,20.0,26,10,36,40,4
2026-06-08,S05,P205,36.0,0,8,28,40,4
2026-06-09,S05,P205,28.0,0,3,25,40,4
2026-06-10,S05,P205,25.0,0,3,22,40,4
2026-06-11,S05,P205,22.0,30,4,48,40,4
2026-06-12,S05,P205,48.0,0,9,39,40,4
2026-06-13,S05,P205,39.0,0,7,32,40,4
2026-06-14,S05,P205,32.0,0,5,27,40,4
2026-06-15,S05,P205,27.0,0,9,18,40,4
2026-06-16,S05,P205,18.0,27,11,34,40,4
2026-06-17,S05,P205,34.0,0,5,29,40,4
2026-06-18,S05,P205,29.0,0,9,20,40,4
2026-06-19,S05,P205,20.0,0,11,9,40,4
2026-06-20,S05,P205,9.0,32,6,35,40,4
2026-06-21,S05,P205,35.0,0,11,24,40,4
2026-06-22,S05,P205,24.0,0,7,17,40,4
2026-06-23,S05,P205,17.0,0,9,8,40,4
2026-06-24,S05,P205,8.0,0,6,2,40,4
2026-06-25,S05,P205,2.0,31,10,23,40,4
2026-06-26,S05,P205,23.0,0,1,22,40,4
2026-06-27,S05,P205,22.0,27,10,39,40,4
2026-06-28,S05,P205,39.0,0,10,29,40,4
2026-06-29,S05,P205,29.0,0,7,22,40,4
2026-06-30,S05,P205,22.0,0,3,19,40,4
2026-07-01,S05,P205,19.0,27,8,38,40,4
2026-07-02,S05,P205,38.0,0,8,30,40,4
2026-07-03,S05,P205,30.0,0,8,22,40,4
2026-07-04,S05,P205,22.0,0,16,6,40,4
2026-07-05,S05,P205,6.0,28,14,20,40,4
2026-07-06,S05,P205,20.0,0,12,8,40,4
2026-07-07,S05,P205,8.0,0,8,0,40,4
2026-07-08,S05,P205,0.0,32,5,27,40,4
2026-07-09,S05,P205,27.0,0,3,24,40,4
2026-07-10,S05,P205,24.0,0,7,17,40,4
2026-07-11,S05,P205,17.0,26,3,40,40,4
2026-07-12,S05,P205,40.0,0,4,36,40,4
2026-07-13,S05,P205,36.0,0,5,31,40,4
2026-07-14,S05,P205,31.0,0,5,26,40,4
2026-07-15,S05,P205,26.0,26,9,43,40,4
2026-07-16,S05,P205,43.0,0,5,38,40,4
2026-07-17,S05,P205,38.0,0,2,36,40,4
2026-07-18,S05,P205,36.0,0,5,31,40,4
2026-07-19,S05,P205,31.0,0,9,22,40,4
2026-07-20,S05,P205,22.0,28,6,44,40,4
2026-07-21,S05,P205,44.0,0,11,33,40,4
2026-07-22,S05,P205,33.0,0,9,24,40,4
2026-07-23,S05,P205,24.0,0,11,13,40,4
2026-07-24,S05,P205,13.0,0,8,5,40,4
2026-07-25,S05,P205,5.0,33,11,27,40,4
2026-07-26,S05,P205,27.0,0,7,20,40,4
2026-07-27,S05,P205,20.0,0,9,11,40,4
2026-07-28,S05,P205,11.0,28,4,35,40,4
2026-07-29,S05,P205,35.0,0,6,29,40,4
2026-07-30,S05,P205,29.0,0,7,22,40,4
2026-07-31,S05,P205,22.0,27,8,41,40,4
2026-08-01,S05,P205,41.0,0,5,36,40,4
2026-08-02,S05,P205,36.0,0,10,26,40,4
2026-08-03,S05,P205,26.0,0,6,20,40,4
2026-08-04,S05,P205,20.0,0,9,11,40,4
2026-08-05,S05,P205,11.0,0,11,0,40,4
2026-08-06,S05,P205,0.0,30,7,23,40,4
2026-08-07,S05,P205,23.0,0,6,17,40,4
2026-08-08,S05,P205,17.0,0,6,11,40,4
2026-08-09,S05,P205,11.0,0,6,5,40,4
2026-08-10,S05,P205,5.0,36,7,34,40,4
2026-08-11,S05,P205,34.0,0,4,30,40,4
2026-08-12,S05,P205,30.0,0,4,26,40,4
2026-08-13,S05,P205,26.0,0,3,23,40,4
2026-08-14,S05,P205,23.0,32,7,48,40,4
2026-08-15,S05,P205,48.0,0,6,42,40,4
2026-08-16,S05,P205,42.0,0,9,33,40,4
2026-08-17,S05,P205,33.0,0,9,24,40,4
2026-08-18,S05,P205,24.0,0,9,15,40,4
2026-08-19,S05,P205,15.0,0,2,13,40,4
2026-08-20,S05,P205,13.0,33,12,34,40,4
2026-08-21,S05,P205,34.0,0,4,30,40,4
2026-08-22,S05,P205,30.0,0,7,23,40,4
2026-08-23,S05,P205,23.0,0,12,11,40,4
2026-08-24,S05,P205,11.0,32,4,39,40,4
2026-08-25,S05,P205,39.0,0,12,27,40,4
2026-08-26,S05,P205,27.0,0,9,18,40,4
2026-08-27,S05,P205,18.0,0,14,4,40,4
2026-08-28,S05,P205,4.0,27,8,23,40,4
2026-08-29,S05,P205,23.0,0,8,15,40,4
2026-08-30,S05,P205,15.0,0,5,10,40,4
2026-08-31,S05,P205,10.0,35,2,43,40,4
2026-05-01,S05,P206,97.0,0,20,77,59,4
2026-05-02,S05,P206,77.0,0,23,54,59,4
2026-05-03,S05,P206,54.0,0,14,40,59,4
2026-05-04,S05,P206,40.0,0,15,25,59,4
2026-05-05,S05,P206,25.0,0,15,10,59,4
2026-05-06,S05,P206,10.0,43,11,42,59,4
2026-05-07,S05,P206,42.0,0,22,20,59,4
2026-05-08,S05,P206,20.0,0,20,0,59,4
2026-05-09,S05,P206,0.0,44,23,21,59,4
2026-05-10,S05,P206,21.0,0,21,0,59,4
2026-05-11,S05,P206,0.0,0,0,0,59,4
2026-05-12,S05,P206,0.0,53,20,33,59,4
2026-05-13,S05,P206,33.0,0,11,22,59,4
2026-05-14,S05,P206,22.0,44,8,58,59,4
2026-05-15,S05,P206,58.0,0,9,49,59,4
2026-05-16,S05,P206,49.0,0,9,40,59,4
2026-05-17,S05,P206,40.0,0,13,27,59,4
2026-05-18,S05,P206,27.0,39,15,51,59,4
2026-05-19,S05,P206,51.0,0,7,44,59,4
2026-05-20,S05,P206,44.0,0,12,32,59,4
2026-05-21,S05,P206,32.0,0,12,20,59,4
2026-05-22,S05,P206,20.0,46,12,54,59,4
2026-05-23,S05,P206,54.0,0,10,44,59,4
2026-05-24,S05,P206,44.0,0,13,31,59,4
2026-05-25,S05,P206,31.0,0,13,18,59,4
2026-05-26,S05,P206,18.0,0,10,8,59,4
2026-05-27,S05,P206,8.0,43,14,37,59,4
2026-05-28,S05,P206,37.0,0,13,24,59,4
2026-05-29,S05,P206,24.0,0,9,15,59,4
2026-05-30,S05,P206,15.0,46,13,48,59,4
2026-05-31,S05,P206,48.0,0,9,39,59,4
2026-06-01,S05,P206,39.0,0,11,28,59,4
2026-06-02,S05,P206,28.0,0,16,12,59,4
2026-06-03,S05,P206,12.0,49,15,46,59,4
2026-06-04,S05,P206,46.0,0,22,24,59,4
2026-06-05,S05,P206,24.0,0,14,10,59,4
2026-06-06,S05,P206,10.0,0,10,0,59,4
2026-06-07,S05,P206,0.0,51,12,39,59,4
2026-06-08,S05,P206,39.0,0,14,25,59,4
2026-06-09,S05,P206,25.0,0,8,17,59,4
2026-06-10,S05,P206,17.0,46,21,42,59,4
2026-06-11,S05,P206,42.0,0,13,29,59,4
2026-06-12,S05,P206,29.0,0,14,15,59,4
2026-06-13,S05,P206,15.0,0,8,7,59,4
2026-06-14,S05,P206,7.0,55,12,50,59,4
2026-06-15,S05,P206,50.0,0,12,38,59,4
2026-06-16,S05,P206,38.0,0,23,15,59,4
2026-06-17,S05,P206,15.0,0,8,7,59,4
2026-06-18,S05,P206,7.0,47,17,37,59,4
2026-06-19,S05,P206,37.0,0,11,26,59,4
2026-06-20,S05,P206,26.0,0,9,17,59,4
2026-06-21,S05,P206,17.0,43,17,43,59,4
2026-06-22,S05,P206,43.0,0,9,34,59,4
2026-06-23,S05,P206,34.0,0,7,27,59,4
2026-06-24,S05,P206,27.0,0,10,17,59,4
2026-06-25,S05,P206,17.0,54,7,64,59,4
2026-06-26,S05,P206,64.0,0,15,49,59,4
2026-06-27,S05,P206,49.0,0,13,36,59,4
2026-06-28,S05,P206,36.0,0,17,19,59,4
2026-06-29,S05,P206,19.0,0,18,1,59,4
2026-06-30,S05,P206,1.0,48,7,42,59,4
2026-07-01,S05,P206,42.0,0,10,32,59,4
2026-07-02,S05,P206,32.0,0,9,23,59,4
2026-07-03,S05,P206,23.0,48,13,58,59,4
2026-07-04,S05,P206,58.0,0,8,50,59,4
2026-07-05,S05,P206,50.0,0,12,38,59,4
2026-07-06,S05,P206,38.0,0,8,30,59,4
2026-07-07,S05,P206,30.0,39,7,62,59,4
2026-07-08,S05,P206,62.0,0,17,45,59,4
2026-07-09,S05,P206,45.0,0,14,31,59,4
2026-07-10,S05,P206,31.0,0,11,20,59,4
2026-07-11,S05,P206,20.0,0,14,6,59,4
2026-07-12,S05,P206,6.0,52,6,52,59,4
2026-07-13,S05,P206,52.0,0,12,40,59,4
2026-07-14,S05,P206,40.0,0,16,24,59,4
2026-07-15,S05,P206,24.0,39,17,46,59,4
2026-07-16,S05,P206,46.0,0,10,36,59,4
2026-07-17,S05,P206,36.0,0,10,26,59,4
2026-07-18,S05,P206,26.0,0,13,13,59,4
2026-07-19,S05,P206,13.0,51,5,59,59,4
2026-07-20,S05,P206,59.0,0,11,48,59,4
2026-07-21,S05,P206,48.0,0,14,34,59,4
2026-07-22,S05,P206,34.0,0,11,23,59,4
2026-07-23,S05,P206,23.0,38,28,33,59,4
2026-07-24,S05,P206,33.0,0,9,24,59,4
2026-07-25,S05,P206,24.0,0,14,10,59,4
2026-07-26,S05,P206,10.0,0,9,1,59,4
2026-07-27,S05,P206,1.0,64,9,56,59,4
2026-07-28,S05,P206,56.0,0,9,47,59,4
2026-07-29,S05,P206,47.0,0,11,36,59,4
2026-07-30,S05,P206,36.0,0,13,23,59,4
2026-07-31,S05,P206,23.0,41,8,56,59,4
2026-08-01,S05,P206,56.0,0,14,42,59,4
2026-08-02,S05,P206,42.0,0,23,19,59,4
2026-08-03,S05,P206,19.0,0,15,4,59,4
2026-08-04,S05,P206,4.0,0,4,0,59,4
2026-08-05,S05,P206,0.0,0,0,36,59,4
2026-08-06,S05,P206,0.0,41,11,30,59,4
2026-08-07,S05,P206,30.0,52,18,64,59,4
2026-08-08,S05,P206,64.0,0,9,55,59,4
2026-08-09,S05,P206,55.0,0,7,48,59,4
2026-08-10,S05,P206,48.0,0,15,33,59,4
2026-08-11,S05,P206,33.0,0,9,24,59,4
2026-08-12,S05,P206,24.0,42,23,43,59,4
2026-08-13,S05,P206,43.0,0,17,26,59,4
2026-08-14,S05,P206,26.0,0,18,8,59,4
2026-08-15,S05,P206,8.0,0,8,0,59,4
2026-08-16,S05,P206,0.0,54,14,40,59,4
2026-08-17,S05,P206,40.0,0,19,21,59,4
2026-08-18,S05,P206,21.0,0,11,10,59,4
2026-08-19,S05,P206,10.0,43,10,43,59,4
2026-08-20,S05,P206,43.0,0,11,32,59,4
2026-08-21,S05,P206,32.0,0,11,27,59,4
2026-08-22,S05,P206,21.0,44,5,60,59,4
2026-08-23,S05,P206,60.0,0,12,48,59,4
2026-08-24,S05,P206,48.0,0,19,24,59,4
2026-08-25,S05,P206,29.0,0,13,16,59,4
2026-08-26,S05,P206,16.0,0,13,3,59,4
2026-08-27,S05,P206,3.0,49,14,38,59,4
2026-08-28,S05,P206,38.0,0,8,30,59,4
2026-08-29,S05,P206,30.0,0,15,15,59,4
2026-08-30,S05,P206,15.0,45,19,41,59,4
2026-08-31,S05,P206,41.0,0,20,21,59,4
2026-05-01,S05,P207,74.0,0,17,57,45,4
2026-05-02,S05,P207,57.0,0,16,41,45,4
2026-05-03,S05,P207,41.0,0,10,31,45,4
2026-05-04,S05,P207,31.0,0,10,21,45,4
2026-05-05,S05,P207,21.0,0,7,14,45,4
2026-05-06,S05,P207,14.0,33,10,37,45,4
2026-05-07,S05,P207,37.0,0,19,18,45,4
2026-05-08,S05,P207,18.0,0,18,0,45,4
2026-05-09,S05,P207,0.0,0,0,0,45,4
2026-05-10,S05,P207,0.0,37,23,14,45,4
2026-05-11,S05,P207,14.0,0,14,0,45,4
2026-05-12,S05,P207,0.0,37,22,15,45,4
2026-05-13,S05,P207,15.0,0,4,11,45,4
2026-05-14,S05,P207,11.0,0,5,6,45,4
2026-05-15,S05,P207,6.0,37,8,35,45,4
2026-05-16,S05,P207,35.0,0,15,20,45,4
2026-05-17,S05,P207,20.0,0,8,12,45,4
2026-05-18,S05,P207,12.0,31,7,36,45,4
2026-05-19,S05,P207,36.0,0,7,29,45,4
2026-05-20,S05,P207,29.0,0,4,25,45,4
2026-05-21,S05,P207,25.0,31,15,41,45,4
2026-05-22,S05,P207,41.0,0,5,17,45,4
2026-05-23,S05,P207,36.0,0,11,25,45,4
2026-05-24,S05,P207,25.0,0,5,20,45,4
2026-05-25,S05,P207,20.0,33,7,46,45,4
2026-05-26,S05,P207,46.0,0,6,40,45,4
2026-05-27,S05,P207,40.0,0,3,37,45,4
2026-05-28,S05,P207,37.0,0,4,33,45,4
2026-05-29,S05,P207,33.0,0,7,26,45,4
2026-05-30,S05,P207,26.0,34,6,54,45,4
2026-05-31,S05,P207,54.0,0,17,37,45,4
2026-06-01,S05,P207,37.0,0,5,32,45,4
2026-06-02,S05,P207,32.0,0,12,20,45,4
2026-06-03,S05,P207,20.0,0,11,9,45,4
2026-06-04,S05,P207,9.0,37,10,36,45,4
2026-06-05,S05,P207,36.0,0,10,26,45,4
2026-06-06,S05,P207,26.0,0,17,9,45,4
2026-06-07,S05,P207,9.0,0,9,0,45,4
2026-06-08,S05,P207,0.0,38,5,33,45,4
2026-06-09,S05,P207,33.0,0,14,19,45,4
2026-06-10,S05,P207,19.0,0,11,8,45,4
2026-06-11,S05,P207,8.0,36,8,36,45,4
2026-06-12,S05,P207,36.0,0,9,27,45,4
2026-06-13,S05,P207,27.0,0,4,23,45,4
2026-06-14,S05,P207,23.0,30,12,41,45,4
2026-06-15,S05,P207,41.0,0,7,34,45,4
2026-06-16,S05,P207,34.0,0,8,26,45,4
2026-06-17,S05,P207,26.0,0,10,16,45,4
2026-06-18,S05,P207,16.0,0,10,6,45,4
2026-06-19,S05,P207,6.0,33,8,31,45,4
2026-06-20,S05,P207,31.0,0,10,21,45,4
2026-06-21,S05,P207,21.0,0,6,15,45,4
2026-06-22,S05,P207,15.0,35,10,40,45,4
2026-06-23,S05,P207,40.0,0,10,30,45,4
2026-06-24,S05,P207,30.0,0,11,19,45,4
2026-06-25,S05,P207,19.0,0,10,9,45,4
2026-06-26,S05,P207,9.0,34,5,38,45,4
2026-06-27,S05,P207,38.0,0,10,28,45,4
2026-06-28,S05,P207,28.0,0,4,24,45,4
2026-06-29,S05,P207,24.0,31,15,40,45,4
2026-06-30,S05,P207,40.0,0,5,35,45,4
2026-07-01,S05,P207,35.0,0,9,26,45,4
2026-07-02,S05,P207,26.0,0,14,12,45,4
2026-07-03,S05,P207,12.0,34,20,26,45,4
2026-07-04,S05,P207,26.0,0,8,18,45,4
2026-07-05,S05,P207,18.0,0,18,0,45,4
2026-07-06,S05,P207,0.0,0,0,0,45,4
2026-07-07,S05,P207,0.0,48,9,39,45,4
2026-07-08,S05,P207,39.0,0,11,34,45,4
2026-07-09,S05,P207,28.0,0,6,22,45,4
2026-07-10,S05,P207,22.0,0,8,14,45,4
2026-07-11,S05,P207,14.0,0,14,0,45,4
2026-07-12,S05,P207,0.0,0,0,0,45,4
2026-07-13,S05,P207,0.0,35,7,28,45,4
2026-07-14,S05,P207,28.0,0,10,38,45,4
2026-07-15,S05,P207,18.0,39,16,41,45,4
2026-07-16,S05,P207,41.0,0,7,34,45,4
2026-07-17,S05,P207,34.0,0,9,25,45,4
2026-07-18,S05,P207,25.0,0,15,10,45,4
2026-07-19,S05,P207,10.0,33,9,34,45,4
2026-07-20,S05,P207,34.0,0,12,22,45,4
2026-07-21,S05,P207,22.0,0,10,12,45,4
2026-07-22,S05,P207,12.0,31,6,37,45,4
2026-07-23,S05,P207,37.0,0,13,24,45,4
2026-07-24,S05,P207,24.0,0,8,16,45,4
2026-07-25,S05,P207,16.0,0,13,3,45,4
2026-07-26,S05,P207,3.0,31,14,20,45,4
2026-07-27,S05,P207,20.0,0,9,11,45,4
2026-07-28,S05,P207,11.0,0,11,0,45,4
2026-07-29,S05,P207,0.0,40,7,33,45,4
2026-07-30,S05,P207,33.0,0,7,26,45,4
2026-07-31,S05,P207,26.0,0,5,21,45,4
2026-08-01,S05,P207,21.0,34,11,44,45,4
2026-08-02,S05,P207,44.0,0,10,34,45,4
2026-08-03,S05,P207,34.0,0,6,28,45,4
2026-08-04,S05,P207,28.0,0,19,9,45,4
2026-08-05,S05,P207,9.0,30,3,36,45,4
2026-08-06,S05,P207,36.0,0,5,31,45,4
2026-08-07,S05,P207,31.0,0,15,16,45,4
2026-08-08,S05,P207,16.0,35,13,38,45,4
2026-08-09,S05,P207,38.0,0,14,24,45,4
2026-08-10,S05,P207,24.0,0,9,15,45,4
2026-08-11,S05,P207,15.0,0,13,2,45,4
2026-08-12,S05,P207,2.0,36,13,25,45,4
2026-08-13,S05,P207,25.0,0,11,14,45,4
2026-08-14,S05,P207,14.0,0,4,10,45,4
2026-08-15,S05,P207,10.0,36,13,33,45,4
2026-08-16,S05,P207,33.0,0,9,24,45,4
2026-08-17,S05,P207,24.0,0,11,13,45,4
2026-08-18,S05,P207,13.0,0,5,8,45,4
2026-08-19,S05,P207,8.0,41,7,42,45,4
2026-08-20,S05,P207,42.0,0,14,28,45,4
2026-08-21,S05,P207,28.0,0,7,21,45,4
2026-08-22,S05,P207,21.0,0,11,10,45,4
2026-08-23,S05,P207,10.0,32,11,31,45,4
2026-08-24,S05,P207,31.0,0,10,21,45,4
2026-08-25,S05,P207,21.0,0,10,11,45,4
2026-08-26,S05,P207,11.0,0,10,1,45,4
2026-08-27,S05,P207,1.0,32,12,21,45,4
2026-08-28,S05,P207,21.0,0,5,16,45,4
2026-08-29,S05,P207,16.0,0,13,3,45,4
2026-08-30,S05,P207,3.0,31,11,23,45,4
2026-08-31,S05,P207,23.0,0,7,16,45,4
2026-05-01,S05,P208,33.0,0,4,29,20,4
2026-05-02,S05,P208,29.0,0,5,24,20,4
2026-05-03,S05,P208,24.0,0,2,22,20,4
2026-05-04,S05,P208,22.0,0,5,17,20,4
2026-05-05,S05,P208,17.0,0,0,17,20,4
2026-05-06,S05,P208,17.0,0,10,7,20,4
2026-05-07,S05,P208,7.0,0,5,2,20,4
2026-05-08,S05,P208,2.0,16,1,17,20,4
2026-05-09,S05,P208,17.0,0,2,15,20,4
2026-05-10,S05,P208,15.0,0,3,12,20,4
2026-05-11,S05,P208,12.0,15,4,23,20,4
2026-05-12,S05,P208,23.0,0,3,20,20,4
2026-05-13,S05,P208,20.0,0,4,16,20,4
2026-05-14,S05,P208,16.0,0,4,12,20,4
2026-05-15,S05,P208,12.0,0,10,2,20,4
2026-05-16,S05,P208,2.0,13,8,7,20,4
2026-05-17,S05,P208,7.0,0,7,0,20,4
2026-05-18,S05,P208,0.0,0,0,0,20,4
2026-05-19,S05,P208,0.0,18,8,10,20,4
2026-05-20,S05,P208,10.0,0,10,0,20,4
2026-05-21,S05,P208,0.0,15,11,4,20,4
2026-05-22,S05,P208,4.0,0,2,2,20,4
2026-05-23,S05,P208,2.0,0,2,0,20,4
2026-05-24,S05,P208,0.0,18,5,13,20,4
2026-05-25,S05,P208,13.0,0,4,9,20,4
2026-05-26,S05,P208,9.0,13,3,19,20,4
2026-05-27,S05,P208,19.0,0,4,15,20,4
2026-05-28,S05,P208,15.0,0,4,11,20,4
2026-05-29,S05,P208,11.0,0,3,8,20,4
2026-05-30,S05,P208,8.0,14,3,19,20,4
2026-05-31,S05,P208,19.0,0,1,18,20,4
2026-06-01,S05,P208,18.0,0,1,17,20,4
2026-06-02,S05,P208,17.0,0,10,7,20,4
2026-06-03,S05,P208,7.0,14,7,14,20,4
2026-06-04,S05,P208,14.0,0,6,8,20,4
2026-06-05,S05,P208,8.0,0,6,2,20,4
2026-06-06,S05,P208,2.0,0,2,0,20,4
2026-06-07,S05,P208,0.0,19,6,13,20,4
2026-06-08,S05,P208,13.0,0,6,7,20,4
2026-06-09,S05,P208,7.0,0,1,6,20,4
2026-06-10,S05,P208,6.0,14,2,18,20,4
2026-06-11,S05,P208,18.0,0,2,16,20,4
2026-06-12,S05,P208,16.0,0,8,8,20,4
2026-06-13,S05,P208,8.0,13,1,20,20,4
2026-06-14,S05,P208,20.0,0,15,5,20,4
2026-06-15,S05,P208,5.0,0,5,0,20,4
2026-06-16,S05,P208,0.0,0,0,0,20,4
2026-06-17,S05,P208,0.0,13,3,10,20,4
2026-06-18,S05,P208,10.0,15,3,22,20,4
2026-06-19,S05,P208,22.0,0,7,15,20,4
2026-06-20,S05,P208,15.0,0,2,13,20,4
2026-06-21,S05,P208,13.0,0,4,9,20,4
2026-06-22,S05,P208,9.0,0,9,0,20,4
2026-06-23,S05,P208,0.0,18,4,14,20,4
2026-06-24,S05,P208,14.0,0,7,7,20,4
2026-06-25,S05,P208,7.0,0,2,5,20,4
2026-06-26,S05,P208,5.0,15,5,15,20,4
2026-06-27,S05,P208,15.0,0,5,10,20,4
2026-06-28,S05,P208,10.0,0,5,5,20,4
2026-06-29,S05,P208,5.0,13,6,12,20,4
2026-06-30,S05,P208,12.0,0,2,10,20,4
2026-07-01,S05,P208,10.0,0,6,4,20,4
2026-07-02,S05,P208,4.0,15,2,17,20,4
2026-07-03,S05,P208,17.0,0,4,13,20,4
2026-07-04,S05,P208,13.0,0,5,8,20,4
2026-07-05,S05,P208,8.0,14,2,20,20,4
2026-07-06,S05,P208,20.0,0,6,14,20,4
2026-07-07,S05,P208,14.0,0,5,9,20,4
2026-07-08,S05,P208,9.0,0,3,6,20,4
2026-07-09,S05,P208,6.0,13,8,11,20,4
2026-07-10,S05,P208,11.0,0,3,8,20,4
2026-07-11,S05,P208,8.0,0,4,4,20,4
2026-07-12,S05,P208,4.0,14,6,12,20,4
2026-07-13,S05,P208,12.0,0,2,17,20,4
2026-07-14,S05,P208,10.0,0,8,2,20,4
2026-07-15,S05,P208,2.0,15,5,12,20,4
2026-07-16,S05,P208,12.0,0,5,7,20,4
2026-07-17,S05,P208,7.0,0,2,5,20,4
2026-07-18,S05,P208,5.0,16,6,15,20,4
2026-07-19,S05,P208,15.0,0,6,9,20,4
2026-07-20,S05,P208,9.0,0,3,6,20,4
2026-07-21,S05,P208,6.0,0,4,2,20,4
2026-07-22,S05,P208,2.0,18,3,17,20,4
2026-07-23,S05,P208,17.0,0,6,11,20,4
2026-07-24,S05,P208,11.0,0,4,7,20,4
2026-07-25,S05,P208,7.0,13,10,10,20,4
2026-07-26,S05,P208,10.0,0,5,5,20,4
2026-07-27,S05,P208,5.0,0,2,3,20,4
2026-07-28,S05,P208,3.0,13,6,10,20,4
2026-07-29,S05,P208,10.0,0,4,6,20,4
2026-07-30,S05,P208,6.0,15,3,18,20,4
2026-07-31,S05,P208,18.0,0,9,9,20,4
2026-08-01,S05,P208,9.0,0,4,-33,20,4
2026-08-02,S05,P208,5.0,0,5,0,20,4
2026-08-03,S05,P208,0.0,15,6,-12,20,4
2026-08-04,S05,P208,9.0,0,3,6,20,4
2026-08-05,S05,P208,6.0,13,11,8,20,4
2026-08-06,S05,P208,8.0,0,5,3,20,4
2026-08-07,S05,P208,3.0,0,2,1,20,4
2026-08-08,S05,P208,1.0,14,4,11,20,4
2026-08-09,S05,P208,11.0,0,3,8,20,4
2026-08-10,S05,P208,8.0,16,6,18,20,4
2026-08-11,S05,P208,18.0,0,7,11,20,4
2026-08-12,S05,P208,11.0,0,6,5,20,4
2026-08-13,S05,P208,5.0,0,2,3,20,4
2026-08-14,S05,P208,3.0,15,6,12,20,4
2026-08-15,S05,P208,12.0,0,5,7,20,4
2026-08-16,S05,P208,7.0,13,3,24,20,4
2026-08-17,S05,P208,17.0,0,7,10,20,4
2026-08-18,S05,P208,10.0,0,3,7,20,4
2026-08-19,S05,P208,7.0,13,6,14,20,4
2026-08-20,S05,P208,14.0,0,4,10,20,4
2026-08-21,S05,P208,10.0,0,10,0,20,4
2026-08-22,S05,P208,0.0,13,7,6,20,4
2026-08-23,S05,P208,6.0,0,2,4,20,4
2026-08-24,S05,P208,4.0,0,3,1,20,4
2026-08-25,S05,P208,1.0,20,4,17,20,4
2026-08-26,S05,P208,17.0,0,1,16,20,4
2026-08-27,S05,P208,16.0,0,8,8,20,4
2026-08-28,S05,P208,8.0,0,1,7,20,4
2026-08-29,S05,P208,7.0,0,6,1,20,4
2026-08-30,S05,P208,1.0,0,1,0,20,4
2026-08-31,S05,P208,0.0,16,3,13,20,4
2026-05-01,S05,P601,60.0,0,7,53,36,4
2026-05-02,S05,P601,53.0,0,14,39,36,4
2026-05-03,S05,P601,39.0,0,11,28,36,4
2026-05-04,S05,P601,28.0,0,5,23,36,4
2026-05-05,S05,P601,23.0,0,9,14,36,4
2026-05-06,S05,P601,14.0,0,12,2,36,4
2026-05-07,S05,P601,2.0,32,12,22,36,4
2026-05-08,S05,P601,22.0,0,4,18,36,4
2026-05-09,S05,P601,18.0,0,10,8,36,4
2026-05-10,S05,P601,8.0,0,8,0,36,4
2026-05-11,S05,P601,0.0,26,11,15,36,4
2026-05-12,S05,P601,15.0,0,8,7,36,4
2026-05-13,S05,P601,7.0,26,8,25,36,4
2026-05-14,S05,P601,25.0,0,8,17,36,4
2026-05-15,S05,P601,17.0,0,3,14,36,4
2026-05-16,S05,P601,14.0,27,6,35,36,4
2026-05-17,S05,P601,35.0,0,10,25,36,4
2026-05-18,S05,P601,25.0,0,11,14,36,4
2026-05-19,S05,P601,14.0,0,7,7,36,4
2026-05-20,S05,P601,7.0,0,7,0,36,4
2026-05-22,S05,P601,18.0,0,2,16,36,4
2026-05-23,S05,P601,16.0,28,15,29,36,4
2026-05-24,S05,P601,29.0,0,4,25,36,4
2026-05-25,S05,P601,25.0,0,5,20,36,4
2026-05-26,S05,P601,20.0,0,9,11,36,4
2026-05-27,S05,P601,11.0,31,11,31,36,4
2026-05-28,S05,P601,31.0,0,6,25,36,4
2026-05-29,S05,P601,25.0,0,9,16,36,4
2026-05-30,S05,P601,16.0,0,10,6,36,4
2026-05-31,S05,P601,6.0,29,13,22,36,4
2026-06-01,S05,P601,22.0,0,14,8,36,4
2026-06-02,S05,P601,8.0,0,8,0,36,4
2026-06-03,S05,P601,0.0,25,14,11,36,4
2026-06-04,S05,P601,11.0,0,11,0,36,4
2026-06-05,S05,P601,0.0,27,8,19,36,4
2026-06-06,S05,P601,19.0,0,13,6,36,4
2026-06-07,S05,P601,6.0,0,6,0,36,4
2026-06-08,S05,P601,0.0,33,10,23,36,4
2026-06-09,S05,P601,23.0,0,8,15,36,4
2026-06-10,S05,P601,15.0,0,15,0,36,4
2026-06-11,S05,P601,0.0,27,10,17,36,4
2026-06-12,S05,P601,17.0,0,8,9,36,4
2026-06-13,S05,P601,9.0,0,9,0,36,4
2026-06-14,S05,P601,0.0,33,6,27,36,4
2026-06-15,S05,P601,27.0,0,8,19,36,4
2026-06-16,S05,P601,19.0,0,4,15,36,4
2026-06-17,S05,P601,15.0,27,7,35,36,4
2026-06-18,S05,P601,35.0,0,7,28,36,4
2026-06-19,S05,P601,28.0,0,11,17,36,4
2026-06-20,S05,P601,17.0,0,10,7,36,4
2026-06-21,S05,P601,7.0,25,8,24,36,4
2026-06-22,S05,P601,24.0,0,7,17,36,4
2026-06-23,S05,P601,17.0,0,9,8,36,4
2026-06-24,S05,P601,8.0,28,0,36,36,4
2026-06-25,S05,P601,36.0,0,8,28,36,4
2026-06-26,S05,P601,28.0,0,16,12,36,4
2026-06-27,S05,P601,12.0,24,14,22,36,4
2026-06-28,S05,P601,22.0,0,11,11,36,4
2026-06-29,S05,P601,11.0,0,9,2,36,4
2026-06-30,S05,P601,2.0,24,18,8,36,4
2026-07-01,S05,P601,8.0,0,8,0,36,4
2026-07-02,S05,P601,0.0,25,5,20,36,4
2026-07-03,S05,P601,20.0,0,9,11,36,4
2026-07-04,S05,P601,11.0,27,6,32,36,4
2026-07-05,S05,P601,32.0,0,20,12,36,4
2026-07-06,S05,P601,12.0,0,9,3,36,4
2026-07-07,S05,P601,3.0,0,3,0,36,4
2026-07-08,S05,P601,0.0,28,6,22,36,4
2026-07-09,S05,P601,22.0,0,13,9,36,4
2026-07-10,S05,P601,9.0,0,9,0,36,4
2026-07-11,S05,P601,0.0,0,0,0,36,4
2026-07-12,S05,P601,0.0,29,11,18,36,4
2026-07-13,S05,P601,18.0,0,7,11,36,4
2026-07-14,S05,P601,11.0,31,6,36,36,4
2026-07-15,S05,P601,36.0,0,7,29,36,4
2026-07-16,S05,P601,29.0,0,9,20,36,4
2026-07-17,S05,P601,20.0,0,5,15,36,4
2026-07-18,S05,P601,15.0,24,11,28,36,4
2026-07-19,S05,P601,28.0,0,8,20,36,4
2026-07-20,S05,P601,20.0,0,3,17,36,4
2026-07-21,S05,P601,17.0,0,10,7,36,4
2026-07-22,S05,P601,7.0,32,4,35,36,4
2026-07-23,S05,P601,35.0,0,6,29,36,4
2026-07-24,S05,P601,29.0,0,5,24,36,4
2026-07-25,S05,P601,24.0,0,14,10,36,4
2026-07-26,S05,P601,10.0,25,9,26,36,4
2026-07-27,S05,P601,26.0,0,8,18,36,4
2026-07-28,S05,P601,18.0,0,5,13,36,4
2026-07-29,S05,P601,13.0,25,7,31,36,4
2026-07-30,S05,P601,31.0,0,5,26,36,4
2026-07-31,S05,P601,26.0,0,16,10,36,4
2026-08-01,S05,P601,10.0,0,5,5,36,4
2026-08-02,S05,P601,5.0,29,12,22,36,4
2026-08-03,S05,P601,22.0,0,4,18,36,4
2026-08-04,S05,P601,18.0,0,18,0,36,4
2026-08-05,S05,P601,0.0,0,0,0,36,4
2026-08-06,S05,P601,0.0,0,0,0,36,4
2026-08-07,S05,P601,0.0,26,12,14,36,4
2026-08-08,S05,P601,14.0,0,14,0,36,4
2026-08-09,S05,P601,0.0,34,8,26,36,4
2026-08-09,S05,P601,0.0,34,8,26,36,4
2026-08-10,S05,P601,26.0,0,10,16,36,4
2026-08-11,S05,P601,16.0,0,7,9,36,4
2026-08-12,S05,P601,9.0,26,10,25,36,4
2026-08-13,S05,P601,25.0,0,12,13,36,4
2026-08-14,S05,P601,13.0,0,7,6,36,4
2026-08-15,S05,P601,6.0,25,12,19,36,4
2026-08-16,S05,P601,19.0,0,8,11,36,4
2026-08-17,S05,P601,11.0,0,9,2,36,4
2026-08-18,S05,P601,2.0,29,7,24,36,4
2026-08-19,S05,P601,24.0,0,4,20,36,4
2026-08-20,S05,P601,20.0,0,4,16,36,4
2026-08-21,S05,P601,16.0,29,9,36,36,4
2026-08-22,S05,P601,36.0,0,15,21,36,4
2026-08-23,S05,P601,21.0,0,12,9,36,4
2026-08-24,S05,P601,9.0,0,9,0,36,4
2026-08-25,S05,P601,0.0,24,7,17,36,4
2026-08-26,S05,P601,17.0,0,8,9,36,4
2026-08-27,S05,P601,9.0,27,8,28,36,4
2026-08-28,S05,P601,28.0,0,9,19,36,4
2026-08-29,S05,P601,19.0,0,19,0,36,4
2026-08-30,S05,P601,0.0,0,0,0,36,4
2026-08-31,S05,P601,0.0,24,9,15,36,4
2026-05-01,S05,P602,62.0,0,5,57,38,4
2026-05-02,S05,P602,57.0,0,9,48,38,4
2026-05-03,S05,P602,48.0,0,9,39,38,4
2026-05-04,S05,P602,39.0,0,5,34,38,4
2026-05-05,S05,P602,34.0,0,6,28,38,4
2026-05-06,S05,P602,28.0,0,1,27,38,4
2026-05-07,S05,P602,27.0,0,4,23,38,4
2026-05-08,S05,P602,23.0,28,5,46,38,4
2026-05-09,S05,P602,46.0,0,13,33,38,4
2026-05-10,S05,P602,33.0,0,4,29,38,4
2026-05-11,S05,P602,29.0,0,5,24,38,4
2026-05-12,S05,P602,24.0,0,12,12,38,4
2026-05-13,S05,P602,12.0,29,13,28,38,4
2026-05-14,S05,P602,28.0,0,15,13,38,4
2026-05-15,S05,P602,13.0,0,7,6,38,4
2026-05-16,S05,P602,6.0,0,6,0,38,4
2026-05-17,S05,P602,0.0,34,5,29,38,4
2026-05-18,S05,P602,29.0,0,10,19,38,4
2026-05-19,S05,P602,19.0,0,9,10,38,4
2026-05-20,S05,P602,10.0,28,6,32,38,4
2026-05-21,S05,P602,32.0,0,5,27,38,4
2026-05-22,S05,P602,27.0,0,5,22,38,4
2026-05-23,S05,P602,22.0,0,8,14,38,4
2026-05-24,S05,P602,14.0,24,7,31,38,4
2026-05-25,S05,P602,31.0,0,5,26,38,4
2026-05-26,S05,P602,26.0,0,5,21,38,4
2026-05-27,S05,P602,21.0,24,8,37,38,4
2026-05-28,S05,P602,37.0,0,3,34,38,4
2026-05-29,S05,P602,34.0,0,3,31,38,4
2026-05-30,S05,P602,31.0,0,16,15,38,4
2026-05-31,S05,P602,15.0,25,10,30,38,4
2026-06-01,S05,P602,30.0,0,10,-16,38,4
2026-06-02,S05,P602,20.0,0,6,14,38,4
2026-06-03,S05,P602,14.0,0,9,5,38,4
2026-06-04,S05,P602,5.0,32,8,29,38,4
2026-06-05,S05,P602,29.0,0,18,11,38,4
2026-06-06,S05,P602,11.0,0,6,5,38,4
2026-06-07,S05,P602,5.0,25,12,18,38,4
2026-06-08,S05,P602,18.0,0,8,10,38,4
2026-06-09,S05,P602,10.0,26,5,31,38,4
2026-06-10,S05,P602,31.0,0,8,23,38,4
2026-06-11,S05,P602,23.0,0,1,22,38,4
2026-06-12,S05,P602,22.0,26,8,40,38,4
2026-06-13,S05,P602,40.0,0,9,31,38,4
2026-06-14,S05,P602,31.0,0,12,19,38,4
2026-06-15,S05,P602,19.0,0,8,11,38,4
2026-06-16,S05,P602,11.0,0,9,2,38,4
2026-06-17,S05,P602,2.0,31,3,30,38,4
2026-06-18,S05,P602,30.0,0,5,25,38,4
2026-06-19,S05,P602,25.0,0,5,20,38,4
2026-06-20,S05,P602,20.0,29,8,41,38,4
2026-06-21,S05,P602,41.0,0,9,32,38,4
2026-06-22,S05,P602,32.0,0,10,22,38,4
2026-06-23,S05,P602,22.0,0,7,15,38,4
2026-06-24,S05,P602,15.0,0,10,5,38,4
2026-06-25,S05,P602,5.0,30,6,29,38,4
2026-06-26,S05,P602,29.0,0,6,23,38,4
2026-06-27,S05,P602,23.0,0,13,10,38,4
2026-06-28,S05,P602,10.0,0,8,2,38,4
2026-06-29,S05,P602,2.0,27,5,24,38,4
2026-06-30,S05,P602,24.0,0,6,18,38,4
2026-07-01,S05,P602,18.0,0,6,12,38,4
2026-07-02,S05,P602,12.0,25,6,31,38,4
2026-07-03,S05,P602,31.0,0,8,23,38,4
2026-07-04,S05,P602,23.0,0,13,10,38,4
2026-07-05,S05,P602,10.0,25,10,25,38,4
2026-07-06,S05,P602,25.0,0,3,22,38,4
2026-07-07,S05,P602,22.0,0,8,14,38,4
2026-07-08,S05,P602,14.0,27,12,29,38,4
2026-07-09,S05,P602,29.0,0,8,21,38,4
2026-07-10,S05,P602,21.0,0,8,13,38,4
2026-07-11,S05,P602,13.0,0,3,10,38,4
2026-07-12,S05,P602,10.0,33,8,35,38,4
2026-07-13,S05,P602,35.0,0,7,28,38,4
2026-07-14,S05,P602,28.0,0,5,23,38,4
2026-07-15,S05,P602,23.0,0,10,13,38,4
2026-07-16,S05,P602,13.0,27,8,32,38,4
2026-07-17,S05,P602,32.0,0,8,24,38,4
2026-07-18,S05,P602,24.0,0,16,8,38,4
2026-07-19,S05,P602,8.0,0,7,1,38,4
2026-07-20,S05,P602,1.0,0,1,0,38,4
2026-07-21,S05,P602,0.0,30,4,26,38,4
2026-07-22,S05,P602,26.0,24,8,42,38,4
2026-07-23,S05,P602,42.0,0,8,0,38,4
2026-07-24,S05,P602,34.0,0,5,29,38,4
2026-07-25,S05,P602,29.0,0,10,19,38,4
2026-07-26,S05,P602,19.0,0,10,9,38,4
2026-07-27,S05,P602,9.0,28,7,30,38,4
2026-07-28,S05,P602,30.0,0,10,20,38,4
2026-07-29,S05,P602,20.0,0,4,16,38,4
2026-07-30,S05,P602,16.0,25,3,38,38,4
2026-07-31,S05,P602,38.0,0,6,32,38,4
2026-08-01,S05,P602,32.0,0,12,20,38,4
2026-08-02,S05,P602,20.0,0,8,12,38,4
2026-08-03,S05,P602,12.0,24,4,32,38,4
2026-08-04,S05,P602,32.0,0,12,20,38,4
2026-08-05,S05,P602,20.0,0,2,18,38,4
2026-08-06,S05,P602,18.0,26,5,39,38,4
2026-08-07,S05,P602,39.0,0,6,33,38,4
2026-08-08,S05,P602,33.0,0,3,30,38,4
2026-08-09,S05,P602,30.0,0,4,26,38,4
2026-08-10,S05,P602,26.0,0,12,14,38,4
2026-08-11,S05,P602,14.0,29,8,35,38,4
2026-08-12,S05,P602,35.0,0,2,33,38,4
2026-08-13,S05,P602,33.0,0,15,18,38,4
2026-08-14,S05,P602,18.0,0,9,9,38,4
2026-08-15,S05,P602,9.0,27,12,24,38,4
2026-08-16,S05,P602,24.0,0,16,8,38,4
2026-08-17,S05,P602,8.0,0,8,0,38,4
2026-08-18,S05,P602,0.0,26,4,22,38,4
2026-08-19,S05,P602,22.0,0,10,12,38,4
2026-08-20,S05,P602,12.0,28,6,34,38,4
2026-08-21,S05,P602,34.0,0,3,31,38,4
2026-08-22,S05,P602,31.0,0,9,22,38,4
2026-08-23,S05,P602,22.0,0,5,17,38,4
2026-08-24,S05,P602,17.0,28,6,39,38,4
2026-08-25,S05,P602,39.0,0,7,32,38,4
2026-08-26,S05,P602,32.0,0,10,22,38,4
2026-08-27,S05,P602,22.0,0,6,16,38,4
2026-08-28,S05,P602,16.0,0,7,9,38,4
2026-08-29,S05,P602,9.0,30,12,27,38,4
2026-08-30,S05,P602,27.0,0,14,13,38,4
2026-08-31,S05,P602,13.0,0,12,1,38,4
2026-05-01,S05,P603,42.0,0,2,40,26,4
2026-05-02,S05,P603,40.0,0,8,32,26,4
2026-05-03,S05,P603,32.0,0,8,-4,26,4
2026-05-04,S05,P603,24.0,0,4,20,26,4
2026-05-05,S05,P603,20.0,0,4,16,26,4
2026-05-06,S05,P603,16.0,0,5,11,26,4
2026-05-07,S05,P603,11.0,18,6,23,26,4
2026-05-08,S05,P603,23.0,0,14,9,26,4
2026-05-09,S05,P603,9.0,0,6,3,26,4
2026-05-10,S05,P603,3.0,0,3,0,26,4
2026-05-11,S05,P603,0.0,19,7,12,26,4
2026-05-12,S05,P603,12.0,0,4,8,26,4
2026-05-13,S05,P603,8.0,20,6,22,26,4
2026-05-14,S05,P603,22.0,0,5,17,26,4
2026-05-15,S05,P603,17.0,0,4,13,26,4
2026-05-16,S05,P603,13.0,0,3,10,26,4
2026-05-17,S05,P603,10.0,20,3,27,26,4
2026-05-18,S05,P603,27.0,0,3,24,26,4
2026-05-19,S05,P603,24.0,0,4,20,26,4
2026-05-20,S05,P603,20.0,0,7,13,26,4
2026-05-21,S05,P603,13.0,0,5,8,26,4
2026-05-22,S05,P603,8.0,18,2,24,26,4
2026-05-23,S05,P603,24.0,0,5,19,26,4
2026-05-24,S05,P603,19.0,0,5,14,26,4
2026-05-25,S05,P603,14.0,16,1,29,26,4
2026-05-26,S05,P603,29.0,0,9,20,26,4
2026-05-27,S05,P603,20.0,0,5,15,26,4
2026-05-28,S05,P603,15.0,0,9,6,26,4
2026-05-29,S05,P603,6.0,0,2,4,26,4
2026-05-30,S05,P603,4.0,22,8,18,26,4
2026-05-31,S05,P603,18.0,0,9,9,26,4
2026-06-01,S05,P603,9.0,0,3,6,26,4
2026-06-02,S05,P603,6.0,16,5,17,26,4
2026-06-03,S05,P603,17.0,0,7,10,26,4
2026-06-04,S05,P603,10.0,17,4,23,26,4
2026-06-05,S05,P603,23.0,0,3,20,26,4
2026-06-06,S05,P603,20.0,0,4,-16,26,4
2026-06-07,S05,P603,16.0,0,5,11,26,4
2026-06-08,S05,P603,11.0,19,1,29,26,4
2026-06-09,S05,P603,29.0,0,3,26,26,4
2026-06-10,S05,P603,26.0,0,9,17,26,4
2026-06-11,S05,P603,17.0,0,3,14,26,4
2026-06-12,S05,P603,14.0,0,3,11,26,4
2026-06-13,S05,P603,11.0,16,5,22,26,4
2026-06-14,S05,P603,22.0,0,7,15,26,4
2026-06-15,S05,P603,15.0,0,6,9,26,4
2026-06-16,S05,P603,9.0,0,7,2,26,4
2026-06-17,S05,P603,2.0,20,4,18,26,4
2026-06-18,S05,P603,18.0,0,3,15,26,4
2026-06-19,S05,P603,15.0,0,2,13,26,4
2026-06-20,S05,P603,13.0,20,5,28,26,4
2026-06-21,S05,P603,28.0,0,3,25,26,4
2026-06-22,S05,P603,25.0,0,4,21,26,4
2026-06-23,S05,P603,21.0,0,8,13,26,4
2026-06-24,S05,P603,13.0,0,7,6,26,4
2026-06-25,S05,P603,6.0,0,4,2,26,4
2026-06-26,S05,P603,2.0,17,6,13,26,4
2026-06-27,S05,P603,13.0,0,5,8,26,4
2026-06-28,S05,P603,8.0,19,6,21,26,4
2026-06-29,S05,P603,21.0,0,7,14,26,4
2026-06-30,S05,P603,14.0,0,3,11,26,4
2026-07-01,S05,P603,11.0,0,4,7,26,4
2026-07-02,S05,P603,7.0,21,2,26,26,4
2026-07-03,S05,P603,26.0,0,7,19,26,4
2026-07-04,S05,P603,19.0,0,6,13,26,4
2026-07-05,S05,P603,13.0,0,2,11,26,4
2026-07-06,S05,P603,11.0,0,7,4,26,4
2026-07-07,S05,P603,4.0,16,7,13,26,4
2026-07-08,S05,P603,13.0,0,8,5,26,4
2026-07-09,S05,P603,5.0,0,5,0,26,4
2026-07-10,S05,P603,0.0,22,6,16,26,4
2026-07-11,S05,P603,16.0,0,3,13,26,4
2026-07-12,S05,P603,13.0,0,5,8,26,4
2026-07-13,S05,P603,8.0,20,0,28,26,4
2026-07-14,S05,P603,28.0,0,4,24,26,4
2026-07-15,S05,P603,24.0,0,8,16,26,4
2026-07-16,S05,P603,16.0,0,9,7,26,4
2026-07-17,S05,P603,7.0,0,7,0,26,4
2026-07-18,S05,P603,0.0,18,12,6,26,4
2026-07-19,S05,P603,6.0,0,6,0,26,4
2026-07-20,S05,P603,0.0,17,5,12,26,4
2026-07-21,S05,P603,12.0,0,7,5,26,4
2026-07-22,S05,P603,5.0,19,5,19,26,4
2026-07-23,S05,P603,19.0,0,5,14,26,4
2026-07-24,S05,P603,14.0,0,3,11,26,4
2026-07-25,S05,P603,11.0,18,5,24,26,4
2026-07-26,S05,P603,24.0,0,2,22,26,4
2026-07-27,S05,P603,22.0,0,3,19,26,4
2026-07-28,S05,P603,19.0,0,1,18,26,4
2026-07-29,S05,P603,18.0,18,7,29,26,4
2026-07-30,S05,P603,29.0,0,3,26,26,4
2026-07-31,S05,P603,26.0,0,3,23,26,4
2026-08-01,S05,P603,23.0,0,3,20,26,4
2026-08-02,S05,P603,20.0,0,6,14,26,4
2026-08-03,S05,P603,14.0,16,4,26,26,4
2026-08-04,S05,P603,26.0,0,8,18,26,4
2026-08-05,S05,P603,18.0,0,4,14,26,4
2026-08-06,S05,P603,14.0,0,6,8,26,4
2026-08-07,S05,P603,8.0,16,12,12,26,4
2026-08-08,S05,P603,12.0,0,5,7,26,4
2026-08-09,S05,P603,7.0,0,4,3,26,4
2026-08-10,S05,P603,3.0,18,3,18,26,4
2026-08-11,S05,P603,18.0,0,17,1,26,4
2026-08-12,S05,P603,1.0,0,1,0,26,4
2026-08-13,S05,P603,0.0,17,9,8,26,4
2026-08-14,S05,P603,8.0,0,8,0,26,4
2026-08-15,S05,P603,0.0,24,4,20,26,4
2026-08-16,S05,P603,20.0,0,3,17,26,4
2026-08-17,S05,P603,17.0,0,4,13,26,4
2026-08-18,S05,P603,13.0,18,9,22,26,4
2026-08-19,S05,P603,22.0,0,3,19,26,4
2026-08-20,S05,P603,19.0,0,4,15,26,4
2026-08-21,S05,P603,15.0,0,4,11,26,4
2026-08-22,S05,P603,11.0,20,3,28,26,4
2026-08-23,S05,P603,28.0,0,8,20,26,4
2026-08-24,S05,P603,20.0,0,3,17,26,4
2026-08-25,S05,P603,17.0,0,4,13,26,4
2026-08-26,S05,P603,13.0,0,4,9,26,4
2026-08-27,S05,P603,9.0,22,2,29,26,4
2026-08-28,S05,P603,29.0,0,2,27,26,4
2026-08-29,S05,P603,27.0,0,9,43,26,4
2026-08-30,S05,P603,18.0,0,2,16,26,4
2026-08-31,S05,P603,16.0,0,6,10,26,4
2026-05-01,S05,P604,41.0,0,8,33,25,4
2026-05-02,S05,P604,33.0,0,8,25,25,4
2026-05-03,S05,P604,25.0,0,9,16,25,4
2026-05-04,S05,P604,16.0,0,9,7,25,4
2026-05-05,S05,P604,7.0,0,4,3,25,4
2026-05-06,S05,P604,3.0,16,8,11,25,4
2026-05-07,S05,P604,11.0,0,6,5,25,4
2026-05-08,S05,P604,5.0,18,9,14,25,4
2026-05-09,S05,P604,14.0,0,7,7,25,4
2026-05-10,S05,P604,7.0,0,7,0,25,4
2026-05-11,S05,P604,0.0,18,1,17,25,4
2026-05-12,S05,P604,17.0,0,5,12,25,4
2026-05-13,S05,P604,12.0,0,6,6,25,4
2026-05-14,S05,P604,6.0,0,3,3,25,4
2026-05-15,S05,P604,3.0,16,6,13,25,4
2026-05-16,S05,P604,13.0,0,8,5,25,4
2026-05-17,S05,P604,5.0,19,10,14,25,4
2026-05-18,S05,P604,14.0,0,9,5,25,4
2026-05-19,S05,P604,5.0,0,5,0,25,4
2026-05-20,S05,P604,0.0,0,0,0,25,4
2026-05-21,S05,P604,0.0,0,0,0,25,4
2026-05-22,S05,P604,0.0,36,2,34,25,4
2026-05-23,S05,P604,34.0,0,9,25,25,4
2026-05-24,S05,P604,25.0,0,4,21,25,4
2026-05-25,S05,P604,21.0,0,7,14,25,4
2026-05-26,S05,P604,14.0,0,7,7,25,4
2026-05-27,S05,P604,7.0,0,7,0,25,4
2026-05-28,S05,P604,0.0,16,3,13,25,4
2026-05-29,S05,P604,13.0,0,8,5,25,4
2026-05-30,S05,P604,5.0,18,3,20,25,4
2026-05-31,S05,P604,20.0,0,7,13,25,4
2026-06-01,S05,P604,13.0,0,3,10,25,4
2026-06-02,S05,P604,10.0,18,8,20,25,4
2026-06-03,S05,P604,20.0,0,5,15,25,4
2026-06-04,S05,P604,15.0,0,3,12,25,4
2026-06-05,S05,P604,12.0,0,5,7,25,4
2026-06-06,S05,P604,7.0,21,5,23,25,4
2026-06-07,S05,P604,23.0,0,6,17,25,4
2026-06-08,S05,P604,17.0,0,6,11,25,4
2026-06-09,S05,P604,11.0,0,6,5,25,4
2026-06-10,S05,P604,5.0,18,5,18,25,4
2026-06-11,S05,P604,18.0,0,6,12,25,4
2026-06-12,S05,P604,12.0,0,6,6,25,4
2026-06-13,S05,P604,6.0,18,3,21,25,4
2026-06-14,S05,P604,21.0,0,7,14,25,4
2026-06-15,S05,P604,14.0,0,7,7,25,4
2026-06-16,S05,P604,7.0,17,8,16,25,4
2026-06-17,S05,P604,16.0,0,7,9,25,4
2026-06-18,S05,P604,9.0,0,6,3,25,4
2026-06-19,S05,P604,3.0,17,2,18,25,4
2026-06-20,S05,P604,18.0,0,12,6,25,4
2026-06-21,S05,P604,6.0,0,4,2,25,4
2026-06-22,S05,P604,2.0,21,10,13,25,4
2026-06-23,S05,P604,13.0,0,1,12,25,4
2026-06-24,S05,P604,12.0,0,7,5,25,4
2026-06-25,S05,P604,5.0,18,2,21,25,4
2026-06-26,S05,P604,21.0,0,5,16,25,4
2026-06-27,S05,P604,16.0,0,5,11,25,4
2026-06-28,S05,P604,11.0,18,6,23,25,4
2026-06-29,S05,P604,23.0,0,6,17,25,4
2026-06-30,S05,P604,17.0,0,4,13,25,4
2026-07-01,S05,P604,13.0,0,4,9,25,4
2026-07-02,S05,P604,9.0,18,7,20,25,4
2026-07-03,S05,P604,20.0,0,7,13,25,4
2026-07-04,S05,P604,13.0,0,8,5,25,4
2026-07-05,S05,P604,5.0,0,5,0,25,4
2026-07-06,S05,P604,0.0,21,3,18,25,4
2026-07-07,S05,P604,18.0,0,2,16,25,4
2026-07-08,S05,P604,16.0,0,4,12,25,4
2026-07-09,S05,P604,12.0,20,9,23,25,4
2026-07-10,S05,P604,23.0,0,3,20,25,4
2026-07-11,S05,P604,20.0,0,4,16,25,4
2026-07-12,S05,P604,16.0,0,6,44,25,4
2026-07-13,S05,P604,10.0,18,3,25,25,4
2026-07-14,S05,P604,25.0,0,4,21,25,4
2026-07-15,S05,P604,21.0,0,7,14,25,4
2026-07-16,S05,P604,14.0,0,4,10,25,4
2026-07-17,S05,P604,10.0,16,2,24,25,4
2026-07-18,S05,P604,24.0,0,3,21,25,4
2026-07-19,S05,P604,21.0,0,9,12,25,4
2026-07-20,S05,P604,12.0,0,2,10,25,4
2026-07-21,S05,P604,10.0,17,9,18,25,4
2026-07-22,S05,P604,18.0,0,10,8,25,4
2026-07-23,S05,P604,8.0,0,7,1,25,4
2026-07-24,S05,P604,1.0,0,1,0,25,4
2026-07-25,S05,P604,0.0,0,0,0,25,4
2026-07-26,S05,P604,0.0,0,0,0,25,4
2026-07-28,S05,P604,35.0,0,7,28,25,4
2026-07-29,S05,P604,28.0,0,9,19,25,4
2026-07-30,S05,P604,19.0,0,9,10,25,4
2026-07-31,S05,P604,10.0,0,1,9,25,4
2026-08-01,S05,P604,9.0,0,9,0,25,4
2026-08-02,S05,P604,0.0,22,3,19,25,4
2026-08-03,S05,P604,19.0,0,10,9,25,4
2026-08-04,S05,P604,9.0,0,9,0,25,4
2026-08-05,S05,P604,0.0,0,0,0,25,4
2026-08-06,S05,P604,0.0,0,0,0,25,4
2026-08-07,S05,P604,0.0,19,5,14,25,4
2026-08-08,S05,P604,14.0,22,3,33,25,4
2026-08-09,S05,P604,33.0,0,7,26,25,4
2026-08-10,S05,P604,26.0,0,8,18,25,4
2026-08-11,S05,P604,18.0,0,8,10,25,4
2026-08-12,S05,P604,10.0,0,10,0,25,4
2026-08-13,S05,P604,0.0,0,0,0,25,4
2026-08-14,S05,P604,0.0,23,4,19,25,4
2026-08-15,S05,P604,19.0,0,7,12,25,4
2026-08-16,S05,P604,12.0,18,3,27,25,4
2026-08-17,S05,P604,27.0,0,2,25,25,4
2026-08-18,S05,P604,25.0,0,3,22,25,4
2026-08-19,S05,P604,22.0,0,5,17,25,4
2026-08-20,S05,P604,17.0,0,4,13,25,4
2026-08-21,S05,P604,13.0,16,13,16,25,4
2026-08-22,S05,P604,16.0,0,11,5,25,4
2026-08-23,S05,P604,5.0,0,4,1,25,4
2026-08-24,S05,P604,1.0,0,1,0,25,4
2026-08-25,S05,P604,0.0,25,3,22,25,4
2026-08-26,S05,P604,22.0,0,6,16,25,4
2026-08-27,S05,P604,16.0,0,9,7,25,4
2026-08-28,S05,P604,7.0,16,4,19,25,4
2026-08-29,S05,P604,19.0,0,5,14,25,4
2026-08-30,S05,P604,14.0,0,4,10,25,4
2026-08-31,S05,P604,10.0,18,4,24,25,4
2026-05-01,S05,P701,55.0,0,3,52,28,2
2026-05-02,S05,P701,52.0,0,9,43,28,2
2026-05-03,S05,P701,43.0,0,18,25,28,2
2026-05-04,S05,P701,25.0,0,11,14,28,2
2026-05-05,S05,P701,14.0,30,10,34,28,2
2026-05-06,S05,P701,34.0,0,4,30,28,2
2026-05-07,S05,P701,30.0,0,6,24,28,2
2026-05-08,S05,P701,24.0,0,8,16,28,2
2026-05-09,S05,P701,16.0,31,13,34,28,2
2026-05-10,S05,P701,34.0,0,26,8,28,2
2026-05-11,S05,P701,8.0,0,8,0,28,2
2026-05-12,S05,P701,0.0,47,6,41,28,2
2026-05-13,S05,P701,41.0,0,14,27,28,2
2026-05-14,S05,P701,27.0,0,19,8,28,2
2026-05-15,S05,P701,8.0,28,11,25,28,2
2026-05-16,S05,P701,25.0,0,14,11,28,2
2026-05-17,S05,P701,11.0,30,23,18,28,2
2026-05-18,S05,P701,18.0,0,13,5,28,2
2026-05-19,S05,P701,5.0,0,5,0,28,2
2026-05-20,S05,P701,0.0,37,18,19,28,2
2026-05-21,S05,P701,19.0,0,11,8,28,2
2026-05-22,S05,P701,8.0,0,8,0,28,2
2026-05-23,S05,P701,0.0,36,13,23,28,2
2026-05-24,S05,P701,23.0,0,23,0,28,2
2026-05-25,S05,P701,0.0,32,24,8,28,2
2026-05-26,S05,P701,8.0,0,8,0,28,2
2026-05-27,S05,P701,0.0,47,29,18,28,2
2026-05-28,S05,P701,18.0,0,14,4,28,2
2026-05-29,S05,P701,4.0,37,10,31,28,2
2026-05-30,S05,P701,31.0,0,11,20,28,2
2026-05-31,S05,P701,20.0,0,9,11,28,2
2026-06-01,S05,P701,11.0,35,10,36,28,2
2026-06-02,S05,P701,36.0,0,8,28,28,2
2026-06-03,S05,P701,28.0,0,11,17,28,2
2026-06-04,S05,P701,17.0,27,12,32,28,2
2026-06-05,S05,P701,32.0,0,12,20,28,2
2026-06-06,S05,P701,20.0,0,8,12,28,2
2026-06-07,S05,P701,12.0,35,26,21,28,2
2026-06-08,S05,P701,21.0,0,8,13,28,2
2026-06-09,S05,P701,13.0,34,11,36,28,2
2026-06-10,S05,P701,36.0,0,9,27,28,2
2026-06-11,S05,P701,27.0,0,9,18,28,2
2026-06-12,S05,P701,18.0,28,8,38,28,2
2026-06-13,S05,P701,38.0,0,15,23,28,2
2026-06-14,S05,P701,23.0,0,5,18,28,2
2026-06-15,S05,P701,18.0,0,9,9,28,2
2026-06-16,S05,P701,9.0,32,5,36,28,2
2026-06-17,S05,P701,36.0,0,9,27,28,2
2026-06-18,S05,P701,27.0,0,11,16,28,2
2026-06-19,S05,P701,16.0,28,12,32,28,2
2026-06-20,S05,P701,32.0,0,7,25,28,2
2026-06-21,S05,P701,25.0,0,21,4,28,2
2026-06-22,S05,P701,4.0,30,8,26,28,2
2026-06-23,S05,P701,26.0,0,12,14,28,2
2026-06-24,S05,P701,14.0,29,13,30,28,2
2026-06-25,S05,P701,30.0,0,21,9,28,2
2026-06-26,S05,P701,9.0,0,9,0,28,2
2026-06-27,S05,P701,0.0,46,35,11,28,2
2026-06-28,S05,P701,11.0,0,11,0,28,2
2026-06-29,S05,P701,0.0,44,10,34,28,2
2026-06-30,S05,P701,34.0,0,6,28,28,2
2026-07-01,S05,P701,28.0,0,9,19,28,2
2026-07-02,S05,P701,19.0,27,6,40,28,2
2026-07-03,S05,P701,40.0,0,15,25,28,2
2026-07-04,S05,P701,25.0,0,17,8,28,2
2026-07-05,S05,P701,8.0,30,17,21,28,2
2026-07-06,S05,P701,21.0,0,11,10,28,2
2026-07-07,S05,P701,10.0,34,9,35,28,2
2026-07-08,S05,P701,35.0,0,16,19,28,2
2026-07-09,S05,P701,19.0,0,9,10,28,2
2026-07-10,S05,P701,10.0,36,10,36,28,2
2026-07-11,S05,P701,36.0,0,9,27,28,2
2026-07-12,S05,P701,27.0,0,4,23,28,2
2026-07-13,S05,P701,23.0,28,4,47,28,2
2026-07-14,S05,P701,47.0,0,4,43,28,2
2026-07-15,S05,P701,43.0,0,11,32,28,2
2026-07-16,S05,P701,32.0,0,19,13,28,2
2026-07-17,S05,P701,13.0,0,13,0,28,2
2026-07-18,S05,P701,0.0,42,25,17,28,2
2026-07-19,S05,P701,17.0,0,10,7,28,2
2026-07-20,S05,P701,7.0,38,9,36,28,2
2026-07-21,S05,P701,36.0,0,17,19,28,2
2026-07-22,S05,P701,19.0,0,16,3,28,2
2026-07-23,S05,P701,3.0,36,13,26,28,2
2026-07-24,S05,P701,26.0,0,13,13,28,2
2026-07-25,S05,P701,13.0,29,12,30,28,2
2026-07-26,S05,P701,30.0,0,9,21,28,2
2026-07-27,S05,P701,21.0,0,16,5,28,2
2026-07-28,S05,P701,5.0,34,8,31,28,2
2026-07-29,S05,P701,31.0,0,9,22,28,2
2026-07-30,S05,P701,22.0,0,9,13,28,2
2026-07-31,S05,P701,13.0,33,2,44,28,2
2026-08-01,S05,P701,44.0,0,19,25,28,2
2026-08-02,S05,P701,25.0,0,10,15,28,2
2026-08-03,S05,P701,15.0,0,15,0,28,2
2026-08-04,S05,P701,0.0,30,4,26,28,2
2026-08-05,S05,P701,26.0,0,6,20,28,2
2026-08-06,S05,P701,20.0,29,16,33,28,2
2026-08-07,S05,P701,33.0,0,12,21,28,2
2026-08-08,S05,P701,21.0,0,21,0,28,2
2026-08-09,S05,P701,0.0,34,22,12,28,2
2026-08-10,S05,P701,12.0,0,12,0,28,2
2026-08-11,S05,P701,0.0,43,19,24,28,2
2026-08-12,S05,P701,24.0,0,17,7,28,2
2026-08-13,S05,P701,7.0,0,7,0,28,2
2026-08-14,S05,P701,0.0,31,6,7,28,2
2026-08-15,S05,P701,25.0,0,13,12,28,2
2026-08-16,S05,P701,12.0,30,15,27,28,2
2026-08-17,S05,P701,27.0,0,11,16,28,2
2026-08-18,S05,P701,16.0,28,14,30,28,2
2026-08-19,S05,P701,30.0,0,9,21,28,2
2026-08-20,S05,P701,21.0,0,8,13,28,2
2026-08-21,S05,P701,13.0,34,10,37,28,2
2026-08-22,S05,P701,37.0,0,13,24,28,2
2026-08-23,S05,P701,24.0,0,18,6,28,2
2026-08-24,S05,P701,6.0,31,8,29,28,2
2026-08-25,S05,P701,29.0,0,19,10,28,2
2026-08-26,S05,P701,10.0,0,10,0,28,2
2026-08-27,S05,P701,0.0,45,4,41,28,2
2026-08-28,S05,P701,41.0,0,8,33,28,2
2026-08-29,S05,P701,33.0,0,10,23,28,2
2026-08-30,S05,P701,23.0,0,11,12,28,2
2026-08-31,S05,P701,12.0,32,16,28,28,2
2026-05-01,S05,P702,26.0,0,3,23,13,2
2026-05-02,S05,P702,23.0,0,5,18,13,2
2026-05-03,S05,P702,18.0,0,8,10,13,2
2026-05-04,S05,P702,10.0,0,0,10,13,2
2026-05-05,S05,P702,10.0,16,11,15,13,2
2026-05-06,S05,P702,15.0,0,5,10,13,2
2026-05-07,S05,P702,10.0,0,4,6,13,2
2026-05-08,S05,P702,6.0,16,8,14,13,2
2026-05-09,S05,P702,14.0,0,12,-14,13,2
2026-05-10,S05,P702,2.0,0,2,0,13,2
2026-05-11,S05,P702,0.0,24,2,22,13,2
2026-05-12,S05,P702,22.0,0,7,15,13,2
2026-05-13,S05,P702,15.0,0,12,3,13,2
2026-05-14,S05,P702,3.0,0,3,0,13,2
2026-05-15,S05,P702,0.0,23,3,20,13,2
2026-05-16,S05,P702,20.0,0,4,16,13,2
2026-05-17,S05,P702,16.0,0,10,6,13,2
2026-05-18,S05,P702,6.0,0,6,0,13,2
2026-05-19,S05,P702,0.0,20,5,15,13,2
2026-05-20,S05,P702,15.0,0,2,13,13,2
2026-05-21,S05,P702,13.0,0,4,9,13,2
2026-05-22,S05,P702,9.0,13,2,20,13,2
2026-05-23,S05,P702,20.0,0,7,13,13,2
2026-05-24,S05,P702,13.0,0,12,1,13,2
2026-05-25,S05,P702,1.0,13,4,10,13,2
2026-05-26,S05,P702,10.0,0,6,4,13,2
2026-05-27,S05,P702,4.0,16,3,17,13,2
2026-05-28,S05,P702,17.0,0,3,14,13,2
2026-05-29,S05,P702,14.0,0,1,13,13,2
2026-05-30,S05,P702,13.0,0,7,6,13,2
2026-05-31,S05,P702,6.0,13,8,11,13,2
2026-06-01,S05,P702,11.0,0,7,4,13,2
2026-06-02,S05,P702,4.0,15,3,16,13,2
2026-06-03,S05,P702,16.0,0,3,13,13,2
2026-06-04,S05,P702,13.0,0,10,3,13,2
2026-06-05,S05,P702,3.0,13,4,12,13,2
2026-06-06,S05,P702,12.0,0,7,5,13,2
2026-06-07,S05,P702,5.0,14,8,11,13,2
2026-06-08,S05,P702,11.0,0,7,4,13,2
2026-06-09,S05,P702,4.0,15,5,14,13,2
2026-06-10,S05,P702,14.0,0,7,7,13,2
2026-06-11,S05,P702,7.0,0,3,4,13,2
2026-06-12,S05,P702,4.0,19,2,21,13,2
2026-06-13,S05,P702,21.0,0,8,13,13,2
2026-06-14,S05,P702,13.0,0,5,8,13,2
2026-06-15,S05,P702,8.0,13,8,13,13,2
2026-06-16,S05,P702,13.0,0,2,11,13,2
2026-06-17,S05,P702,11.0,13,3,21,13,2
2026-06-18,S05,P702,21.0,0,9,12,13,2
2026-06-19,S05,P702,12.0,0,5,7,13,2
2026-06-20,S05,P702,7.0,14,7,14,13,2
2026-06-21,S05,P702,14.0,0,11,3,13,2
2026-06-22,S05,P702,3.0,0,3,0,13,2
2026-06-23,S05,P702,0.0,23,7,16,13,2
2026-06-24,S05,P702,16.0,0,2,14,13,2
2026-06-25,S05,P702,14.0,0,3,11,13,2
2026-06-26,S05,P702,11.0,0,5,6,13,2
2026-06-27,S05,P702,6.0,15,3,18,13,2
2026-06-28,S05,P702,18.0,0,16,2,13,2
2026-06-29,S05,P702,2.0,0,2,0,13,2
2026-06-30,S05,P702,0.0,0,0,0,13,2
2026-07-01,S05,P702,0.0,24,2,22,13,2
2026-07-02,S05,P702,22.0,0,4,18,13,2
2026-07-03,S05,P702,18.0,0,9,9,13,2
2026-07-04,S05,P702,9.0,0,6,3,13,2
2026-07-05,S05,P702,3.0,17,5,15,13,2
2026-07-06,S05,P702,15.0,0,8,7,13,2
2026-07-07,S05,P702,7.0,0,4,3,13,2
2026-07-08,S05,P702,3.0,19,5,17,13,2
2026-07-09,S05,P702,17.0,0,2,15,13,2
2026-07-10,S05,P702,15.0,0,3,12,13,2
2026-07-11,S05,P702,12.0,0,10,2,13,2
2026-07-12,S05,P702,2.0,14,6,10,13,2
2026-07-13,S05,P702,10.0,0,7,3,13,2
2026-07-14,S05,P702,3.0,16,7,12,13,2
2026-07-15,S05,P702,12.0,0,8,4,13,2
2026-07-16,S05,P702,4.0,14,4,14,13,2
2026-07-17,S05,P702,14.0,0,7,7,13,2
2026-07-18,S05,P702,7.0,0,7,0,13,2
2026-07-19,S05,P702,0.0,19,4,15,13,2
2026-07-20,S05,P702,15.0,0,5,10,13,2
2026-07-21,S05,P702,10.0,0,4,6,13,2
2026-07-22,S05,P702,6.0,0,6,0,13,2
2026-07-23,S05,P702,0.0,16,12,4,13,2
2026-07-24,S05,P702,4.0,0,4,0,13,2
2026-07-25,S05,P702,0.0,22,13,9,13,2
2026-07-26,S05,P702,9.0,0,9,0,13,2
2026-07-27,S05,P702,0.0,17,4,13,13,2
2026-07-28,S05,P702,13.0,0,4,9,13,2
2026-07-29,S05,P702,9.0,13,6,16,13,2
2026-07-30,S05,P702,16.0,0,2,14,13,2
2026-07-31,S05,P702,14.0,0,5,9,13,2
2026-08-01,S05,P702,9.0,0,9,0,13,2
2026-08-02,S05,P702,0.0,17,12,5,13,2
2026-08-03,S05,P702,5.0,0,5,0,13,2
2026-08-04,S05,P702,0.0,21,7,14,13,2
2026-08-05,S05,P702,14.0,0,3,11,13,2
2026-08-06,S05,P702,11.0,0,6,5,13,2
2026-08-07,S05,P702,5.0,15,2,18,13,2
2026-08-08,S05,P702,18.0,0,6,12,13,2
2026-08-09,S05,P702,12.0,0,7,5,13,2
2026-08-10,S05,P702,5.0,14,9,10,13,2
2026-08-11,S05,P702,10.0,0,10,0,13,2
2026-08-12,S05,P702,0.0,16,7,9,13,2
2026-08-13,S05,P702,9.0,0,7,2,13,2
2026-08-14,S05,P702,2.0,17,5,14,13,2
2026-08-15,S05,P702,14.0,0,10,4,13,2
2026-08-16,S05,P702,4.0,0,4,0,13,2
2026-08-17,S05,P702,0.0,22,4,18,13,2
2026-08-18,S05,P702,18.0,0,2,16,13,2
2026-08-19,S05,P702,16.0,0,6,10,13,2
2026-08-20,S05,P702,10.0,0,6,4,13,2
2026-08-21,S05,P702,4.0,16,2,18,13,2
2026-08-22,S05,P702,18.0,0,6,12,13,2
2026-08-23,S05,P702,12.0,0,10,2,13,2
2026-08-24,S05,P702,2.0,14,4,12,13,2
2026-08-25,S05,P702,12.0,0,10,2,13,2
2026-08-26,S05,P702,2.0,14,10,6,13,2
2026-08-27,S05,P702,6.0,0,6,0,13,2
2026-08-28,S05,P702,0.0,20,4,16,13,2
2026-08-29,S05,P702,16.0,0,9,7,13,2
2026-08-30,S05,P702,7.0,0,5,2,13,2
2026-08-31,S05,P702,2.0,19,2,19,13,2
2026-05-01,S05,P704,23.0,0,6,17,11,2
2026-05-02,S05,P704,17.0,0,10,7,11,2
2026-05-03,S05,P704,7.0,0,5,2,11,2
2026-05-04,S05,P704,2.0,16,3,15,11,2
2026-05-05,S05,P704,15.0,0,1,14,11,2
2026-05-06,S05,P704,14.0,0,10,4,11,2
2026-05-07,S05,P704,4.0,0,4,0,11,2
2026-05-08,S05,P704,0.0,0,0,0,11,2
2026-05-09,S05,P704,0.0,0,0,0,11,2
2026-05-10,S05,P704,0.0,19,4,15,11,2
2026-05-11,S05,P704,15.0,0,6,9,11,2
2026-05-12,S05,P704,9.0,0,4,5,11,2
2026-05-13,S05,P704,5.0,14,1,18,11,2
2026-05-14,S05,P704,18.0,0,8,10,11,2
2026-05-15,S05,P704,10.0,0,3,7,11,2
2026-05-16,S05,P704,7.0,13,7,13,11,2
2026-05-17,S05,P704,13.0,0,13,0,11,2
2026-05-18,S05,P704,0.0,0,0,0,11,2
2026-05-19,S05,P704,0.0,23,7,16,11,2
2026-05-20,S05,P704,16.0,0,10,6,11,2
2026-05-21,S05,P704,6.0,0,6,0,11,2
2026-05-22,S05,P704,0.0,17,8,9,11,2
2026-05-23,S05,P704,9.0,0,2,7,11,2
2026-05-24,S05,P704,7.0,14,5,16,11,2
2026-05-25,S05,P704,16.0,0,5,11,11,2
2026-05-26,S05,P704,11.0,0,5,6,11,2
2026-05-27,S05,P704,6.0,12,4,14,11,2
2026-05-28,S05,P704,14.0,0,4,10,11,2
2026-05-29,S05,P704,10.0,0,6,4,11,2
2026-05-30,S05,P704,4.0,13,5,12,11,2
2026-05-31,S05,P704,12.0,0,2,10,11,2
2026-06-01,S05,P704,10.0,0,6,4,11,2
2026-06-02,S05,P704,4.0,13,3,14,11,2
2026-06-03,S05,P704,14.0,0,5,9,11,2
2026-06-04,S05,P704,9.0,0,9,0,11,2
2026-06-05,S05,P704,0.0,14,10,4,11,2
2026-06-06,S05,P704,4.0,0,4,0,11,2
2026-06-07,S05,P704,0.0,19,5,14,11,2
2026-06-08,S05,P704,14.0,0,9,5,11,2
2026-06-09,S05,P704,5.0,0,5,0,11,2
2026-06-10,S05,P704,0.0,18,4,14,11,2
2026-06-11,S05,P704,14.0,0,2,12,11,2
2026-06-12,S05,P704,12.0,0,4,8,11,2
2026-06-13,S05,P704,8.0,0,5,3,11,2
2026-06-14,S05,P704,3.0,0,3,0,11,2
2026-06-15,S05,P704,0.0,15,1,14,11,2
2026-06-16,S05,P704,14.0,0,1,13,11,2
2026-06-17,S05,P704,13.0,0,2,11,11,2
2026-06-18,S05,P704,11.0,0,5,6,11,2
2026-06-19,S05,P704,6.0,12,4,14,11,2
2026-06-20,S05,P704,14.0,0,3,11,11,2
2026-06-21,S05,P704,11.0,0,4,7,11,2
2026-06-22,S05,P704,7.0,12,7,12,11,2
2026-06-23,S05,P704,12.0,0,7,5,11,2
2026-06-24,S05,P704,5.0,0,5,0,11,2
2026-06-25,S05,P704,0.0,0,0,0,11,2
2026-06-26,S05,P704,0.0,0,0,0,11,2
2026-06-27,S05,P704,0.0,18,6,12,11,2
2026-06-28,S05,P704,12.0,0,7,5,11,2
2026-06-29,S05,P704,5.0,0,4,1,11,2
2026-06-30,S05,P704,1.0,18,5,14,11,2
2026-07-01,S05,P704,14.0,0,6,8,11,2
2026-07-02,S05,P704,8.0,0,2,6,11,2
2026-07-03,S05,P704,6.0,15,5,16,11,2
2026-07-04,S05,P704,16.0,0,2,14,11,2
2026-07-05,S05,P704,14.0,0,8,6,11,2
2026-07-06,S05,P704,6.0,0,6,0,11,2
2026-07-07,S05,P704,0.0,17,8,9,11,2
2026-07-08,S05,P704,9.0,0,8,1,11,2
2026-07-09,S05,P704,1.0,0,1,0,11,2
2026-07-10,S05,P704,0.0,14,7,7,11,2
2026-07-11,S05,P704,7.0,0,7,0,11,2
2026-07-12,S05,P704,0.0,16,5,11,11,2
2026-07-13,S05,P704,11.0,0,3,8,11,2
2026-07-14,S05,P704,8.0,12,1,19,11,2
2026-07-15,S05,P704,19.0,0,5,14,11,2
2026-07-16,S05,P704,14.0,0,5,9,11,2
2026-07-17,S05,P704,9.0,0,2,7,11,2
2026-07-18,S05,P704,7.0,14,7,14,11,2
2026-07-19,S05,P704,14.0,0,1,13,11,2
2026-07-20,S05,P704,13.0,0,6,7,11,2
2026-07-21,S05,P704,7.0,0,4,3,11,2
2026-07-22,S05,P704,3.0,16,0,19,11,2
2026-07-23,S05,P704,19.0,0,2,17,11,2
2026-07-24,S05,P704,17.0,0,3,14,11,2
2026-07-25,S05,P704,14.0,0,9,5,11,2
2026-07-26,S05,P704,5.0,0,5,0,11,2
2026-07-27,S05,P704,0.0,18,6,12,11,2
2026-07-28,S05,P704,12.0,0,8,4,11,2
2026-07-29,S05,P704,4.0,0,4,-20,11,2
2026-07-30,S05,P704,0.0,19,6,13,11,2
2026-07-31,S05,P704,13.0,0,7,6,11,2
2026-08-01,S05,P704,6.0,0,5,1,11,2
2026-08-02,S05,P704,1.0,17,12,6,11,2
2026-08-03,S05,P704,6.0,0,6,0,11,2
2026-08-04,S05,P704,0.0,17,6,11,11,2
2026-08-05,S05,P704,11.0,0,2,9,11,2
2026-08-06,S05,P704,9.0,12,5,16,11,2
2026-08-07,S05,P704,16.0,0,5,11,11,2
2026-08-08,S05,P704,11.0,0,3,8,11,2
2026-08-09,S05,P704,8.0,12,6,14,11,2
2026-08-10,S05,P704,14.0,0,0,14,11,2
2026-08-11,S05,P704,14.0,0,0,14,11,2
2026-08-12,S05,P704,14.0,0,6,8,11,2
2026-08-13,S05,P704,8.0,0,4,4,11,2
2026-08-14,S05,P704,4.0,15,6,13,11,2
2026-08-15,S05,P704,13.0,0,5,8,11,2
2026-08-16,S05,P704,8.0,0,6,2,11,2
2026-08-17,S05,P704,2.0,15,6,11,11,2
2026-08-18,S05,P704,11.0,0,6,5,11,2
2026-08-19,S05,P704,5.0,12,1,16,11,2
2026-08-20,S05,P704,16.0,0,5,11,11,2
2026-08-21,S05,P704,11.0,0,7,4,11,2
2026-08-22,S05,P704,4.0,12,9,7,11,2
2026-08-23,S05,P704,7.0,0,4,3,11,2
2026-08-24,S05,P704,3.0,16,2,17,11,2
2026-08-25,S05,P704,17.0,0,2,15,11,2
2026-08-26,S05,P704,15.0,0,5,10,11,2
2026-08-27,S05,P704,10.0,0,3,7,11,2
2026-08-28,S05,P704,7.0,13,3,17,11,2
2026-08-29,S05,P704,17.0,0,7,10,11,2
2026-08-30,S05,P704,10.0,0,6,4,11,2
2026-08-31,S05,P704,4.0,13,9,8,11,2
2026-08-27,S05,P335,78.0,0,15,63,44,3
2026-08-28,S05,P335,63.0,0,11,52,44,3
2026-08-29,S05,P335,52.0,0,16,36,44,3
2026-08-30,S05,P335,36.0,0,16,20,44,3
2026-08-31,S05,P335,20.0,0,7,13,44,3
2026-08-20,S05,P705,44.0,0,7,37,22,2
2026-08-21,S05,P705,37.0,0,15,22,22,2
2026-08-22,S05,P705,22.0,0,17,5,22,2
2026-08-23,S05,P705,5.0,22,7,20,22,2
2026-08-24,S05,P705,20.0,0,6,14,22,2
2026-08-25,S05,P705,14.0,24,15,23,22,2
2026-08-26,S05,P705,23.0,0,21,2,22,2
2026-08-27,S05,P705,2.0,0,2,0,22,2
2026-08-28,S05,P705,0.0,42,15,27,22,2
2026-08-29,S05,P705,27.0,0,14,13,22,2
2026-08-30,S05,P705,13.0,0,5,8,22,2
2026-08-31,S05,P705,8.0,0,8,0,22,2
2026-05-01,S06,P101,89.0,0,18,71,63,2
2026-05-02,S06,P101,71.0,0,23,48,63,2
2026-05-03,S06,P101,48.0,0,34,14,63,2
2026-05-04,S06,P101,14.0,41,55,0,63,2
2026-05-05,S06,P101,0.0,34,34,0,63,2
2026-05-06,S06,P101,0.0,55,40,15,63,2
2026-05-07,S06,P101,15.0,34,49,0,63,2
2026-05-08,S06,P101,0.0,0,0,0,63,2
2026-05-09,S06,P101,0.0,89,58,31,63,2
2026-05-10,S06,P101,31.0,0,24,7,63,2
2026-05-11,S06,P101,7.0,58,31,34,63,2
2026-05-12,S06,P101,34.0,0,20,14,63,2
2026-05-13,S06,P101,14.0,55,10,59,63,2
2026-05-14,S06,P101,59.0,0,28,31,63,2
2026-05-15,S06,P101,31.0,0,25,6,63,2
2026-05-16,S06,P101,6.0,58,24,40,63,2
2026-05-17,S06,P101,40.0,0,15,25,63,2
2026-05-18,S06,P101,25.0,49,29,45,63,2
2026-05-19,S06,P101,45.0,0,14,31,63,2
2026-05-20,S06,P101,31.0,44,34,41,63,2
2026-05-21,S06,P101,41.0,0,14,27,63,2
2026-05-22,S06,P101,27.0,48,14,61,63,2
2026-05-23,S06,P101,61.0,0,14,47,63,2
2026-05-24,S06,P101,47.0,28,16,59,63,2
2026-05-25,S06,P101,59.0,0,18,41,63,2
2026-05-26,S06,P101,41.0,30,22,49,63,2
2026-05-27,S06,P101,49.0,0,23,26,63,2
2026-05-28,S06,P101,26.0,40,14,52,63,2
2026-05-29,S06,P101,52.0,0,21,31,63,2
2026-05-30,S06,P101,31.0,37,20,48,63,2
2026-05-31,S06,P101,48.0,0,21,27,63,2
2026-06-01,S06,P101,27.0,41,26,42,63,2
2026-06-02,S06,P101,42.0,0,14,28,63,2
2026-06-03,S06,P101,28.0,47,22,53,63,2
2026-06-04,S06,P101,53.0,0,32,21,63,2
2026-06-05,S06,P101,21.0,0,21,0,63,2
2026-06-06,S06,P101,0.0,68,25,43,63,2
2026-06-07,S06,P101,43.0,0,43,0,63,2
2026-06-08,S06,P101,0.0,46,46,0,63,2
2026-06-09,S06,P101,0.0,43,25,18,63,2
2026-06-10,S06,P101,18.0,46,25,39,63,2
2026-06-11,S06,P101,39.0,0,33,6,63,2
2026-06-12,S06,P101,6.0,50,49,7,63,2
2026-06-13,S06,P101,7.0,33,40,0,63,2
2026-06-14,S06,P101,0.0,49,19,30,63,2
2026-06-15,S06,P101,30.0,40,15,55,63,2
2026-06-16,S06,P101,55.0,0,18,37,63,2
2026-06-17,S06,P101,37.0,34,24,47,63,2
2026-06-18,S06,P101,47.0,0,22,25,63,2
2026-06-19,S06,P101,25.0,42,28,39,63,2
2026-06-20,S06,P101,39.0,0,16,23,63,2
2026-06-21,S06,P101,23.0,0,23,0,63,2
2026-06-22,S06,P101,0.0,50,26,24,63,2
2026-06-23,S06,P101,24.0,39,19,44,63,2
2026-06-24,S06,P101,44.0,26,19,51,63,2
2026-06-25,S06,P101,51.0,0,19,32,63,2
2026-06-26,S06,P101,32.0,38,35,35,63,2
2026-06-27,S06,P101,35.0,0,19,16,63,2
2026-06-28,S06,P101,16.0,54,20,50,63,2
2026-06-29,S06,P101,50.0,0,12,38,63,2
2026-06-30,S06,P101,38.0,39,12,65,63,2
2026-07-01,S06,P101,65.0,0,21,44,63,2
2026-07-02,S06,P101,44.0,0,24,20,63,2
2026-07-03,S06,P101,20.0,45,28,37,63,2
2026-07-04,S06,P101,37.0,0,23,14,63,2
2026-07-05,S06,P101,14.0,52,37,29,63,2
2026-07-06,S06,P101,29.0,0,22,7,63,2
2026-07-07,S06,P101,7.0,60,21,46,63,2
2026-07-08,S06,P101,46.0,0,18,28,63,2
2026-07-09,S06,P101,28.0,43,19,52,63,2
2026-07-10,S06,P101,52.0,0,21,31,63,2
2026-07-11,S06,P101,31.0,37,22,46,63,2
2026-07-12,S06,P101,46.0,0,17,29,63,2
2026-07-13,S06,P101,29.0,43,25,47,63,2
2026-07-14,S06,P101,47.0,0,31,16,63,2
2026-07-15,S06,P101,16.0,42,24,34,63,2
2026-07-16,S06,P101,34.0,31,25,40,63,2
2026-07-17,S06,P101,40.0,0,17,23,63,2
2026-07-18,S06,P101,23.0,49,17,55,63,2
2026-07-19,S06,P101,55.0,0,23,32,63,2
2026-07-20,S06,P101,32.0,34,20,46,63,2
2026-07-21,S06,P101,46.0,0,22,24,63,2
2026-07-22,S06,P101,24.0,43,25,42,63,2
2026-07-23,S06,P101,42.0,0,20,22,63,2
2026-07-24,S06,P101,22.0,47,18,51,63,2
2026-07-25,S06,P101,51.0,0,36,15,63,2
2026-07-26,S06,P101,15.0,38,15,38,63,2
2026-07-27,S06,P101,38.0,36,23,51,63,2
2026-07-28,S06,P101,51.0,0,19,32,63,2
2026-07-29,S06,P101,32.0,38,14,56,63,2
2026-07-30,S06,P101,56.0,0,9,47,63,2
2026-07-31,S06,P101,47.0,33,17,63,63,2
2026-08-01,S06,P101,63.0,0,27,36,63,2
2026-08-02,S06,P101,36.0,26,37,40,63,2
2026-08-03,S06,P101,25.0,27,25,27,63,2
2026-08-04,S06,P101,27.0,37,23,41,63,2
2026-08-05,S06,P101,41.0,0,38,3,63,2
2026-08-06,S06,P101,3.0,48,24,27,63,2
2026-08-07,S06,P101,27.0,38,14,51,63,2
2026-08-08,S06,P101,51.0,0,24,27,63,2
2026-08-09,S06,P101,27.0,38,30,35,63,2
2026-08-10,S06,P101,35.0,0,21,14,63,2
2026-08-11,S06,P101,14.0,54,17,51,63,2
2026-08-12,S06,P101,51.0,0,48,3,63,2
2026-08-13,S06,P101,3.0,38,41,0,63,2
2026-08-14,S06,P101,0.0,48,48,0,63,2
2026-08-15,S06,P101,0.0,41,41,0,63,2
2026-08-16,S06,P101,0.0,48,35,13,63,2
2026-08-17,S06,P101,13.0,41,19,35,63,2
2026-08-18,S06,P101,35.0,35,23,47,63,2
2026-08-19,S06,P101,47.0,0,32,15,63,2
2026-08-20,S06,P101,15.0,42,36,21,63,2
2026-08-21,S06,P101,21.0,32,35,18,63,2
2026-08-22,S06,P101,18.0,36,24,30,63,2
2026-08-23,S06,P101,30.0,35,21,44,63,2
2026-08-24,S06,P101,44.0,0,33,11,63,2
2026-08-25,S06,P101,11.0,45,25,31,63,2
2026-08-26,S06,P101,31.0,33,36,28,63,2
2026-08-27,S06,P101,28.0,0,19,9,63,2
2026-08-28,S06,P101,9.0,61,19,51,63,2
2026-08-29,S06,P101,51.0,0,27,24,63,2
2026-08-30,S06,P101,24.0,38,17,45,63,2
2026-08-31,S06,P101,45.0,27,5,67,63,2
2026-05-01,S06,P102,53.0,0,14,39,37,2
2026-05-02,S06,P102,39.0,0,11,28,37,2
2026-05-03,S06,P102,28.0,0,9,19,37,2
2026-05-04,S06,P102,19.0,25,5,39,37,2
2026-05-05,S06,P102,39.0,0,9,1,37,2
2026-05-06,S06,P102,30.0,0,9,21,37,2
2026-05-07,S06,P102,21.0,23,12,32,37,2
2026-05-08,S06,P102,32.0,0,14,18,37,2
2026-05-09,S06,P102,18.0,21,10,29,37,2
2026-05-10,S06,P102,29.0,0,16,13,37,2
2026-05-11,S06,P102,13.0,24,13,24,37,2
2026-05-12,S06,P102,24.0,16,5,35,37,2
2026-05-13,S06,P102,35.0,0,7,28,37,2
2026-05-14,S06,P102,28.0,0,10,18,37,2
2026-05-15,S06,P102,18.0,18,9,27,37,2
2026-05-16,S06,P102,27.0,17,7,37,37,2
2026-05-17,S06,P102,37.0,0,19,18,37,2
2026-05-18,S06,P102,18.0,16,12,22,37,2
2026-05-19,S06,P102,22.0,19,21,20,37,2
2026-05-20,S06,P102,20.0,0,18,2,37,2
2026-05-21,S06,P102,2.0,33,22,13,37,2
2026-05-22,S06,P102,13.0,18,10,21,37,2
2026-05-23,S06,P102,21.0,22,10,33,37,2
2026-05-24,S06,P102,33.0,0,12,21,37,2
2026-05-25,S06,P102,21.0,20,9,32,37,2
2026-05-26,S06,P102,32.0,0,19,13,37,2
2026-05-27,S06,P102,13.0,21,17,17,37,2
2026-05-28,S06,P102,17.0,19,12,24,37,2
2026-05-29,S06,P102,24.0,17,11,30,37,2
2026-05-30,S06,P102,30.0,0,11,19,37,2
2026-05-31,S06,P102,19.0,23,16,26,37,2
2026-06-01,S06,P102,26.0,0,13,13,37,2
2026-06-02,S06,P102,13.0,27,6,34,37,2
2026-06-03,S06,P102,34.0,0,10,24,37,2
2026-06-04,S06,P102,24.0,19,7,36,37,2
2026-06-05,S06,P102,36.0,0,18,18,37,2
2026-06-06,S06,P102,18.0,0,6,12,37,2
2026-06-07,S06,P102,12.0,35,14,33,37,2
2026-06-08,S06,P102,33.0,0,13,20,37,2
2026-06-09,S06,P102,20.0,20,8,32,37,2
2026-06-10,S06,P102,32.0,0,6,26,37,2
2026-06-11,S06,P102,26.0,21,10,37,37,2
2026-06-12,S06,P102,37.0,0,12,25,37,2
2026-06-13,S06,P102,25.0,16,11,30,37,2
2026-06-14,S06,P102,30.0,0,17,13,37,2
2026-06-15,S06,P102,13.0,23,7,29,37,2
2026-06-16,S06,P102,29.0,17,14,32,37,2
2026-06-17,S06,P102,32.0,0,4,28,37,2
2026-06-18,S06,P102,28.0,21,16,33,37,2
2026-06-19,S06,P102,33.0,0,1,32,37,2
2026-06-20,S06,P102,32.0,20,10,42,37,2
2026-06-21,S06,P102,42.0,0,10,32,37,2
2026-06-22,S06,P102,32.0,0,9,23,37,2
2026-06-23,S06,P102,23.0,21,4,40,37,2
2026-06-24,S06,P102,40.0,0,9,31,37,2
2026-06-25,S06,P102,31.0,0,5,26,37,2
2026-06-26,S06,P102,26.0,22,6,42,37,2
2026-06-27,S06,P102,42.0,0,14,28,37,2
2026-06-28,S06,P102,28.0,0,11,17,37,2
2026-06-29,S06,P102,17.0,25,9,33,37,2
2026-06-30,S06,P102,33.0,0,12,21,37,2
2026-07-01,S06,P102,21.0,0,11,10,37,2
2026-07-02,S06,P102,10.0,20,9,21,37,2
2026-07-03,S06,P102,21.0,23,11,33,37,2
2026-07-04,S06,P102,33.0,0,9,24,37,2
2026-07-05,S06,P102,24.0,20,11,33,37,2
2026-07-06,S06,P102,33.0,0,8,25,37,2
2026-07-07,S06,P102,25.0,20,13,32,37,2
2026-07-08,S06,P102,32.0,0,4,28,37,2
2026-07-09,S06,P102,28.0,21,7,42,37,2
2026-07-10,S06,P102,42.0,0,5,37,37,2
2026-07-11,S06,P102,37.0,0,15,22,37,2
2026-07-12,S06,P102,22.0,16,15,23,37,2
2026-07-13,S06,P102,23.0,0,19,4,37,2
2026-07-14,S06,P102,4.0,0,4,0,37,2
2026-07-15,S06,P102,0.0,49,8,41,37,2
2026-07-16,S06,P102,41.0,0,20,21,37,2
2026-07-17,S06,P102,21.0,0,9,12,37,2
2026-07-18,S06,P102,12.0,32,11,33,37,2
2026-07-19,S06,P102,33.0,0,13,20,37,2
2026-07-20,S06,P102,20.0,20,11,29,37,2
2026-07-21,S06,P102,29.0,0,11,18,37,2
2026-07-22,S06,P102,18.0,24,9,33,37,2
2026-07-23,S06,P102,33.0,0,8,25,37,2
2026-07-24,S06,P102,25.0,20,16,29,37,2
2026-07-25,S06,P102,29.0,0,19,10,37,2
2026-07-26,S06,P102,10.0,24,19,15,37,2
2026-07-27,S06,P102,15.0,19,11,23,37,2
2026-07-28,S06,P102,23.0,19,12,30,37,2
2026-07-29,S06,P102,30.0,0,6,24,37,2
2026-07-30,S06,P102,24.0,23,8,39,37,2
2026-07-31,S06,P102,39.0,0,9,30,37,2
2026-08-01,S06,P102,30.0,0,21,9,37,2
2026-08-02,S06,P102,9.0,23,9,23,37,2
2026-08-03,S06,P102,23.0,21,18,26,37,2
2026-08-04,S06,P102,26.0,0,18,8,37,2
2026-08-05,S06,P102,8.0,27,6,29,37,2
2026-08-06,S06,P102,29.0,0,17,12,37,2
2026-08-07,S06,P102,12.0,0,12,0,37,2
2026-08-08,S06,P102,0.0,41,3,38,37,2
2026-08-09,S06,P102,38.0,0,11,27,37,2
2026-08-10,S06,P102,27.0,0,9,18,37,2
2026-08-11,S06,P102,18.0,26,10,34,37,2
2026-08-12,S06,P102,34.0,0,7,27,37,2
2026-08-13,S06,P102,27.0,19,11,35,37,2
2026-08-14,S06,P102,35.0,0,7,28,37,2
2026-08-15,S06,P102,28.0,18,15,31,37,2
2026-08-16,S06,P102,31.0,0,2,29,37,2
2026-08-17,S06,P102,29.0,0,11,18,37,2
2026-08-18,S06,P102,18.0,22,14,26,37,2
2026-08-19,S06,P102,26.0,0,16,10,37,2
2026-08-20,S06,P102,10.0,27,11,26,37,2
2026-08-21,S06,P102,26.0,16,18,24,37,2
2026-08-22,S06,P102,24.0,0,14,10,37,2
2026-08-23,S06,P102,10.0,29,17,22,37,2
2026-08-24,S06,P102,22.0,0,11,11,37,2
2026-08-25,S06,P102,11.0,31,14,28,37,2
2026-08-26,S06,P102,28.0,0,28,0,37,2
2026-08-27,S06,P102,0.0,25,12,13,37,2
2026-08-28,S06,P102,13.0,28,9,32,37,2
2026-08-29,S06,P102,32.0,0,6,26,37,2
2026-08-30,S06,P102,26.0,0,14,12,37,2
2026-08-31,S06,P102,12.0,21,9,24,37,2
2026-05-01,S06,P103,24.0,0,3,21,14,3
2026-05-02,S06,P103,21.0,0,2,19,14,3
2026-05-03,S06,P103,19.0,0,6,13,14,3
2026-05-04,S06,P103,13.0,0,2,11,14,3
2026-05-05,S06,P103,11.0,0,3,8,14,3
2026-05-06,S06,P103,8.0,11,1,18,14,3
2026-05-07,S06,P103,18.0,0,4,14,14,3
2026-05-08,S06,P103,14.0,0,5,9,14,3
2026-05-09,S06,P103,9.0,0,6,3,14,3
2026-05-10,S06,P103,3.0,10,5,8,14,3
2026-05-11,S06,P103,8.0,0,8,0,14,3
2026-05-12,S06,P103,0.0,11,2,9,14,3
2026-05-13,S06,P103,9.0,0,0,9,14,3
2026-05-14,S06,P103,9.0,13,1,21,14,3
2026-05-15,S06,P103,21.0,0,1,20,14,3
2026-05-16,S06,P103,20.0,0,3,17,14,3
2026-05-17,S06,P103,17.0,0,3,14,14,3
2026-05-18,S06,P103,14.0,0,0,14,14,3
2026-05-19,S06,P103,14.0,0,4,10,14,3
2026-05-20,S06,P103,10.0,10,4,16,14,3
2026-05-21,S06,P103,16.0,0,2,14,14,3
2026-05-22,S06,P103,14.0,0,1,13,14,3
2026-05-23,S06,P103,13.0,0,3,10,14,3
2026-05-24,S06,P103,10.0,10,3,17,14,3
2026-05-25,S06,P103,17.0,0,3,14,14,3
2026-05-26,S06,P103,14.0,0,4,10,14,3
2026-05-27,S06,P103,10.0,0,3,7,14,3
2026-05-28,S06,P103,7.0,0,3,4,14,3
2026-05-29,S06,P103,4.0,10,4,10,14,3
2026-05-30,S06,P103,10.0,0,3,7,14,3
2026-05-31,S06,P103,7.0,10,3,14,14,3
2026-06-01,S06,P103,14.0,0,5,9,14,3
2026-06-02,S06,P103,9.0,0,2,7,14,3
2026-06-03,S06,P103,7.0,10,5,12,14,3
2026-06-04,S06,P103,12.0,0,3,9,14,3
2026-06-05,S06,P103,9.0,0,0,9,14,3
2026-06-06,S06,P103,9.0,12,5,16,14,3
2026-06-07,S06,P103,16.0,0,7,9,14,3
2026-06-08,S06,P103,9.0,0,5,4,14,3
2026-06-09,S06,P103,4.0,0,4,0,14,3
2026-06-10,S06,P103,0.0,0,0,0,14,3
2026-06-11,S06,P103,0.0,15,7,8,14,3
2026-06-12,S06,P103,8.0,0,6,2,14,3
2026-06-13,S06,P103,2.0,0,2,0,14,3
2026-06-14,S06,P103,0.0,16,3,13,14,3
2026-06-15,S06,P103,13.0,0,3,10,14,3
2026-06-16,S06,P103,10.0,0,3,7,14,3
2026-06-17,S06,P103,7.0,11,3,15,14,3
2026-06-18,S06,P103,15.0,0,6,9,14,3
2026-06-19,S06,P103,9.0,0,2,7,14,3
2026-06-20,S06,P103,7.0,0,2,5,14,3
2026-06-21,S06,P103,5.0,15,2,18,14,3
2026-06-22,S06,P103,18.0,0,2,16,14,3
2026-06-23,S06,P103,16.0,0,8,8,14,3
2026-06-24,S06,P103,8.0,0,2,6,14,3
2026-06-25,S06,P103,6.0,0,6,0,14,3
2026-06-26,S06,P103,0.0,16,5,11,14,3
2026-06-27,S06,P103,11.0,0,3,8,14,3
2026-06-28,S06,P103,8.0,0,7,1,14,3
2026-06-29,S06,P103,1.0,13,3,11,14,3
2026-06-30,S06,P103,11.0,0,3,8,14,3
2026-07-01,S06,P103,8.0,10,4,14,14,3
2026-07-02,S06,P103,14.0,0,2,12,14,3
2026-07-03,S06,P103,12.0,0,2,10,14,3
2026-07-04,S06,P103,10.0,10,4,16,14,3
2026-07-05,S06,P103,16.0,0,7,9,14,3
2026-07-06,S06,P103,9.0,0,4,5,14,3
2026-07-07,S06,P103,5.0,0,2,3,14,3
2026-07-08,S06,P103,3.0,15,4,14,14,3
2026-07-09,S06,P103,14.0,0,6,8,14,3
2026-07-10,S06,P103,8.0,0,2,6,14,3
2026-07-11,S06,P103,6.0,10,3,13,14,3
2026-07-12,S06,P103,13.0,0,2,11,14,3
2026-07-13,S06,P103,11.0,0,3,8,14,3
2026-07-14,S06,P103,8.0,11,3,16,14,3
2026-07-15,S06,P103,16.0,0,2,14,14,3
2026-07-16,S06,P103,14.0,0,2,12,14,3
2026-07-17,S06,P103,12.0,0,1,48,14,3
2026-07-18,S06,P103,11.0,10,5,16,14,3
2026-07-19,S06,P103,16.0,0,3,13,14,3
2026-07-20,S06,P103,13.0,0,4,9,14,3
2026-07-21,S06,P103,9.0,0,4,5,14,3
2026-07-22,S06,P103,5.0,11,2,14,14,3
2026-07-23,S06,P103,14.0,0,3,11,14,3
2026-07-24,S06,P103,11.0,0,1,10,14,3
2026-07-25,S06,P103,10.0,10,4,16,14,3
2026-07-26,S06,P103,16.0,0,4,12,14,3
2026-07-27,S06,P103,12.0,0,2,10,14,3
2026-07-28,S06,P103,10.0,0,2,8,14,3
2026-07-29,S06,P103,8.0,12,10,10,14,3
2026-07-30,S06,P103,10.0,0,10,0,14,3
2026-07-31,S06,P103,0.0,0,0,0,14,3
2026-08-01,S06,P103,0.0,14,6,8,14,3
2026-08-02,S06,P103,8.0,10,5,13,14,3
2026-08-03,S06,P103,13.0,0,4,9,14,3
2026-08-04,S06,P103,9.0,0,4,5,14,3
2026-08-05,S06,P103,5.0,11,4,12,14,3
2026-08-06,S06,P103,12.0,0,5,7,14,3
2026-08-07,S06,P103,7.0,0,2,5,14,3
2026-08-08,S06,P103,5.0,12,1,16,14,3
2026-08-09,S06,P103,16.0,0,5,11,14,3
2026-08-10,S06,P103,11.0,0,3,8,14,3
2026-08-11,S06,P103,8.0,0,2,6,14,3
2026-08-12,S06,P103,6.0,13,3,16,14,3
2026-08-13,S06,P103,16.0,0,3,13,14,3
2026-08-14,S06,P103,13.0,0,1,12,14,3
2026-08-15,S06,P103,12.0,0,3,9,14,3
2026-08-16,S06,P103,9.0,11,3,17,14,3
2026-08-17,S06,P103,17.0,0,4,13,14,3
2026-08-18,S06,P103,13.0,0,6,24,14,3
2026-08-19,S06,P103,7.0,0,5,2,14,3
2026-08-20,S06,P103,2.0,11,5,8,14,3
2026-08-21,S06,P103,8.0,0,6,2,14,3
2026-08-22,S06,P103,2.0,11,9,4,14,3
2026-08-23,S06,P103,4.0,0,4,0,14,3
2026-08-24,S06,P103,0.0,11,8,3,14,3
2026-08-25,S06,P103,3.0,0,3,0,14,3
2026-08-26,S06,P103,0.0,13,2,11,14,3
2026-08-27,S06,P103,11.0,0,8,3,14,3
2026-08-28,S06,P103,3.0,11,5,9,14,3
2026-08-29,S06,P103,9.0,0,9,0,14,3
2026-08-30,S06,P103,0.0,10,6,4,14,3
2026-08-31,S06,P103,4.0,0,1,3,14,3
2026-05-01,S06,P104,25.0,0,5,20,14,3
2026-05-02,S06,P104,20.0,0,3,17,14,3
2026-05-03,S06,P104,17.0,0,9,8,14,3
2026-05-04,S06,P104,8.0,0,5,3,14,3
2026-05-05,S06,P104,3.0,0,3,0,14,3
2026-05-06,S06,P104,0.0,17,5,12,14,3
2026-05-07,S06,P104,12.0,0,3,9,14,3
2026-05-08,S06,P104,9.0,0,6,3,14,3
2026-05-09,S06,P104,3.0,13,7,9,14,3
2026-05-10,S06,P104,9.0,0,6,3,14,3
2026-05-11,S06,P104,3.0,0,3,0,14,3
2026-05-12,S06,P104,0.0,16,2,14,14,3
2026-05-13,S06,P104,14.0,0,7,7,14,3
2026-05-14,S06,P104,7.0,0,5,2,14,3
2026-05-15,S06,P104,2.0,11,0,13,14,3
2026-05-16,S06,P104,13.0,0,3,10,14,3
2026-05-17,S06,P104,10.0,0,10,0,14,3
2026-05-18,S06,P104,0.0,0,0,0,14,3
2026-05-19,S06,P104,0.0,12,8,4,14,3
2026-05-20,S06,P104,4.0,13,6,11,14,3
2026-05-21,S06,P104,11.0,0,9,2,14,3
2026-05-22,S06,P104,2.0,0,2,0,14,3
2026-05-23,S06,P104,0.0,14,3,11,14,3
2026-05-24,S06,P104,11.0,0,7,4,14,3
2026-05-25,S06,P104,4.0,11,7,8,14,3
2026-05-26,S06,P104,8.0,0,4,4,14,3
2026-05-27,S06,P104,4.0,0,4,0,14,3
2026-05-28,S06,P104,0.0,17,6,11,14,3
2026-05-29,S06,P104,11.0,0,5,6,14,3
2026-05-30,S06,P104,6.0,0,3,3,14,3
2026-05-31,S06,P104,3.0,14,4,13,14,3
2026-06-01,S06,P104,13.0,0,7,6,14,3
2026-06-02,S06,P104,6.0,0,3,3,14,3
2026-06-03,S06,P104,3.0,12,4,11,14,3
2026-06-04,S06,P104,11.0,0,0,11,14,3
2026-06-05,S06,P104,11.0,0,3,8,14,3
2026-06-06,S06,P104,8.0,14,0,22,14,3
2026-06-07,S06,P104,22.0,0,3,19,14,3
2026-06-08,S06,P104,19.0,0,2,17,14,3
2026-06-09,S06,P104,17.0,0,2,15,14,3
2026-06-10,S06,P104,15.0,0,2,13,14,3
2026-06-11,S06,P104,13.0,0,7,6,14,3
2026-06-12,S06,P104,6.0,0,1,5,14,3
2026-06-13,S06,P104,5.0,12,4,13,14,3
2026-06-14,S06,P104,13.0,0,3,10,14,3
2026-06-15,S06,P104,10.0,0,2,8,14,3
2026-06-16,S06,P104,8.0,12,5,15,14,3
2026-06-17,S06,P104,15.0,0,7,8,14,3
2026-06-18,S06,P104,8.0,0,5,3,14,3
2026-06-19,S06,P104,3.0,0,3,0,14,3
2026-06-20,S06,P104,0.0,17,1,16,14,3
2026-06-21,S06,P104,16.0,0,3,13,14,3
2026-06-22,S06,P104,13.0,0,5,8,14,3
2026-06-23,S06,P104,8.0,0,8,0,14,3
2026-06-24,S06,P104,0.0,0,0,0,14,3
2026-06-25,S06,P104,0.0,0,0,0,14,3
2026-06-26,S06,P104,0.0,25,5,20,14,3
2026-06-27,S06,P104,20.0,0,1,19,14,3
2026-06-28,S06,P104,19.0,0,3,16,14,3
2026-06-29,S06,P104,16.0,0,3,13,14,3
2026-06-30,S06,P104,13.0,0,4,9,14,3
2026-07-01,S06,P104,9.0,0,4,5,14,3
2026-07-02,S06,P104,5.0,12,1,16,14,3
2026-07-03,S06,P104,16.0,0,4,12,14,3
2026-07-04,S06,P104,12.0,0,1,11,14,3
2026-07-05,S06,P104,11.0,0,10,1,14,3
2026-07-06,S06,P104,1.0,13,1,13,14,3
2026-07-07,S06,P104,13.0,0,4,9,14,3
2026-07-08,S06,P104,9.0,11,3,17,14,3
2026-07-09,S06,P104,17.0,0,4,13,14,3
2026-07-10,S06,P104,13.0,0,4,9,14,3
2026-07-11,S06,P104,9.0,0,6,3,14,3
2026-07-12,S06,P104,3.0,12,9,6,14,3
2026-07-13,S06,P104,6.0,0,6,0,14,3
2026-07-14,S06,P104,0.0,0,0,0,14,3
2026-07-15,S06,P104,0.0,19,4,15,14,3
2026-07-16,S06,P104,15.0,0,2,13,14,3
2026-07-17,S06,P104,13.0,0,4,9,14,3
2026-07-18,S06,P104,9.0,0,9,0,14,3
2026-07-19,S06,P104,0.0,12,4,8,14,3
2026-07-20,S06,P104,8.0,0,8,0,14,3
2026-07-21,S06,P104,0.0,13,4,9,14,3
2026-07-22,S06,P104,9.0,0,6,3,14,3
2026-07-23,S06,P104,3.0,12,2,13,14,3
2026-07-24,S06,P104,13.0,0,6,7,14,3
2026-07-25,S06,P104,7.0,0,3,4,14,3
2026-07-26,S06,P104,4.0,12,5,11,14,3
2026-07-27,S06,P104,11.0,0,3,8,14,3
2026-07-28,S06,P104,8.0,0,8,0,14,3
2026-07-29,S06,P104,0.0,0,0,0,14,3
2026-07-30,S06,P104,0.0,14,6,8,14,3
2026-07-31,S06,P104,8.0,0,4,4,14,3
2026-08-01,S06,P104,4.0,11,2,13,14,3
2026-08-02,S06,P104,13.0,0,7,6,14,3
2026-08-03,S06,P104,6.0,0,3,3,14,3
2026-08-04,S06,P104,3.0,12,5,10,14,3
2026-08-05,S06,P104,10.0,0,3,7,14,3
2026-08-06,S06,P104,7.0,0,3,4,14,3
2026-08-07,S06,P104,4.0,15,3,16,14,3
2026-08-08,S06,P104,16.0,0,7,9,14,3
2026-08-09,S06,P104,9.0,0,2,7,14,3
2026-08-10,S06,P104,7.0,0,0,7,14,3
2026-08-11,S06,P104,7.0,16,2,21,14,3
2026-08-12,S06,P104,21.0,0,4,17,14,3
2026-08-13,S06,P104,17.0,0,3,50,14,3
2026-08-14,S06,P104,14.0,0,6,8,14,3
2026-08-15,S06,P104,8.0,0,6,2,14,3
2026-08-16,S06,P104,2.0,11,1,12,14,3
2026-08-17,S06,P104,12.0,0,1,11,14,3
2026-08-18,S06,P104,11.0,12,5,18,14,3
2026-08-19,S06,P104,18.0,0,2,16,14,3
2026-08-20,S06,P104,16.0,0,5,11,14,3
2026-08-21,S06,P104,11.0,0,3,8,14,3
2026-08-22,S06,P104,8.0,0,3,5,14,3
2026-08-23,S06,P104,5.0,0,5,0,14,3
2026-08-24,S06,P104,0.0,14,6,8,14,3
2026-08-25,S06,P104,8.0,0,4,4,14,3
2026-08-26,S06,P104,4.0,11,7,8,14,3
2026-08-27,S06,P104,8.0,0,5,3,14,3
2026-08-28,S06,P104,3.0,0,2,1,14,3
2026-08-29,S06,P104,1.0,17,7,11,14,3
2026-08-30,S06,P104,11.0,0,3,8,14,3
2026-08-31,S06,P104,8.0,0,2,6,14,3
2026-05-01,S06,P105,17.0,0,2,15,10,3
2026-05-02,S06,P105,15.0,0,3,12,10,3
2026-05-03,S06,P105,12.0,0,1,11,10,3
2026-05-04,S06,P105,11.0,0,2,9,10,3
2026-05-05,S06,P105,9.0,0,2,7,10,3
2026-05-06,S06,P105,7.0,0,0,7,10,3
2026-05-07,S06,P105,7.0,8,1,14,10,3
2026-05-08,S06,P105,14.0,0,2,12,10,3
2026-05-09,S06,P105,12.0,0,2,10,10,3
2026-05-10,S06,P105,10.0,0,2,8,10,3
2026-05-11,S06,P105,8.0,0,1,7,10,3
2026-05-12,S06,P105,7.0,7,0,14,10,3
2026-05-13,S06,P105,14.0,0,7,7,10,3
2026-05-14,S06,P105,7.0,0,1,6,10,3
2026-05-15,S06,P105,6.0,0,1,5,10,3
2026-05-16,S06,P105,5.0,10,2,13,10,3
2026-05-17,S06,P105,13.0,0,3,10,10,3
2026-05-18,S06,P105,10.0,0,2,8,10,3
2026-05-19,S06,P105,8.0,0,0,8,10,3
2026-05-20,S06,P105,8.0,7,2,13,10,3
2026-05-21,S06,P105,13.0,0,4,9,10,3
2026-05-22,S06,P105,9.0,0,1,8,10,3
2026-05-23,S06,P105,8.0,0,2,6,10,3
2026-05-24,S06,P105,6.0,8,2,12,10,3
2026-05-25,S06,P105,12.0,0,1,11,10,3
2026-05-26,S06,P105,11.0,0,2,9,10,3
2026-05-27,S06,P105,9.0,0,1,8,10,3
2026-05-28,S06,P105,8.0,0,2,6,10,3
2026-05-29,S06,P105,6.0,8,2,12,10,3
2026-05-30,S06,P105,12.0,0,2,10,10,3
2026-05-31,S06,P105,10.0,0,2,8,10,3
2026-06-01,S06,P105,8.0,0,3,5,10,3
2026-06-02,S06,P105,5.0,7,4,8,10,3
2026-06-03,S06,P105,8.0,0,3,5,10,3
2026-06-04,S06,P105,5.0,0,2,3,10,3
2026-06-05,S06,P105,3.0,9,1,11,10,3
2026-06-06,S06,P105,11.0,0,3,8,10,3
2026-06-07,S06,P105,8.0,0,1,7,10,3
2026-06-08,S06,P105,7.0,0,5,2,10,3
2026-06-09,S06,P105,2.0,9,4,7,10,3
2026-06-10,S06,P105,7.0,0,4,3,10,3
2026-06-11,S06,P105,3.0,0,2,1,10,3
2026-06-12,S06,P105,1.0,10,3,8,10,3
2026-06-13,S06,P105,8.0,0,1,7,10,3
2026-06-14,S06,P105,7.0,0,3,20,10,3
2026-06-15,S06,P105,4.0,9,0,13,10,3
2026-06-16,S06,P105,13.0,0,4,9,10,3
2026-06-17,S06,P105,9.0,0,1,-13,10,3
2026-06-18,S06,P105,8.0,0,2,6,10,3
2026-06-19,S06,P105,6.0,8,6,8,10,3
2026-06-20,S06,P105,8.0,0,2,6,10,3
2026-06-21,S06,P105,6.0,0,0,6,10,3
2026-06-22,S06,P105,6.0,9,0,15,10,3
2026-06-23,S06,P105,15.0,0,2,13,10,3
2026-06-24,S06,P105,13.0,0,4,9,10,3
2026-06-25,S06,P105,9.0,0,1,8,10,3
2026-06-26,S06,P105,8.0,0,3,5,10,3
2026-06-27,S06,P105,5.0,8,1,12,10,3
2026-06-28,S06,P105,12.0,0,3,-17,10,3
2026-06-29,S06,P105,9.0,0,0,9,10,3
2026-06-30,S06,P105,9.0,0,2,7,10,3
2026-07-01,S06,P105,7.0,8,4,11,10,3
2026-07-02,S06,P105,11.0,0,2,9,10,3
2026-07-03,S06,P105,9.0,0,2,7,10,3
2026-07-04,S06,P105,7.0,0,1,6,10,3
2026-07-05,S06,P105,6.0,8,5,9,10,3
2026-07-06,S06,P105,9.0,0,1,8,10,3
2026-07-07,S06,P105,8.0,0,4,4,10,3
2026-07-08,S06,P105,4.0,0,2,2,10,3
2026-07-09,S06,P105,2.0,8,3,7,10,3
2026-07-10,S06,P105,7.0,0,2,5,10,3
2026-07-11,S06,P105,5.0,0,1,4,10,3
2026-07-12,S06,P105,4.0,7,2,9,10,3
2026-07-13,S06,P105,9.0,0,0,9,10,3
2026-07-14,S06,P105,9.0,0,2,7,10,3
2026-07-15,S06,P105,7.0,8,1,14,10,3
2026-07-16,S06,P105,14.0,0,7,7,10,3
2026-07-17,S06,P105,7.0,0,7,0,10,3
2026-07-18,S06,P105,0.0,0,0,0,10,3
2026-07-19,S06,P105,0.0,10,2,8,10,3
2026-07-20,S06,P105,8.0,7,2,13,10,3
2026-07-21,S06,P105,13.0,0,0,13,10,3
2026-07-22,S06,P105,13.0,0,1,12,10,3
2026-07-23,S06,P105,12.0,0,2,10,10,3
2026-07-24,S06,P105,10.0,0,1,9,10,3
2026-07-25,S06,P105,9.0,0,3,-2,10,3
2026-07-26,S06,P105,6.0,0,2,4,10,3
2026-07-27,S06,P105,4.0,7,5,6,10,3
2026-07-28,S06,P105,6.0,0,3,3,10,3
2026-07-29,S06,P105,3.0,0,1,2,10,3
2026-07-30,S06,P105,2.0,11,3,10,10,3
2026-07-31,S06,P105,10.0,0,6,4,10,3
2026-08-01,S06,P105,4.0,0,3,1,10,3
2026-08-02,S06,P105,1.0,7,2,6,10,3
2026-08-03,S06,P105,6.0,0,2,4,10,3
2026-08-04,S06,P105,4.0,9,3,10,10,3
2026-08-05,S06,P105,10.0,0,0,10,10,3
2026-08-06,S06,P105,10.0,0,1,9,10,3
2026-08-07,S06,P105,9.0,7,4,12,10,3
2026-08-08,S06,P105,12.0,0,3,9,10,3
2026-08-09,S06,P105,9.0,0,1,8,10,3
2026-08-10,S06,P105,8.0,0,2,6,10,3
2026-08-11,S06,P105,6.0,8,3,11,10,3
2026-08-12,S06,P105,11.0,0,1,10,10,3
2026-08-13,S06,P105,10.0,0,4,6,10,3
2026-08-14,S06,P105,6.0,0,4,2,10,3
2026-08-15,S06,P105,2.0,7,6,3,10,3
2026-08-16,S06,P105,3.0,0,0,3,10,3
2026-08-17,S06,P105,3.0,8,0,11,10,3
2026-08-18,S06,P105,11.0,0,4,7,10,3
2026-08-19,S06,P105,7.0,0,1,6,10,3
2026-08-20,S06,P105,6.0,0,3,3,10,3
2026-08-21,S06,P105,3.0,10,3,10,10,3
2026-08-22,S06,P105,10.0,0,4,6,10,3
2026-08-23,S06,P105,6.0,0,5,1,10,3
2026-08-24,S06,P105,1.0,7,2,6,10,3
2026-08-25,S06,P105,6.0,0,6,0,10,3
2026-08-26,S06,P105,0.0,0,0,0,10,3
2026-08-27,S06,P105,0.0,0,0,0,10,3
2026-08-28,S06,P105,0.0,17,0,17,10,3
2026-08-29,S06,P105,17.0,0,1,16,10,3
2026-08-30,S06,P105,16.0,0,1,15,10,3
2026-08-31,S06,P105,15.0,0,2,13,10,3
2026-05-01,S06,P332,51.0,0,15,36,31,4
2026-05-02,S06,P332,36.0,0,3,33,31,4
2026-05-03,S06,P332,33.0,0,9,24,31,4
2026-05-04,S06,P332,24.0,0,12,12,31,4
2026-05-05,S06,P332,12.0,0,8,4,31,4
2026-05-06,S06,P332,4.0,0,2,2,31,4
2026-05-07,S06,P332,2.0,27,7,22,31,4
2026-05-08,S06,P332,22.0,0,7,15,31,4
2026-05-09,S06,P332,15.0,20,7,28,31,4
2026-05-10,S06,P332,28.0,0,8,20,31,4
2026-05-11,S06,P332,20.0,0,10,10,31,4
2026-05-12,S06,P332,10.0,0,7,3,31,4
2026-05-13,S06,P332,3.0,23,11,15,31,4
2026-05-14,S06,P332,15.0,0,10,5,31,4
2026-05-15,S06,P332,5.0,0,5,0,31,4
2026-05-16,S06,P332,0.0,25,7,18,31,4
2026-05-17,S06,P332,18.0,0,13,5,31,4
2026-05-18,S06,P332,5.0,21,8,18,31,4
2026-05-19,S06,P332,18.0,0,7,11,31,4
2026-05-20,S06,P332,11.0,0,11,0,31,4
2026-05-21,S06,P332,0.0,0,0,0,31,4
2026-05-22,S06,P332,0.0,25,7,18,31,4
2026-05-23,S06,P332,18.0,0,5,13,31,4
2026-05-24,S06,P332,13.0,26,10,29,31,4
2026-05-25,S06,P332,29.0,0,12,17,31,4
2026-05-26,S06,P332,17.0,0,16,1,31,4
2026-05-27,S06,P332,1.0,0,1,0,31,4
2026-05-28,S06,P332,0.0,22,4,18,31,4
2026-05-29,S06,P332,18.0,0,10,8,31,4
2026-05-30,S06,P332,8.0,0,7,1,31,4
2026-05-31,S06,P332,1.0,28,7,22,31,4
2026-06-01,S06,P332,22.0,0,6,16,31,4
2026-06-02,S06,P332,16.0,0,11,5,31,4
2026-06-03,S06,P332,5.0,22,7,20,31,4
2026-06-04,S06,P332,20.0,0,8,12,31,4
2026-06-05,S06,P332,12.0,0,12,0,31,4
2026-06-06,S06,P332,0.0,24,10,14,31,4
2026-06-07,S06,P332,14.0,0,10,4,31,4
2026-06-08,S06,P332,4.0,0,4,0,31,4
2026-06-09,S06,P332,0.0,27,6,21,31,4
2026-06-10,S06,P332,21.0,0,10,11,31,4
2026-06-11,S06,P332,11.0,20,9,22,31,4
2026-06-12,S06,P332,22.0,0,11,11,31,4
2026-06-13,S06,P332,11.0,0,10,1,31,4
2026-06-14,S06,P332,1.0,20,10,11,31,4
2026-06-15,S06,P332,11.0,0,5,6,31,4
2026-06-16,S06,P332,6.0,20,3,23,31,4
2026-06-17,S06,P332,23.0,0,4,19,31,4
2026-06-18,S06,P332,19.0,20,8,31,31,4
2026-06-19,S06,P332,31.0,0,9,22,31,4
2026-06-20,S06,P332,22.0,0,7,15,31,4
2026-06-21,S06,P332,15.0,0,4,11,31,4
2026-06-22,S06,P332,11.0,20,1,30,31,4
2026-06-23,S06,P332,30.0,0,3,27,31,4
2026-06-24,S06,P332,27.0,0,10,17,31,4
2026-06-25,S06,P332,17.0,20,8,29,31,4
2026-06-26,S06,P332,29.0,0,4,25,31,4
2026-06-27,S06,P332,25.0,0,11,14,31,4
2026-06-28,S06,P332,14.0,0,9,5,31,4
2026-06-29,S06,P332,5.0,22,7,20,31,4
2026-06-30,S06,P332,20.0,0,6,14,31,4
2026-07-01,S06,P332,14.0,0,4,10,31,4
2026-07-02,S06,P332,10.0,24,7,27,31,4
2026-07-03,S06,P332,27.0,0,5,22,31,4
2026-07-04,S06,P332,22.0,0,10,12,31,4
2026-07-05,S06,P332,12.0,0,11,1,31,4
2026-07-06,S06,P332,1.0,24,5,20,31,4
2026-07-07,S06,P332,20.0,0,4,16,31,4
2026-07-08,S06,P332,16.0,0,4,12,31,4
2026-07-09,S06,P332,12.0,26,17,21,31,4
2026-07-10,S06,P332,21.0,0,15,6,31,4
2026-07-11,S06,P332,6.0,0,6,0,31,4
2026-07-12,S06,P332,0.0,0,0,0,31,4
2026-07-13,S06,P332,0.0,30,2,28,31,4
2026-07-14,S06,P332,28.0,0,6,22,31,4
2026-07-15,S06,P332,22.0,21,9,34,31,4
2026-07-16,S06,P332,34.0,0,4,30,31,4
2026-07-17,S06,P332,30.0,0,2,28,31,4
2026-07-18,S06,P332,28.0,0,7,21,31,4
2026-07-19,S06,P332,21.0,0,15,6,31,4
2026-07-20,S06,P332,6.0,21,5,22,31,4
2026-07-21,S06,P332,22.0,0,7,15,31,4
2026-07-22,S06,P332,15.0,0,9,6,31,4
2026-07-23,S06,P332,6.0,24,5,25,31,4
2026-07-24,S06,P332,25.0,0,4,21,31,4
2026-07-25,S06,P332,21.0,0,8,13,31,4
2026-07-26,S06,P332,13.0,21,11,23,31,4
2026-07-27,S06,P332,23.0,0,6,17,31,4
2026-07-28,S06,P332,17.0,0,4,13,31,4
2026-07-29,S06,P332,13.0,0,9,4,31,4
2026-07-30,S06,P332,4.0,28,7,25,31,4
2026-07-31,S06,P332,25.0,0,7,18,31,4
2026-08-01,S06,P332,18.0,0,11,7,31,4
2026-08-02,S06,P332,7.0,0,7,0,31,4
2026-08-03,S06,P332,0.0,26,1,25,31,4
2026-08-04,S06,P332,25.0,0,9,16,31,4
2026-08-05,S06,P332,16.0,0,6,10,31,4
2026-08-06,S06,P332,10.0,0,8,2,31,4
2026-08-07,S06,P332,2.0,0,2,0,31,4
2026-08-08,S06,P332,0.0,25,9,16,31,4
2026-08-09,S06,P332,16.0,0,8,8,31,4
2026-08-10,S06,P332,8.0,0,8,0,31,4
2026-08-11,S06,P332,0.0,24,0,24,31,4
2026-08-12,S06,P332,24.0,0,9,15,31,4
2026-08-13,S06,P332,15.0,0,15,0,31,4
2026-08-14,S06,P332,0.0,27,5,22,31,4
2026-08-15,S06,P332,22.0,0,5,17,31,4
2026-08-16,S06,P332,17.0,0,8,9,31,4
2026-08-17,S06,P332,9.0,24,5,28,31,4
2026-08-18,S06,P332,28.0,0,12,16,31,4
2026-08-19,S06,P332,16.0,0,6,10,31,4
2026-08-20,S06,P332,10.0,0,2,8,31,4
2026-08-21,S06,P332,8.0,23,10,21,31,4
2026-08-22,S06,P332,21.0,0,12,9,31,4
2026-08-23,S06,P332,9.0,0,9,0,31,4
2026-08-24,S06,P332,0.0,20,5,15,31,4
2026-08-25,S06,P332,15.0,0,12,3,31,4
2026-08-26,S06,P332,3.0,22,3,22,31,4
2026-08-27,S06,P332,22.0,0,7,15,31,4
2026-08-28,S06,P332,15.0,0,5,10,31,4
2026-08-29,S06,P332,10.0,26,7,29,31,4
2026-08-30,S06,P332,29.0,0,13,16,31,4
2026-08-31,S06,P332,16.0,0,10,6,31,4
2026-05-01,S06,P333,133.0,0,16,117,75,3
2026-05-02,S06,P333,117.0,0,20,97,75,3
2026-05-03,S06,P333,97.0,0,36,61,75,3
2026-05-04,S06,P333,61.0,0,18,43,75,3
2026-05-05,S06,P333,43.0,0,23,20,75,3
2026-05-06,S06,P333,20.0,72,19,73,75,3
2026-05-07,S06,P333,73.0,0,11,62,75,3
2026-05-08,S06,P333,62.0,0,18,44,75,3
2026-05-09,S06,P333,44.0,60,18,86,75,3
2026-05-10,S06,P333,86.0,0,29,57,75,3
2026-05-11,S06,P333,57.0,0,17,40,75,3
2026-05-12,S06,P333,40.0,0,12,28,75,3
2026-05-13,S06,P333,28.0,76,17,87,75,3
2026-05-14,S06,P333,87.0,0,24,63,75,3
2026-05-15,S06,P333,63.0,0,28,35,75,3
2026-05-16,S06,P333,35.0,0,35,25,75,3
2026-05-17,S06,P333,0.0,70,43,27,75,3
2026-05-18,S06,P333,27.0,0,13,14,75,3
2026-05-19,S06,P333,14.0,63,17,60,75,3
2026-05-20,S06,P333,60.0,0,10,50,75,3
2026-05-21,S06,P333,50.0,0,18,32,75,3
2026-05-22,S06,P333,32.0,0,11,21,75,3
2026-05-23,S06,P333,21.0,73,13,81,75,3
2026-05-24,S06,P333,81.0,0,22,59,75,3
2026-05-25,S06,P333,59.0,0,18,41,75,3
2026-05-26,S06,P333,41.0,0,16,25,75,3
2026-05-27,S06,P333,25.0,74,26,73,75,3
2026-05-28,S06,P333,73.0,0,9,64,75,3
2026-05-29,S06,P333,64.0,0,18,46,75,3
2026-05-30,S06,P333,46.0,60,23,83,75,3
2026-05-31,S06,P333,83.0,0,17,66,75,3
2026-06-01,S06,P333,66.0,0,15,51,75,3
2026-06-02,S06,P333,51.0,0,15,36,75,3
2026-06-03,S06,P333,36.0,67,21,82,75,3
2026-06-04,S06,P333,82.0,0,14,68,75,3
2026-06-05,S06,P333,68.0,0,25,43,75,3
2026-06-06,S06,P333,43.0,0,15,28,75,3
2026-06-07,S06,P333,28.0,65,14,79,75,3
2026-06-08,S06,P333,79.0,0,15,64,75,3
2026-06-09,S06,P333,64.0,0,8,56,75,3
2026-06-10,S06,P333,56.0,0,9,47,75,3
2026-06-11,S06,P333,47.0,69,24,92,75,3
2026-06-12,S06,P333,92.0,0,14,78,75,3
2026-06-13,S06,P333,78.0,0,29,49,75,3
2026-06-14,S06,P333,49.0,0,41,8,75,3
2026-06-15,S06,P333,8.0,0,8,0,75,3
2026-06-16,S06,P333,0.0,84,23,61,75,3
2026-06-17,S06,P333,61.0,0,29,32,75,3
2026-06-18,S06,P333,32.0,0,15,17,75,3
2026-06-19,S06,P333,17.0,72,14,75,75,3
2026-06-20,S06,P333,75.0,0,18,57,75,3
2026-06-21,S06,P333,57.0,0,18,39,75,3
2026-06-22,S06,P333,39.0,58,11,86,75,3
2026-06-23,S06,P333,86.0,0,21,65,75,3
2026-06-24,S06,P333,65.0,0,21,44,75,3
2026-06-25,S06,P333,44.0,0,17,27,75,3
2026-06-26,S06,P333,27.0,68,24,71,75,3
2026-06-27,S06,P333,71.0,0,23,48,75,3
2026-06-28,S06,P333,48.0,0,27,21,75,3
2026-06-29,S06,P333,21.0,62,15,68,75,3
2026-06-30,S06,P333,68.0,0,15,53,75,3
2026-07-01,S06,P333,53.0,0,13,40,75,3
2026-07-02,S06,P333,40.0,65,12,93,75,3
2026-07-03,S06,P333,93.0,0,26,67,75,3
2026-07-04,S06,P333,67.0,0,29,38,75,3
2026-07-05,S06,P333,38.0,0,17,21,75,3
2026-07-06,S06,P333,21.0,66,16,71,75,3
2026-07-07,S06,P333,71.0,0,14,57,75,3
2026-07-08,S06,P333,57.0,0,16,41,75,3
2026-07-09,S06,P333,41.0,0,23,18,75,3
2026-07-10,S06,P333,18.0,62,12,68,75,3
2026-07-11,S06,P333,68.0,0,22,46,75,3
2026-07-12,S06,P333,46.0,0,19,27,75,3
2026-07-13,S06,P333,27.0,65,25,67,75,3
2026-07-14,S06,P333,67.0,0,27,40,75,3
2026-07-15,S06,P333,40.0,0,33,7,75,3
2026-07-16,S06,P333,7.0,66,18,55,75,3
2026-07-17,S06,P333,55.0,0,19,36,75,3
2026-07-18,S06,P333,36.0,60,30,66,75,3
2026-07-19,S06,P333,66.0,0,38,28,75,3
2026-07-20,S06,P333,28.0,0,7,21,75,3
2026-07-21,S06,P333,21.0,67,18,70,75,3
2026-07-22,S06,P333,70.0,0,13,57,75,3
2026-07-23,S06,P333,57.0,0,10,47,75,3
2026-07-24,S06,P333,47.0,63,25,85,75,3
2026-07-25,S06,P333,85.0,0,17,68,75,3
2026-07-26,S06,P333,68.0,0,21,47,75,3
2026-07-27,S06,P333,47.0,0,4,43,75,3
2026-07-28,S06,P333,43.0,65,11,97,75,3
2026-07-29,S06,P333,97.0,0,17,80,75,3
2026-07-30,S06,P333,80.0,0,11,69,75,3
2026-07-31,S06,P333,69.0,0,15,54,75,3
2026-08-01,S06,P333,54.0,0,32,22,75,3
2026-08-02,S06,P333,22.0,64,32,54,75,3
2026-08-03,S06,P333,54.0,0,36,18,75,3
2026-08-04,S06,P333,18.0,0,9,9,75,3
2026-08-05,S06,P333,9.0,0,9,0,75,3
2026-08-06,S06,P333,0.0,0,0,0,75,3
2026-08-07,S06,P333,0.0,79,35,44,75,3
2026-08-08,S06,P333,44.0,0,38,6,75,3
2026-08-09,S06,P333,6.0,0,6,0,75,3
2026-08-10,S06,P333,0.0,89,26,63,75,3
2026-08-11,S06,P333,63.0,0,39,24,75,3
2026-08-12,S06,P333,24.0,0,24,0,75,3
2026-08-13,S06,P333,0.0,70,25,45,75,3
2026-08-14,S06,P333,45.0,0,27,18,75,3
2026-08-15,S06,P333,18.0,0,18,0,75,3
2026-08-16,S06,P333,0.0,63,16,47,75,3
2026-08-17,S06,P333,47.0,0,11,36,75,3
2026-08-18,S06,P333,36.0,70,16,90,75,3
2026-08-19,S06,P333,90.0,0,9,81,75,3
2026-08-20,S06,P333,81.0,0,13,68,75,3
2026-08-21,S06,P333,68.0,0,18,50,75,3
2026-08-22,S06,P333,50.0,0,18,32,75,3
2026-08-23,S06,P333,32.0,65,30,67,75,3
2026-08-24,S06,P333,67.0,0,17,50,75,3
2026-08-25,S06,P333,50.0,0,23,27,75,3
2026-08-26,S06,P333,27.0,66,20,73,75,3
2026-08-27,S06,P333,73.0,0,18,55,75,3
2026-08-28,S06,P333,55.0,0,19,36,75,3
2026-08-29,S06,P333,36.0,0,24,12,75,3
2026-08-30,S06,P333,12.0,60,31,41,75,3
2026-08-31,S06,P333,41.0,0,9,32,75,3
2026-05-01,S06,P334,28.0,0,3,25,16,3
2026-05-02,S06,P334,25.0,0,6,19,16,3
2026-05-03,S06,P334,19.0,0,4,15,16,3
2026-05-04,S06,P334,15.0,0,5,10,16,3
2026-05-05,S06,P334,10.0,0,7,3,16,3
2026-05-06,S06,P334,3.0,13,6,10,16,3
2026-05-07,S06,P334,10.0,0,4,6,16,3
2026-05-08,S06,P334,6.0,0,0,6,16,3
2026-05-09,S06,P334,6.0,0,6,0,16,3
2026-05-10,S06,P334,0.0,12,3,9,16,3
2026-05-11,S06,P334,9.0,0,3,6,16,3
2026-05-12,S06,P334,6.0,0,5,1,16,3
2026-05-13,S06,P334,1.0,16,7,10,16,3
2026-05-14,S06,P334,10.0,0,6,4,16,3
2026-05-15,S06,P334,4.0,0,4,0,16,3
2026-05-16,S06,P334,0.0,18,4,14,16,3
2026-05-17,S06,P334,14.0,0,1,13,16,3
2026-05-18,S06,P334,13.0,0,3,10,16,3
2026-05-19,S06,P334,10.0,14,6,18,16,3
2026-05-20,S06,P334,18.0,0,2,16,16,3
2026-05-21,S06,P334,16.0,0,1,15,16,3
2026-05-22,S06,P334,15.0,0,7,8,16,3
2026-05-23,S06,P334,8.0,12,4,16,16,3
2026-05-24,S06,P334,16.0,0,2,14,16,3
2026-05-25,S06,P334,14.0,0,4,10,16,3
2026-05-26,S06,P334,10.0,12,4,18,16,3
2026-05-27,S06,P334,18.0,0,4,14,16,3
2026-05-28,S06,P334,14.0,0,7,7,16,3
2026-05-29,S06,P334,7.0,0,4,3,16,3
2026-05-30,S06,P334,3.0,14,6,11,16,3
2026-05-31,S06,P334,11.0,0,10,1,16,3
2026-06-01,S06,P334,1.0,0,1,0,16,3
2026-06-02,S06,P334,0.0,17,6,11,16,3
2026-06-03,S06,P334,11.0,0,3,8,16,3
2026-06-04,S06,P334,8.0,0,2,6,16,3
2026-06-05,S06,P334,6.0,17,3,20,16,3
2026-06-06,S06,P334,20.0,0,3,17,16,3
2026-06-07,S06,P334,17.0,0,8,9,16,3
2026-06-08,S06,P334,9.0,0,5,4,16,3
2026-06-09,S06,P334,4.0,0,1,3,16,3
2026-06-10,S06,P334,3.0,19,3,19,16,3
2026-06-11,S06,P334,19.0,0,0,19,16,3
2026-06-12,S06,P334,19.0,0,7,12,16,3
2026-06-13,S06,P334,12.0,0,6,6,16,3
2026-06-14,S06,P334,6.0,0,1,5,16,3
2026-06-15,S06,P334,5.0,16,5,16,16,3
2026-06-16,S06,P334,16.0,0,1,15,16,3
2026-06-17,S06,P334,15.0,0,4,11,16,3
2026-06-18,S06,P334,11.0,12,1,22,16,3
2026-06-19,S06,P334,22.0,0,3,19,16,3
2026-06-20,S06,P334,19.0,0,4,15,16,3
2026-06-21,S06,P334,15.0,0,6,9,16,3
2026-06-22,S06,P334,9.0,0,5,4,16,3
2026-06-23,S06,P334,4.0,13,2,15,16,3
2026-06-24,S06,P334,15.0,0,5,10,16,3
2026-06-25,S06,P334,10.0,0,2,8,16,3
2026-06-26,S06,P334,8.0,13,3,18,16,3
2026-06-27,S06,P334,18.0,0,11,7,16,3
2026-06-28,S06,P334,7.0,0,2,5,16,3
2026-06-29,S06,P334,5.0,0,4,1,16,3
2026-06-30,S06,P334,1.0,21,4,18,16,3
2026-07-01,S06,P334,18.0,0,6,12,16,3
2026-07-02,S06,P334,12.0,0,1,11,16,3
2026-07-03,S06,P334,11.0,0,11,0,16,3
2026-07-04,S06,P334,0.0,16,5,11,16,3
2026-07-05,S06,P334,11.0,0,9,2,16,3
2026-07-06,S06,P334,2.0,12,5,9,16,3
2026-07-07,S06,P334,9.0,0,9,0,16,3
2026-07-08,S06,P334,0.0,14,2,12,16,3
2026-07-09,S06,P334,12.0,0,1,11,16,3
2026-07-10,S06,P334,11.0,14,3,22,16,3
2026-07-11,S06,P334,22.0,0,10,12,16,3
2026-07-12,S06,P334,12.0,0,5,7,16,3
2026-07-13,S06,P334,7.0,0,5,2,16,3
2026-07-14,S06,P334,2.0,16,4,14,16,3
2026-07-15,S06,P334,14.0,0,2,12,16,3
2026-07-16,S06,P334,12.0,0,4,8,16,3
2026-07-17,S06,P334,8.0,14,1,21,16,3
2026-07-18,S06,P334,21.0,0,10,11,16,3
2026-07-19,S06,P334,11.0,0,5,6,16,3
2026-07-20,S06,P334,6.0,0,4,2,16,3
2026-07-21,S06,P334,2.0,0,0,2,16,3
2026-07-22,S06,P334,2.0,17,4,8,16,3
2026-07-23,S06,P334,15.0,0,1,14,16,3
2026-07-24,S06,P334,14.0,0,4,10,16,3
2026-07-25,S06,P334,10.0,13,7,16,16,3
2026-07-26,S06,P334,16.0,0,4,12,16,3
2026-07-27,S06,P334,12.0,0,3,9,16,3
2026-07-28,S06,P334,9.0,12,0,21,16,3
2026-07-29,S06,P334,21.0,0,1,20,16,3
2026-07-30,S06,P334,20.0,0,2,18,16,3
2026-07-31,S06,P334,18.0,0,3,53,16,3
2026-08-01,S06,P334,15.0,0,7,8,16,3
2026-08-02,S06,P334,8.0,0,8,0,16,3
2026-08-03,S06,P334,0.0,13,7,6,16,3
2026-08-04,S06,P334,6.0,0,2,4,16,3
2026-08-05,S06,P334,4.0,15,4,15,16,3
2026-08-06,S06,P334,15.0,0,5,10,16,3
2026-08-07,S06,P334,10.0,0,1,9,16,3
2026-08-08,S06,P334,9.0,13,5,17,16,3
2026-08-09,S06,P334,17.0,0,3,14,16,3
2026-08-10,S06,P334,14.0,0,6,8,16,3
2026-08-11,S06,P334,8.0,0,4,4,16,3
2026-08-12,S06,P334,4.0,14,7,11,16,3
2026-08-13,S06,P334,11.0,0,9,2,16,3
2026-08-14,S06,P334,2.0,0,2,0,16,3
2026-08-15,S06,P334,0.0,17,3,14,16,3
2026-08-16,S06,P334,14.0,0,4,10,16,3
2026-08-17,S06,P334,10.0,0,5,5,16,3
2026-08-18,S06,P334,5.0,14,2,17,16,3
2026-08-19,S06,P334,17.0,0,2,15,16,3
2026-08-20,S06,P334,15.0,0,6,9,16,3
2026-08-21,S06,P334,9.0,0,8,1,16,3
2026-08-22,S06,P334,1.0,13,9,5,16,3
2026-08-23,S06,P334,5.0,0,4,1,16,3
2026-08-24,S06,P334,1.0,14,4,11,16,3
2026-08-25,S06,P334,11.0,0,0,11,16,3
2026-08-26,S06,P334,11.0,13,3,5,16,3
2026-08-27,S06,P334,21.0,0,3,18,16,3
2026-08-28,S06,P334,18.0,0,1,17,16,3
2026-08-29,S06,P334,17.0,0,6,11,16,3
2026-08-30,S06,P334,11.0,0,8,3,16,3
2026-08-31,S06,P334,3.0,0,3,0,16,3
2026-05-01,S06,P442,93.0,0,15,78,57,4
2026-05-02,S06,P442,78.0,0,19,59,57,4
2026-05-03,S06,P442,59.0,0,25,34,57,4
2026-05-04,S06,P442,34.0,0,11,23,57,4
2026-05-05,S06,P442,23.0,0,10,13,57,4
2026-05-06,S06,P442,13.0,0,2,11,57,4
2026-05-07,S06,P442,11.0,59,16,54,57,4
2026-05-08,S06,P442,54.0,0,12,42,57,4
2026-05-09,S06,P442,42.0,0,7,35,57,4
2026-05-10,S06,P442,35.0,0,7,28,57,4
2026-05-11,S06,P442,28.0,39,8,59,57,4
2026-05-12,S06,P442,59.0,0,13,46,57,4
2026-05-13,S06,P442,46.0,0,6,40,57,4
2026-05-14,S06,P442,40.0,0,6,34,57,4
2026-05-15,S06,P442,34.0,0,13,21,57,4
2026-05-16,S06,P442,21.0,47,7,61,57,4
2026-05-17,S06,P442,61.0,0,18,43,57,4
2026-05-18,S06,P442,43.0,0,22,21,57,4
2026-05-19,S06,P442,21.0,0,15,-11,57,4
2026-05-20,S06,P442,6.0,0,6,0,57,4
2026-05-21,S06,P442,0.0,50,18,32,57,4
2026-05-22,S06,P442,32.0,0,20,12,57,4
2026-05-23,S06,P442,12.0,37,17,32,57,4
2026-05-24,S06,P442,32.0,0,22,10,57,4
2026-05-25,S06,P442,10.0,0,10,0,57,4
2026-05-26,S06,P442,0.0,44,14,30,57,4
2026-05-27,S06,P442,30.0,0,12,18,57,4
2026-05-28,S06,P442,18.0,39,7,50,57,4
2026-05-29,S06,P442,50.0,0,12,38,57,4
2026-05-30,S06,P442,38.0,0,20,18,57,4
2026-05-31,S06,P442,18.0,0,10,8,57,4
2026-06-01,S06,P442,8.0,0,8,0,57,4
2026-06-02,S06,P442,0.0,36,7,29,57,4
2026-06-03,S06,P442,29.0,39,20,48,57,4
2026-06-04,S06,P442,48.0,0,10,38,57,4
2026-06-05,S06,P442,38.0,0,17,21,57,4
2026-06-06,S06,P442,21.0,0,21,0,57,4
2026-06-07,S06,P442,0.0,45,18,27,57,4
2026-06-08,S06,P442,27.0,0,23,4,57,4
2026-06-09,S06,P442,4.0,0,4,0,57,4
2026-06-10,S06,P442,0.0,48,23,25,57,4
2026-06-11,S06,P442,25.0,0,11,14,57,4
2026-06-12,S06,P442,14.0,41,6,49,57,4
2026-06-13,S06,P442,49.0,0,18,31,57,4
2026-06-14,S06,P442,31.0,0,17,14,57,4
2026-06-15,S06,P442,14.0,38,14,38,57,4
2026-06-16,S06,P442,38.0,0,10,28,57,4
2026-06-17,S06,P442,28.0,0,9,19,57,4
2026-06-18,S06,P442,19.0,41,4,56,57,4
2026-06-19,S06,P442,56.0,0,21,35,57,4
2026-06-20,S06,P442,35.0,0,10,25,57,4
2026-06-21,S06,P442,25.0,0,14,11,57,4
2026-06-22,S06,P442,11.0,37,10,38,57,4
2026-06-23,S06,P442,38.0,0,15,23,57,4
2026-06-24,S06,P442,23.0,0,9,14,57,4
2026-06-25,S06,P442,14.0,45,10,49,57,4
2026-06-26,S06,P442,49.0,0,16,33,57,4
2026-06-27,S06,P442,33.0,0,12,21,57,4
2026-06-28,S06,P442,21.0,0,21,0,57,4
2026-06-29,S06,P442,0.0,44,18,26,57,4
2026-06-30,S06,P442,26.0,0,20,6,57,4
2026-07-01,S06,P442,6.0,0,6,0,57,4
2026-07-02,S06,P442,0.0,49,29,20,57,4
2026-07-03,S06,P442,20.0,0,19,1,57,4
2026-07-04,S06,P442,1.0,38,20,19,57,4
2026-07-05,S06,P442,19.0,0,19,0,57,4
2026-07-06,S06,P442,0.0,0,0,0,57,4
2026-07-07,S06,P442,0.0,54,9,45,57,4
2026-07-08,S06,P442,45.0,0,14,31,57,4
2026-07-09,S06,P442,31.0,39,13,57,57,4
2026-07-10,S06,P442,57.0,0,13,44,57,4
2026-07-11,S06,P442,44.0,0,13,31,57,4
2026-07-12,S06,P442,31.0,0,20,11,57,4
2026-07-13,S06,P442,11.0,36,5,42,57,4
2026-07-14,S06,P442,42.0,0,20,22,57,4
2026-07-15,S06,P442,22.0,0,13,9,57,4
2026-07-16,S06,P442,9.0,46,9,46,57,4
2026-07-17,S06,P442,46.0,0,8,38,57,4
2026-07-18,S06,P442,38.0,0,17,21,57,4
2026-07-19,S06,P442,21.0,0,21,0,57,4
2026-07-20,S06,P442,0.0,38,21,17,57,4
2026-07-21,S06,P442,17.0,0,15,2,57,4
2026-07-22,S06,P442,2.0,0,2,36,57,4
2026-07-23,S06,P442,0.0,55,12,43,57,4
2026-07-24,S06,P442,43.0,0,7,36,57,4
2026-07-25,S06,P442,36.0,36,13,59,57,4
2026-07-26,S06,P442,59.0,0,17,42,57,4
2026-07-27,S06,P442,42.0,0,20,22,57,4
2026-07-28,S06,P442,22.0,0,15,7,57,4
2026-07-29,S06,P442,7.0,0,7,0,57,4
2026-07-30,S06,P442,0.0,0,0,0,57,4
2026-07-31,S06,P442,0.0,51,22,29,57,4
2026-08-01,S06,P442,29.0,0,29,0,57,4
2026-08-02,S06,P442,0.0,42,42,0,57,4
2026-08-03,S06,P442,0.0,0,0,0,57,4
2026-08-04,S06,P442,0.0,0,0,0,57,4
2026-08-05,S06,P442,0.0,51,13,38,57,4
2026-08-06,S06,P442,38.0,42,3,77,57,4
2026-08-07,S06,P442,77.0,0,11,66,57,4
2026-08-08,S06,P442,66.0,0,17,49,57,4
2026-08-09,S06,P442,49.0,0,25,24,57,4
2026-08-10,S06,P442,24.0,0,8,16,57,4
2026-08-11,S06,P442,16.0,0,7,9,57,4
2026-08-12,S06,P442,9.0,44,15,38,57,4
2026-08-13,S06,P442,38.0,0,15,23,57,4
2026-08-14,S06,P442,23.0,0,17,6,57,4
2026-08-15,S06,P442,6.0,40,28,18,57,4
2026-08-16,S06,P442,18.0,0,17,1,57,4
2026-08-17,S06,P442,1.0,0,1,0,57,4
2026-08-18,S06,P442,0.0,47,14,33,57,4
2026-08-19,S06,P442,33.0,0,20,13,57,4
2026-08-20,S06,P442,13.0,0,13,0,57,4
2026-08-21,S06,P442,0.0,0,0,0,57,4
2026-08-22,S06,P442,0.0,45,31,14,57,4
2026-08-23,S06,P442,14.0,0,14,0,57,4
2026-08-24,S06,P442,0.0,48,16,32,57,4
2026-08-25,S06,P442,32.0,0,12,20,57,4
2026-08-26,S06,P442,20.0,0,16,4,57,4
2026-08-27,S06,P442,4.0,45,12,37,57,4
2026-08-28,S06,P442,37.0,0,14,23,57,4
2026-08-29,S06,P442,23.0,0,14,9,57,4
2026-08-30,S06,P442,9.0,44,16,37,57,4
2026-08-31,S06,P442,37.0,0,10,27,57,4
2026-05-01,S06,P443,86.0,0,14,72,53,4
2026-05-02,S06,P443,72.0,0,14,58,53,4
2026-05-03,S06,P443,58.0,0,10,48,53,4
2026-05-04,S06,P443,48.0,0,15,33,53,4
2026-05-05,S06,P443,33.0,0,6,27,53,4
2026-05-06,S06,P443,27.0,0,8,19,53,4
2026-05-07,S06,P443,19.0,38,17,40,53,4
2026-05-08,S06,P443,40.0,0,13,27,53,4
2026-05-09,S06,P443,27.0,0,20,7,53,4
2026-05-10,S06,P443,7.0,0,7,0,53,4
2026-05-11,S06,P443,0.0,46,15,31,53,4
2026-05-12,S06,P443,31.0,0,17,14,53,4
2026-05-13,S06,P443,14.0,33,15,32,53,4
2026-05-14,S06,P443,32.0,0,15,17,53,4
2026-05-15,S06,P443,17.0,0,13,4,53,4
2026-05-16,S06,P443,4.0,39,9,34,53,4
2026-05-17,S06,P443,34.0,0,6,28,53,4
2026-05-18,S06,P443,28.0,0,25,3,53,4
2026-05-19,S06,P443,3.0,43,9,37,53,4
2026-05-20,S06,P443,37.0,0,7,30,53,4
2026-05-21,S06,P443,30.0,0,8,22,53,4
2026-05-22,S06,P443,22.0,40,13,49,53,4
2026-05-23,S06,P443,49.0,0,18,31,53,4
2026-05-24,S06,P443,31.0,0,16,15,53,4
2026-05-25,S06,P443,15.0,0,10,5,53,4
2026-05-26,S06,P443,5.0,37,12,30,53,4
2026-05-27,S06,P443,30.0,0,17,13,53,4
2026-05-28,S06,P443,13.0,34,16,31,53,4
2026-05-29,S06,P443,31.0,0,8,23,53,4
2026-05-30,S06,P443,23.0,0,20,3,53,4
2026-05-31,S06,P443,3.0,39,11,31,53,4
2026-06-01,S06,P443,31.0,0,15,16,53,4
2026-06-02,S06,P443,16.0,0,16,0,53,4
2026-06-03,S06,P443,0.0,44,20,24,53,4
2026-06-04,S06,P443,24.0,0,17,7,53,4
2026-06-05,S06,P443,7.0,0,7,0,53,4
2026-06-06,S06,P443,0.0,0,0,0,53,4
2026-06-07,S06,P443,0.0,42,25,17,53,4
2026-06-08,S06,P443,17.0,37,34,20,53,4
2026-06-09,S06,P443,20.0,0,6,14,53,4
2026-06-10,S06,P443,14.0,0,14,0,53,4
2026-06-11,S06,P443,0.0,0,0,0,53,4
2026-06-12,S06,P443,0.0,66,15,51,53,4
2026-06-13,S06,P443,51.0,0,22,29,53,4
2026-06-14,S06,P443,29.0,0,23,6,53,4
2026-06-15,S06,P443,6.0,0,6,0,53,4
2026-06-16,S06,P443,0.0,35,12,23,53,4
2026-06-17,S06,P443,23.0,0,8,15,53,4
2026-06-18,S06,P443,15.0,45,10,50,53,4
2026-06-19,S06,P443,50.0,0,18,32,53,4
2026-06-20,S06,P443,32.0,0,10,22,53,4
2026-06-21,S06,P443,22.0,0,9,13,53,4
2026-06-22,S06,P443,13.0,36,15,34,53,4
2026-06-23,S06,P443,34.0,0,13,21,53,4
2026-06-24,S06,P443,21.0,0,7,14,53,4
2026-06-25,S06,P443,14.0,37,7,44,53,4
2026-06-26,S06,P443,44.0,0,18,26,53,4
2026-06-27,S06,P443,26.0,0,19,7,53,4
2026-06-28,S06,P443,7.0,0,7,0,53,4
2026-06-29,S06,P443,0.0,35,5,30,53,4
2026-06-30,S06,P443,30.0,0,11,19,53,4
2026-07-01,S06,P443,19.0,44,14,49,53,4
2026-07-02,S06,P443,49.0,0,3,46,53,4
2026-07-03,S06,P443,46.0,0,6,40,53,4
2026-07-04,S06,P443,40.0,0,14,26,53,4
2026-07-05,S06,P443,26.0,37,19,44,53,4
2026-07-06,S06,P443,44.0,0,28,16,53,4
2026-07-07,S06,P443,16.0,0,12,4,53,4
2026-07-08,S06,P443,4.0,0,4,0,53,4
2026-07-09,S06,P443,0.0,42,22,20,53,4
2026-07-10,S06,P443,20.0,0,16,41,53,4
2026-07-11,S06,P443,4.0,40,18,26,53,4
2026-07-12,S06,P443,26.0,0,17,9,53,4
2026-07-13,S06,P443,9.0,0,7,2,53,4
2026-07-14,S06,P443,2.0,42,10,34,53,4
2026-07-15,S06,P443,34.0,0,17,17,53,4
2026-07-16,S06,P443,17.0,35,9,43,53,4
2026-07-17,S06,P443,43.0,0,21,22,53,4
2026-07-18,S06,P443,22.0,0,22,0,53,4
2026-07-19,S06,P443,0.0,34,19,15,53,4
2026-07-20,S06,P443,15.0,0,10,5,53,4
2026-07-21,S06,P443,5.0,0,5,0,53,4
2026-07-22,S06,P443,0.0,52,13,39,53,4
2026-07-23,S06,P443,39.0,0,12,27,53,4
2026-07-24,S06,P443,27.0,0,15,12,53,4
2026-07-25,S06,P443,12.0,34,20,26,53,4
2026-07-26,S06,P443,26.0,0,23,3,53,4
2026-07-27,S06,P443,3.0,0,3,0,53,4
2026-07-28,S06,P443,0.0,40,14,26,53,4
2026-07-29,S06,P443,26.0,0,4,22,53,4
2026-07-30,S06,P443,22.0,43,13,52,53,4
2026-07-31,S06,P443,52.0,0,14,38,53,4
2026-08-01,S06,P443,38.0,0,20,18,53,4
2026-08-02,S06,P443,18.0,0,18,0,53,4
2026-08-03,S06,P443,0.0,34,15,19,53,4
2026-08-04,S06,P443,19.0,0,11,8,53,4
2026-08-05,S06,P443,8.0,34,11,31,53,4
2026-08-06,S06,P443,31.0,0,4,27,53,4
2026-08-07,S06,P443,27.0,33,15,45,53,4
2026-08-08,S06,P443,45.0,0,11,34,53,4
2026-08-09,S06,P443,34.0,0,8,26,53,4
2026-08-10,S06,P443,26.0,0,14,12,53,4
2026-08-11,S06,P443,12.0,41,7,46,53,4
2026-08-12,S06,P443,46.0,0,11,35,53,4
2026-08-13,S06,P443,35.0,0,9,26,53,4
2026-08-14,S06,P443,26.0,33,23,36,53,4
2026-08-15,S06,P443,36.0,0,22,14,53,4
2026-08-16,S06,P443,14.0,0,14,0,53,4
2026-08-17,S06,P443,0.0,0,0,0,53,4
2026-08-18,S06,P443,0.0,0,0,0,53,4
2026-08-19,S06,P443,0.0,50,12,38,53,4
2026-08-20,S06,P443,38.0,36,23,51,53,4
2026-08-21,S06,P443,51.0,0,28,23,53,4
2026-08-22,S06,P443,23.0,0,23,0,53,4
2026-08-23,S06,P443,0.0,0,0,0,53,4
2026-08-24,S06,P443,0.0,0,0,0,53,4
2026-08-25,S06,P443,0.0,35,35,0,53,4
2026-08-26,S06,P443,0.0,51,23,28,53,4
2026-08-27,S06,P443,28.0,0,11,17,53,4
2026-08-28,S06,P443,17.0,0,16,1,53,4
2026-08-29,S06,P443,1.0,35,26,10,53,4
2026-08-30,S06,P443,10.0,0,10,0,53,4
2026-08-31,S06,P443,0.0,34,17,17,53,4
2026-05-01,S06,P444,48.0,0,8,40,29,4
2026-05-02,S06,P444,40.0,0,16,24,29,4
2026-05-03,S06,P444,24.0,0,3,21,29,4
2026-05-04,S06,P444,21.0,0,4,17,29,4
2026-05-05,S06,P444,17.0,0,3,14,29,4
2026-05-06,S06,P444,14.0,24,4,34,29,4
2026-05-07,S06,P444,34.0,0,8,26,29,4
2026-05-08,S06,P444,26.0,0,10,16,29,4
2026-05-09,S06,P444,16.0,0,16,0,29,4
2026-05-10,S06,P444,0.0,0,0,0,29,4
2026-05-11,S06,P444,0.0,22,6,16,29,4
2026-05-12,S06,P444,16.0,0,12,4,29,4
2026-05-13,S06,P444,4.0,26,2,28,29,4
2026-05-14,S06,P444,28.0,0,7,21,29,4
2026-05-15,S06,P444,21.0,0,6,15,29,4
2026-05-16,S06,P444,15.0,0,14,1,29,4
2026-05-17,S06,P444,1.0,20,9,12,29,4
2026-05-18,S06,P444,12.0,0,6,6,29,4
2026-05-19,S06,P444,6.0,0,6,0,29,4
2026-05-20,S06,P444,0.0,27,7,20,29,4
2026-05-21,S06,P444,20.0,0,6,14,29,4
2026-05-22,S06,P444,14.0,0,7,7,29,4
2026-05-23,S06,P444,7.0,21,7,21,29,4
2026-05-24,S06,P444,21.0,0,6,15,29,4
2026-05-25,S06,P444,15.0,0,9,6,29,4
2026-05-26,S06,P444,6.0,20,7,19,29,4
2026-05-27,S06,P444,19.0,0,8,11,29,4
2026-05-28,S06,P444,11.0,0,2,9,29,4
2026-05-29,S06,P444,9.0,22,11,20,29,4
2026-05-30,S06,P444,20.0,0,7,13,29,4
2026-05-31,S06,P444,13.0,0,5,8,29,4
2026-06-01,S06,P444,8.0,0,4,4,29,4
2026-06-02,S06,P444,4.0,28,7,25,29,4
2026-06-03,S06,P444,25.0,0,3,22,29,4
2026-06-04,S06,P444,22.0,0,3,19,29,4
2026-06-05,S06,P444,19.0,0,2,17,29,4
2026-06-06,S06,P444,17.0,23,8,32,29,4
2026-06-07,S06,P444,32.0,0,11,21,29,4
2026-06-08,S06,P444,21.0,0,7,14,29,4
2026-06-09,S06,P444,14.0,0,3,11,29,4
2026-06-10,S06,P444,11.0,0,4,7,29,4
2026-06-11,S06,P444,7.0,27,2,32,29,4
2026-06-12,S06,P444,32.0,0,4,28,29,4
2026-06-13,S06,P444,28.0,0,7,21,29,4
2026-06-14,S06,P444,21.0,0,3,18,29,4
2026-06-15,S06,P444,18.0,0,4,14,29,4
2026-06-16,S06,P444,14.0,20,7,27,29,4
2026-06-17,S06,P444,27.0,0,5,22,29,4
2026-06-18,S06,P444,22.0,0,4,18,29,4
2026-06-19,S06,P444,18.0,0,1,17,29,4
2026-06-20,S06,P444,17.0,21,9,29,29,4
2026-06-21,S06,P444,29.0,0,8,21,29,4
2026-06-22,S06,P444,21.0,0,2,19,29,4
2026-06-23,S06,P444,19.0,0,6,13,29,4
2026-06-24,S06,P444,13.0,19,2,30,29,4
2026-06-25,S06,P444,30.0,0,5,25,29,4
2026-06-26,S06,P444,25.0,0,4,21,29,4
2026-06-27,S06,P444,21.0,0,5,16,29,4
2026-06-28,S06,P444,16.0,0,3,13,29,4
2026-06-29,S06,P444,13.0,23,3,33,29,4
2026-06-30,S06,P444,33.0,0,13,20,29,4
2026-07-01,S06,P444,20.0,0,7,13,29,4
2026-07-02,S06,P444,13.0,0,11,2,29,4
2026-07-03,S06,P444,2.0,0,2,0,29,4
2026-07-04,S06,P444,0.0,28,14,14,29,4
2026-07-05,S06,P444,14.0,0,7,7,29,4
2026-07-06,S06,P444,7.0,0,3,4,29,4
2026-07-07,S06,P444,4.0,20,7,17,29,4
2026-07-08,S06,P444,17.0,0,8,9,29,4
2026-07-09,S06,P444,9.0,0,9,0,29,4
2026-07-10,S06,P444,0.0,21,4,17,29,4
2026-07-11,S06,P444,17.0,0,10,7,29,4
2026-07-12,S06,P444,7.0,0,7,0,29,4
2026-07-13,S06,P444,0.0,27,5,22,29,4
2026-07-14,S06,P444,22.0,0,5,17,29,4
2026-07-15,S06,P444,17.0,0,9,8,29,4
2026-07-16,S06,P444,8.0,0,7,1,29,4
2026-07-17,S06,P444,1.0,21,10,12,29,4
2026-07-18,S06,P444,12.0,0,7,5,29,4
2026-07-19,S06,P444,5.0,19,11,13,29,4
2026-07-20,S06,P444,13.0,0,7,6,29,4
2026-07-21,S06,P444,6.0,0,6,38,29,4
2026-07-22,S06,P444,0.0,24,18,6,29,4
2026-07-23,S06,P444,6.0,0,6,0,29,4
2026-07-24,S06,P444,0.0,0,0,0,29,4
2026-07-25,S06,P444,0.0,24,15,9,29,4
2026-07-26,S06,P444,9.0,0,9,0,29,4
2026-07-27,S06,P444,0.0,24,4,20,29,4
2026-07-28,S06,P444,20.0,0,7,13,29,4
2026-07-29,S06,P444,13.0,0,3,10,29,4
2026-07-30,S06,P444,10.0,24,4,30,29,4
2026-07-31,S06,P444,30.0,0,8,22,29,4
2026-08-01,S06,P444,22.0,0,7,15,29,4
2026-08-02,S06,P444,15.0,0,9,6,29,4
2026-08-03,S06,P444,6.0,0,6,0,29,4
2026-08-04,S06,P444,0.0,26,7,19,29,4
2026-08-05,S06,P444,19.0,0,4,15,29,4
2026-08-06,S06,P444,15.0,0,4,11,29,4
2026-08-07,S06,P444,11.0,0,2,9,29,4
2026-08-08,S06,P444,9.0,0,9,0,29,4
2026-08-09,S06,P444,0.0,22,3,19,29,4
2026-08-10,S06,P444,19.0,0,2,17,29,4
2026-08-11,S06,P444,17.0,0,2,15,29,4
2026-08-12,S06,P444,15.0,26,7,34,29,4
2026-08-13,S06,P444,34.0,0,2,32,29,4
2026-08-14,S06,P444,32.0,0,7,25,29,4
2026-08-15,S06,P444,25.0,0,7,18,29,4
2026-08-16,S06,P444,18.0,0,7,11,29,4
2026-08-17,S06,P444,11.0,0,2,9,29,4
2026-08-18,S06,P444,9.0,23,6,26,29,4
2026-08-19,S06,P444,26.0,0,5,21,29,4
2026-08-20,S06,P444,21.0,0,9,12,29,4
2026-08-21,S06,P444,12.0,0,8,4,29,4
2026-08-22,S06,P444,4.0,22,10,16,29,4
2026-08-23,S06,P444,16.0,0,16,0,29,4
2026-08-24,S06,P444,0.0,0,0,0,29,4
2026-08-25,S06,P444,0.0,22,6,16,29,4
2026-08-26,S06,P444,16.0,0,16,0,29,4
2026-08-27,S06,P444,0.0,26,4,22,29,4
2026-08-28,S06,P444,22.0,0,3,19,29,4
2026-08-29,S06,P444,19.0,0,12,7,29,4
2026-08-30,S06,P444,7.0,22,5,24,29,4
2026-08-31,S06,P444,24.0,0,13,11,29,4
2026-05-01,S06,P445,59.0,0,7,52,36,4
2026-05-02,S06,P445,52.0,0,7,45,36,4
2026-05-03,S06,P445,45.0,0,13,32,36,4
2026-05-04,S06,P445,32.0,0,7,25,36,4
2026-05-05,S06,P445,25.0,0,3,22,36,4
2026-05-06,S06,P445,22.0,0,7,15,36,4
2026-05-07,S06,P445,15.0,0,13,2,36,4
2026-05-08,S06,P445,2.0,27,14,15,36,4
2026-05-09,S06,P445,15.0,0,15,0,36,4
2026-05-10,S06,P445,0.0,0,0,0,36,4
2026-05-11,S06,P445,0.0,30,7,23,36,4
2026-05-12,S06,P445,23.0,0,3,20,36,4
2026-05-13,S06,P445,20.0,29,3,46,36,4
2026-05-14,S06,P445,46.0,0,6,40,36,4
2026-05-15,S06,P445,40.0,0,6,34,36,4
2026-05-16,S06,P445,34.0,0,13,21,36,4
2026-05-17,S06,P445,21.0,0,4,17,36,4
2026-05-18,S06,P445,17.0,0,9,8,36,4
2026-05-19,S06,P445,8.0,25,6,27,36,4
2026-05-20,S06,P445,27.0,0,4,23,36,4
2026-05-21,S06,P445,23.0,0,9,14,36,4
2026-05-22,S06,P445,14.0,26,4,36,36,4
2026-05-23,S06,P445,36.0,0,4,32,36,4
2026-05-24,S06,P445,32.0,0,16,16,36,4
2026-05-25,S06,P445,16.0,0,7,9,36,4
2026-05-26,S06,P445,9.0,23,9,23,36,4
2026-05-27,S06,P445,23.0,0,3,20,36,4
2026-05-28,S06,P445,20.0,0,1,19,36,4
2026-05-29,S06,P445,19.0,27,9,37,36,4
2026-05-30,S06,P445,37.0,0,8,29,36,4
2026-05-31,S06,P445,29.0,0,18,11,36,4
2026-06-01,S06,P445,11.0,0,8,3,36,4
2026-06-02,S06,P445,3.0,0,3,0,36,4
2026-06-03,S06,P445,0.0,30,9,21,36,4
2026-06-04,S06,P445,21.0,0,4,17,36,4
2026-06-05,S06,P445,17.0,26,9,34,36,4
2026-06-06,S06,P445,34.0,0,11,23,36,4
2026-06-07,S06,P445,23.0,0,11,12,36,4
2026-06-08,S06,P445,12.0,0,9,3,36,4
2026-06-09,S06,P445,3.0,25,7,21,36,4
2026-06-10,S06,P445,21.0,0,5,16,36,4
2026-06-11,S06,P445,16.0,0,6,10,36,4
2026-06-12,S06,P445,10.0,31,10,31,36,4
2026-06-13,S06,P445,31.0,0,8,23,36,4
2026-06-14,S06,P445,23.0,0,11,12,36,4
2026-06-15,S06,P445,12.0,0,12,0,36,4
2026-06-16,S06,P445,0.0,28,7,21,36,4
2026-06-17,S06,P445,21.0,0,1,20,36,4
2026-06-18,S06,P445,20.0,0,9,11,36,4
2026-06-19,S06,P445,11.0,31,3,39,36,4
2026-06-20,S06,P445,39.0,0,10,29,36,4
2026-06-21,S06,P445,29.0,0,4,25,36,4
2026-06-22,S06,P445,25.0,0,10,15,36,4
2026-06-23,S06,P445,15.0,0,9,6,36,4
2026-06-24,S06,P445,6.0,0,4,2,36,4
2026-06-25,S06,P445,2.0,30,11,21,36,4
2026-06-26,S06,P445,21.0,0,9,12,36,4
2026-06-27,S06,P445,12.0,23,4,31,36,4
2026-06-28,S06,P445,31.0,0,4,27,36,4
2026-06-29,S06,P445,27.0,0,8,19,36,4
2026-06-30,S06,P445,19.0,24,16,27,36,4
2026-07-01,S06,P445,27.0,0,20,7,36,4
2026-07-02,S06,P445,7.0,0,7,0,36,4
2026-07-03,S06,P445,0.0,0,0,0,36,4
2026-07-04,S06,P445,0.0,32,9,23,36,4
2026-07-05,S06,P445,23.0,0,10,13,36,4
2026-07-06,S06,P445,13.0,27,6,34,36,4
2026-07-07,S06,P445,34.0,0,8,26,36,4
2026-07-08,S06,P445,26.0,0,8,38,36,4
2026-07-09,S06,P445,18.0,0,8,10,36,4
2026-07-10,S06,P445,10.0,25,7,28,36,4
2026-07-11,S06,P445,28.0,0,13,15,36,4
2026-07-12,S06,P445,15.0,0,3,12,36,4
2026-07-13,S06,P445,12.0,24,8,28,36,4
2026-07-14,S06,P445,28.0,0,10,18,36,4
2026-07-15,S06,P445,18.0,0,6,12,36,4
2026-07-16,S06,P445,12.0,0,8,4,36,4
2026-07-17,S06,P445,4.0,0,4,0,36,4
2026-07-18,S06,P445,0.0,23,15,8,36,4
2026-07-19,S06,P445,8.0,0,8,0,36,4
2026-07-20,S06,P445,0.0,24,10,14,36,4
2026-07-21,S06,P445,14.0,0,13,1,36,4
2026-07-22,S06,P445,1.0,27,9,19,36,4
2026-07-23,S06,P445,19.0,0,9,10,36,4
2026-07-24,S06,P445,10.0,0,3,7,36,4
2026-07-25,S06,P445,7.0,31,6,32,36,4
2026-07-26,S06,P445,32.0,0,9,23,36,4
2026-07-27,S06,P445,23.0,0,5,18,36,4
2026-07-28,S06,P445,18.0,0,16,2,36,4
2026-07-29,S06,P445,2.0,0,2,0,36,4
2026-07-30,S06,P445,0.0,27,4,23,36,4
2026-07-31,S06,P445,23.0,0,5,18,36,4
2026-08-01,S06,P445,18.0,30,10,38,36,4
2026-08-02,S06,P445,38.0,0,13,25,36,4
2026-08-03,S06,P445,25.0,0,18,7,36,4
2026-08-04,S06,P445,7.0,0,5,2,36,4
2026-08-05,S06,P445,2.0,0,2,0,36,4
2026-08-06,S06,P445,0.0,0,0,0,36,4
2026-08-07,S06,P445,0.0,34,4,30,36,4
2026-08-08,S06,P445,30.0,23,17,36,36,4
2026-08-09,S06,P445,36.0,0,10,26,36,4
2026-08-10,S06,P445,26.0,0,2,24,36,4
2026-08-11,S06,P445,24.0,0,7,17,36,4
2026-08-12,S06,P445,17.0,0,11,6,36,4
2026-08-13,S06,P445,6.0,23,12,17,36,4
2026-08-14,S06,P445,17.0,0,12,5,36,4
2026-08-15,S06,P445,5.0,0,5,0,36,4
2026-08-16,S06,P445,0.0,30,5,25,36,4
2026-08-17,S06,P445,25.0,0,9,16,36,4
2026-08-18,S06,P445,16.0,24,9,31,36,4
2026-08-19,S06,P445,31.0,0,6,25,36,4
2026-08-20,S06,P445,25.0,0,8,17,36,4
2026-08-21,S06,P445,17.0,0,17,0,36,4
2026-08-22,S06,P445,0.0,0,0,0,36,4
2026-08-23,S06,P445,0.0,28,26,2,36,4
2026-08-24,S06,P445,2.0,0,2,0,36,4
2026-08-25,S06,P445,0.0,31,20,11,36,4
2026-08-26,S06,P445,11.0,0,11,0,36,4
2026-08-27,S06,P445,0.0,26,18,8,36,4
2026-08-28,S06,P445,8.0,0,6,2,36,4
2026-08-29,S06,P445,2.0,0,2,0,36,4
2026-08-30,S06,P445,0.0,33,6,27,36,4
2026-08-31,S06,P445,27.0,0,9,18,36,4
2026-05-01,S06,P446,89.0,0,14,75,54,4
2026-05-02,S06,P446,75.0,0,12,63,54,4
2026-05-03,S06,P446,63.0,0,13,50,54,4
2026-05-04,S06,P446,50.0,0,13,37,54,4
2026-05-05,S06,P446,37.0,0,6,31,54,4
2026-05-06,S06,P446,31.0,0,8,23,54,4
2026-05-07,S06,P446,23.0,39,10,52,54,4
2026-05-08,S06,P446,52.0,0,10,42,54,4
2026-05-09,S06,P446,42.0,0,14,28,54,4
2026-05-10,S06,P446,28.0,0,17,11,54,4
2026-05-11,S06,P446,11.0,37,11,37,54,4
2026-05-12,S06,P446,37.0,0,19,18,54,4
2026-05-13,S06,P446,18.0,0,12,6,54,4
2026-05-14,S06,P446,6.0,41,14,33,54,4
2026-05-15,S06,P446,33.0,0,10,23,54,4
2026-05-16,S06,P446,23.0,0,23,0,54,4
2026-05-17,S06,P446,0.0,0,0,0,54,4
2026-05-18,S06,P446,0.0,0,0,0,54,4
2026-05-19,S06,P446,0.0,42,4,38,54,4
2026-05-20,S06,P446,38.0,47,5,80,54,4
2026-05-21,S06,P446,80.0,0,17,63,54,4
2026-05-22,S06,P446,63.0,0,8,55,54,4
2026-05-23,S06,P446,55.0,0,15,40,54,4
2026-05-24,S06,P446,40.0,0,8,32,54,4
2026-05-25,S06,P446,32.0,0,12,20,54,4
2026-05-26,S06,P446,20.0,0,9,11,54,4
2026-05-27,S06,P446,11.0,49,13,47,54,4
2026-05-28,S06,P446,47.0,0,7,40,54,4
2026-05-29,S06,P446,40.0,0,13,27,54,4
2026-05-30,S06,P446,27.0,0,15,12,54,4
2026-05-31,S06,P446,12.0,42,37,17,54,4
2026-06-01,S06,P446,17.0,0,12,5,54,4
2026-06-02,S06,P446,5.0,0,5,0,54,4
2026-06-03,S06,P446,0.0,35,16,19,54,4
2026-06-04,S06,P446,19.0,37,8,48,54,4
2026-06-05,S06,P446,48.0,0,13,35,54,4
2026-06-06,S06,P446,35.0,0,6,29,54,4
2026-06-07,S06,P446,29.0,0,16,13,54,4
2026-06-08,S06,P446,13.0,41,11,43,54,4
2026-06-09,S06,P446,43.0,0,17,26,54,4
2026-06-10,S06,P446,26.0,0,5,21,54,4
2026-06-11,S06,P446,21.0,35,12,44,54,4
2026-06-12,S06,P446,44.0,0,4,40,54,4
2026-06-13,S06,P446,40.0,0,14,26,54,4
2026-06-14,S06,P446,26.0,0,18,8,54,4
2026-06-15,S06,P446,8.0,45,7,46,54,4
2026-06-16,S06,P446,46.0,0,11,35,54,4
2026-06-17,S06,P446,35.0,0,13,22,54,4
2026-06-18,S06,P446,22.0,36,15,43,54,4
2026-06-19,S06,P446,43.0,0,20,23,54,4
2026-06-20,S06,P446,23.0,0,11,12,54,4
2026-06-21,S06,P446,12.0,0,12,0,54,4
2026-06-22,S06,P446,0.0,46,9,37,54,4
2026-06-23,S06,P446,37.0,0,10,27,54,4
2026-06-24,S06,P446,27.0,0,6,21,54,4
2026-06-25,S06,P446,21.0,43,5,59,54,4
2026-06-26,S06,P446,59.0,0,27,32,54,4
2026-06-27,S06,P446,32.0,0,20,12,54,4
2026-06-28,S06,P446,12.0,0,12,0,54,4
2026-06-29,S06,P446,0.0,0,0,0,54,4
2026-06-30,S06,P446,0.0,0,0,0,54,4
2026-07-01,S06,P446,0.0,57,18,39,54,4
2026-07-02,S06,P446,39.0,0,31,8,54,4
2026-07-03,S06,P446,8.0,0,8,0,54,4
2026-07-04,S06,P446,0.0,0,0,0,54,4
2026-07-05,S06,P446,0.0,50,11,39,54,4
2026-07-06,S06,P446,39.0,0,6,33,54,4
2026-07-07,S06,P446,33.0,39,5,67,54,4
2026-07-08,S06,P446,67.0,0,13,54,54,4
2026-07-09,S06,P446,54.0,0,12,42,54,4
2026-07-10,S06,P446,42.0,0,21,21,54,4
2026-07-11,S06,P446,21.0,0,8,13,54,4
2026-07-12,S06,P446,13.0,35,24,24,54,4
2026-07-13,S06,P446,24.0,0,5,19,54,4
2026-07-14,S06,P446,19.0,0,18,1,54,4
2026-07-15,S06,P446,1.0,41,9,33,54,4
2026-07-16,S06,P446,33.0,0,9,24,54,4
2026-07-17,S06,P446,24.0,0,8,16,54,4
2026-07-18,S06,P446,16.0,47,13,50,54,4
2026-07-19,S06,P446,50.0,0,17,33,54,4
2026-07-20,S06,P446,33.0,0,4,29,54,4
2026-07-21,S06,P446,29.0,0,8,21,54,4
2026-07-22,S06,P446,21.0,39,13,47,54,4
2026-07-23,S06,P446,47.0,0,12,35,54,4
2026-07-24,S06,P446,35.0,0,12,23,54,4
2026-07-25,S06,P446,23.0,0,9,14,54,4
2026-07-26,S06,P446,14.0,42,11,45,54,4
2026-07-27,S06,P446,45.0,0,17,28,54,4
2026-07-28,S06,P446,28.0,0,18,10,54,4
2026-07-29,S06,P446,10.0,0,10,0,54,4
2026-07-30,S06,P446,0.0,44,12,32,54,4
2026-07-31,S06,P446,32.0,0,8,24,54,4
2026-08-01,S06,P446,24.0,35,16,43,54,4
2026-08-02,S06,P446,43.0,0,23,20,54,4
2026-08-03,S06,P446,20.0,0,16,4,54,4
2026-08-04,S06,P446,4.0,0,4,0,54,4
2026-08-05,S06,P446,0.0,46,9,37,54,4
2026-08-06,S06,P446,37.0,0,16,21,54,4
2026-08-07,S06,P446,21.0,39,6,54,54,4
2026-08-08,S06,P446,54.0,0,22,32,54,4
2026-08-09,S06,P446,32.0,0,27,5,54,4
2026-08-10,S06,P446,5.0,0,5,0,54,4
2026-08-11,S06,P446,0.0,35,35,0,54,4
2026-08-12,S06,P446,0.0,0,0,0,54,4
2026-08-13,S06,P446,0.0,49,13,36,54,4
2026-08-14,S06,P446,36.0,0,10,26,54,4
2026-08-15,S06,P446,26.0,40,30,36,54,4
2026-08-16,S06,P446,36.0,0,11,25,54,4
2026-08-17,S06,P446,25.0,0,6,19,54,4
2026-08-18,S06,P446,19.0,0,12,7,54,4
2026-08-19,S06,P446,7.0,53,6,54,54,4
2026-08-20,S06,P446,54.0,0,11,43,54,4
2026-08-21,S06,P446,43.0,0,20,23,54,4
2026-08-22,S06,P446,23.0,0,23,0,54,4
2026-08-23,S06,P446,0.0,35,16,45,54,4
2026-08-24,S06,P446,19.0,0,11,8,54,4
2026-08-25,S06,P446,8.0,0,8,0,54,4
2026-08-26,S06,P446,0.0,0,0,0,54,4
2026-08-27,S06,P446,0.0,54,20,34,54,4
2026-08-28,S06,P446,34.0,0,14,20,54,4
2026-08-29,S06,P446,20.0,35,10,45,54,4
2026-08-30,S06,P446,45.0,0,13,32,54,4
2026-08-31,S06,P446,32.0,0,8,24,54,4
2026-05-01,S06,P502,58.0,0,8,50,35,4
2026-05-02,S06,P502,50.0,0,8,42,35,4
2026-05-03,S06,P502,42.0,0,8,34,35,4
2026-05-04,S06,P502,34.0,0,5,29,35,4
2026-05-05,S06,P502,29.0,0,11,18,35,4
2026-05-06,S06,P502,18.0,0,9,9,35,4
2026-05-07,S06,P502,9.0,24,11,22,35,4
2026-05-08,S06,P502,22.0,0,14,8,35,4
2026-05-09,S06,P502,8.0,0,8,0,35,4
2026-05-10,S06,P502,0.0,25,17,8,35,4
2026-05-11,S06,P502,8.0,0,8,0,35,4
2026-05-13,S06,P502,21.0,0,1,20,35,4
2026-05-14,S06,P502,20.0,25,6,39,35,4
2026-05-15,S06,P502,39.0,0,2,37,35,4
2026-05-16,S06,P502,37.0,0,11,26,35,4
2026-05-17,S06,P502,26.0,0,7,19,35,4
2026-05-18,S06,P502,19.0,0,7,12,35,4
2026-05-19,S06,P502,12.0,0,3,9,35,4
2026-05-20,S06,P502,9.0,32,6,35,35,4
2026-05-21,S06,P502,35.0,0,8,27,35,4
2026-05-22,S06,P502,27.0,0,5,22,35,4
2026-05-23,S06,P502,22.0,0,6,16,35,4
2026-05-24,S06,P502,16.0,23,6,33,35,4
2026-05-25,S06,P502,33.0,0,4,29,35,4
2026-05-26,S06,P502,29.0,0,12,17,35,4
2026-05-27,S06,P502,17.0,0,10,7,35,4
2026-05-28,S06,P502,7.0,25,7,25,35,4
2026-05-29,S06,P502,25.0,0,12,13,35,4
2026-05-30,S06,P502,13.0,0,3,10,35,4
2026-05-31,S06,P502,10.0,0,9,1,35,4
2026-06-01,S06,P502,1.0,26,7,20,35,4
2026-06-02,S06,P502,20.0,0,11,9,35,4
2026-06-03,S06,P502,9.0,0,3,6,35,4
2026-06-04,S06,P502,6.0,31,10,27,35,4
2026-06-05,S06,P502,27.0,0,6,21,35,4
2026-06-06,S06,P502,21.0,0,6,15,35,4
2026-06-07,S06,P502,15.0,0,2,13,35,4
2026-06-08,S06,P502,13.0,31,12,32,35,4
2026-06-09,S06,P502,32.0,0,10,22,35,4
2026-06-10,S06,P502,22.0,0,9,13,35,4
2026-06-11,S06,P502,13.0,0,8,5,35,4
2026-06-12,S06,P502,5.0,26,7,24,35,4
2026-06-13,S06,P502,24.0,0,7,17,35,4
2026-06-14,S06,P502,17.0,0,9,8,35,4
2026-06-15,S06,P502,8.0,27,5,30,35,4
2026-06-16,S06,P502,30.0,0,8,22,35,4
2026-06-17,S06,P502,22.0,0,2,20,35,4
2026-06-18,S06,P502,20.0,23,5,38,35,4
2026-06-19,S06,P502,38.0,0,4,34,35,4
2026-06-20,S06,P502,34.0,0,3,31,35,4
2026-06-21,S06,P502,31.0,0,11,20,35,4
2026-06-22,S06,P502,20.0,0,8,12,35,4
2026-06-23,S06,P502,12.0,24,6,30,35,4
2026-06-24,S06,P502,30.0,0,2,28,35,4
2026-06-25,S06,P502,28.0,0,5,23,35,4
2026-06-26,S06,P502,23.0,0,6,17,35,4
2026-06-27,S06,P502,17.0,28,1,44,35,4
2026-06-28,S06,P502,44.0,0,16,28,35,4
2026-06-29,S06,P502,28.0,0,8,20,35,4
2026-06-30,S06,P502,20.0,0,11,9,35,4
2026-07-01,S06,P502,9.0,0,9,0,35,4
2026-07-02,S06,P502,0.0,0,0,0,35,4
2026-07-03,S06,P502,0.0,0,0,0,35,4
2026-07-04,S06,P502,0.0,30,17,13,35,4
2026-07-05,S06,P502,13.0,28,6,35,35,4
2026-07-06,S06,P502,35.0,0,10,25,35,4
2026-07-07,S06,P502,25.0,0,5,20,35,4
2026-07-08,S06,P502,20.0,0,4,16,35,4
2026-07-09,S06,P502,16.0,23,7,32,35,4
2026-07-10,S06,P502,32.0,0,10,22,35,4
2026-07-11,S06,P502,22.0,0,2,20,35,4
2026-07-12,S06,P502,20.0,0,3,9,35,4
2026-07-13,S06,P502,17.0,0,7,10,35,4
2026-07-14,S06,P502,10.0,26,5,31,35,4
2026-07-15,S06,P502,31.0,0,7,24,35,4
2026-07-16,S06,P502,24.0,0,2,22,35,4
2026-07-17,S06,P502,22.0,0,6,16,35,4
2026-07-18,S06,P502,16.0,27,12,31,35,4
2026-07-19,S06,P502,31.0,0,12,19,35,4
2026-07-20,S06,P502,19.0,0,4,15,35,4
2026-07-21,S06,P502,15.0,0,13,2,35,4
2026-07-22,S06,P502,2.0,0,2,0,35,4
2026-07-23,S06,P502,0.0,0,0,0,35,4
2026-07-24,S06,P502,0.0,27,10,17,35,4
2026-07-25,S06,P502,17.0,29,15,31,35,4
2026-07-26,S06,P502,31.0,0,9,22,35,4
2026-07-27,S06,P502,22.0,0,11,11,35,4
2026-07-28,S06,P502,11.0,0,7,4,35,4
2026-07-29,S06,P502,4.0,27,16,15,35,4
2026-07-30,S06,P502,15.0,0,13,2,35,4
2026-07-31,S06,P502,2.0,0,2,0,35,4
2026-08-01,S06,P502,0.0,27,8,19,35,4
2026-08-02,S06,P502,19.0,0,17,2,35,4
2026-08-03,S06,P502,2.0,29,12,19,35,4
2026-08-04,S06,P502,19.0,0,14,5,35,4
2026-08-05,S06,P502,5.0,0,5,0,35,4
2026-08-06,S06,P502,0.0,27,7,20,35,4
2026-08-07,S06,P502,20.0,0,10,10,35,4
2026-08-08,S06,P502,10.0,26,8,28,35,4
2026-08-09,S06,P502,28.0,0,8,20,35,4
2026-08-10,S06,P502,20.0,0,5,15,35,4
2026-08-11,S06,P502,15.0,0,9,6,35,4
2026-08-12,S06,P502,6.0,30,10,26,35,4
2026-08-13,S06,P502,26.0,0,10,16,35,4
2026-08-14,S06,P502,16.0,0,12,4,35,4
2026-08-15,S06,P502,4.0,0,4,0,35,4
2026-08-16,S06,P502,0.0,32,12,20,35,4
2026-08-17,S06,P502,20.0,0,4,16,35,4
2026-08-18,S06,P502,16.0,0,7,9,35,4
2026-08-19,S06,P502,9.0,26,7,28,35,4
2026-08-20,S06,P502,28.0,0,4,24,35,4
2026-08-21,S06,P502,24.0,0,16,8,35,4
2026-08-22,S06,P502,8.0,23,13,18,35,4
2026-08-23,S06,P502,18.0,0,11,7,35,4
2026-08-24,S06,P502,7.0,0,7,0,35,4
2026-08-25,S06,P502,0.0,27,13,14,35,4
2026-08-26,S06,P502,14.0,0,14,0,35,4
2026-08-27,S06,P502,0.0,24,5,19,35,4
2026-08-28,S06,P502,19.0,0,4,15,35,4
2026-08-29,S06,P502,15.0,0,6,9,35,4
2026-08-30,S06,P502,9.0,34,6,37,35,4
2026-08-31,S06,P502,37.0,0,5,32,35,4
2026-05-01,S06,P503,51.0,0,12,39,31,4
2026-05-02,S06,P503,39.0,0,10,29,31,4
2026-05-03,S06,P503,29.0,0,12,17,31,4
2026-05-04,S06,P503,17.0,0,1,16,31,4
2026-05-05,S06,P503,16.0,0,6,10,31,4
2026-05-06,S06,P503,10.0,22,3,29,31,4
2026-05-07,S06,P503,29.0,0,10,19,31,4
2026-05-08,S06,P503,19.0,0,9,10,31,4
2026-05-09,S06,P503,10.0,0,10,0,31,4
2026-05-10,S06,P503,0.0,22,9,13,31,4
2026-05-11,S06,P503,13.0,0,8,5,31,4
2026-05-12,S06,P503,5.0,0,5,0,31,4
2026-05-13,S06,P503,0.0,29,3,26,31,4
2026-05-14,S06,P503,26.0,0,2,24,31,4
2026-05-15,S06,P503,24.0,0,11,13,31,4
2026-05-16,S06,P503,13.0,22,7,28,31,4
2026-05-17,S06,P503,28.0,0,5,23,31,4
2026-05-18,S06,P503,23.0,0,9,14,31,4
2026-05-19,S06,P503,14.0,0,9,5,31,4
2026-05-20,S06,P503,5.0,23,11,17,31,4
2026-05-21,S06,P503,17.0,0,4,13,31,4
2026-05-22,S06,P503,13.0,0,10,3,31,4
2026-05-23,S06,P503,3.0,23,12,14,31,4
2026-05-24,S06,P503,14.0,0,9,5,31,4
2026-05-25,S06,P503,5.0,0,5,0,31,4
2026-05-26,S06,P503,0.0,25,9,16,31,4
2026-05-27,S06,P503,16.0,0,10,6,31,4
2026-05-28,S06,P503,6.0,21,6,21,31,4
2026-05-29,S06,P503,21.0,0,10,11,31,4
2026-05-30,S06,P503,11.0,0,8,3,31,4
2026-05-31,S06,P503,3.0,0,3,0,31,4
2026-06-01,S06,P503,0.0,24,6,18,31,4
2026-06-02,S06,P503,18.0,0,10,8,31,4
2026-06-03,S06,P503,8.0,24,5,27,31,4
2026-06-04,S06,P503,27.0,0,9,18,31,4
2026-06-05,S06,P503,18.0,0,12,6,31,4
2026-06-06,S06,P503,6.0,0,6,0,31,4
2026-06-07,S06,P503,0.0,24,5,19,31,4
2026-06-08,S06,P503,19.0,0,6,13,31,4
2026-06-09,S06,P503,13.0,21,3,31,31,4
2026-06-10,S06,P503,31.0,0,8,23,31,4
2026-06-11,S06,P503,23.0,0,5,18,31,4
2026-06-12,S06,P503,18.0,0,11,7,31,4
2026-06-13,S06,P503,7.0,20,11,16,31,4
2026-06-14,S06,P503,16.0,0,10,6,31,4
2026-06-15,S06,P503,6.0,0,6,0,31,4
2026-06-16,S06,P503,0.0,24,7,17,31,4
2026-06-17,S06,P503,17.0,0,5,12,31,4
2026-06-18,S06,P503,12.0,21,5,28,31,4
2026-06-19,S06,P503,28.0,0,13,15,31,4
2026-06-20,S06,P503,15.0,0,8,7,31,4
2026-06-21,S06,P503,7.0,0,7,0,31,4
2026-06-22,S06,P503,0.0,23,10,13,31,4
2026-06-23,S06,P503,13.0,0,11,2,31,4
2026-06-24,S06,P503,2.0,21,6,17,31,4
2026-06-25,S06,P503,17.0,0,7,10,31,4
2026-06-26,S06,P503,10.0,0,10,0,31,4
2026-06-27,S06,P503,0.0,28,7,21,31,4
2026-06-28,S06,P503,21.0,0,6,15,31,4
2026-06-29,S06,P503,15.0,0,4,11,31,4
2026-06-30,S06,P503,11.0,23,8,26,31,4
2026-07-01,S06,P503,26.0,0,5,21,31,4
2026-07-02,S06,P503,21.0,0,10,11,31,4
2026-07-03,S06,P503,11.0,0,11,0,31,4
2026-07-04,S06,P503,0.0,25,11,14,31,4
2026-07-05,S06,P503,14.0,0,5,9,31,4
2026-07-06,S06,P503,9.0,0,7,35,31,4
2026-07-07,S06,P503,2.0,26,7,21,31,4
2026-07-08,S06,P503,21.0,0,6,15,31,4
2026-07-09,S06,P503,15.0,0,11,4,31,4
2026-07-10,S06,P503,4.0,23,9,18,31,4
2026-07-11,S06,P503,18.0,0,6,12,31,4
2026-07-12,S06,P503,12.0,0,11,1,31,4
2026-07-13,S06,P503,1.0,24,5,20,31,4
2026-07-14,S06,P503,20.0,0,2,18,31,4
2026-07-15,S06,P503,18.0,0,6,12,31,4
2026-07-16,S06,P503,12.0,26,10,28,31,4
2026-07-17,S06,P503,28.0,0,8,20,31,4
2026-07-18,S06,P503,20.0,0,10,10,31,4
2026-07-19,S06,P503,10.0,0,10,0,31,4
2026-07-20,S06,P503,0.0,0,0,0,31,4
2026-07-21,S06,P503,0.0,23,4,19,31,4
2026-07-22,S06,P503,19.0,0,3,16,31,4
2026-07-23,S06,P503,16.0,28,20,24,31,4
2026-07-24,S06,P503,24.0,0,7,17,31,4
2026-07-25,S06,P503,17.0,0,13,4,31,4
2026-07-26,S06,P503,4.0,0,4,0,31,4
2026-07-27,S06,P503,0.0,27,11,16,31,4
2026-07-28,S06,P503,16.0,0,9,7,31,4
2026-07-29,S06,P503,7.0,20,5,22,31,4
2026-07-30,S06,P503,22.0,0,7,15,31,4
2026-07-31,S06,P503,15.0,0,6,9,31,4
2026-08-01,S06,P503,9.0,24,7,26,31,4
2026-08-02,S06,P503,26.0,0,11,15,31,4
2026-08-03,S06,P503,15.0,0,13,2,31,4
2026-08-04,S06,P503,2.0,0,2,0,31,4
2026-08-05,S06,P503,0.0,25,10,15,31,4
2026-08-06,S06,P503,15.0,0,10,5,31,4
2026-08-07,S06,P503,5.0,24,3,26,31,4
2026-08-08,S06,P503,26.0,0,9,17,31,4
2026-08-09,S06,P503,17.0,0,11,6,31,4
2026-08-10,S06,P503,6.0,22,3,25,31,4
2026-08-11,S06,P503,25.0,0,7,18,31,4
2026-08-12,S06,P503,18.0,0,8,45,31,4
2026-08-13,S06,P503,10.0,23,5,28,31,4
2026-08-14,S06,P503,28.0,0,8,20,31,4
2026-08-15,S06,P503,20.0,0,7,13,31,4
2026-08-16,S06,P503,13.0,0,7,6,31,4
2026-08-17,S06,P503,6.0,23,7,22,31,4
2026-08-18,S06,P503,22.0,0,7,15,31,4
2026-08-19,S06,P503,15.0,0,15,-25,31,4
2026-08-20,S06,P503,0.0,22,22,0,31,4
2026-08-21,S06,P503,0.0,0,0,14,31,4
2026-08-22,S06,P503,0.0,0,0,0,31,4
2026-08-23,S06,P503,0.0,29,15,14,31,4
2026-08-24,S06,P503,14.0,22,13,23,31,4
2026-08-25,S06,P503,23.0,0,14,9,31,4
2026-08-26,S06,P503,9.0,0,9,0,31,4
2026-08-27,S06,P503,0.0,0,0,0,31,4
2026-08-28,S06,P503,0.0,28,4,24,31,4
2026-08-29,S06,P503,24.0,0,4,20,31,4
2026-08-30,S06,P503,20.0,23,7,36,31,4
2026-08-31,S06,P503,36.0,0,5,31,31,4
2026-05-01,S06,P504,36.0,0,6,30,22,4
2026-05-02,S06,P504,30.0,0,6,24,22,4
2026-05-03,S06,P504,24.0,0,3,21,22,4
2026-05-04,S06,P504,21.0,0,6,15,22,4
2026-05-05,S06,P504,15.0,0,10,5,22,4
2026-05-06,S06,P504,5.0,0,5,0,22,4
2026-05-07,S06,P504,0.0,15,4,11,22,4
2026-05-08,S06,P504,11.0,0,4,7,22,4
2026-05-09,S06,P504,7.0,0,6,1,22,4
2026-05-10,S06,P504,1.0,16,3,14,22,4
2026-05-11,S06,P504,14.0,0,5,9,22,4
2026-05-12,S06,P504,9.0,0,5,4,22,4
2026-05-13,S06,P504,4.0,19,6,17,22,4
2026-05-15,S06,P504,15.0,0,3,12,22,4
2026-05-16,S06,P504,12.0,0,5,7,22,4
2026-05-17,S06,P504,7.0,19,9,17,22,4
2026-05-18,S06,P504,17.0,0,1,16,22,4
2026-05-19,S06,P504,16.0,0,4,12,22,4
2026-05-20,S06,P504,12.0,0,5,7,22,4
2026-05-21,S06,P504,7.0,19,8,18,22,4
2026-05-22,S06,P504,18.0,0,4,14,22,4
2026-05-23,S06,P504,14.0,0,5,9,22,4
2026-05-24,S06,P504,9.0,0,6,3,22,4
2026-05-25,S06,P504,3.0,18,3,18,22,4
2026-05-26,S06,P504,18.0,0,4,14,22,4
2026-05-27,S06,P504,14.0,0,7,7,22,4
2026-05-28,S06,P504,7.0,15,4,18,22,4
2026-05-29,S06,P504,18.0,0,2,16,22,4
2026-05-30,S06,P504,16.0,0,11,5,22,4
2026-05-31,S06,P504,5.0,14,6,20,22,4
2026-06-01,S06,P504,13.0,0,5,8,22,4
2026-06-02,S06,P504,8.0,0,1,7,22,4
2026-06-03,S06,P504,7.0,17,1,23,22,4
2026-06-04,S06,P504,23.0,0,1,22,22,4
2026-06-05,S06,P504,22.0,0,6,16,22,4
2026-06-06,S06,P504,16.0,0,9,7,22,4
2026-06-07,S06,P504,7.0,0,7,0,22,4
2026-06-08,S06,P504,0.0,0,0,0,22,4
2026-06-09,S06,P504,0.0,14,4,10,22,4
2026-06-10,S06,P504,10.0,15,3,22,22,4
2026-06-11,S06,P504,22.0,0,4,18,22,4
2026-06-12,S06,P504,18.0,0,5,13,22,4
2026-06-13,S06,P504,13.0,0,9,4,22,4
2026-06-14,S06,P504,4.0,14,5,13,22,4
2026-06-15,S06,P504,13.0,0,5,8,22,4
2026-06-16,S06,P504,8.0,0,2,6,22,4
2026-06-17,S06,P504,6.0,18,5,19,22,4
2026-06-18,S06,P504,19.0,0,5,14,22,4
2026-06-19,S06,P504,14.0,0,4,10,22,4
2026-06-20,S06,P504,10.0,0,2,8,22,4
2026-06-21,S06,P504,8.0,17,3,22,22,4
2026-06-22,S06,P504,22.0,0,3,19,22,4
2026-06-23,S06,P504,19.0,0,6,13,22,4
2026-06-24,S06,P504,13.0,0,8,5,22,4
2026-06-25,S06,P504,5.0,14,12,7,22,4
2026-06-26,S06,P504,7.0,0,7,0,22,4
2026-06-27,S06,P504,0.0,0,0,0,22,4
2026-06-28,S06,P504,0.0,17,13,4,22,4
2026-06-29,S06,P504,4.0,0,4,0,22,4
2026-06-30,S06,P504,0.0,19,17,2,22,4
2026-07-01,S06,P504,2.0,0,2,0,22,4
2026-07-02,S06,P504,0.0,0,0,0,22,4
2026-07-03,S06,P504,0.0,17,6,11,22,4
2026-07-04,S06,P504,11.0,17,3,25,22,4
2026-07-05,S06,P504,25.0,0,8,17,22,4
2026-07-06,S06,P504,17.0,0,3,14,22,4
2026-07-07,S06,P504,14.0,0,3,11,22,4
2026-07-08,S06,P504,11.0,0,6,5,22,4
2026-07-09,S06,P504,5.0,19,4,20,22,4
2026-07-10,S06,P504,20.0,0,2,18,22,4
2026-07-11,S06,P504,18.0,0,6,12,22,4
2026-07-12,S06,P504,12.0,0,6,6,22,4
2026-07-13,S06,P504,6.0,0,5,1,22,4
2026-07-14,S06,P504,1.0,16,2,15,22,4
2026-07-15,S06,P504,15.0,0,6,9,22,4
2026-07-16,S06,P504,9.0,14,3,20,22,4
2026-07-17,S06,P504,20.0,0,8,12,22,4
2026-07-18,S06,P504,12.0,0,1,11,22,4
2026-07-19,S06,P504,11.0,0,4,7,22,4
2026-07-20,S06,P504,7.0,16,3,20,22,4
2026-07-21,S06,P504,20.0,0,4,16,22,4
2026-07-22,S06,P504,16.0,0,6,10,22,4
2026-07-23,S06,P504,10.0,0,5,5,22,4
2026-07-24,S06,P504,5.0,16,5,16,22,4
2026-07-25,S06,P504,16.0,0,3,13,22,4
2026-07-26,S06,P504,13.0,0,9,4,22,4
2026-07-27,S06,P504,4.0,15,7,12,22,4
2026-07-28,S06,P504,12.0,0,4,8,22,4
2026-07-29,S06,P504,8.0,0,8,0,22,4
2026-07-30,S06,P504,0.0,17,15,2,22,4
2026-07-31,S06,P504,2.0,0,2,0,22,4
2026-08-01,S06,P504,0.0,0,0,0,22,4
2026-08-02,S06,P504,0.0,0,0,0,22,4
2026-08-03,S06,P504,0.0,34,13,21,22,4
2026-08-04,S06,P504,21.0,0,8,13,22,4
2026-08-05,S06,P504,13.0,0,3,10,22,4
2026-08-06,S06,P504,10.0,0,3,7,22,4
2026-08-07,S06,P504,7.0,15,2,20,22,4
2026-08-08,S06,P504,20.0,0,6,14,22,4
2026-08-09,S06,P504,14.0,0,3,11,22,4
2026-08-10,S06,P504,11.0,14,5,20,22,4
2026-08-11,S06,P504,20.0,0,7,13,22,4
2026-08-12,S06,P504,13.0,0,0,13,22,4
2026-08-13,S06,P504,13.0,0,3,-18,22,4
2026-08-14,S06,P504,10.0,16,12,14,22,4
2026-08-15,S06,P504,14.0,0,13,1,22,4
2026-08-16,S06,P504,1.0,0,1,0,22,4
2026-08-17,S06,P504,0.0,0,0,0,22,4
2026-08-18,S06,P504,0.0,22,1,21,22,4
2026-08-19,S06,P504,21.0,0,6,15,22,4
2026-08-20,S06,P504,15.0,0,2,13,22,4
2026-08-21,S06,P504,13.0,14,8,19,22,4
2026-08-22,S06,P504,19.0,0,4,15,22,4
2026-08-23,S06,P504,15.0,0,10,5,22,4
2026-08-24,S06,P504,5.0,0,3,2,22,4
2026-08-25,S06,P504,2.0,17,5,14,22,4
2026-08-26,S06,P504,14.0,0,4,10,22,4
2026-08-27,S06,P504,10.0,14,2,22,22,4
2026-08-28,S06,P504,22.0,0,6,16,22,4
2026-08-29,S06,P504,16.0,0,10,6,22,4
2026-08-30,S06,P504,6.0,0,6,0,22,4
2026-08-31,S06,P504,0.0,14,1,13,22,4
2026-05-01,S06,P505,44.0,0,3,41,27,4
2026-05-02,S06,P505,41.0,0,5,36,27,4
2026-05-03,S06,P505,36.0,0,3,33,27,4
2026-05-04,S06,P505,33.0,0,1,32,27,4
2026-05-05,S06,P505,32.0,0,4,28,27,4
2026-05-06,S06,P505,28.0,0,5,23,27,4
2026-05-07,S06,P505,23.0,0,6,17,27,4
2026-05-08,S06,P505,17.0,0,6,11,27,4
2026-05-09,S06,P505,11.0,0,5,6,27,4
2026-05-10,S06,P505,6.0,0,6,0,27,4
2026-05-11,S06,P505,0.0,0,0,0,27,4
2026-05-12,S06,P505,0.0,21,8,13,27,4
2026-05-13,S06,P505,13.0,0,7,6,27,4
2026-05-14,S06,P505,6.0,17,8,15,27,4
2026-05-15,S06,P505,15.0,0,5,10,27,4
2026-05-16,S06,P505,10.0,0,7,3,27,4
2026-05-17,S06,P505,3.0,21,6,18,27,4
2026-05-18,S06,P505,18.0,0,4,14,27,4
2026-05-19,S06,P505,14.0,0,3,11,27,4
2026-05-20,S06,P505,11.0,20,4,27,27,4
2026-05-21,S06,P505,27.0,0,7,20,27,4
2026-05-22,S06,P505,20.0,0,3,17,27,4
2026-05-23,S06,P505,17.0,0,8,9,27,4
2026-05-24,S06,P505,9.0,0,3,6,27,4
2026-05-25,S06,P505,6.0,17,3,20,27,4
2026-05-26,S06,P505,20.0,0,13,7,27,4
2026-05-27,S06,P505,7.0,18,6,19,27,4
2026-05-28,S06,P505,19.0,0,3,16,27,4
2026-05-29,S06,P505,16.0,0,6,10,27,4
2026-05-30,S06,P505,10.0,19,5,24,27,4
2026-05-31,S06,P505,24.0,0,7,17,27,4
2026-06-01,S06,P505,17.0,0,8,9,27,4
2026-06-02,S06,P505,9.0,0,9,0,27,4
2026-06-03,S06,P505,0.0,0,0,0,27,4
2026-06-04,S06,P505,0.0,0,0,0,27,4
2026-06-05,S06,P505,0.0,20,1,19,27,4
2026-06-06,S06,P505,19.0,24,10,33,27,4
2026-06-07,S06,P505,33.0,0,11,22,27,4
2026-06-08,S06,P505,22.0,0,6,16,27,4
2026-06-09,S06,P505,16.0,0,6,10,27,4
2026-06-10,S06,P505,10.0,0,8,2,27,4
2026-06-11,S06,P505,2.0,22,8,16,27,4
2026-06-12,S06,P505,16.0,0,5,11,27,4
2026-06-13,S06,P505,11.0,0,9,2,27,4
2026-06-14,S06,P505,2.0,20,3,19,27,4
2026-06-15,S06,P505,19.0,0,3,16,27,4
2026-06-16,S06,P505,16.0,0,5,11,27,4
2026-06-17,S06,P505,11.0,22,3,30,27,4
2026-06-18,S06,P505,30.0,0,6,24,27,4
2026-06-19,S06,P505,24.0,0,4,20,27,4
2026-06-20,S06,P505,20.0,0,2,18,27,4
2026-06-21,S06,P505,18.0,0,6,12,27,4
2026-06-22,S06,P505,12.0,20,11,21,27,4
2026-06-23,S06,P505,21.0,0,3,18,27,4
2026-06-24,S06,P505,18.0,0,5,13,27,4
2026-06-25,S06,P505,13.0,0,8,5,27,4
2026-06-26,S06,P505,5.0,23,13,15,27,4
2026-06-27,S06,P505,15.0,0,13,2,27,4
2026-06-28,S06,P505,2.0,0,2,0,27,4
2026-06-29,S06,P505,0.0,0,0,0,27,4
2026-06-30,S06,P505,0.0,29,3,26,27,4
2026-07-01,S06,P505,26.0,0,1,25,27,4
2026-07-02,S06,P505,25.0,0,4,21,27,4
2026-07-03,S06,P505,21.0,0,6,15,27,4
2026-07-04,S06,P505,15.0,18,7,26,27,4
2026-07-05,S06,P505,26.0,0,5,21,27,4
2026-07-06,S06,P505,21.0,0,3,18,27,4
2026-07-07,S06,P505,18.0,0,5,13,27,4
2026-07-08,S06,P505,13.0,18,3,28,27,4
2026-07-09,S06,P505,28.0,0,7,21,27,4
2026-07-10,S06,P505,21.0,0,6,15,27,4
2026-07-11,S06,P505,15.0,0,7,8,27,4
2026-07-12,S06,P505,8.0,0,2,6,27,4
2026-07-13,S06,P505,6.0,23,2,27,27,4
2026-07-14,S06,P505,27.0,0,4,23,27,4
2026-07-15,S06,P505,23.0,0,4,19,27,4
2026-07-16,S06,P505,19.0,0,5,14,27,4
2026-07-17,S06,P505,14.0,17,4,27,27,4
2026-07-18,S06,P505,27.0,0,4,23,27,4
2026-07-19,S06,P505,23.0,0,7,16,27,4
2026-07-20,S06,P505,16.0,0,4,12,27,4
2026-07-21,S06,P505,12.0,17,5,24,27,4
2026-07-22,S06,P505,24.0,0,5,19,27,4
2026-07-23,S06,P505,19.0,0,7,12,27,4
2026-07-24,S06,P505,12.0,0,6,6,27,4
2026-07-25,S06,P505,6.0,20,8,18,27,4
2026-07-26,S06,P505,18.0,0,6,12,27,4
2026-07-27,S06,P505,12.0,0,10,2,27,4
2026-07-28,S06,P505,2.0,0,2,0,27,4
2026-07-29,S06,P505,0.0,0,0,0,27,4
2026-07-30,S06,P505,0.0,18,3,15,27,4
2026-07-31,S06,P505,15.0,24,3,36,27,4
2026-08-01,S06,P505,36.0,0,4,32,27,4
2026-08-02,S06,P505,32.0,0,6,26,27,4
2026-08-03,S06,P505,26.0,0,6,20,27,4
2026-08-04,S06,P505,20.0,0,7,13,27,4
2026-08-05,S06,P505,13.0,0,2,11,27,4
2026-08-06,S06,P505,11.0,18,4,25,27,4
2026-08-07,S06,P505,25.0,0,5,20,27,4
2026-08-08,S06,P505,20.0,0,10,10,27,4
2026-08-09,S06,P505,10.0,0,10,0,27,4
2026-08-10,S06,P505,0.0,19,7,12,27,4
2026-08-11,S06,P505,12.0,0,11,1,27,4
2026-08-12,S06,P505,1.0,0,1,0,27,4
2026-08-13,S06,P505,0.0,25,13,12,27,4
2026-08-14,S06,P505,12.0,0,7,5,27,4
2026-08-15,S06,P505,5.0,18,9,14,27,4
2026-08-16,S06,P505,14.0,0,9,5,27,4
2026-08-17,S06,P505,5.0,0,5,0,27,4
2026-08-18,S06,P505,0.0,21,5,16,27,4
2026-08-19,S06,P505,16.0,0,5,11,27,4
2026-08-20,S06,P505,11.0,18,4,25,27,4
2026-08-21,S06,P505,25.0,0,4,21,27,4
2026-08-22,S06,P505,21.0,0,7,14,27,4
2026-08-23,S06,P505,14.0,0,11,3,27,4
2026-08-24,S06,P505,3.0,19,10,12,27,4
2026-08-25,S06,P505,12.0,0,12,0,27,4
2026-08-26,S06,P505,0.0,0,0,0,27,4
2026-08-27,S06,P505,0.0,22,5,17,27,4
2026-08-28,S06,P505,17.0,0,6,11,27,4
2026-08-29,S06,P505,11.0,22,6,27,27,4
2026-08-30,S06,P505,27.0,0,9,36,27,4
2026-08-31,S06,P505,18.0,0,6,12,27,4
2026-05-01,S06,P506,72.0,0,13,59,50,2
2026-05-02,S06,P506,59.0,0,21,38,50,2
2026-05-03,S06,P506,38.0,0,19,19,50,2
2026-05-04,S06,P506,19.0,34,6,47,50,2
2026-05-05,S06,P506,47.0,0,17,30,50,2
2026-05-06,S06,P506,30.0,25,11,44,50,2
2026-05-07,S06,P506,44.0,0,10,34,50,2
2026-05-08,S06,P506,34.0,0,16,18,50,2
2026-05-09,S06,P506,18.0,28,13,33,50,2
2026-05-10,S06,P506,33.0,26,28,31,50,2
2026-05-11,S06,P506,31.0,0,15,16,50,2
2026-05-12,S06,P506,16.0,41,14,16,50,2
2026-05-13,S06,P506,43.0,0,17,26,50,2
2026-05-14,S06,P506,26.0,29,19,36,50,2
2026-05-15,S06,P506,36.0,0,15,21,50,2
2026-05-16,S06,P506,21.0,36,20,37,50,2
2026-05-17,S06,P506,37.0,0,16,21,50,2
2026-05-18,S06,P506,21.0,35,16,40,50,2
2026-05-19,S06,P506,40.0,0,17,23,50,2
2026-05-20,S06,P506,23.0,32,12,43,50,2
2026-05-21,S06,P506,43.0,0,19,24,50,2
2026-05-22,S06,P506,24.0,0,19,5,50,2
2026-05-23,S06,P506,5.0,29,15,19,50,2
2026-05-24,S06,P506,19.0,38,15,42,50,2
2026-05-25,S06,P506,42.0,0,15,27,50,2
2026-05-26,S06,P506,27.0,30,18,39,50,2
2026-05-27,S06,P506,39.0,0,15,24,50,2
2026-05-28,S06,P506,24.0,33,13,44,50,2
2026-05-29,S06,P506,44.0,0,14,30,50,2
2026-05-30,S06,P506,30.0,28,19,39,50,2
2026-05-31,S06,P506,39.0,0,8,31,50,2
2026-06-01,S06,P506,31.0,0,12,19,50,2
2026-06-02,S06,P506,19.0,0,19,0,50,2
2026-06-03,S06,P506,0.0,33,11,22,50,2
2026-06-04,S06,P506,22.0,39,18,43,50,2
2026-06-05,S06,P506,43.0,0,15,28,50,2
2026-06-06,S06,P506,28.0,29,19,38,50,2
2026-06-07,S06,P506,38.0,0,19,19,50,2
2026-06-08,S06,P506,19.0,0,13,6,50,2
2026-06-09,S06,P506,6.0,34,17,23,50,2
2026-06-10,S06,P506,23.0,32,16,39,50,2
2026-06-11,S06,P506,39.0,0,8,31,50,2
2026-06-12,S06,P506,31.0,33,14,50,50,2
2026-06-13,S06,P506,50.0,0,12,38,50,2
2026-06-14,S06,P506,38.0,22,17,43,50,2
2026-06-15,S06,P506,43.0,0,20,23,50,2
2026-06-16,S06,P506,23.0,0,10,13,50,2
2026-06-17,S06,P506,13.0,29,9,33,50,2
2026-06-18,S06,P506,33.0,30,20,43,50,2
2026-06-19,S06,P506,43.0,0,23,20,50,2
2026-06-20,S06,P506,20.0,29,13,36,50,2
2026-06-21,S06,P506,36.0,23,25,-4,50,2
2026-06-22,S06,P506,34.0,0,19,15,50,2
2026-06-23,S06,P506,15.0,38,23,30,50,2
2026-06-24,S06,P506,30.0,0,15,15,50,2
2026-06-25,S06,P506,15.0,42,16,41,50,2
2026-06-26,S06,P506,41.0,0,18,23,50,2
2026-06-27,S06,P506,23.0,31,13,41,50,2
2026-06-28,S06,P506,41.0,0,17,24,50,2
2026-06-29,S06,P506,24.0,31,11,44,50,2
2026-06-30,S06,P506,44.0,0,16,28,50,2
2026-07-01,S06,P506,28.0,28,20,36,50,2
2026-07-02,S06,P506,36.0,0,21,15,50,2
2026-07-03,S06,P506,15.0,36,16,35,50,2
2026-07-04,S06,P506,35.0,0,11,24,50,2
2026-07-05,S06,P506,24.0,37,9,52,50,2
2026-07-06,S06,P506,52.0,0,22,30,50,2
2026-07-07,S06,P506,30.0,0,9,21,50,2
2026-07-08,S06,P506,21.0,42,17,46,50,2
2026-07-09,S06,P506,46.0,0,10,36,50,2
2026-07-10,S06,P506,36.0,26,20,42,50,2
2026-07-11,S06,P506,42.0,0,15,27,50,2
2026-07-12,S06,P506,27.0,30,25,32,50,2
2026-07-13,S06,P506,32.0,0,18,14,50,2
2026-07-14,S06,P506,14.0,40,6,48,50,2
2026-07-15,S06,P506,48.0,0,16,32,50,2
2026-07-16,S06,P506,32.0,24,22,34,50,2
2026-07-17,S06,P506,34.0,0,33,1,50,2
2026-07-18,S06,P506,1.0,38,15,24,50,2
2026-07-19,S06,P506,24.0,33,19,38,50,2
2026-07-20,S06,P506,38.0,0,12,26,50,2
2026-07-21,S06,P506,26.0,34,27,33,50,2
2026-07-22,S06,P506,33.0,0,14,19,50,2
2026-07-23,S06,P506,19.0,39,14,44,50,2
2026-07-24,S06,P506,44.0,0,13,31,50,2
2026-07-25,S06,P506,31.0,0,11,20,50,2
2026-07-26,S06,P506,20.0,28,33,15,50,2
2026-07-27,S06,P506,15.0,24,14,25,50,2
2026-07-28,S06,P506,25.0,33,13,45,50,2
2026-07-29,S06,P506,45.0,0,15,30,50,2
2026-07-30,S06,P506,30.0,27,16,41,50,2
2026-07-31,S06,P506,41.0,0,9,32,50,2
2026-08-01,S06,P506,32.0,31,26,37,50,2
2026-08-02,S06,P506,37.0,0,20,17,50,2
2026-08-03,S06,P506,17.0,35,21,31,50,2
2026-08-04,S06,P506,31.0,0,13,18,50,2
2026-08-05,S06,P506,18.0,41,23,36,50,2
2026-08-06,S06,P506,36.0,0,16,20,50,2
2026-08-07,S06,P506,20.0,36,7,49,50,2
2026-08-08,S06,P506,49.0,0,23,26,50,2
2026-08-09,S06,P506,26.0,23,15,34,50,2
2026-08-10,S06,P506,34.0,23,16,41,50,2
2026-08-11,S06,P506,41.0,0,25,-7,50,2
2026-08-12,S06,P506,16.0,31,27,20,50,2
2026-08-13,S06,P506,20.0,25,22,23,50,2
2026-08-14,S06,P506,23.0,0,22,1,50,2
2026-08-15,S06,P506,1.0,22,23,0,50,2
2026-08-16,S06,P506,0.0,49,17,32,50,2
2026-08-17,S06,P506,32.0,23,11,44,50,2
2026-08-18,S06,P506,44.0,0,14,30,50,2
2026-08-19,S06,P506,30.0,28,29,29,50,2
2026-08-20,S06,P506,29.0,0,13,16,50,2
2026-08-21,S06,P506,16.0,43,17,78,50,2
2026-08-22,S06,P506,42.0,0,38,4,50,2
2026-08-23,S06,P506,4.0,30,14,20,50,2
2026-08-24,S06,P506,20.0,38,14,44,50,2
2026-08-25,S06,P506,44.0,0,24,20,50,2
2026-08-26,S06,P506,20.0,28,28,20,50,2
2026-08-27,S06,P506,20.0,24,9,35,50,2
2026-08-28,S06,P506,35.0,28,19,44,50,2
2026-08-29,S06,P506,44.0,0,28,16,50,2
2026-08-30,S06,P506,16.0,28,26,18,50,2
2026-08-31,S06,P506,18.0,28,23,23,50,2
2026-05-01,S06,P205,44.0,0,6,38,29,5
2026-05-02,S06,P205,38.0,0,10,28,29,5
2026-05-03,S06,P205,28.0,0,2,26,29,5
2026-05-04,S06,P205,26.0,0,5,21,29,5
2026-05-05,S06,P205,21.0,0,3,18,29,5
2026-05-06,S06,P205,18.0,0,4,14,29,5
2026-05-07,S06,P205,14.0,16,5,25,29,5
2026-05-08,S06,P205,25.0,0,3,22,29,5
2026-05-09,S06,P205,22.0,0,10,12,29,5
2026-05-10,S06,P205,12.0,0,8,4,29,5
2026-05-11,S06,P205,4.0,0,3,1,29,5
2026-05-12,S06,P205,1.0,19,2,18,29,5
2026-05-13,S06,P205,18.0,0,3,15,29,5
2026-05-14,S06,P205,15.0,0,3,12,29,5
2026-05-15,S06,P205,12.0,21,4,29,29,5
2026-05-16,S06,P205,29.0,0,3,26,29,5
2026-05-17,S06,P205,26.0,0,4,22,29,5
2026-05-18,S06,P205,22.0,0,4,18,29,5
2026-05-19,S06,P205,18.0,0,10,8,29,5
2026-05-20,S06,P205,8.0,15,10,13,29,5
2026-05-21,S06,P205,13.0,0,3,10,29,5
2026-05-22,S06,P205,10.0,0,5,5,29,5
2026-05-23,S06,P205,5.0,0,5,0,29,5
2026-05-24,S06,P205,0.0,21,12,9,29,5
2026-05-25,S06,P205,9.0,0,8,1,29,5
2026-05-26,S06,P205,1.0,0,1,0,29,5
2026-05-27,S06,P205,0.0,18,6,12,29,5
2026-05-28,S06,P205,12.0,0,3,9,29,5
2026-05-29,S06,P205,9.0,17,2,24,29,5
2026-05-30,S06,P205,24.0,0,2,22,29,5
2026-05-31,S06,P205,22.0,0,2,26,29,5
2026-06-01,S06,P205,20.0,15,6,29,29,5
2026-06-02,S06,P205,29.0,0,3,26,29,5
2026-06-03,S06,P205,26.0,0,1,25,29,5
2026-06-04,S06,P205,25.0,0,1,24,29,5
2026-06-05,S06,P205,24.0,0,7,17,29,5
2026-06-06,S06,P205,17.0,15,7,25,29,5
2026-06-07,S06,P205,25.0,0,5,20,29,5
2026-06-08,S06,P205,20.0,0,4,16,29,5
2026-06-09,S06,P205,16.0,0,5,11,29,5
2026-06-10,S06,P205,11.0,0,4,7,29,5
2026-06-11,S06,P205,7.0,19,7,19,29,5
2026-06-12,S06,P205,19.0,0,3,16,29,5
2026-06-13,S06,P205,16.0,0,7,9,29,5
2026-06-14,S06,P205,9.0,0,2,7,29,5
2026-06-15,S06,P205,7.0,18,3,22,29,5
2026-06-16,S06,P205,22.0,0,3,19,29,5
2026-06-17,S06,P205,19.0,0,6,13,29,5
2026-06-18,S06,P205,13.0,17,2,28,29,5
2026-06-19,S06,P205,28.0,0,6,22,29,5
2026-06-20,S06,P205,22.0,0,3,19,29,5
2026-06-21,S06,P205,19.0,0,4,15,29,5
2026-06-22,S06,P205,15.0,0,6,9,29,5
2026-06-23,S06,P205,9.0,16,1,24,29,5
2026-06-24,S06,P205,24.0,0,6,18,29,5
2026-06-25,S06,P205,18.0,0,3,15,29,5
2026-06-26,S06,P205,15.0,0,4,11,29,5
2026-06-27,S06,P205,11.0,19,3,27,29,5
2026-06-28,S06,P205,27.0,0,6,21,29,5
2026-06-29,S06,P205,21.0,0,0,21,29,5
2026-06-30,S06,P205,21.0,0,2,19,29,5
2026-07-01,S06,P205,19.0,0,3,16,29,5
2026-07-02,S06,P205,16.0,17,5,28,29,5
2026-07-03,S06,P205,28.0,0,2,26,29,5
2026-07-04,S06,P205,26.0,0,1,25,29,5
2026-07-05,S06,P205,25.0,0,6,19,29,5
2026-07-06,S06,P205,19.0,0,5,14,29,5
2026-07-07,S06,P205,14.0,16,5,25,29,5
2026-07-08,S06,P205,25.0,0,6,19,29,5
2026-07-09,S06,P205,19.0,0,5,14,29,5
2026-07-10,S06,P205,14.0,0,9,5,29,5
2026-07-11,S06,P205,5.0,0,5,17,29,5
2026-07-12,S06,P205,0.0,19,8,11,29,5
2026-07-13,S06,P205,11.0,0,8,3,29,5
2026-07-14,S06,P205,3.0,0,3,0,29,5
2026-07-15,S06,P205,0.0,20,4,16,29,5
2026-07-16,S06,P205,16.0,0,4,12,29,5
2026-07-17,S06,P205,12.0,0,0,12,29,5
2026-07-18,S06,P205,12.0,21,12,21,29,5
2026-07-19,S06,P205,21.0,0,7,14,29,5
2026-07-20,S06,P205,14.0,0,2,12,29,5
2026-07-21,S06,P205,12.0,0,4,8,29,5
2026-07-22,S06,P205,8.0,0,2,6,29,5
2026-07-23,S06,P205,6.0,23,7,22,29,5
2026-07-24,S06,P205,22.0,0,6,16,29,5
2026-07-25,S06,P205,16.0,0,5,11,29,5
2026-07-26,S06,P205,11.0,0,4,7,29,5
2026-07-27,S06,P205,7.0,15,4,18,29,5
2026-07-28,S06,P205,18.0,0,3,15,29,5
2026-07-29,S06,P205,15.0,0,9,6,29,5
2026-07-30,S06,P205,6.0,18,5,19,29,5
2026-07-31,S06,P205,19.0,0,8,11,29,5
2026-08-01,S06,P205,11.0,0,8,3,29,5
2026-08-02,S06,P205,3.0,0,3,0,29,5
2026-08-03,S06,P205,0.0,20,4,16,29,5
2026-08-04,S06,P205,16.0,0,10,6,29,5
2026-08-05,S06,P205,6.0,0,6,-35,29,5
2026-08-06,S06,P205,0.0,21,10,11,29,5
2026-08-07,S06,P205,11.0,0,5,6,29,5
2026-08-08,S06,P205,6.0,0,2,4,29,5
2026-08-09,S06,P205,4.0,17,1,20,29,5
2026-08-10,S06,P205,20.0,0,4,16,29,5
2026-08-11,S06,P205,16.0,16,10,22,29,5
2026-08-12,S06,P205,22.0,0,6,16,29,5
2026-08-13,S06,P205,16.0,0,7,9,29,5
2026-08-14,S06,P205,9.0,0,4,5,29,5
2026-08-15,S06,P205,5.0,0,5,0,29,5
2026-08-16,S06,P205,0.0,22,6,16,29,5
2026-08-17,S06,P205,16.0,0,3,13,29,5
2026-08-18,S06,P205,13.0,0,7,6,29,5
2026-08-19,S06,P205,6.0,17,1,22,29,5
2026-08-20,S06,P205,22.0,0,1,21,29,5
2026-08-21,S06,P205,21.0,0,11,10,29,5
2026-08-22,S06,P205,10.0,0,3,7,29,5
2026-08-23,S06,P205,7.0,21,9,19,29,5
2026-08-24,S06,P205,19.0,0,6,13,29,5
2026-08-25,S06,P205,13.0,0,4,9,29,5
2026-08-26,S06,P205,9.0,0,8,1,29,5
2026-08-27,S06,P205,1.0,16,5,12,29,5
2026-08-28,S06,P205,12.0,0,10,2,29,5
2026-08-29,S06,P205,2.0,15,3,14,29,5
2026-08-30,S06,P205,14.0,0,1,13,29,5
2026-08-31,S06,P205,13.0,0,5,8,29,5
2026-05-01,S06,P206,78.0,0,14,64,51,5
2026-05-02,S06,P206,64.0,0,10,54,51,5
2026-05-03,S06,P206,54.0,0,10,44,51,5
2026-05-04,S06,P206,44.0,0,12,32,51,5
2026-05-05,S06,P206,32.0,0,6,26,51,5
2026-05-06,S06,P206,26.0,0,5,21,51,5
2026-05-07,S06,P206,21.0,0,7,14,51,5
2026-05-08,S06,P206,14.0,34,10,38,51,5
2026-05-09,S06,P206,38.0,0,3,35,51,5
2026-05-10,S06,P206,35.0,0,9,26,51,5
2026-05-11,S06,P206,26.0,0,11,15,51,5
2026-05-12,S06,P206,15.0,30,7,38,51,5
2026-05-13,S06,P206,38.0,0,11,27,51,5
2026-05-14,S06,P206,27.0,0,6,21,51,5
2026-05-15,S06,P206,21.0,0,11,10,51,5
2026-05-16,S06,P206,10.0,33,12,31,51,5
2026-05-17,S06,P206,31.0,0,20,11,51,5
2026-05-18,S06,P206,11.0,0,2,9,51,5
2026-05-19,S06,P206,9.0,0,9,0,51,5
2026-05-20,S06,P206,0.0,35,9,26,51,5
2026-05-21,S06,P206,26.0,0,7,19,51,5
2026-05-22,S06,P206,19.0,32,6,45,51,5
2026-05-23,S06,P206,45.0,0,8,37,51,5
2026-05-24,S06,P206,37.0,0,9,28,51,5
2026-05-25,S06,P206,28.0,0,9,19,51,5
2026-05-26,S06,P206,19.0,27,7,39,51,5
2026-05-27,S06,P206,39.0,0,8,31,51,5
2026-05-28,S06,P206,31.0,0,5,26,51,5
2026-05-29,S06,P206,26.0,0,3,23,51,5
2026-05-30,S06,P206,23.0,0,9,14,51,5
2026-05-31,S06,P206,14.0,0,14,0,51,5
2026-06-01,S06,P206,0.0,32,9,23,51,5
2026-06-02,S06,P206,23.0,0,9,14,51,5
2026-06-03,S06,P206,14.0,0,13,1,51,5
2026-06-04,S06,P206,1.0,32,18,15,51,5
2026-06-05,S06,P206,15.0,0,12,3,51,5
2026-06-06,S06,P206,3.0,0,3,0,51,5
2026-06-07,S06,P206,0.0,0,0,0,51,5
2026-06-08,S06,P206,0.0,0,0,0,51,5
2026-06-09,S06,P206,0.0,63,4,59,51,5
2026-06-10,S06,P206,59.0,0,5,54,51,5
2026-06-11,S06,P206,54.0,0,9,45,51,5
2026-06-12,S06,P206,45.0,0,9,36,51,5
2026-06-13,S06,P206,36.0,0,6,30,51,5
2026-06-14,S06,P206,30.0,0,7,23,51,5
2026-06-15,S06,P206,23.0,0,9,14,51,5
2026-06-16,S06,P206,14.0,33,8,39,51,5
2026-06-17,S06,P206,39.0,0,4,35,51,5
2026-06-18,S06,P206,35.0,0,9,26,51,5
2026-06-19,S06,P206,26.0,0,8,18,51,5
2026-06-20,S06,P206,18.0,31,6,43,51,5
2026-06-21,S06,P206,43.0,0,10,33,51,5
2026-06-22,S06,P206,33.0,0,7,26,51,5
2026-06-23,S06,P206,26.0,0,10,16,51,5
2026-06-24,S06,P206,16.0,29,8,37,51,5
2026-06-25,S06,P206,37.0,0,3,34,51,5
2026-06-26,S06,P206,34.0,0,17,17,51,5
2026-06-27,S06,P206,17.0,0,15,2,51,5
2026-06-28,S06,P206,2.0,33,7,28,51,5
2026-06-29,S06,P206,28.0,0,8,20,51,5
2026-06-30,S06,P206,20.0,0,11,9,51,5
2026-07-01,S06,P206,9.0,28,6,31,51,5
2026-07-02,S06,P206,31.0,0,9,22,51,5
2026-07-03,S06,P206,22.0,0,16,6,51,5
2026-07-04,S06,P206,6.0,30,11,25,51,5
2026-07-05,S06,P206,25.0,0,13,12,51,5
2026-07-06,S06,P206,12.0,0,12,0,51,5
2026-07-07,S06,P206,0.0,0,0,0,51,5
2026-07-08,S06,P206,0.0,42,12,30,51,5
2026-07-09,S06,P206,30.0,0,4,26,51,5
2026-07-10,S06,P206,26.0,0,5,21,51,5
2026-07-11,S06,P206,21.0,36,11,46,51,5
2026-07-12,S06,P206,46.0,0,15,31,51,5
2026-07-13,S06,P206,31.0,0,5,26,51,5
2026-07-14,S06,P206,26.0,0,9,17,51,5
2026-07-15,S06,P206,17.0,0,8,9,51,5
2026-07-16,S06,P206,9.0,32,1,40,51,5
2026-07-17,S06,P206,40.0,0,4,36,51,5
2026-07-18,S06,P206,36.0,0,7,29,51,5
2026-07-19,S06,P206,29.0,29,11,47,51,5
2026-07-20,S06,P206,47.0,0,8,39,51,5
2026-07-21,S06,P206,39.0,0,4,35,51,5
2026-07-22,S06,P206,35.0,0,7,28,51,5
2026-07-23,S06,P206,28.0,0,7,21,51,5
2026-07-24,S06,P206,21.0,31,6,46,51,5
2026-07-25,S06,P206,46.0,0,10,36,51,5
2026-07-26,S06,P206,36.0,0,7,29,51,5
2026-07-27,S06,P206,29.0,0,6,23,51,5
2026-07-28,S06,P206,23.0,0,13,10,51,5
2026-07-29,S06,P206,10.0,32,8,34,51,5
2026-07-30,S06,P206,34.0,0,6,28,51,5
2026-07-31,S06,P206,28.0,0,10,18,51,5
2026-08-01,S06,P206,18.0,0,6,12,51,5
2026-08-02,S06,P206,12.0,36,8,40,51,5
2026-08-03,S06,P206,40.0,0,10,30,51,5
2026-08-04,S06,P206,30.0,0,5,25,51,5
2026-08-05,S06,P206,25.0,0,12,13,51,5
2026-08-06,S06,P206,13.0,0,7,6,51,5
2026-08-07,S06,P206,6.0,30,9,27,51,5
2026-08-08,S06,P206,27.0,0,7,20,51,5
2026-08-09,S06,P206,20.0,0,9,11,51,5
2026-08-10,S06,P206,11.0,35,7,39,51,5
2026-08-11,S06,P206,39.0,0,3,36,51,5
2026-08-12,S06,P206,36.0,0,13,23,51,5
2026-08-13,S06,P206,23.0,0,10,13,51,5
2026-08-14,S06,P206,13.0,32,8,37,51,5
2026-08-15,S06,P206,37.0,0,8,29,51,5
2026-08-16,S06,P206,29.0,0,21,8,51,5
2026-08-17,S06,P206,8.0,0,8,0,51,5
2026-08-18,S06,P206,0.0,33,5,28,51,5
2026-08-19,S06,P206,28.0,0,5,23,51,5
2026-08-20,S06,P206,23.0,0,10,13,51,5
2026-08-21,S06,P206,13.0,37,8,42,51,5
2026-08-22,S06,P206,42.0,0,7,35,51,5
2026-08-23,S06,P206,35.0,0,3,32,51,5
2026-08-24,S06,P206,32.0,0,15,17,51,5
2026-08-25,S06,P206,17.0,28,12,33,51,5
2026-08-26,S06,P206,33.0,0,14,19,51,5
2026-08-27,S06,P206,19.0,0,8,11,51,5
2026-08-28,S06,P206,11.0,0,11,0,51,5
2026-08-29,S06,P206,0.0,33,5,28,51,5
2026-08-30,S06,P206,28.0,0,7,21,51,5
2026-08-31,S06,P206,21.0,0,15,6,51,5
2026-05-01,S06,P207,49.0,0,4,45,32,5
2026-05-02,S06,P207,45.0,0,6,39,32,5
2026-05-03,S06,P207,39.0,0,8,31,32,5
2026-05-04,S06,P207,31.0,0,4,27,32,5
2026-05-05,S06,P207,27.0,0,4,23,32,5
2026-05-06,S06,P207,23.0,0,5,18,32,5
2026-05-07,S06,P207,18.0,0,7,11,32,5
2026-05-08,S06,P207,11.0,18,9,20,32,5
2026-05-09,S06,P207,20.0,0,4,16,32,5
2026-05-10,S06,P207,16.0,0,5,11,32,5
2026-05-11,S06,P207,11.0,0,3,8,32,5
2026-05-12,S06,P207,8.0,20,5,23,32,5
2026-05-13,S06,P207,23.0,0,3,20,32,5
2026-05-14,S06,P207,20.0,0,7,13,32,5
2026-05-15,S06,P207,13.0,18,11,-10,32,5
2026-05-16,S06,P207,20.0,0,8,12,32,5
2026-05-17,S06,P207,12.0,0,12,0,32,5
2026-05-18,S06,P207,0.0,0,0,0,32,5
2026-05-19,S06,P207,0.0,18,9,9,32,5
2026-05-20,S06,P207,9.0,0,8,1,32,5
2026-05-21,S06,P207,1.0,19,11,9,32,5
2026-05-22,S06,P207,9.0,0,5,4,32,5
2026-05-23,S06,P207,4.0,0,4,0,32,5
2026-05-24,S06,P207,0.0,21,9,12,32,5
2026-05-25,S06,P207,12.0,0,8,4,32,5
2026-05-26,S06,P207,4.0,19,3,20,32,5
2026-05-27,S06,P207,20.0,0,4,16,32,5
2026-05-28,S06,P207,16.0,0,4,12,32,5
2026-05-29,S06,P207,12.0,18,4,26,32,5
2026-05-30,S06,P207,26.0,0,7,19,32,5
2026-05-31,S06,P207,19.0,0,10,9,32,5
2026-06-01,S06,P207,9.0,0,3,6,32,5
2026-06-02,S06,P207,6.0,19,10,15,32,5
2026-06-03,S06,P207,15.0,0,6,9,32,5
2026-06-04,S06,P207,9.0,0,7,2,32,5
2026-06-05,S06,P207,2.0,21,2,21,32,5
2026-06-06,S06,P207,21.0,0,1,20,32,5
2026-06-07,S06,P207,20.0,0,0,20,32,5
2026-06-08,S06,P207,20.0,19,1,38,32,5
2026-06-09,S06,P207,38.0,0,5,33,32,5
2026-06-10,S06,P207,33.0,0,5,28,32,5
2026-06-11,S06,P207,28.0,0,3,25,32,5
2026-06-12,S06,P207,25.0,0,9,16,32,5
2026-06-13,S06,P207,16.0,0,5,11,32,5
2026-06-14,S06,P207,11.0,0,9,2,32,5
2026-06-15,S06,P207,2.0,21,6,17,32,5
2026-06-16,S06,P207,17.0,0,13,4,32,5
2026-06-17,S06,P207,4.0,0,4,0,32,5
2026-06-18,S06,P207,0.0,17,10,7,32,5
2026-06-19,S06,P207,7.0,0,7,0,32,5
2026-06-20,S06,P207,0.0,0,0,0,32,5
2026-06-21,S06,P207,0.0,28,9,19,32,5
2026-06-22,S06,P207,19.0,0,10,9,32,5
2026-06-23,S06,P207,9.0,0,3,6,32,5
2026-06-24,S06,P207,6.0,21,3,24,32,5
2026-06-25,S06,P207,24.0,0,6,18,32,5
2026-06-26,S06,P207,18.0,0,4,14,32,5
2026-06-27,S06,P207,14.0,19,11,22,32,5
2026-06-28,S06,P207,22.0,0,18,4,32,5
2026-06-29,S06,P207,4.0,0,3,1,32,5
2026-06-30,S06,P207,1.0,0,1,0,32,5
2026-07-01,S06,P207,0.0,0,0,0,32,5
2026-07-02,S06,P207,0.0,27,4,23,32,5
2026-07-03,S06,P207,23.0,18,5,36,32,5
2026-07-04,S06,P207,36.0,0,7,29,32,5
2026-07-05,S06,P207,29.0,0,7,22,32,5
2026-07-06,S06,P207,22.0,0,3,19,32,5
2026-07-07,S06,P207,19.0,0,9,10,32,5
2026-07-08,S06,P207,10.0,0,4,6,32,5
2026-07-09,S06,P207,6.0,20,2,24,32,5
2026-07-10,S06,P207,24.0,0,7,17,32,5
2026-07-11,S06,P207,17.0,0,6,11,32,5
2026-07-12,S06,P207,11.0,19,6,24,32,5
2026-07-13,S06,P207,24.0,0,6,18,32,5
2026-07-14,S06,P207,18.0,0,5,13,32,5
2026-07-15,S06,P207,13.0,0,6,7,32,5
2026-07-16,S06,P207,7.0,19,6,20,32,5
2026-07-17,S06,P207,20.0,0,11,9,32,5
2026-07-18,S06,P207,9.0,0,4,5,32,5
2026-07-19,S06,P207,5.0,17,14,8,32,5
2026-07-20,S06,P207,8.0,0,8,0,32,5
2026-07-21,S06,P207,0.0,0,0,0,32,5
2026-07-22,S06,P207,0.0,23,8,15,32,5
2026-07-23,S06,P207,15.0,0,4,11,32,5
2026-07-24,S06,P207,11.0,18,6,23,32,5
2026-07-25,S06,P207,23.0,0,7,16,32,5
2026-07-26,S06,P207,16.0,0,13,3,32,5
2026-07-27,S06,P207,3.0,0,3,0,32,5
2026-07-28,S06,P207,0.0,20,2,18,32,5
2026-07-29,S06,P207,18.0,0,11,7,32,5
2026-07-30,S06,P207,7.0,0,4,3,32,5
2026-07-31,S06,P207,3.0,26,9,20,32,5
2026-08-01,S06,P207,20.0,0,6,14,32,5
2026-08-02,S06,P207,14.0,0,10,4,32,5
2026-08-03,S06,P207,4.0,0,4,0,32,5
2026-08-04,S06,P207,0.0,20,2,18,32,5
2026-08-05,S06,P207,18.0,0,9,9,32,5
2026-08-06,S06,P207,9.0,0,6,3,32,5
2026-08-07,S06,P207,3.0,0,3,0,32,5
2026-08-08,S06,P207,0.0,25,10,15,32,5
2026-08-09,S06,P207,15.0,0,6,9,32,5
2026-08-10,S06,P207,9.0,0,7,2,32,5
2026-08-11,S06,P207,2.0,21,14,9,32,5
2026-08-12,S06,P207,9.0,0,3,6,32,5
2026-08-13,S06,P207,6.0,0,6,0,32,5
2026-08-14,S06,P207,0.0,19,5,14,32,5
2026-08-15,S06,P207,14.0,0,2,12,32,5
2026-08-16,S06,P207,12.0,0,7,5,32,5
2026-08-17,S06,P207,5.0,21,2,24,32,5
2026-08-18,S06,P207,24.0,0,3,21,32,5
2026-08-19,S06,P207,21.0,0,7,14,32,5
2026-08-20,S06,P207,14.0,0,4,10,32,5
2026-08-21,S06,P207,10.0,0,7,3,32,5
2026-08-22,S06,P207,3.0,23,5,21,32,5
2026-08-23,S06,P207,21.0,0,4,17,32,5
2026-08-24,S06,P207,17.0,0,5,12,32,5
2026-08-25,S06,P207,12.0,0,12,0,32,5
2026-08-26,S06,P207,0.0,23,7,16,32,5
2026-08-27,S06,P207,16.0,0,5,11,32,5
2026-08-28,S06,P207,11.0,0,11,0,32,5
2026-08-29,S06,P207,0.0,0,0,0,32,5
2026-08-30,S06,P207,0.0,26,2,24,32,5
2026-08-31,S06,P207,24.0,0,3,21,32,5
2026-05-01,S06,P208,25.0,0,2,23,16,5
2026-05-02,S06,P208,23.0,0,3,20,16,5
2026-05-03,S06,P208,20.0,0,3,17,16,5
2026-05-04,S06,P208,17.0,0,3,14,16,5
2026-05-05,S06,P208,14.0,0,5,9,16,5
2026-05-06,S06,P208,9.0,0,2,7,16,5
2026-05-07,S06,P208,7.0,0,0,7,16,5
2026-05-08,S06,P208,7.0,0,2,5,16,5
2026-05-09,S06,P208,5.0,11,1,15,16,5
2026-05-10,S06,P208,15.0,0,3,12,16,5
2026-05-11,S06,P208,12.0,0,2,10,16,5
2026-05-12,S06,P208,10.0,0,5,5,16,5
2026-05-13,S06,P208,5.0,9,1,13,16,5
2026-05-14,S06,P208,13.0,0,0,26,16,5
2026-05-15,S06,P208,13.0,0,3,10,16,5
2026-05-16,S06,P208,10.0,0,0,10,16,5
2026-05-17,S06,P208,10.0,11,6,15,16,5
2026-05-18,S06,P208,15.0,0,6,9,16,5
2026-05-19,S06,P208,9.0,0,3,6,16,5
2026-05-20,S06,P208,6.0,0,6,0,16,5
2026-05-21,S06,P208,0.0,0,0,0,16,5
2026-05-22,S06,P208,0.0,10,8,2,16,5
2026-05-23,S06,P208,2.0,0,2,0,16,5
2026-05-24,S06,P208,0.0,9,3,6,16,5
2026-05-25,S06,P208,6.0,0,4,2,16,5
2026-05-26,S06,P208,2.0,0,2,0,16,5
2026-05-27,S06,P208,0.0,14,4,10,16,5
2026-05-28,S06,P208,10.0,0,4,6,16,5
2026-05-29,S06,P208,6.0,0,2,4,16,5
2026-05-30,S06,P208,4.0,9,3,10,16,5
2026-05-31,S06,P208,10.0,0,3,7,16,5
2026-06-01,S06,P208,7.0,0,5,2,16,5
2026-06-02,S06,P208,2.0,0,2,0,16,5
2026-06-03,S06,P208,0.0,10,3,7,16,5
2026-06-04,S06,P208,7.0,0,1,6,16,5
2026-06-05,S06,P208,6.0,0,6,0,16,5
2026-06-06,S06,P208,0.0,13,1,12,16,5
2026-06-07,S06,P208,12.0,0,3,9,16,5
2026-06-08,S06,P208,9.0,0,4,5,16,5
2026-06-09,S06,P208,5.0,0,4,1,16,5
2026-06-10,S06,P208,1.0,12,1,12,16,5
2026-06-11,S06,P208,12.0,0,3,9,16,5
2026-06-12,S06,P208,9.0,0,2,14,16,5
2026-06-13,S06,P208,7.0,0,4,3,16,5
2026-06-14,S06,P208,3.0,12,4,11,16,5
2026-06-15,S06,P208,11.0,0,4,7,16,5
2026-06-16,S06,P208,7.0,0,3,4,16,5
2026-06-17,S06,P208,4.0,0,1,3,16,5
2026-06-18,S06,P208,3.0,10,8,5,16,5
2026-06-19,S06,P208,5.0,0,3,2,16,5
2026-06-20,S06,P208,2.0,0,2,0,16,5
2026-06-21,S06,P208,0.0,0,0,0,16,5
2026-06-22,S06,P208,0.0,11,5,6,16,5
2026-06-23,S06,P208,6.0,9,2,13,16,5
2026-06-24,S06,P208,13.0,0,3,10,16,5
2026-06-25,S06,P208,10.0,0,1,9,16,5
2026-06-26,S06,P208,9.0,0,1,8,16,5
2026-06-27,S06,P208,8.0,10,7,11,16,5
2026-06-28,S06,P208,11.0,0,4,7,16,5
2026-06-29,S06,P208,7.0,0,4,3,16,5
2026-06-30,S06,P208,3.0,0,2,1,16,5
2026-07-01,S06,P208,1.0,0,1,0,16,5
2026-07-02,S06,P208,0.0,14,5,9,16,5
2026-07-03,S06,P208,9.0,0,5,17,16,5
2026-07-04,S06,P208,4.0,0,1,3,16,5
2026-07-05,S06,P208,3.0,10,2,11,16,5
2026-07-06,S06,P208,11.0,0,1,10,16,5
2026-07-07,S06,P208,10.0,0,2,8,16,5
2026-07-08,S06,P208,8.0,11,0,19,16,5
2026-07-09,S06,P208,19.0,0,3,16,16,5
2026-07-10,S06,P208,16.0,0,3,13,16,5
2026-07-11,S06,P208,13.0,0,0,13,16,5
2026-07-12,S06,P208,13.0,0,4,9,16,5
2026-07-13,S06,P208,9.0,0,2,7,16,5
2026-07-14,S06,P208,7.0,9,2,14,16,5
2026-07-15,S06,P208,14.0,0,3,11,16,5
2026-07-16,S06,P208,11.0,0,5,6,16,5
2026-07-17,S06,P208,6.0,0,5,1,16,5
2026-07-18,S06,P208,1.0,9,2,8,16,5
2026-07-19,S06,P208,8.0,0,3,5,16,5
2026-07-20,S06,P208,5.0,0,2,3,16,5
2026-07-21,S06,P208,3.0,10,8,5,16,5
2026-07-22,S06,P208,5.0,0,4,1,16,5
2026-07-23,S06,P208,1.0,0,1,0,16,5
2026-07-24,S06,P208,0.0,0,0,0,16,5
2026-07-25,S06,P208,0.0,10,4,6,16,5
2026-07-26,S06,P208,6.0,10,4,12,16,5
2026-07-27,S06,P208,12.0,0,3,9,16,5
2026-07-28,S06,P208,9.0,0,4,5,16,5
2026-07-29,S06,P208,5.0,0,3,2,16,5
2026-07-30,S06,P208,2.0,0,2,0,16,5
2026-07-31,S06,P208,0.0,9,5,4,16,5
2026-08-01,S06,P208,4.0,0,1,3,16,5
2026-08-02,S06,P208,3.0,11,6,8,16,5
2026-08-03,S06,P208,8.0,0,3,5,16,5
2026-08-04,S06,P208,5.0,0,2,3,16,5
2026-08-05,S06,P208,3.0,10,1,12,16,5
2026-08-06,S06,P208,12.0,0,4,8,16,5
2026-08-07,S06,P208,8.0,0,0,8,16,5
2026-08-08,S06,P208,8.0,10,14,4,16,5
2026-08-09,S06,P208,4.0,0,4,0,16,5
2026-08-10,S06,P208,0.0,0,0,0,16,5
2026-08-11,S06,P208,0.0,0,0,0,16,5
2026-08-12,S06,P208,0.0,0,0,0,16,5
2026-08-13,S06,P208,0.0,21,9,12,16,5
2026-08-14,S06,P208,12.0,0,5,7,16,5
2026-08-15,S06,P208,7.0,0,2,5,16,5
2026-08-16,S06,P208,5.0,0,3,2,16,5
2026-08-17,S06,P208,2.0,0,2,0,16,5
2026-08-18,S06,P208,0.0,13,0,13,16,5
2026-08-19,S06,P208,13.0,0,3,10,16,5
2026-08-20,S06,P208,10.0,0,1,9,16,5
2026-08-21,S06,P208,9.0,10,3,16,16,5
2026-08-22,S06,P208,16.0,0,6,10,16,5
2026-08-23,S06,P208,10.0,0,3,7,16,5
2026-08-24,S06,P208,7.0,0,1,6,16,5
2026-08-25,S06,P208,6.0,0,0,6,16,5
2026-08-26,S06,P208,6.0,9,5,10,16,5
2026-08-27,S06,P208,10.0,0,4,6,16,5
2026-08-28,S06,P208,6.0,9,2,13,16,5
2026-08-29,S06,P208,13.0,0,2,11,16,5
2026-08-30,S06,P208,11.0,0,3,8,16,5
2026-08-31,S06,P208,8.0,0,2,6,16,5
2026-05-01,S06,P602,37.0,0,3,34,24,5
2026-05-02,S06,P602,34.0,0,9,48,24,5
2026-05-03,S06,P602,25.0,0,7,18,24,5
2026-05-04,S06,P602,18.0,0,4,14,24,5
2026-05-05,S06,P602,14.0,0,4,10,24,5
2026-05-06,S06,P602,10.0,0,4,6,24,5
2026-05-07,S06,P602,6.0,0,3,3,24,5
2026-05-08,S06,P602,3.0,19,3,19,24,5
2026-05-09,S06,P602,19.0,0,4,15,24,5
2026-05-10,S06,P602,15.0,0,4,11,24,5
2026-05-11,S06,P602,11.0,0,4,7,24,5
2026-05-12,S06,P602,7.0,0,5,2,24,5
2026-05-13,S06,P602,2.0,15,2,15,24,5
2026-05-14,S06,P602,15.0,0,2,13,24,5
2026-05-15,S06,P602,13.0,0,9,4,24,5
2026-05-16,S06,P602,4.0,15,5,14,24,5
2026-05-17,S06,P602,14.0,0,4,32,24,5
2026-05-18,S06,P602,10.0,0,6,4,24,5
2026-05-19,S06,P602,4.0,0,3,1,24,5
2026-05-20,S06,P602,1.0,18,2,17,24,5
2026-05-21,S06,P602,17.0,0,4,13,24,5
2026-05-22,S06,P602,13.0,0,5,8,24,5
2026-05-23,S06,P602,8.0,15,3,20,24,5
2026-05-24,S06,P602,20.0,0,5,15,24,5
2026-05-25,S06,P602,15.0,0,5,10,24,5
2026-05-26,S06,P602,10.0,0,5,5,24,5
2026-05-27,S06,P602,5.0,14,8,-27,24,5
2026-05-28,S06,P602,11.0,0,2,9,24,5
2026-05-29,S06,P602,9.0,0,1,8,24,5
2026-05-30,S06,P602,8.0,13,4,17,24,5
2026-05-31,S06,P602,17.0,0,4,13,24,5
2026-06-01,S06,P602,13.0,13,5,21,24,5
2026-06-02,S06,P602,21.0,0,1,20,24,5
2026-06-03,S06,P602,20.0,0,2,18,24,5
2026-06-04,S06,P602,18.0,0,7,11,24,5
2026-06-05,S06,P602,11.0,0,5,6,24,5
2026-06-06,S06,P602,6.0,16,13,9,24,5
2026-06-07,S06,P602,9.0,0,3,6,24,5
2026-06-08,S06,P602,6.0,0,0,6,24,5
2026-06-09,S06,P602,6.0,0,2,4,24,5
2026-06-10,S06,P602,4.0,15,5,14,24,5
2026-06-11,S06,P602,14.0,0,7,7,24,5
2026-06-12,S06,P602,7.0,13,5,15,24,5
2026-06-13,S06,P602,15.0,0,5,10,24,5
2026-06-14,S06,P602,10.0,0,4,6,24,5
2026-06-15,S06,P602,6.0,0,1,5,24,5
2026-06-16,S06,P602,5.0,17,5,17,24,5
2026-06-17,S06,P602,17.0,0,5,12,24,5
2026-06-18,S06,P602,12.0,0,2,10,24,5
2026-06-19,S06,P602,10.0,14,6,18,24,5
2026-06-20,S06,P602,18.0,0,5,13,24,5
2026-06-21,S06,P602,13.0,0,7,6,24,5
2026-06-22,S06,P602,6.0,0,6,0,24,5
2026-06-23,S06,P602,0.0,13,6,7,24,5
2026-06-24,S06,P602,7.0,0,7,0,24,5
2026-06-25,S06,P602,0.0,0,0,-13,24,5
2026-06-26,S06,P602,0.0,18,4,14,24,5
2026-06-27,S06,P602,14.0,0,8,6,24,5
2026-06-28,S06,P602,6.0,0,6,0,24,5
2026-06-29,S06,P602,0.0,19,2,17,24,5
2026-06-30,S06,P602,17.0,0,7,10,24,5
2026-07-01,S06,P602,10.0,0,3,7,24,5
2026-07-02,S06,P602,7.0,0,5,2,24,5
2026-07-03,S06,P602,2.0,18,1,19,24,5
2026-07-04,S06,P602,19.0,0,2,17,24,5
2026-07-05,S06,P602,17.0,0,8,9,24,5
2026-07-06,S06,P602,9.0,0,3,6,24,5
2026-07-07,S06,P602,6.0,17,7,16,24,5
2026-07-08,S06,P602,16.0,0,6,10,24,5
2026-07-09,S06,P602,10.0,0,6,4,24,5
2026-07-10,S06,P602,4.0,0,4,0,24,5
2026-07-11,S06,P602,0.0,14,5,22,24,5
2026-07-12,S06,P602,9.0,0,9,0,24,5
2026-07-13,S06,P602,0.0,13,5,8,24,5
2026-07-14,S06,P602,8.0,0,3,5,24,5
2026-07-15,S06,P602,5.0,0,5,0,24,5
2026-07-16,S06,P602,0.0,15,2,13,24,5
2026-07-17,S06,P602,13.0,0,9,4,24,5
2026-07-18,S06,P602,4.0,14,2,16,24,5
2026-07-19,S06,P602,16.0,0,10,6,24,5
2026-07-20,S06,P602,6.0,0,4,2,24,5
2026-07-21,S06,P602,2.0,0,2,0,24,5
2026-07-22,S06,P602,0.0,19,1,18,24,5
2026-07-23,S06,P602,18.0,0,6,12,24,5
2026-07-24,S06,P602,12.0,0,2,10,24,5
2026-07-25,S06,P602,10.0,16,7,19,24,5
2026-07-26,S06,P602,19.0,0,7,12,24,5
2026-07-27,S06,P602,12.0,0,4,8,24,5
2026-07-28,S06,P602,8.0,0,4,4,24,5
2026-07-29,S06,P602,4.0,0,4,0,24,5
2026-07-30,S06,P602,0.0,18,2,16,24,5
2026-07-31,S06,P602,16.0,0,1,15,24,5
2026-08-01,S06,P602,15.0,0,1,14,24,5
2026-08-02,S06,P602,14.0,15,5,24,24,5
2026-08-03,S06,P602,24.0,0,3,21,24,5
2026-08-04,S06,P602,21.0,0,4,17,24,5
2026-08-05,S06,P602,17.0,0,10,7,24,5
2026-08-06,S06,P602,7.0,0,1,6,24,5
2026-08-07,S06,P602,6.0,13,1,18,24,5
2026-08-08,S06,P602,18.0,0,5,13,24,5
2026-08-09,S06,P602,13.0,0,6,7,24,5
2026-08-10,S06,P602,7.0,17,4,20,24,5
2026-08-11,S06,P602,20.0,0,4,16,24,5
2026-08-12,S06,P602,16.0,0,4,12,24,5
2026-08-13,S06,P602,12.0,0,2,10,24,5
2026-08-14,S06,P602,10.0,13,4,19,24,5
2026-08-15,S06,P602,19.0,0,4,15,24,5
2026-08-16,S06,P602,15.0,0,9,6,24,5
2026-08-17,S06,P602,6.0,0,4,2,24,5
2026-08-18,S06,P602,2.0,14,5,11,24,5
2026-08-19,S06,P602,11.0,0,6,5,24,5
2026-08-20,S06,P602,5.0,0,5,0,24,5
2026-08-21,S06,P602,0.0,17,4,13,24,5
2026-08-22,S06,P602,13.0,0,6,7,24,5
2026-08-23,S06,P602,7.0,0,7,0,24,5
2026-08-24,S06,P602,0.0,15,15,0,24,5
2026-08-25,S06,P602,0.0,0,0,0,24,5
2026-08-26,S06,P602,0.0,0,0,0,24,5
2026-08-27,S06,P602,0.0,15,3,12,24,5
2026-08-28,S06,P602,12.0,0,5,7,24,5
2026-08-29,S06,P602,7.0,22,2,27,24,5
2026-08-30,S06,P602,27.0,0,3,24,24,5
2026-08-31,S06,P602,24.0,0,1,23,24,5
2026-05-01,S06,P603,28.0,0,4,24,18,5
2026-05-02,S06,P603,24.0,0,3,21,18,5
2026-05-03,S06,P603,21.0,0,2,19,18,5
2026-05-04,S06,P603,19.0,0,5,14,18,5
2026-05-05,S06,P603,14.0,0,0,14,18,5
2026-05-06,S06,P603,14.0,0,0,14,18,5
2026-05-07,S06,P603,14.0,0,1,13,18,5
2026-05-08,S06,P603,13.0,0,2,11,18,5
2026-05-09,S06,P603,11.0,14,8,17,18,5
2026-05-10,S06,P603,17.0,0,5,12,18,5
2026-05-11,S06,P603,12.0,0,6,6,18,5
2026-05-12,S06,P603,6.0,0,1,5,18,5
2026-05-13,S06,P603,5.0,0,5,0,18,5
2026-05-14,S06,P603,0.0,11,4,7,18,5
2026-05-15,S06,P603,7.0,0,1,6,18,5
2026-05-16,S06,P603,6.0,11,1,16,18,5
2026-05-17,S06,P603,16.0,0,3,13,18,5
2026-05-18,S06,P603,13.0,0,2,11,18,5
2026-05-19,S06,P603,11.0,10,0,21,18,5
2026-05-20,S06,P603,21.0,0,1,20,18,5
2026-05-21,S06,P603,20.0,0,1,19,18,5
2026-05-22,S06,P603,19.0,0,1,18,18,5
2026-05-23,S06,P603,18.0,0,4,14,18,5
2026-05-24,S06,P603,14.0,0,3,11,18,5
2026-05-25,S06,P603,11.0,0,3,8,18,5
2026-05-26,S06,P603,8.0,0,1,33,18,5
2026-05-27,S06,P603,7.0,10,4,13,18,5
2026-05-28,S06,P603,13.0,0,2,11,18,5
2026-05-29,S06,P603,11.0,0,4,7,18,5
2026-05-30,S06,P603,7.0,10,2,15,18,5
2026-05-31,S06,P603,15.0,0,0,15,18,5
2026-06-01,S06,P603,15.0,0,4,11,18,5
2026-06-02,S06,P603,11.0,0,3,8,18,5
2026-06-03,S06,P603,8.0,11,3,16,18,5
2026-06-04,S06,P603,16.0,0,1,15,18,5
2026-06-05,S06,P603,15.0,0,2,13,18,5
2026-06-06,S06,P603,13.0,0,2,11,18,5
2026-06-07,S06,P603,11.0,0,5,6,18,5
2026-06-08,S06,P603,6.0,12,4,14,18,5
2026-06-09,S06,P603,14.0,0,6,8,18,5
2026-06-10,S06,P603,8.0,0,4,4,18,5
2026-06-11,S06,P603,4.0,0,2,2,18,5
2026-06-12,S06,P603,2.0,10,5,7,18,5
2026-06-13,S06,P603,7.0,0,6,1,18,5
2026-06-14,S06,P603,1.0,10,4,7,18,5
2026-06-15,S06,P603,7.0,0,2,5,18,5
2026-06-16,S06,P603,5.0,0,4,1,18,5
2026-06-17,S06,P603,1.0,11,4,8,18,5
2026-06-18,S06,P603,8.0,0,3,5,18,5
2026-06-19,S06,P603,5.0,10,3,12,18,5
2026-06-20,S06,P603,12.0,0,5,7,18,5
2026-06-21,S06,P603,7.0,0,0,7,18,5
2026-06-22,S06,P603,7.0,10,4,13,18,5
2026-06-23,S06,P603,13.0,0,1,12,18,5
2026-06-24,S06,P603,12.0,0,1,11,18,5
2026-06-25,S06,P603,11.0,11,4,18,18,5
2026-06-26,S06,P603,18.0,0,4,14,18,5
2026-06-27,S06,P603,14.0,0,2,12,18,5
2026-06-28,S06,P603,12.0,0,2,10,18,5
2026-06-29,S06,P603,10.0,0,3,7,18,5
2026-06-30,S06,P603,7.0,0,5,2,18,5
2026-07-01,S06,P603,2.0,10,8,4,18,5
2026-07-02,S06,P603,4.0,0,4,0,18,5
2026-07-03,S06,P603,0.0,0,0,0,18,5
2026-07-04,S06,P603,0.0,11,4,7,18,5
2026-07-05,S06,P603,7.0,0,3,4,18,5
2026-07-06,S06,P603,4.0,13,0,17,18,5
2026-07-07,S06,P603,17.0,0,5,12,18,5
2026-07-08,S06,P603,12.0,0,3,9,18,5
2026-07-09,S06,P603,9.0,0,5,4,18,5
2026-07-10,S06,P603,4.0,11,2,13,18,5
2026-07-11,S06,P603,13.0,0,1,12,18,5
2026-07-12,S06,P603,12.0,0,5,7,18,5
2026-07-13,S06,P603,7.0,0,3,4,18,5
2026-07-14,S06,P603,4.0,13,3,14,18,5
2026-07-15,S06,P603,14.0,0,3,11,18,5
2026-07-16,S06,P603,11.0,0,3,8,18,5
2026-07-17,S06,P603,8.0,0,4,4,18,5
2026-07-18,S06,P603,4.0,11,7,8,18,5
2026-07-19,S06,P603,8.0,0,8,0,18,5
2026-07-20,S06,P603,0.0,0,0,0,18,5
2026-07-21,S06,P603,0.0,0,0,0,18,5
2026-07-22,S06,P603,0.0,13,6,17,18,5
2026-07-23,S06,P603,7.0,0,3,4,18,5
2026-07-24,S06,P603,4.0,15,2,17,18,5
2026-07-25,S06,P603,17.0,0,4,13,18,5
2026-07-26,S06,P603,13.0,0,4,9,18,5
2026-07-27,S06,P603,9.0,0,2,7,18,5
2026-07-28,S06,P603,7.0,0,2,5,18,5
2026-07-29,S06,P603,5.0,11,5,11,18,5
2026-07-30,S06,P603,11.0,0,2,9,18,5
2026-07-31,S06,P603,9.0,0,0,9,18,5
2026-08-01,S06,P603,9.0,10,5,14,18,5
2026-08-02,S06,P603,14.0,0,3,11,18,5
2026-08-03,S06,P603,11.0,0,1,10,18,5
2026-08-04,S06,P603,10.0,0,2,8,18,5
2026-08-05,S06,P603,8.0,0,2,-15,18,5
2026-08-06,S06,P603,6.0,14,0,20,18,5
2026-08-07,S06,P603,20.0,0,2,18,18,5
2026-08-08,S06,P603,18.0,0,6,12,18,5
2026-08-09,S06,P603,12.0,0,7,5,18,5
2026-08-10,S06,P603,5.0,0,2,3,18,5
2026-08-11,S06,P603,3.0,0,3,0,18,5
2026-08-12,S06,P603,0.0,10,0,10,18,5
2026-08-13,S06,P603,10.0,0,4,6,18,5
2026-08-14,S06,P603,6.0,13,2,17,18,5
2026-08-15,S06,P603,17.0,0,4,13,18,5
2026-08-16,S06,P603,13.0,0,6,7,18,5
2026-08-17,S06,P603,7.0,0,1,6,18,5
2026-08-18,S06,P603,6.0,0,2,4,18,5
2026-08-19,S06,P603,4.0,11,2,13,18,5
2026-08-20,S06,P603,13.0,0,2,11,18,5
2026-08-21,S06,P603,11.0,10,3,18,18,5
2026-08-22,S06,P603,18.0,0,5,13,18,5
2026-08-23,S06,P603,13.0,0,3,10,18,5
2026-08-24,S06,P603,10.0,0,4,6,18,5
2026-08-25,S06,P603,6.0,0,1,5,18,5
2026-08-26,S06,P603,5.0,10,3,12,18,5
2026-08-27,S06,P603,12.0,0,3,9,18,5
2026-08-28,S06,P603,9.0,0,0,9,18,5
2026-08-29,S06,P603,9.0,12,2,19,18,5
2026-08-30,S06,P603,19.0,0,2,54,18,5
2026-08-31,S06,P603,17.0,0,2,15,18,5
2026-05-01,S06,P604,29.0,0,2,27,19,5
2026-05-02,S06,P604,27.0,0,3,24,19,5
2026-05-03,S06,P604,24.0,0,3,21,19,5
2026-05-04,S06,P604,21.0,0,1,20,19,5
2026-05-05,S06,P604,20.0,0,3,17,19,5
2026-05-06,S06,P604,17.0,0,6,11,19,5
2026-05-07,S06,P604,11.0,0,2,9,19,5
2026-05-08,S06,P604,9.0,0,6,3,19,5
2026-05-09,S06,P604,3.0,0,3,0,19,5
2026-05-10,S06,P604,0.0,12,2,10,19,5
2026-05-11,S06,P604,10.0,0,5,5,19,5
2026-05-12,S06,P604,5.0,0,5,0,19,5
2026-05-13,S06,P604,0.0,0,0,0,19,5
2026-05-14,S06,P604,0.0,14,0,14,19,5
2026-05-15,S06,P604,14.0,0,4,10,19,5
2026-05-16,S06,P604,10.0,10,3,17,19,5
2026-05-17,S06,P604,17.0,0,4,13,19,5
2026-05-18,S06,P604,13.0,0,4,9,19,5
2026-05-19,S06,P604,9.0,0,2,7,19,5
2026-05-20,S06,P604,7.0,0,4,3,19,5
2026-05-21,S06,P604,3.0,12,1,14,19,5
2026-05-22,S06,P604,14.0,0,4,10,19,5
2026-05-23,S06,P604,10.0,0,2,8,19,5
2026-05-24,S06,P604,8.0,0,2,6,19,5
2026-05-25,S06,P604,6.0,0,4,2,19,5
2026-05-26,S06,P604,2.0,10,6,6,19,5
2026-05-27,S06,P604,6.0,0,6,0,19,5
2026-05-28,S06,P604,0.0,11,5,6,19,5
2026-05-29,S06,P604,6.0,0,6,0,19,5
2026-05-30,S06,P604,0.0,0,0,0,19,5
2026-05-31,S06,P604,0.0,12,6,6,19,5
2026-06-01,S06,P604,6.0,0,2,4,19,5
2026-06-02,S06,P604,4.0,11,3,12,19,5
2026-06-03,S06,P604,12.0,0,2,10,19,5
2026-06-04,S06,P604,10.0,0,5,5,19,5
2026-06-05,S06,P604,5.0,12,6,11,19,5
2026-06-06,S06,P604,11.0,0,8,3,19,5
2026-06-07,S06,P604,3.0,0,3,0,19,5
2026-06-08,S06,P604,0.0,0,0,0,19,5
2026-06-09,S06,P604,0.0,12,6,6,19,5
2026-06-10,S06,P604,6.0,0,2,4,19,5
2026-06-11,S06,P604,4.0,14,3,15,19,5
2026-06-12,S06,P604,15.0,0,3,12,19,5
2026-06-13,S06,P604,12.0,0,3,9,19,5
2026-06-14,S06,P604,9.0,0,6,3,19,5
2026-06-15,S06,P604,3.0,11,0,14,19,5
2026-06-16,S06,P604,14.0,0,5,9,19,5
2026-06-17,S06,P604,9.0,0,3,6,19,5
2026-06-18,S06,P604,6.0,0,2,4,19,5
2026-06-19,S06,P604,4.0,15,3,16,19,5
2026-06-20,S06,P604,16.0,0,2,14,19,5
2026-06-21,S06,P604,14.0,0,1,13,19,5
2026-06-22,S06,P604,13.0,0,3,10,19,5
2026-06-23,S06,P604,10.0,10,9,11,19,5
2026-06-24,S06,P604,11.0,0,3,8,19,5
2026-06-25,S06,P604,8.0,0,4,4,19,5
2026-06-26,S06,P604,4.0,0,4,0,19,5
2026-06-27,S06,P604,0.0,0,0,0,19,5
2026-06-28,S06,P604,0.0,18,4,14,19,5
2026-06-29,S06,P604,14.0,0,3,11,19,5
2026-06-30,S06,P604,11.0,0,3,8,19,5
2026-07-01,S06,P604,8.0,11,4,15,19,5
2026-07-02,S06,P604,15.0,0,7,8,19,5
2026-07-03,S06,P604,8.0,0,8,0,19,5
2026-07-04,S06,P604,0.0,0,0,0,19,5
2026-07-05,S06,P604,0.0,10,4,6,19,5
2026-07-06,S06,P604,6.0,0,1,5,19,5
2026-07-07,S06,P604,5.0,11,5,11,19,5
2026-07-08,S06,P604,11.0,0,3,8,19,5
2026-07-09,S06,P604,8.0,0,3,5,19,5
2026-07-10,S06,P604,5.0,12,1,16,19,5
2026-07-11,S06,P604,16.0,0,1,15,19,5
2026-07-12,S06,P604,15.0,0,5,10,19,5
2026-07-13,S06,P604,10.0,0,3,7,19,5
2026-07-14,S06,P604,7.0,12,6,13,19,5
2026-07-15,S06,P604,13.0,0,3,10,19,5
2026-07-16,S06,P604,10.0,0,8,2,19,5
2026-07-17,S06,P604,2.0,0,2,0,19,5
2026-07-18,S06,P604,0.0,10,6,4,19,5
2026-07-19,S06,P604,4.0,0,2,2,19,5
2026-07-20,S06,P604,2.0,0,2,0,19,5
2026-07-21,S06,P604,0.0,17,1,16,19,5
2026-07-22,S06,P604,16.0,0,2,14,19,5
2026-07-23,S06,P604,14.0,0,3,11,19,5
2026-07-24,S06,P604,11.0,10,1,20,19,5
2026-07-25,S06,P604,20.0,0,5,15,19,5
2026-07-26,S06,P604,15.0,0,6,9,19,5
2026-07-27,S06,P604,9.0,0,3,6,19,5
2026-07-28,S06,P604,6.0,0,2,4,19,5
2026-07-29,S06,P604,4.0,0,4,0,19,5
2026-07-30,S06,P604,0.0,14,2,12,19,5
2026-07-31,S06,P604,12.0,0,5,31,19,5
2026-08-01,S06,P604,7.0,0,2,5,19,5
2026-08-02,S06,P604,5.0,11,6,10,19,5
2026-08-03,S06,P604,10.0,0,3,7,19,5
2026-08-04,S06,P604,7.0,0,4,3,19,5
2026-08-05,S06,P604,3.0,11,6,8,19,5
2026-08-06,S06,P604,8.0,0,2,6,19,5
2026-08-07,S06,P604,6.0,0,6,0,19,5
2026-08-08,S06,P604,0.0,11,6,5,19,5
2026-08-09,S06,P604,5.0,0,2,3,19,5
2026-08-10,S06,P604,3.0,10,2,11,19,5
2026-08-11,S06,P604,11.0,0,3,8,19,5
2026-08-12,S06,P604,8.0,0,3,5,19,5
2026-08-13,S06,P604,5.0,0,2,3,19,5
2026-08-14,S06,P604,3.0,14,0,17,19,5
2026-08-15,S06,P604,17.0,0,9,8,19,5
2026-08-16,S06,P604,8.0,0,8,0,19,5
2026-08-17,S06,P604,0.0,10,2,8,19,5
2026-08-18,S06,P604,8.0,0,6,2,19,5
2026-08-19,S06,P604,2.0,0,2,0,19,5
2026-08-20,S06,P604,0.0,11,4,7,19,5
2026-08-21,S06,P604,7.0,0,5,2,19,5
2026-08-22,S06,P604,2.0,10,2,10,19,5
2026-08-23,S06,P604,10.0,0,0,10,19,5
2026-08-24,S06,P604,10.0,0,4,6,19,5
2026-08-25,S06,P604,6.0,12,7,11,19,5
2026-08-26,S06,P604,11.0,0,4,7,19,5
2026-08-27,S06,P604,7.0,0,4,3,19,5
2026-08-28,S06,P604,3.0,0,3,0,19,5
2026-08-29,S06,P604,0.0,0,0,0,19,5
2026-08-30,S06,P604,0.0,11,0,11,19,5
2026-08-31,S06,P604,11.0,11,2,20,19,5
2026-05-01,S06,P701,45.0,0,6,39,25,3
2026-05-02,S06,P701,39.0,0,3,36,25,3
2026-05-03,S06,P701,36.0,0,7,29,25,3
2026-05-04,S06,P701,29.0,0,4,25,25,3
2026-05-05,S06,P701,25.0,0,3,22,25,3
2026-05-06,S06,P701,22.0,0,8,14,25,3
2026-05-07,S06,P701,14.0,20,3,31,25,3
2026-05-08,S06,P701,31.0,0,0,31,25,3
2026-05-09,S06,P701,31.0,0,17,14,25,3
2026-05-10,S06,P701,14.0,0,14,0,25,3
2026-05-11,S06,P701,0.0,0,0,0,25,3
2026-05-12,S06,P701,0.0,31,8,23,25,3
2026-05-13,S06,P701,23.0,0,5,18,25,3
2026-05-14,S06,P701,18.0,0,9,9,25,3
2026-05-15,S06,P701,9.0,22,8,23,25,3
2026-05-16,S06,P701,23.0,0,5,18,25,3
2026-05-17,S06,P701,18.0,0,12,6,25,3
2026-05-18,S06,P701,6.0,22,1,27,25,3
2026-05-19,S06,P701,27.0,0,7,20,25,3
2026-05-20,S06,P701,20.0,0,7,13,25,3
2026-05-21,S06,P701,13.0,0,4,9,25,3
2026-05-22,S06,P701,9.0,25,6,28,25,3
2026-05-23,S06,P701,28.0,0,5,23,25,3
2026-05-24,S06,P701,23.0,0,8,15,25,3
2026-05-25,S06,P701,15.0,0,15,-21,25,3
2026-05-26,S06,P701,0.0,22,8,14,25,3
2026-05-27,S06,P701,14.0,0,7,7,25,3
2026-05-28,S06,P701,7.0,23,6,24,25,3
2026-05-29,S06,P701,24.0,0,3,21,25,3
2026-05-30,S06,P701,21.0,0,6,15,25,3
2026-05-31,S06,P701,15.0,21,4,32,25,3
2026-06-01,S06,P701,32.0,0,8,24,25,3
2026-06-02,S06,P701,24.0,0,2,22,25,3
2026-06-03,S06,P701,22.0,0,9,13,25,3
2026-06-04,S06,P701,13.0,21,10,24,25,3
2026-06-05,S06,P701,24.0,0,7,34,25,3
2026-06-06,S06,P701,17.0,0,4,13,25,3
2026-06-07,S06,P701,13.0,21,8,26,25,3
2026-06-08,S06,P701,26.0,0,11,15,25,3
2026-06-09,S06,P701,15.0,0,5,10,25,3
2026-06-10,S06,P701,10.0,0,1,9,25,3
2026-06-11,S06,P701,9.0,0,6,3,25,3
2026-06-12,S06,P701,3.0,0,3,0,25,3
2026-06-13,S06,P701,0.0,30,7,23,25,3
2026-06-14,S06,P701,23.0,0,10,13,25,3
2026-06-15,S06,P701,13.0,0,4,9,25,3
2026-06-16,S06,P701,9.0,0,8,1,25,3
2026-06-17,S06,P701,1.0,22,11,12,25,3
2026-06-18,S06,P701,12.0,0,6,6,25,3
2026-06-19,S06,P701,6.0,22,7,21,25,3
2026-06-20,S06,P701,21.0,0,8,13,25,3
2026-06-21,S06,P701,13.0,0,10,3,25,3
2026-06-22,S06,P701,3.0,24,5,22,25,3
2026-06-23,S06,P701,22.0,0,4,18,25,3
2026-06-24,S06,P701,18.0,0,7,11,25,3
2026-06-25,S06,P701,11.0,23,3,31,25,3
2026-06-26,S06,P701,31.0,0,6,25,25,3
2026-06-27,S06,P701,25.0,0,11,14,25,3
2026-06-28,S06,P701,14.0,0,10,4,25,3
2026-06-29,S06,P701,4.0,20,7,17,25,3
2026-06-30,S06,P701,17.0,0,8,9,25,3
2026-07-01,S06,P701,9.0,21,5,25,25,3
2026-07-02,S06,P701,25.0,0,5,20,25,3
2026-07-03,S06,P701,20.0,0,6,14,25,3
2026-07-04,S06,P701,14.0,20,7,27,25,3
2026-07-05,S06,P701,27.0,0,11,16,25,3
2026-07-06,S06,P701,16.0,0,5,11,25,3
2026-07-07,S06,P701,11.0,0,11,0,25,3
2026-07-08,S06,P701,0.0,29,10,19,25,3
2026-07-09,S06,P701,19.0,0,16,3,25,3
2026-07-10,S06,P701,3.0,0,3,0,25,3
2026-07-11,S06,P701,0.0,26,11,15,25,3
2026-07-12,S06,P701,15.0,0,15,0,25,3
2026-07-13,S06,P701,0.0,0,0,10,25,3
2026-07-14,S06,P701,0.0,30,5,25,25,3
2026-07-15,S06,P701,25.0,0,5,20,25,3
2026-07-16,S06,P701,20.0,0,7,13,25,3
2026-07-17,S06,P701,13.0,20,5,28,25,3
2026-07-18,S06,P701,28.0,0,9,19,25,3
2026-07-19,S06,P701,19.0,0,7,12,25,3
2026-07-20,S06,P701,12.0,0,4,8,25,3
2026-07-21,S06,P701,8.0,26,7,27,25,3
2026-07-22,S06,P701,27.0,0,5,22,25,3
2026-07-23,S06,P701,22.0,0,3,19,25,3
2026-07-24,S06,P701,19.0,0,8,11,25,3
2026-07-25,S06,P701,11.0,23,6,28,25,3
2026-07-26,S06,P701,28.0,0,10,18,25,3
2026-07-27,S06,P701,18.0,0,2,16,25,3
2026-07-28,S06,P701,16.0,0,8,8,25,3
2026-07-29,S06,P701,8.0,27,3,32,25,3
2026-07-30,S06,P701,32.0,0,9,23,25,3
2026-07-31,S06,P701,23.0,0,6,17,25,3
2026-08-01,S06,P701,17.0,0,4,13,25,3
2026-08-02,S06,P701,13.0,0,12,1,25,3
2026-08-03,S06,P701,1.0,22,5,18,25,3
2026-08-04,S06,P701,18.0,0,5,13,25,3
2026-08-05,S06,P701,13.0,22,6,29,25,3
2026-08-06,S06,P701,29.0,0,6,23,25,3
2026-08-07,S06,P701,23.0,0,6,17,25,3
2026-08-08,S06,P701,17.0,0,9,8,25,3
2026-08-09,S06,P701,8.0,22,3,27,25,3
2026-08-10,S06,P701,27.0,0,6,21,25,3
2026-08-11,S06,P701,21.0,0,6,15,25,3
2026-08-12,S06,P701,15.0,0,9,6,25,3
2026-08-13,S06,P701,6.0,24,18,12,25,3
2026-08-14,S06,P701,12.0,0,8,4,25,3
2026-08-15,S06,P701,4.0,0,4,0,25,3
2026-08-16,S06,P701,0.0,33,5,28,25,3
2026-08-17,S06,P701,28.0,0,7,21,25,3
2026-08-18,S06,P701,21.0,0,4,17,25,3
2026-08-19,S06,P701,17.0,0,2,15,25,3
2026-08-20,S06,P701,15.0,24,6,33,25,3
2026-08-21,S06,P701,33.0,0,8,25,25,3
2026-08-22,S06,P701,25.0,0,7,18,25,3
2026-08-23,S06,P701,18.0,0,9,9,25,3
2026-08-24,S06,P701,9.0,20,3,26,25,3
2026-08-25,S06,P701,26.0,0,9,17,25,3
2026-08-26,S06,P701,17.0,0,1,16,25,3
2026-08-27,S06,P701,16.0,0,4,12,25,3
2026-08-28,S06,P701,12.0,28,1,39,25,3
2026-08-29,S06,P701,39.0,0,5,34,25,3
2026-08-30,S06,P701,34.0,0,10,24,25,3
2026-08-31,S06,P701,24.0,0,8,16,25,3
2026-05-01,S06,P702,19.0,0,4,15,11,3
2026-05-02,S06,P702,15.0,0,3,12,11,3
2026-05-03,S06,P702,12.0,0,1,11,11,3
2026-05-04,S06,P702,11.0,0,2,9,11,3
2026-05-05,S06,P702,9.0,0,4,5,11,3
2026-05-06,S06,P702,5.0,8,1,12,11,3
2026-05-07,S06,P702,12.0,0,4,8,11,3
2026-05-08,S06,P702,8.0,0,0,8,11,3
2026-05-09,S06,P702,8.0,0,4,4,11,3
2026-05-10,S06,P702,4.0,11,2,13,11,3
2026-05-11,S06,P702,13.0,0,3,10,11,3
2026-05-12,S06,P702,10.0,0,3,7,11,3
2026-05-13,S06,P702,7.0,0,7,0,11,3
2026-05-14,S06,P702,0.0,9,1,8,11,3
2026-05-15,S06,P702,8.0,0,4,4,11,3
2026-05-16,S06,P702,4.0,10,1,13,11,3
2026-05-17,S06,P702,13.0,0,2,11,11,3
2026-05-18,S06,P702,11.0,0,3,8,11,3
2026-05-19,S06,P702,8.0,0,4,4,11,3
2026-05-20,S06,P702,4.0,8,1,11,11,3
2026-05-21,S06,P702,11.0,0,0,11,11,3
2026-05-22,S06,P702,11.0,0,4,7,11,3
2026-05-23,S06,P702,7.0,8,2,13,11,3
2026-05-24,S06,P702,13.0,0,1,12,11,3
2026-05-25,S06,P702,12.0,0,4,8,11,3
2026-05-26,S06,P702,8.0,0,1,7,11,3
2026-05-27,S06,P702,7.0,0,4,3,11,3
2026-05-28,S06,P702,3.0,11,2,12,11,3
2026-05-29,S06,P702,12.0,0,2,10,11,3
2026-05-30,S06,P702,10.0,0,5,5,11,3
2026-05-31,S06,P702,5.0,0,3,2,11,3
2026-06-01,S06,P702,2.0,9,3,8,11,3
2026-06-02,S06,P702,8.0,0,4,4,11,3
2026-06-03,S06,P702,4.0,8,2,10,11,3
2026-06-04,S06,P702,10.0,0,3,7,11,3
2026-06-05,S06,P702,7.0,0,1,6,11,3
2026-06-06,S06,P702,6.0,9,2,13,11,3
2026-06-07,S06,P702,13.0,0,0,13,11,3
2026-06-08,S06,P702,13.0,0,4,9,11,3
2026-06-09,S06,P702,9.0,0,1,8,11,3
2026-06-10,S06,P702,8.0,0,4,4,11,3
2026-06-11,S06,P702,4.0,10,2,12,11,3
2026-06-12,S06,P702,12.0,0,5,7,11,3
2026-06-13,S06,P702,7.0,0,2,5,11,3
2026-06-14,S06,P702,5.0,0,3,2,11,3
2026-06-15,S06,P702,2.0,12,2,12,11,3
2026-06-16,S06,P702,12.0,0,8,4,11,3
2026-06-17,S06,P702,4.0,0,4,0,11,3
2026-06-18,S06,P702,0.0,0,0,0,11,3
2026-06-19,S06,P702,0.0,15,5,10,11,3
2026-06-20,S06,P702,10.0,0,8,2,11,3
2026-06-21,S06,P702,2.0,0,1,1,11,3
2026-06-22,S06,P702,1.0,9,3,7,11,3
2026-06-23,S06,P702,7.0,8,3,12,11,3
2026-06-24,S06,P702,12.0,0,0,12,11,3
2026-06-25,S06,P702,12.0,0,6,6,11,3
2026-06-26,S06,P702,6.0,0,4,2,11,3
2026-06-27,S06,P702,2.0,0,1,1,11,3
2026-06-28,S06,P702,1.0,13,4,10,11,3
2026-06-29,S06,P702,10.0,0,0,10,11,3
2026-06-30,S06,P702,10.0,0,3,7,11,3
2026-07-01,S06,P702,7.0,9,5,11,11,3
2026-07-02,S06,P702,11.0,0,2,9,11,3
2026-07-03,S06,P702,9.0,0,8,1,11,3
2026-07-04,S06,P702,1.0,8,4,35,11,3
2026-07-05,S06,P702,5.0,0,2,3,11,3
2026-07-06,S06,P702,3.0,10,1,12,11,3
2026-07-07,S06,P702,12.0,0,2,10,11,3
2026-07-08,S06,P702,10.0,0,4,6,11,3
2026-07-09,S06,P702,6.0,0,3,3,11,3
2026-07-10,S06,P702,3.0,9,2,10,11,3
2026-07-11,S06,P702,10.0,0,5,5,11,3
2026-07-12,S06,P702,5.0,0,4,1,11,3
2026-07-13,S06,P702,1.0,9,0,10,11,3
2026-07-14,S06,P702,10.0,0,4,6,11,3
2026-07-15,S06,P702,6.0,9,10,5,11,3
2026-07-16,S06,P702,5.0,0,4,1,11,3
2026-07-17,S06,P702,1.0,0,1,0,11,3
2026-07-18,S06,P702,0.0,14,7,7,11,3
2026-07-19,S06,P702,7.0,0,7,0,11,3
2026-07-20,S06,P702,0.0,0,0,0,11,3
2026-07-21,S06,P702,0.0,12,3,9,11,3
2026-07-22,S06,P702,9.0,0,2,7,11,3
2026-07-23,S06,P702,7.0,0,1,6,11,3
2026-07-24,S06,P702,6.0,10,4,12,11,3
2026-07-25,S06,P702,12.0,0,5,7,11,3
2026-07-26,S06,P702,7.0,0,4,3,11,3
2026-07-27,S06,P702,3.0,0,3,0,11,3
2026-07-28,S06,P702,0.0,12,4,8,11,3
2026-07-29,S06,P702,8.0,0,1,7,11,3
2026-07-30,S06,P702,7.0,0,4,3,11,3
2026-07-31,S06,P702,3.0,11,3,11,11,3
2026-08-01,S06,P702,11.0,0,1,10,11,3
2026-08-02,S06,P702,10.0,0,4,6,11,3
2026-08-03,S06,P702,6.0,8,3,11,11,3
2026-08-04,S06,P702,11.0,0,5,6,11,3
2026-08-05,S06,P702,6.0,0,2,4,11,3
2026-08-06,S06,P702,4.0,8,4,8,11,3
2026-08-07,S06,P702,8.0,0,7,1,11,3
2026-08-08,S06,P702,1.0,0,1,0,11,3
2026-08-09,S06,P702,0.0,0,0,0,11,3
2026-08-10,S06,P702,0.0,0,0,0,11,3
2026-08-11,S06,P702,0.0,19,3,16,11,3
2026-08-12,S06,P702,16.0,0,2,14,11,3
2026-08-13,S06,P702,14.0,0,3,11,11,3
2026-08-14,S06,P702,11.0,0,3,8,11,3
2026-08-15,S06,P702,8.0,0,7,1,11,3
2026-08-16,S06,P702,1.0,8,4,5,11,3
2026-08-17,S06,P702,5.0,0,1,4,11,3
2026-08-18,S06,P702,4.0,10,3,11,11,3
2026-08-19,S06,P702,11.0,0,2,9,11,3
2026-08-20,S06,P702,9.0,0,1,8,11,3
2026-08-21,S06,P702,8.0,8,3,13,11,3
2026-08-22,S06,P702,13.0,0,3,10,11,3
2026-08-23,S06,P702,10.0,0,5,5,11,3
2026-08-24,S06,P702,5.0,0,2,3,11,3
2026-08-25,S06,P702,3.0,9,0,12,11,3
2026-08-26,S06,P702,12.0,0,5,7,11,3
2026-08-27,S06,P702,7.0,0,4,3,11,3
2026-08-28,S06,P702,3.0,0,0,3,11,3
2026-08-29,S06,P702,3.0,12,3,12,11,3
2026-08-30,S06,P702,12.0,0,3,9,11,3
2026-08-31,S06,P702,9.0,0,4,5,11,3
2026-05-01,S06,P703,19.0,0,1,18,10,3
2026-05-02,S06,P703,18.0,0,5,13,10,3
2026-05-03,S06,P703,13.0,0,0,13,10,3
2026-05-04,S06,P703,13.0,0,0,13,10,3
2026-05-05,S06,P703,13.0,0,5,8,10,3
2026-05-06,S06,P703,8.0,0,1,7,10,3
2026-05-07,S06,P703,7.0,0,0,7,10,3
2026-05-08,S06,P703,7.0,11,5,13,10,3
2026-05-09,S06,P703,13.0,0,4,9,10,3
2026-05-10,S06,P703,9.0,0,2,7,10,3
2026-05-11,S06,P703,7.0,0,2,5,10,3
2026-05-12,S06,P703,5.0,10,6,9,10,3
2026-05-13,S06,P703,9.0,0,0,9,10,3
2026-05-14,S06,P703,9.0,0,3,6,10,3
2026-05-15,S06,P703,6.0,10,1,15,10,3
2026-05-16,S06,P703,15.0,0,8,7,10,3
2026-05-17,S06,P703,7.0,0,6,1,10,3
2026-05-18,S06,P703,1.0,0,1,0,10,3
2026-05-19,S06,P703,0.0,12,0,12,10,3
2026-05-20,S06,P703,12.0,0,5,7,10,3
2026-05-21,S06,P703,7.0,0,0,7,10,3
2026-05-22,S06,P703,7.0,0,2,5,10,3
2026-05-23,S06,P703,5.0,12,2,15,10,3
2026-05-24,S06,P703,15.0,0,6,9,10,3
2026-05-25,S06,P703,9.0,0,2,7,10,3
2026-05-26,S06,P703,7.0,0,4,3,10,3
2026-05-27,S06,P703,3.0,10,1,12,10,3
2026-05-28,S06,P703,12.0,0,3,9,10,3
2026-05-29,S06,P703,9.0,0,1,8,10,3
2026-05-30,S06,P703,8.0,0,3,5,10,3
2026-05-31,S06,P703,5.0,10,3,12,10,3
2026-06-01,S06,P703,12.0,0,2,10,10,3
2026-06-02,S06,P703,10.0,0,5,5,10,3
2026-06-03,S06,P703,5.0,0,3,2,10,3
2026-06-04,S06,P703,2.0,9,0,11,10,3
2026-06-05,S06,P703,11.0,0,2,9,10,3
2026-06-06,S06,P703,9.0,0,6,3,10,3
2026-06-07,S06,P703,3.0,0,3,0,10,3
2026-06-08,S06,P703,0.0,10,5,5,10,3
2026-06-09,S06,P703,5.0,0,0,5,10,3
2026-06-10,S06,P703,5.0,9,3,-11,10,3
2026-06-11,S06,P703,11.0,0,2,9,10,3
2026-06-12,S06,P703,9.0,0,2,7,10,3
2026-06-13,S06,P703,7.0,0,2,5,10,3
2026-06-14,S06,P703,5.0,10,2,13,10,3
2026-06-15,S06,P703,13.0,0,1,12,10,3
2026-06-16,S06,P703,12.0,0,2,10,10,3
2026-06-17,S06,P703,10.0,0,1,9,10,3
2026-06-18,S06,P703,9.0,0,3,6,10,3
2026-06-19,S06,P703,6.0,9,1,14,10,3
2026-06-20,S06,P703,14.0,0,1,13,10,3
2026-06-21,S06,P703,13.0,0,2,11,10,3
2026-06-22,S06,P703,11.0,0,2,9,10,3
2026-06-23,S06,P703,9.0,0,3,6,10,3
2026-06-24,S06,P703,6.0,0,4,29,10,3
2026-06-25,S06,P703,2.0,10,3,9,10,3
2026-06-26,S06,P703,9.0,0,4,5,10,3
2026-06-27,S06,P703,5.0,0,5,0,10,3
2026-06-28,S06,P703,0.0,0,0,0,10,3
2026-06-29,S06,P703,0.0,10,2,8,10,3
2026-06-30,S06,P703,8.0,0,6,2,10,3
2026-07-01,S06,P703,2.0,9,0,11,10,3
2026-07-02,S06,P703,11.0,0,5,6,10,3
2026-07-03,S06,P703,6.0,0,4,2,10,3
2026-07-04,S06,P703,2.0,0,2,0,10,3
2026-07-05,S06,P703,0.0,13,5,8,10,3
2026-07-06,S06,P703,8.0,0,3,5,10,3
2026-07-07,S06,P703,5.0,0,2,3,10,3
2026-07-08,S06,P703,3.0,11,2,12,10,3
2026-07-09,S06,P703,12.0,0,2,10,10,3
2026-07-10,S06,P703,10.0,0,3,7,10,3
2026-07-11,S06,P703,7.0,0,1,6,10,3
2026-07-12,S06,P703,6.0,9,1,14,10,3
2026-07-13,S06,P703,14.0,0,6,8,10,3
2026-07-14,S06,P703,8.0,0,3,5,10,3
2026-07-15,S06,P703,5.0,0,2,3,10,3
2026-07-16,S06,P703,3.0,11,1,13,10,3
2026-07-17,S06,P703,13.0,0,0,13,10,3
2026-07-18,S06,P703,13.0,0,1,12,10,3
2026-07-19,S06,P703,12.0,0,6,6,10,3
2026-07-20,S06,P703,6.0,0,6,0,10,3
2026-07-21,S06,P703,0.0,0,0,27,10,3
2026-07-22,S06,P703,0.0,13,3,28,10,3
2026-07-23,S06,P703,10.0,0,8,2,10,3
2026-07-24,S06,P703,2.0,0,2,0,10,3
2026-07-25,S06,P703,0.0,9,3,6,10,3
2026-07-26,S06,P703,6.0,0,6,0,10,3
2026-07-27,S06,P703,0.0,10,1,9,10,3
2026-07-28,S06,P703,9.0,0,3,6,10,3
2026-07-29,S06,P703,6.0,9,1,14,10,3
2026-07-30,S06,P703,14.0,0,2,12,10,3
2026-07-31,S06,P703,12.0,0,3,9,10,3
2026-08-01,S06,P703,9.0,0,1,8,10,3
2026-08-02,S06,P703,8.0,0,1,7,10,3
2026-08-03,S06,P703,7.0,10,5,12,10,3
2026-08-04,S06,P703,12.0,0,1,11,10,3
2026-08-05,S06,P703,11.0,0,5,6,10,3
2026-08-06,S06,P703,6.0,0,1,5,10,3
2026-08-07,S06,P703,5.0,0,3,2,10,3
2026-08-08,S06,P703,2.0,0,2,0,10,3
2026-08-09,S06,P703,0.0,0,0,0,10,3
2026-08-10,S06,P703,0.0,13,1,-14,10,3
2026-08-11,S06,P703,12.0,0,4,8,10,3
2026-08-12,S06,P703,8.0,0,1,7,10,3
2026-08-13,S06,P703,7.0,0,2,5,10,3
2026-08-14,S06,P703,5.0,11,3,13,10,3
2026-08-15,S06,P703,13.0,0,2,11,10,3
2026-08-16,S06,P703,11.0,0,3,8,10,3
2026-08-17,S06,P703,8.0,0,3,5,10,3
2026-08-18,S06,P703,5.0,0,3,2,10,3
2026-08-19,S06,P703,2.0,11,0,13,10,3
2026-08-20,S06,P703,13.0,0,4,9,10,3
2026-08-21,S06,P703,9.0,0,0,9,10,3
2026-08-22,S06,P703,9.0,0,3,6,10,3
2026-08-23,S06,P703,6.0,10,7,9,10,3
2026-08-24,S06,P703,9.0,0,1,8,10,3
2026-08-25,S06,P703,8.0,0,1,7,10,3
2026-08-26,S06,P703,7.0,10,3,14,10,3
2026-08-27,S06,P703,14.0,0,5,9,10,3
2026-08-28,S06,P703,9.0,0,7,2,10,3
2026-08-29,S06,P703,2.0,0,2,0,10,3
2026-08-30,S06,P703,0.0,10,7,3,10,3
2026-08-31,S06,P703,3.0,0,2,1,10,3
2026-05-01,S06,P704,14.0,0,9,5,8,3
2026-05-02,S06,P704,5.0,0,4,1,8,3
2026-05-03,S06,P704,1.0,0,0,1,8,3
2026-05-04,S06,P704,1.0,9,5,5,8,3
2026-05-05,S06,P704,5.0,0,1,4,8,3
2026-05-06,S06,P704,4.0,0,4,0,8,3
2026-05-07,S06,P704,0.0,9,1,8,8,3
2026-05-08,S06,P704,8.0,0,2,6,8,3
2026-05-09,S06,P704,6.0,0,2,4,8,3
2026-05-10,S06,P704,4.0,0,2,2,8,3
2026-05-11,S06,P704,2.0,6,4,4,8,3
2026-05-12,S06,P704,4.0,0,1,3,8,3
2026-05-13,S06,P704,3.0,6,0,9,8,3
2026-05-14,S06,P704,9.0,0,1,8,8,3
2026-05-15,S06,P704,8.0,0,6,2,8,3
2026-05-16,S06,P704,2.0,0,2,0,8,3
2026-05-17,S06,P704,0.0,6,4,2,8,3
2026-05-18,S06,P704,2.0,6,1,7,8,3
2026-05-19,S06,P704,7.0,0,4,3,8,3
2026-05-20,S06,P704,3.0,6,5,4,8,3
2026-05-21,S06,P704,4.0,0,0,4,8,3
2026-05-22,S06,P704,4.0,0,0,4,8,3
2026-05-23,S06,P704,4.0,0,4,0,8,3
2026-05-24,S06,P704,0.0,10,4,6,8,3
2026-05-25,S06,P704,6.0,0,3,3,8,3
2026-05-26,S06,P704,3.0,0,2,1,8,3
2026-05-27,S06,P704,1.0,8,7,2,8,3
2026-05-28,S06,P704,2.0,0,2,0,8,3
2026-05-29,S06,P704,0.0,0,0,0,8,3
2026-05-30,S06,P704,0.0,0,0,0,8,3
2026-05-31,S06,P704,0.0,12,3,9,8,3
2026-06-01,S06,P704,9.0,0,4,5,8,3
2026-06-02,S06,P704,5.0,0,1,4,8,3
2026-06-03,S06,P704,4.0,0,2,2,8,3
2026-06-04,S06,P704,2.0,9,7,4,8,3
2026-06-05,S06,P704,4.0,0,3,1,8,3
2026-06-06,S06,P704,1.0,0,1,0,8,3
2026-06-07,S06,P704,0.0,10,1,9,8,3
2026-06-08,S06,P704,9.0,0,3,6,8,3
2026-06-09,S06,P704,6.0,0,0,6,8,3
2026-06-10,S06,P704,6.0,0,2,4,8,3
2026-06-11,S06,P704,4.0,8,1,11,8,3
2026-06-12,S06,P704,11.0,0,3,8,8,3
2026-06-13,S06,P704,8.0,0,3,5,8,3
2026-06-14,S06,P704,5.0,0,4,1,8,3
2026-06-15,S06,P704,1.0,6,3,4,8,3
2026-06-16,S06,P704,4.0,0,4,0,8,3
2026-06-17,S06,P704,0.0,7,5,2,8,3
2026-06-18,S06,P704,2.0,0,1,1,8,3
2026-06-19,S06,P704,1.0,7,0,8,8,3
2026-06-20,S06,P704,8.0,0,3,5,8,3
2026-06-21,S06,P704,5.0,6,2,9,8,3
2026-06-22,S06,P704,9.0,0,5,4,8,3
2026-06-23,S06,P704,4.0,0,1,3,8,3
2026-06-24,S06,P704,3.0,0,3,0,8,3
2026-06-25,S06,P704,0.0,10,2,8,8,3
2026-06-26,S06,P704,8.0,0,4,4,8,3
2026-06-27,S06,P704,4.0,0,4,0,8,3
2026-06-28,S06,P704,0.0,0,0,0,8,3
2026-06-29,S06,P704,0.0,6,4,2,8,3
2026-06-30,S06,P704,2.0,8,3,7,8,3
2026-07-01,S06,P704,7.0,0,2,5,8,3
2026-07-02,S06,P704,5.0,0,3,2,8,3
2026-07-03,S06,P704,2.0,7,1,8,8,3
2026-07-04,S06,P704,8.0,0,3,5,8,3
2026-07-05,S06,P704,5.0,0,1,4,8,3
2026-07-06,S06,P704,4.0,6,1,9,8,3
2026-07-07,S06,P704,9.0,0,1,8,8,3
2026-07-08,S06,P704,8.0,0,6,2,8,3
2026-07-09,S06,P704,2.0,0,2,0,8,3
2026-07-10,S06,P704,0.0,6,4,2,8,3
2026-07-11,S06,P704,2.0,6,3,5,8,3
2026-07-12,S06,P704,5.0,0,1,4,8,3
2026-07-13,S06,P704,4.0,6,2,8,8,3
2026-07-14,S06,P704,8.0,0,1,7,8,3
2026-07-15,S06,P704,7.0,0,4,3,8,3
2026-07-16,S06,P704,3.0,6,2,7,8,3
2026-07-17,S06,P704,7.0,0,2,-33,8,3
2026-07-18,S06,P704,5.0,0,5,0,8,3
2026-07-19,S06,P704,0.0,7,6,1,8,3
2026-07-20,S06,P704,1.0,0,1,0,8,3
2026-07-21,S06,P704,0.0,7,5,2,8,3
2026-07-22,S06,P704,2.0,6,3,5,8,3
2026-07-23,S06,P704,5.0,0,5,0,8,3
2026-07-24,S06,P704,0.0,6,2,4,8,3
2026-07-25,S06,P704,4.0,0,4,0,8,3
2026-07-26,S06,P704,0.0,8,5,3,8,3
2026-07-27,S06,P704,3.0,0,2,1,8,3
2026-07-28,S06,P704,1.0,6,3,4,8,3
2026-07-29,S06,P704,4.0,0,1,3,8,3
2026-07-30,S06,P704,3.0,7,1,9,8,3
2026-07-31,S06,P704,9.0,0,6,3,8,3
2026-08-01,S06,P704,3.0,0,3,0,8,3
2026-08-02,S06,P704,0.0,0,0,0,8,3
2026-08-03,S06,P704,0.0,11,1,10,8,3
2026-08-04,S06,P704,10.0,0,2,8,8,3
2026-08-05,S06,P704,8.0,0,3,5,8,3
2026-08-06,S06,P704,5.0,0,3,2,8,3
2026-08-07,S06,P704,2.0,6,7,1,8,3
2026-08-08,S06,P704,1.0,0,1,0,8,3
2026-08-09,S06,P704,0.0,0,0,0,8,3
2026-08-10,S06,P704,0.0,7,2,5,8,3
2026-08-11,S06,P704,5.0,6,3,8,8,3
2026-08-12,S06,P704,8.0,0,4,4,8,3
2026-08-13,S06,P704,4.0,0,1,3,8,3
2026-08-14,S06,P704,3.0,6,1,8,8,3
2026-08-15,S06,P704,8.0,0,6,2,8,3
2026-08-16,S06,P704,2.0,0,1,1,8,3
2026-08-17,S06,P704,1.0,0,1,0,8,3
2026-08-18,S06,P704,0.0,12,3,9,8,3
2026-08-19,S06,P704,9.0,0,2,7,8,3
2026-08-20,S06,P704,7.0,0,5,2,8,3
2026-08-21,S06,P704,2.0,0,2,0,8,3
2026-08-22,S06,P704,0.0,7,2,5,8,3
2026-08-23,S06,P704,5.0,0,2,3,8,3
2026-08-24,S06,P704,3.0,7,9,1,8,3
2026-08-25,S06,P704,1.0,0,0,1,8,3
2026-08-26,S06,P704,1.0,0,1,0,8,3
2026-08-27,S06,P704,0.0,13,1,12,8,3
2026-08-28,S06,P704,12.0,0,2,27,8,3
2026-08-29,S06,P704,10.0,0,4,6,8,3
2026-08-30,S06,P704,6.0,0,3,3,8,3
2026-08-31,S06,P704,3.0,0,2,1,8,3
2026-08-24,S06,P447,69.0,0,8,61,42,4
2026-08-25,S06,P447,61.0,0,12,49,42,4
2026-08-26,S06,P447,49.0,0,12,37,42,4
2026-08-27,S06,P447,37.0,0,14,23,42,4
2026-08-28,S06,P447,23.0,0,4,19,42,4
2026-08-29,S06,P447,19.0,0,9,10,42,4
2026-08-30,S06,P447,10.0,32,9,33,42,4
2026-08-31,S06,P447,33.0,0,7,26,42,4
2026-08-20,S06,P705,36.0,0,4,32,20,3
2026-08-21,S06,P705,32.0,0,7,25,20,3
2026-08-22,S06,P705,25.0,0,7,18,20,3
2026-08-23,S06,P705,18.0,0,4,14,20,3
2026-08-24,S06,P705,14.0,0,5,9,20,3
2026-08-25,S06,P705,9.0,18,3,24,20,3
2026-08-26,S06,P705,24.0,0,8,16,20,3
2026-08-27,S06,P705,16.0,0,5,11,20,3
2026-08-28,S06,P705,11.0,0,11,0,20,3
2026-08-29,S06,P705,0.0,20,12,8,20,3
2026-08-30,S06,P705,8.0,0,8,0,20,3
2026-08-31,S06,P705,0.0,16,11,5,20,3
